Wochentag,Anzahl MA,Menge N.i. O.,Menge i. O. L4,Menge i. O. L5,Menge Gesamt (Stück),Dauer Org-Mangel,Dauer Anlagen-Ausfall,Störung aufgrund Vormaterial,Dauer Anlagen-Ausfall intern,Dauer Logistik- Defizite,Sollzeit/ Stück (Min),Takt Gesamt,Zeit_von_min,Zeit_bis_min,Schicht_S,Schicht_f,Schicht_n,Schicht_s,Schicht_t,Station/ OP_OP -1,Station/ OP_OP 01,Station/ OP_OP 10,Station/ OP_OP 10 Li,Station/ OP_OP 10-,Station/ OP_OP 10-L,Station/ OP_OP 100,Station/ OP_OP 110,Station/ OP_OP 120,Station/ OP_OP 120-1,Station/ OP_OP 120.1,Station/ OP_OP 120.2,Station/ OP_OP 1201,Station/ OP_OP 130-1,Station/ OP_OP 130-2,Station/ OP_OP 130.1,Station/ OP_OP 130.2,Station/ OP_OP 20,Station/ OP_OP 25,Station/ OP_OP 30,Station/ OP_OP 50,Station/ OP_OP 70,Station/ OP_OP 90,Station/ OP_R .01,Station/ OP_R 01,Station/ OP_R 02,Station/ OP_R 03,Station/ OP_R 05,Station/ OP_R 06,Station/ OP_R 07,Station/ OP_R 5,Station/ OP_R 6,is_failure,station_encoded,reason_encoded
0.2857142857142857,0.45454545454545453,0.0,0.0,0.5714285714285714,0.5,0.0,0.0,0.0,0.3333333333333333,0.0,1.0,0.8660714285714153,0.30434782608695654,0.34782608695652173,0.0,0.0,0.0,0.0,1.0,0.0,0.0,0.0,0.0,0.0,0.0,0.0,0.0,0.0,0.0,0.0,0.0,0.0,0.0,0.0,0.0,0.0,0.0,0.0,0.0,0.0,0.0,0.0,0.0,0.0,0.0,0.0,0.0,0.0,0.0,0.0,0.0,0,33,0
0.2857142857142857,0.45454545454545453,0.3333333333333333,0.0,0.5714285714285714,0.6666666666666666,0.0,0.0,0.0,0.16666666666666666,0.0,1.0,0.857142857142845,0.34782608695652173,0.391304347826087,0.0,0.0,0.0,0.0,1.0,0.0,0.0,0.0,0.0,0.0,0.0,0.0,0.0,0.0,0.0,0.0,0.0,0.0,0.0,0.0,0.0,0.0,0.0,0.0,0.0,1.0,0.0,0.0,0.0,0.0,0.0,0.0,0.0,0.0,0.0,0.0,0.0,0,21,0
0.2857142857142857,0.45454545454545453,0.3333333333333333,0.0,0.42857142857142855,0.33333333333333337,0.0,0.16666666666666666,0.0,0.0,0.0,0.0,0.8214285714285595,0.40217391304347827,0.43478260869565216,0.0,0.0,0.0,0.0,1.0,0.0,0.0,0.0,0.0,0.0,0.0,0.0,0.0,0.0,0.0,0.0,0.0,0.0,0.0,0.0,0.0,0.0,0.0,0.0,0.0,0.0,0.0,0.0,0.0,0.0,0.0,0.0,0.0,0.0,1.0,0.0,0.0,1,30,0
0.2857142857142857,0.45454545454545453,0.3333333333333333,0.0,0.8571428571428571,0.8333333333333334,0.0,0.08333333333333333,0.0,0.0,0.0,1.0,0.8511904761904634,0.43478260869565216,0.4782608695652174,0.0,0.0,0.0,0.0,1.0,0.0,0.0,0.0,0.0,0.0,0.0,0.0,0.0,0.0,0.0,0.0,0.0,0.0,0.0,0.0,0.0,0.0,0.0,0.0,0.0,1.0,0.0,0.0,0.0,0.0,0.0,0.0,0.0,0.0,0.0,0.0,0.0,1,21,0
0.2857142857142857,0.45454545454545453,0.3333333333333333,0.0,1.0,0.9999999999999999,0.0,0.0,0.0,0.08333333333333333,0.0,1.0,0.846938775510192,0.4782608695652174,0.5217391304347826,0.0,0.0,0.0,0.0,1.0,0.0,0.0,1.0,0.0,0.0,0.0,0.0,0.0,0.0,0.0,0.0,0.0,0.0,0.0,0.0,0.0,0.0,0.0,0.0,0.0,0.0,0.0,0.0,0.0,0.0,0.0,0.0,0.0,0.0,0.0,0.0,0.0,0,3,0
0.2857142857142857,0.45454545454545453,0.3333333333333333,0.0,0.2857142857142857,0.16666666666666666,0.0,0.0,0.0,0.16666666666666666,0.0,1.0,0.8660714285714161,0.5217391304347826,0.5434782608695652,0.0,0.0,0.0,0.0,1.0,0.0,0.0,0.0,0.0,0.0,0.0,0.0,0.0,0.0,0.0,0.0,0.0,0.0,0.0,0.0,0.0,0.0,0.0,0.0,1.0,0.0,0.0,0.0,0.0,0.0,0.0,0.0,0.0,0.0,0.0,0.0,0.0,0,20,0
0.2857142857142857,0.3636363636363636,0.3333333333333333,0.0,0.42857142857142855,0.33333333333333337,0.5,0.0,0.0,0.0,0.0,1.0,0.8809523809523683,0.5652173913043478,0.6086956521739131,0.0,0.0,0.0,0.0,1.0,1.0,0.0,0.0,0.0,0.0,0.0,0.0,0.0,0.0,0.0,0.0,0.0,0.0,0.0,0.0,0.0,0.0,0.0,0.0,0.0,0.0,0.0,0.0,0.0,0.0,0.0,0.0,0.0,0.0,0.0,0.0,0.0,0,1,0
0.2857142857142857,0.3636363636363636,0.3333333333333333,0.0,0.14285714285714285,0.0,0.0,0.8333333333333334,0.0,0.0,0.0,1.0,0.9999999999999868,0.6086956521739131,0.6521739130434783,0.0,0.0,0.0,0.0,1.0,0.0,0.0,0.0,0.0,0.0,0.0,0.0,0.0,0.0,0.0,0.0,0.0,0.0,0.0,0.0,0.0,0.0,0.0,0.0,0.0,0.0,0.0,0.0,0.0,0.0,0.0,0.0,0.0,1.0,0.0,0.0,0.0,1,29,0
0.2857142857142857,0.3636363636363636,0.3333333333333333,0.0,0.0,0.0,0.0,0.75,0.0,0.0,0.0,1.0,0.8214285714285595,0.6521739130434783,0.6847826086956522,0.0,0.0,0.0,0.0,1.0,0.0,0.0,0.0,0.0,0.0,0.0,0.0,0.0,0.0,0.0,0.0,0.0,0.0,0.0,0.0,0.0,0.0,0.0,0.0,0.0,0.0,0.0,0.0,0.0,0.0,0.0,0.0,0.0,0.0,1.0,0.0,0.0,1,30,0
0.42857142857142855,0.45454545454545453,0.3333333333333333,0.0,0.42857142857142855,0.33333333333333337,0.0,0.0,0.0,0.3333333333333333,0.0,1.0,0.8809523809523682,0.21739130434782608,0.2608695652173913,0.0,0.0,0.0,0.0,0.0,0.0,0.0,0.0,0.0,0.0,0.0,0.0,0.0,0.0,0.0,0.0,0.0,0.0,0.0,0.0,0.0,0.0,0.0,0.0,0.0,0.0,0.0,0.0,0.0,0.0,0.0,0.0,0.0,0.0,0.0,0.0,0.0,0,33,0
0.42857142857142855,0.45454545454545453,0.3333333333333333,0.0,0.42857142857142855,0.33333333333333337,0.0,0.16666666666666666,0.0,0.0,0.0,0.0,0.8214285714285595,0.21739130434782608,0.2608695652173913,0.0,0.0,0.0,0.0,0.0,0.0,0.0,0.0,0.0,0.0,0.0,0.0,0.0,0.0,0.0,0.0,0.0,0.0,0.0,0.0,0.0,1.0,0.0,0.0,0.0,0.0,0.0,0.0,0.0,0.0,0.0,0.0,0.0,0.0,0.0,0.0,0.0,1,17,0
0.42857142857142855,0.45454545454545453,0.3333333333333333,0.125,0.14285714285714285,0.16666666666666666,0.0,0.0,0.0,0.4,0.0,1.0,0.9107142857142725,0.2608695652173913,0.30434782608695654,0.0,0.0,0.0,0.0,0.0,0.0,0.0,1.0,0.0,0.0,0.0,0.0,0.0,0.0,0.0,0.0,0.0,0.0,0.0,0.0,0.0,0.0,0.0,0.0,0.0,0.0,0.0,0.0,0.0,0.0,0.0,0.0,0.0,0.0,0.0,0.0,0.0,0,3,0
0.42857142857142855,0.45454545454545453,0.3333333333333333,0.125,0.14285714285714285,0.16666666666666666,0.0,0.13333333333333333,0.0,0.0,0.0,0.0,0.8214285714285595,0.2608695652173913,0.30434782608695654,0.0,0.0,0.0,0.0,0.0,0.0,0.0,0.0,0.0,0.0,0.0,0.0,0.0,0.0,0.0,0.0,0.0,0.0,0.0,0.0,0.0,0.0,0.0,0.0,0.0,1.0,0.0,0.0,0.0,0.0,0.0,0.0,0.0,0.0,0.0,0.0,0.0,1,21,0
0.42857142857142855,0.45454545454545453,0.3333333333333333,0.125,0.14285714285714285,0.16666666666666666,0.0,0.13333333333333333,0.0,0.0,0.0,0.0,0.8214285714285595,0.2608695652173913,0.30434782608695654,0.0,0.0,0.0,0.0,0.0,0.0,0.0,0.0,0.0,0.0,0.0,0.0,0.0,0.0,0.0,0.0,0.0,0.0,0.0,0.0,0.0,0.0,0.0,0.0,0.0,0.0,0.0,0.0,0.0,0.0,0.0,0.0,1.0,0.0,0.0,0.0,0.0,1,28,0
0.42857142857142855,0.45454545454545453,0.3333333333333333,0.125,0.5714285714285714,0.5,0.0,0.16666666666666666,0.0,0.0,0.0,1.0,0.8660714285714153,0.30434782608695654,0.34782608695652173,0.0,0.0,0.0,0.0,1.0,0.0,0.0,0.0,0.0,0.0,0.0,0.0,0.0,0.0,0.0,0.0,0.0,0.0,0.0,0.0,0.0,0.0,0.0,0.0,0.0,0.0,0.0,0.0,0.0,0.0,0.0,0.0,1.0,0.0,0.0,0.0,0.0,1,28,0
0.42857142857142855,0.45454545454545453,0.3333333333333333,0.125,0.5714285714285714,0.5,0.0,0.16666666666666666,0.0,0.0,0.0,0.0,0.8214285714285595,0.30434782608695654,0.34782608695652173,0.0,0.0,0.0,0.0,1.0,0.0,0.0,0.0,0.0,0.0,0.0,0.0,0.0,0.0,0.0,0.0,0.0,0.0,0.0,0.0,0.0,0.0,0.0,0.0,0.0,1.0,0.0,0.0,0.0,0.0,0.0,0.0,0.0,0.0,0.0,0.0,0.0,1,21,0
0.42857142857142855,0.45454545454545453,0.3333333333333333,0.5,0.5714285714285714,0.5,0.0,0.3333333333333333,0.0,0.0,0.0,1.0,0.8660714285714164,0.34782608695652173,0.391304347826087,0.0,0.0,0.0,0.0,1.0,0.0,0.0,0.0,0.0,0.0,0.0,0.0,0.0,0.0,0.0,0.0,0.0,0.0,0.0,0.0,0.0,0.0,0.0,0.0,0.0,0.0,0.0,0.0,0.0,0.0,1.0,0.0,0.0,0.0,0.0,0.0,0.0,1,26,0
0.42857142857142855,0.45454545454545453,0.3333333333333333,0.5,0.0,0.5,0.0,0.16666666666666666,0.0,0.0,0.0,1.0,0.8214285714285595,0.41304347826086957,0.43478260869565216,0.0,0.0,0.0,0.0,1.0,0.0,0.0,0.0,0.0,0.0,0.0,0.0,0.0,0.0,0.0,0.0,0.0,0.0,0.0,0.0,0.0,0.0,0.0,0.0,0.0,0.0,0.0,0.0,0.0,0.0,0.0,0.0,0.0,0.0,0.0,0.0,0.0,1,33,0
0.42857142857142855,0.45454545454545453,0.3333333333333333,0.5,0.0,0.5,0.25,0.0,0.0,0.0,0.0,0.0,0.8214285714285595,0.41304347826086957,0.43478260869565216,0.0,0.0,0.0,0.0,1.0,1.0,0.0,0.0,0.0,0.0,0.0,0.0,0.0,0.0,0.0,0.0,0.0,0.0,0.0,0.0,0.0,0.0,0.0,0.0,0.0,0.0,0.0,0.0,0.0,0.0,0.0,0.0,0.0,0.0,0.0,0.0,0.0,0,1,0
0.42857142857142855,0.45454545454545453,0.3333333333333333,0.5,0.0,0.5,0.0,0.08333333333333333,0.0,0.0,0.0,0.0,0.8214285714285595,0.41304347826086957,0.43478260869565216,0.0,0.0,0.0,0.0,1.0,0.0,0.0,1.0,0.0,0.0,0.0,0.0,0.0,0.0,0.0,0.0,0.0,0.0,0.0,0.0,0.0,0.0,0.0,0.0,0.0,0.0,0.0,0.0,0.0,0.0,0.0,0.0,0.0,0.0,0.0,0.0,0.0,1,3,0
0.42857142857142855,0.45454545454545453,0.3333333333333333,0.5,0.7142857142857142,0.6666666666666666,0.0,0.16666666666666666,0.0,0.0,0.0,1.0,0.8571428571428441,0.43478260869565216,0.4782608695652174,0.0,0.0,0.0,0.0,1.0,0.0,0.0,0.0,0.0,0.0,0.0,0.0,0.0,0.0,0.0,0.0,0.0,0.0,0.0,0.0,0.0,0.0,0.0,0.0,0.0,0.0,0.0,0.0,0.0,0.0,0.0,0.0,0.0,0.0,0.0,0.0,0.0,1,33,0
0.42857142857142855,0.45454545454545453,0.3333333333333333,0.5,0.5714285714285714,0.6666666666666666,0.0,0.16666666666666666,0.0,0.0,0.0,1.0,0.857142857142845,0.4782608695652174,0.5217391304347826,0.0,0.0,0.0,0.0,1.0,0.0,0.0,0.0,0.0,0.0,0.0,0.0,0.0,0.0,0.0,0.0,0.0,0.0,0.0,0.0,0.0,0.0,0.0,0.0,0.0,0.0,0.0,0.0,0.0,0.0,0.0,0.0,0.0,0.0,0.0,0.0,0.0,1,33,0
0.42857142857142855,0.45454545454545453,0.3333333333333333,0.5,0.5714285714285714,0.6666666666666666,0.0,0.08333333333333333,0.0,0.0,0.0,0.0,0.8214285714285595,0.4782608695652174,0.5217391304347826,0.0,0.0,0.0,0.0,1.0,0.0,0.0,0.0,0.0,0.0,0.0,0.0,0.0,0.0,0.0,0.0,0.0,0.0,0.0,0.0,0.0,0.0,0.0,0.0,0.0,0.0,0.0,0.0,0.0,0.0,0.0,0.0,0.0,1.0,0.0,0.0,0.0,1,29,0
0.42857142857142855,0.45454545454545453,0.3333333333333333,0.5,0.42857142857142855,0.33333333333333337,0.0,0.3333333333333333,0.0,0.0,0.0,1.0,0.8809523809523682,0.5217391304347826,0.5652173913043478,0.0,0.0,0.0,0.0,1.0,0.0,0.0,0.0,0.0,0.0,0.0,0.0,0.0,0.0,0.0,0.0,0.0,0.0,0.0,0.0,0.0,0.0,0.0,0.0,0.0,1.0,0.0,0.0,0.0,0.0,0.0,0.0,0.0,0.0,0.0,0.0,0.0,1,21,0
0.42857142857142855,0.7272727272727273,0.3333333333333333,0.875,0.42857142857142855,0.9999999999999999,0.0,0.0,0.0,0.08333333333333333,0.0,1.0,0.8469387755101918,0.5652173913043478,0.6086956521739131,0.0,0.0,0.0,1.0,0.0,0.0,0.0,0.0,0.0,0.0,0.0,0.0,0.0,0.0,0.0,0.0,0.0,0.0,0.0,0.0,0.0,0.0,0.0,0.0,0.0,0.0,0.0,0.0,0.0,0.0,0.0,0.0,0.0,0.0,0.0,0.0,0.0,0,33,0
0.42857142857142855,0.7272727272727273,0.3333333333333333,0.625,0.42857142857142855,0.6666666666666666,0.0,0.16666666666666666,0.0,0.0,0.0,1.0,0.8571428571428447,0.6086956521739131,0.6521739130434783,0.0,0.0,0.0,1.0,0.0,0.0,0.0,0.0,0.0,0.0,0.0,0.0,0.0,0.0,0.0,0.0,0.0,0.0,0.0,0.0,0.0,0.0,0.0,0.0,0.0,0.0,0.0,0.0,0.0,0.0,1.0,0.0,0.0,0.0,0.0,0.0,0.0,1,26,0
0.42857142857142855,0.7272727272727273,0.3333333333333333,0.375,0.2857142857142857,0.6666666666666666,0.0,0.0,0.0,0.16666666666666666,0.0,1.0,0.8571428571428447,0.6521739130434783,0.6956521739130435,0.0,0.0,0.0,1.0,0.0,0.0,0.0,0.0,0.0,0.0,0.0,0.0,0.0,0.0,0.0,0.0,0.0,0.0,0.0,0.0,0.0,0.0,0.0,0.0,0.0,0.0,0.0,0.0,0.0,0.0,0.0,0.0,0.0,0.0,0.0,0.0,0.0,0,33,0
0.42857142857142855,0.7272727272727273,0.3333333333333333,0.375,0.2857142857142857,0.6666666666666666,0.0,0.0,0.0,0.08333333333333333,0.0,1.0,0.8571428571428448,0.6956521739130435,0.7391304347826088,0.0,0.0,0.0,1.0,0.0,0.0,0.0,0.0,0.0,0.0,0.0,0.0,0.0,0.0,0.0,0.0,0.0,0.0,0.0,0.0,0.0,0.0,0.0,0.0,0.0,0.0,0.0,0.0,0.0,0.0,0.0,0.0,0.0,1.0,0.0,0.0,0.0,0,29,0
0.42857142857142855,0.7272727272727273,0.3333333333333333,0.375,0.2857142857142857,0.6666666666666666,0.0,0.0,0.0,0.0,0.16666666666666666,0.0,0.8214285714285595,0.6956521739130435,0.7391304347826088,0.0,0.0,0.0,1.0,0.0,0.0,0.0,0.0,0.0,0.0,0.0,0.0,0.0,0.0,0.0,0.0,0.0,0.0,0.0,0.0,0.0,0.0,0.0,0.0,0.0,0.0,0.0,0.0,0.0,0.0,0.0,0.0,0.0,0.0,0.0,0.0,0.0,0,33,0
0.42857142857142855,0.7272727272727273,0.3333333333333333,0.125,0.7142857142857142,0.8333333333333334,0.0,0.0,0.0,0.08333333333333333,0.0,1.0,0.851190476190464,0.8260869565217391,0.8695652173913043,0.0,0.0,0.0,1.0,0.0,0.0,0.0,0.0,0.0,0.0,0.0,0.0,0.0,0.0,0.0,0.0,0.0,0.0,0.0,0.0,0.0,0.0,0.0,0.0,0.0,0.0,0.0,0.0,0.0,0.0,0.0,0.0,0.0,1.0,0.0,0.0,0.0,0,29,0
0.42857142857142855,0.7272727272727273,0.3333333333333333,0.125,0.7142857142857142,0.8333333333333334,0.0,0.0,0.0,0.0,0.08333333333333333,1.0,0.8511904761904638,0.8695652173913043,0.9130434782608696,0.0,0.0,0.0,1.0,0.0,0.0,0.0,0.0,0.0,0.0,0.0,0.0,0.0,0.0,0.0,0.0,0.0,0.0,0.0,0.0,0.0,0.0,0.0,0.0,0.0,0.0,0.0,0.0,0.0,0.0,0.0,0.0,0.0,0.0,0.0,0.0,0.0,0,33,0
0.42857142857142855,0.6363636363636365,0.3333333333333333,0.125,0.7142857142857142,0.6666666666666666,0.0,0.0,0.0,0.25,0.0,1.0,0.8571428571428447,0.9130434782608696,0.9565217391304348,0.0,0.0,1.0,0.0,0.0,0.0,0.0,0.0,0.0,0.0,0.0,0.0,0.0,0.0,0.0,0.0,0.0,0.0,0.0,0.0,0.0,0.0,0.0,0.0,0.0,0.0,0.0,0.0,0.0,0.0,0.0,0.0,0.0,0.0,0.0,0.0,0.0,0,33,0
0.5714285714285714,0.6363636363636365,0.3333333333333333,0.125,0.5714285714285714,0.5,0.0,0.16666666666666666,0.0,0.0,0.0,1.0,0.8660714285714161,0.08695652173913043,0.13043478260869565,0.0,0.0,1.0,0.0,0.0,0.0,0.0,0.0,0.0,0.0,0.0,0.0,0.0,0.0,0.0,0.0,0.0,0.0,0.0,0.0,0.0,0.0,0.0,0.0,0.0,0.0,0.0,0.0,0.0,0.0,0.0,0.0,1.0,0.0,0.0,0.0,0.0,1,28,0
0.5714285714285714,0.6363636363636365,0.3333333333333333,0.125,0.5714285714285714,0.5,0.0,0.08333333333333333,0.0,0.0,0.0,0.0,0.8214285714285595,0.08695652173913043,0.13043478260869565,0.0,0.0,1.0,0.0,0.0,0.0,0.0,0.0,0.0,0.0,0.0,0.0,0.0,0.0,0.0,0.0,0.0,0.0,0.0,0.0,0.0,0.0,0.0,0.0,0.0,0.0,0.0,0.0,0.0,0.0,0.0,0.0,0.0,1.0,0.0,0.0,0.0,1,29,0
0.5714285714285714,0.6363636363636365,0.3333333333333333,0.125,0.42857142857142855,0.33333333333333337,0.0,0.0,0.0,0.0,0.1,1.0,0.8809523809523682,0.17391304347826086,0.21739130434782608,0.0,0.0,1.0,0.0,0.0,0.0,0.0,1.0,0.0,0.0,0.0,0.0,0.0,0.0,0.0,0.0,0.0,0.0,0.0,0.0,0.0,0.0,0.0,0.0,0.0,0.0,0.0,0.0,0.0,0.0,0.0,0.0,0.0,0.0,0.0,0.0,0.0,0,3,0
0.5714285714285714,0.6363636363636365,0.3333333333333333,0.125,0.42857142857142855,0.33333333333333337,0.0,0.08333333333333333,0.0,0.0,0.0,0.0,0.8214285714285595,0.17391304347826086,0.21739130434782608,0.0,0.0,1.0,0.0,0.0,0.0,0.0,0.0,0.0,0.0,0.0,0.0,0.0,0.0,0.0,0.0,0.0,0.0,0.0,0.0,0.0,0.0,0.0,0.0,0.0,0.0,0.0,0.0,0.0,0.0,0.0,0.0,0.0,1.0,0.0,0.0,0.0,1,29,0
0.5714285714285714,0.6363636363636365,0.3333333333333333,0.125,0.42857142857142855,0.33333333333333337,0.0,0.16666666666666666,0.0,0.0,0.0,0.0,0.8214285714285595,0.17391304347826086,0.21739130434782608,0.0,0.0,1.0,0.0,0.0,0.0,0.0,0.0,0.0,0.0,0.0,0.0,0.0,0.0,0.0,0.0,0.0,0.0,0.0,0.0,0.0,0.0,0.0,0.0,0.0,0.0,0.0,0.0,0.0,0.0,0.0,0.0,1.0,0.0,0.0,0.0,0.0,1,28,0
0.5714285714285714,0.45454545454545453,0.3333333333333333,0.125,0.7142857142857142,0.8333333333333334,0.0,0.0,0.0,0.16666666666666666,0.0,1.0,0.8511904761904638,0.21739130434782608,0.2608695652173913,0.0,1.0,0.0,0.0,0.0,0.0,0.0,0.0,0.0,0.0,0.0,0.0,0.0,0.0,0.0,0.0,0.0,0.0,0.0,0.0,0.0,0.0,0.0,0.0,0.0,0.0,0.0,0.0,0.0,0.0,0.0,0.0,0.0,0.0,0.0,0.0,0.0,0,33,0
0.5714285714285714,0.45454545454545453,0.3333333333333333,0.125,0.7142857142857142,0.6666666666666666,0.0,0.08333333333333333,0.0,0.0,0.0,1.0,0.8571428571428441,0.43478260869565216,0.4782608695652174,0.0,1.0,0.0,0.0,0.0,0.0,0.0,0.0,0.0,0.0,0.0,0.0,0.0,0.0,0.0,0.0,0.0,0.0,0.0,0.0,0.0,0.0,0.0,0.0,0.0,1.0,0.0,0.0,0.0,0.0,0.0,0.0,0.0,0.0,0.0,0.0,0.0,1,21,0
0.5714285714285714,0.45454545454545453,0.3333333333333333,0.125,0.7142857142857142,0.6666666666666666,0.0,0.08333333333333333,0.0,0.0,0.0,0.0,0.8214285714285595,0.43478260869565216,0.4782608695652174,0.0,1.0,0.0,0.0,0.0,0.0,0.0,0.0,0.0,0.0,0.0,0.0,0.0,0.0,0.0,0.0,0.0,0.0,0.0,0.0,0.0,0.0,0.0,0.0,0.0,0.0,0.0,0.0,0.0,0.0,0.0,0.0,0.0,1.0,0.0,0.0,0.0,1,29,0
0.5714285714285714,0.45454545454545453,0.3333333333333333,0.125,0.42857142857142855,0.33333333333333337,0.0,0.16666666666666666,0.0,0.0,0.0,1.0,0.8809523809523682,0.5217391304347826,0.5652173913043478,0.0,1.0,0.0,0.0,0.0,0.0,0.0,0.0,0.0,0.0,0.0,0.0,0.0,0.0,0.0,0.0,0.0,0.0,0.0,0.0,0.0,0.0,0.0,1.0,0.0,0.0,0.0,0.0,0.0,0.0,0.0,0.0,0.0,0.0,0.0,0.0,0.0,1,19,0
0.5714285714285714,0.45454545454545453,0.3333333333333333,0.125,0.42857142857142855,0.33333333333333337,0.0,0.0,0.0,0.0,0.08333333333333333,0.0,0.8214285714285595,0.5217391304347826,0.5652173913043478,0.0,1.0,0.0,0.0,0.0,0.0,0.0,0.0,0.0,0.0,0.0,0.0,0.0,0.0,0.0,0.0,0.0,0.0,0.0,0.0,0.0,0.0,0.0,0.0,0.0,0.0,0.0,0.0,0.0,0.0,0.0,0.0,0.0,0.0,0.0,0.0,0.0,0,33,0
0.5714285714285714,0.45454545454545453,0.3333333333333333,0.125,0.42857142857142855,0.33333333333333337,0.0,0.08333333333333333,0.0,0.08333333333333333,0.0,0.0,0.8214285714285595,0.5217391304347826,0.5652173913043478,0.0,1.0,0.0,0.0,0.0,0.0,0.0,1.0,0.0,0.0,0.0,0.0,0.0,0.0,0.0,0.0,0.0,0.0,0.0,0.0,0.0,0.0,0.0,0.0,0.0,0.0,0.0,0.0,0.0,0.0,0.0,0.0,0.0,0.0,0.0,0.0,0.0,1,3,0
0.5714285714285714,0.7272727272727273,0.3333333333333333,0.875,0.42857142857142855,0.9999999999999999,0.0,0.0,0.0,0.16666666666666666,0.0,1.0,0.8469387755101918,0.5652173913043478,0.6086956521739131,0.0,0.0,0.0,1.0,0.0,0.0,0.0,0.0,0.0,0.0,0.0,0.0,0.0,0.0,0.0,0.0,0.0,0.0,0.0,0.0,0.0,0.0,0.0,0.0,0.0,0.0,0.0,0.0,0.0,0.0,0.0,0.0,0.0,0.0,0.0,0.0,0.0,0,33,0
0.5714285714285714,0.7272727272727273,0.3333333333333333,0.125,0.8571428571428571,0.8333333333333334,0.0,0.0,0.0,0.13333333333333333,0.0,1.0,0.851190476190464,0.6956521739130435,0.7391304347826088,0.0,0.0,0.0,1.0,0.0,0.0,0.0,0.0,0.0,0.0,0.0,0.0,0.0,0.0,0.0,0.0,0.0,0.0,0.0,0.0,0.0,0.0,0.0,0.0,0.0,0.0,0.0,0.0,0.0,0.0,0.0,0.0,0.0,0.0,0.0,0.0,0.0,0,33,0
0.5714285714285714,0.7272727272727273,0.3333333333333333,0.125,0.8571428571428571,0.8333333333333334,0.0,0.0,0.0,0.13333333333333333,0.0,1.0,0.8511904761904638,0.782608695652174,0.8260869565217391,0.0,0.0,0.0,1.0,0.0,0.0,0.0,0.0,0.0,0.0,0.0,0.0,0.0,0.0,0.0,0.0,0.0,0.0,0.0,0.0,0.0,0.0,0.0,0.0,0.0,0.0,0.0,0.0,0.0,0.0,0.0,0.0,0.0,0.0,0.0,0.0,0.0,0,33,0
0.5714285714285714,0.7272727272727273,0.3333333333333333,0.125,0.7142857142857142,0.6666666666666666,0.0,0.0,0.0,0.16666666666666666,0.0,1.0,0.8571428571428448,0.8260869565217391,0.8695652173913043,0.0,0.0,0.0,1.0,0.0,0.0,0.0,0.0,0.0,0.0,0.0,0.0,0.0,0.0,0.0,0.0,0.0,0.0,0.0,0.0,0.0,0.0,0.0,0.0,0.0,0.0,0.0,0.0,0.0,0.0,0.0,0.0,0.0,0.0,0.0,0.0,0.0,0,33,0
0.5714285714285714,0.7272727272727273,0.3333333333333333,0.125,0.7142857142857142,0.6666666666666666,0.0,0.08333333333333333,0.0,0.0,0.0,0.0,0.8214285714285595,0.8260869565217391,0.8695652173913043,0.0,0.0,0.0,1.0,0.0,0.0,0.0,0.0,0.0,0.0,0.0,0.0,0.0,0.0,0.0,0.0,0.0,0.0,0.0,0.0,0.0,0.0,0.0,0.0,0.0,0.0,0.0,0.0,0.0,0.0,0.0,1.0,0.0,0.0,0.0,0.0,0.0,1,27,0
0.5714285714285714,0.7272727272727273,0.3333333333333333,0.125,0.42857142857142855,0.33333333333333337,0.5,0.0,0.0,0.0,0.0,1.0,0.8809523809523682,0.8695652173913043,0.9130434782608696,0.0,0.0,0.0,1.0,0.0,1.0,0.0,0.0,0.0,0.0,0.0,0.0,0.0,0.0,0.0,0.0,0.0,0.0,0.0,0.0,0.0,0.0,0.0,0.0,0.0,0.0,0.0,0.0,0.0,0.0,0.0,0.0,0.0,0.0,0.0,0.0,0.0,0,1,0
0.5714285714285714,0.6363636363636365,0.3333333333333333,0.125,0.14285714285714285,0.0,0.0,0.0,0.0,0.16666666666666666,0.0,1.0,0.9999999999999853,0.9130434782608696,0.9565217391304348,0.0,0.0,1.0,0.0,0.0,0.0,0.0,0.0,0.0,0.0,0.0,0.0,0.0,0.0,0.0,0.0,0.0,0.0,0.0,0.0,0.0,0.0,0.0,0.0,0.0,0.0,0.0,0.0,0.0,0.0,0.0,0.0,0.0,0.0,0.0,0.0,0.0,0,33,0
0.5714285714285714,0.6363636363636365,0.3333333333333333,0.125,0.14285714285714285,0.0,0.5833333333333334,0.0,0.0,0.0,0.0,0.0,0.8214285714285595,0.9130434782608696,0.9565217391304348,0.0,0.0,1.0,0.0,0.0,1.0,0.0,0.0,0.0,0.0,0.0,0.0,0.0,0.0,0.0,0.0,0.0,0.0,0.0,0.0,0.0,0.0,0.0,0.0,0.0,0.0,0.0,0.0,0.0,0.0,0.0,0.0,0.0,0.0,0.0,0.0,0.0,0,1,0
0.7142857142857142,0.6363636363636365,0.3333333333333333,0.125,0.2857142857142857,0.16666666666666666,0.5,0.0,0.0,0.0,0.0,1.0,0.9107142857142725,0.0,0.043478260869565216,0.0,0.0,1.0,0.0,0.0,1.0,0.0,0.0,0.0,0.0,0.0,0.0,0.0,0.0,0.0,0.0,0.0,0.0,0.0,0.0,0.0,0.0,0.0,0.0,0.0,0.0,0.0,0.0,0.0,0.0,0.0,0.0,0.0,0.0,0.0,0.0,0.0,0,1,0
0.7142857142857142,0.5454545454545454,0.3333333333333333,0.125,0.42857142857142855,0.33333333333333337,0.0,0.4166666666666667,0.0,0.0,0.0,1.0,0.8809523809523682,0.13043478260869565,0.17391304347826086,0.0,0.0,1.0,0.0,0.0,0.0,0.0,0.0,0.0,0.0,0.0,0.0,0.0,0.0,0.0,0.0,0.0,0.0,0.0,0.0,0.0,0.0,0.0,0.0,0.0,1.0,0.0,0.0,0.0,0.0,0.0,0.0,0.0,0.0,0.0,0.0,0.0,1,21,0
0.7142857142857142,0.45454545454545453,0.3333333333333333,0.125,0.7142857142857142,0.6666666666666666,0.0,0.0,0.0,0.25,0.0,1.0,0.8571428571428448,0.21739130434782608,0.2608695652173913,0.0,1.0,0.0,0.0,0.0,0.0,0.0,0.0,0.0,0.0,0.0,0.0,0.0,0.0,0.0,0.0,0.0,0.0,0.0,0.0,0.0,0.0,0.0,0.0,0.0,0.0,0.0,0.0,0.0,0.0,0.0,0.0,0.0,0.0,0.0,0.0,0.0,0,33,0
0.7142857142857142,0.45454545454545453,0.3333333333333333,0.125,0.0,0.6666666666666666,0.0,0.0,0.0,0.0,1.0,1.0,0.8214285714285595,0.2608695652173913,0.30434782608695654,0.0,1.0,0.0,0.0,0.0,0.0,0.0,0.0,0.0,0.0,0.0,0.0,0.0,0.0,0.0,0.0,0.0,0.0,0.0,0.0,0.0,0.0,0.0,0.0,0.0,0.0,0.0,0.0,0.0,0.0,0.0,0.0,0.0,0.0,0.0,0.0,0.0,0,33,0
0.7142857142857142,0.45454545454545453,0.3333333333333333,0.125,0.0,0.6666666666666666,0.0,0.0,0.0,0.0,0.3333333333333333,1.0,0.8214285714285595,0.30434782608695654,0.34782608695652173,0.0,1.0,0.0,0.0,0.0,0.0,0.0,0.0,0.0,0.0,0.0,0.0,0.0,0.0,0.0,0.0,0.0,0.0,0.0,0.0,0.0,0.0,0.0,0.0,0.0,0.0,0.0,0.0,0.0,0.0,0.0,0.0,0.0,0.0,0.0,0.0,0.0,0,33,0
0.7142857142857142,0.45454545454545453,0.3333333333333333,0.125,0.0,0.6666666666666666,0.0,0.0,0.0,0.6666666666666666,0.0,0.0,0.8214285714285595,0.30434782608695654,0.34782608695652173,0.0,1.0,0.0,0.0,0.0,0.0,0.0,0.0,0.0,0.0,0.0,0.0,0.0,0.0,0.0,0.0,0.0,0.0,0.0,0.0,0.0,0.0,0.0,0.0,0.0,0.0,0.0,0.0,0.0,0.0,0.0,0.0,0.0,0.0,0.0,0.0,0.0,0,33,0
0.7142857142857142,0.45454545454545453,0.3333333333333333,0.125,0.2857142857142857,0.16666666666666666,0.0,0.0,0.0,0.4166666666666667,0.0,1.0,0.9107142857142733,0.34782608695652173,0.391304347826087,0.0,1.0,0.0,0.0,0.0,0.0,0.0,0.0,0.0,0.0,0.0,0.0,0.0,0.0,0.0,0.0,0.0,0.0,0.0,0.0,0.0,0.0,0.0,0.0,0.0,0.0,0.0,0.0,0.0,0.0,0.0,0.0,0.0,0.0,0.0,0.0,0.0,0,33,0
0.7142857142857142,0.45454545454545453,0.3333333333333333,0.125,0.2857142857142857,0.16666666666666666,0.0,0.0,0.0,0.0,0.25,0.0,0.8214285714285595,0.34782608695652173,0.391304347826087,0.0,1.0,0.0,0.0,0.0,0.0,0.0,0.0,0.0,0.0,0.0,0.0,0.0,0.0,0.0,0.0,0.0,0.0,0.0,0.0,0.0,0.0,0.0,0.0,0.0,0.0,0.0,0.0,0.0,0.0,0.0,0.0,0.0,0.0,0.0,0.0,0.0,0,33,0
0.7142857142857142,0.45454545454545453,0.3333333333333333,0.5,0.42857142857142855,0.5,0.0,0.08333333333333333,0.0,0.0,0.0,1.0,0.8660714285714164,0.4782608695652174,0.5217391304347826,0.0,1.0,0.0,0.0,0.0,0.0,0.0,0.0,0.0,0.0,0.0,0.0,0.0,0.0,0.0,0.0,0.0,0.0,0.0,0.0,0.0,0.0,0.0,0.0,0.0,0.0,1.0,0.0,0.0,0.0,0.0,0.0,0.0,0.0,0.0,0.0,0.0,1,22,0
0.7142857142857142,0.45454545454545453,0.3333333333333333,0.5,0.42857142857142855,0.5,0.0,0.16666666666666666,0.0,0.0,0.0,0.0,0.8214285714285595,0.4782608695652174,0.5217391304347826,0.0,1.0,0.0,0.0,0.0,0.0,0.0,0.0,0.0,0.0,0.0,0.0,0.0,0.0,0.0,0.0,0.0,0.0,0.0,0.0,0.0,0.0,0.0,0.0,0.0,0.0,0.0,0.0,0.0,0.0,0.0,0.0,0.0,0.0,0.0,0.0,0.0,1,33,0
0.7142857142857142,0.45454545454545453,0.3333333333333333,0.5,0.42857142857142855,0.5,0.0,0.06666666666666667,0.0,0.0,0.0,0.0,0.8214285714285595,0.4782608695652174,0.5217391304347826,0.0,1.0,0.0,0.0,0.0,0.0,0.0,0.0,0.0,0.0,0.0,0.0,0.0,0.0,0.0,0.0,0.0,0.0,0.0,0.0,0.0,0.0,0.0,0.0,0.0,0.0,0.0,0.0,0.0,0.0,0.0,0.0,0.0,0.0,1.0,0.0,0.0,1,30,0
0.7142857142857142,0.45454545454545453,0.3333333333333333,0.625,0.42857142857142855,0.6666666666666666,0.0,0.08333333333333333,0.0,0.0,0.0,1.0,0.8571428571428447,0.5217391304347826,0.5652173913043478,0.0,1.0,0.0,0.0,0.0,0.0,0.0,0.0,0.0,0.0,0.0,0.0,0.0,0.0,0.0,0.0,0.0,0.0,0.0,0.0,0.0,0.0,0.0,0.0,0.0,0.0,0.0,0.0,0.0,0.0,0.0,0.0,0.0,0.0,1.0,0.0,0.0,1,30,0
0.7142857142857142,0.7272727272727273,0.3333333333333333,0.625,1.0,0.9999999999999999,0.0,0.0,0.0,0.16666666666666666,0.0,1.0,0.8469387755101918,0.5652173913043478,0.6086956521739131,0.0,0.0,0.0,1.0,0.0,0.0,0.0,0.0,0.0,0.0,0.0,0.0,0.0,0.0,0.0,0.0,0.0,0.0,0.0,0.0,0.0,0.0,0.0,0.0,0.0,0.0,0.0,0.0,0.0,0.0,0.0,0.0,0.0,0.0,0.0,0.0,0.0,0,33,0
0.7142857142857142,0.7272727272727273,0.3333333333333333,0.625,0.5714285714285714,0.5,0.0,0.0,0.0,0.16666666666666666,0.0,1.0,0.866071428571416,0.6086956521739131,0.6521739130434783,0.0,0.0,0.0,1.0,0.0,0.0,0.0,0.0,0.0,0.0,0.0,0.0,0.0,0.0,0.0,0.0,0.0,0.0,0.0,0.0,0.0,0.0,0.0,0.0,0.0,0.0,0.0,0.0,0.0,0.0,0.0,0.0,0.0,1.0,0.0,0.0,0.0,0,29,0
0.7142857142857142,0.7272727272727273,0.3333333333333333,0.625,0.5714285714285714,0.5,0.25,0.0,0.0,0.0,0.0,0.0,0.8214285714285595,0.6086956521739131,0.6521739130434783,0.0,0.0,0.0,1.0,0.0,1.0,0.0,0.0,0.0,0.0,0.0,0.0,0.0,0.0,0.0,0.0,0.0,0.0,0.0,0.0,0.0,0.0,0.0,0.0,0.0,0.0,0.0,0.0,0.0,0.0,0.0,0.0,0.0,0.0,0.0,0.0,0.0,0,1,0
0.7142857142857142,0.7272727272727273,0.3333333333333333,0.625,0.5714285714285714,0.6666666666666666,0.0,0.16666666666666666,0.0,0.0,0.0,1.0,0.8571428571428447,0.6521739130434783,0.6956521739130435,0.0,0.0,0.0,1.0,0.0,0.0,0.0,0.0,0.0,0.0,0.0,0.0,0.0,0.0,0.0,0.0,0.0,0.0,0.0,0.0,0.0,0.0,0.0,0.0,0.0,0.0,0.0,0.0,0.0,0.0,0.0,0.0,0.0,1.0,0.0,0.0,0.0,1,29,0
0.7142857142857142,0.7272727272727273,0.3333333333333333,0.625,0.42857142857142855,0.33333333333333337,0.5,0.0,0.0,0.0,0.0,1.0,0.8809523809523683,0.6956521739130435,0.7391304347826088,0.0,0.0,0.0,1.0,0.0,1.0,0.0,0.0,0.0,0.0,0.0,0.0,0.0,0.0,0.0,0.0,0.0,0.0,0.0,0.0,0.0,0.0,0.0,0.0,0.0,0.0,0.0,0.0,0.0,0.0,0.0,0.0,0.0,0.0,0.0,0.0,0.0,0,1,0
0.7142857142857142,0.7272727272727273,0.3333333333333333,0.625,0.42857142857142855,0.33333333333333337,0.5,0.0,0.0,0.0,0.0,1.0,0.8809523809523682,0.782608695652174,0.8260869565217391,0.0,0.0,0.0,1.0,0.0,1.0,0.0,0.0,0.0,0.0,0.0,0.0,0.0,0.0,0.0,0.0,0.0,0.0,0.0,0.0,0.0,0.0,0.0,0.0,0.0,0.0,0.0,0.0,0.0,0.0,0.0,0.0,0.0,0.0,0.0,0.0,0.0,0,1,0
0.7142857142857142,0.7272727272727273,0.3333333333333333,0.625,0.5714285714285714,0.5,0.3333333333333333,0.0,0.0,0.0,0.0,1.0,0.8660714285714161,0.8260869565217391,0.8695652173913043,0.0,0.0,0.0,1.0,0.0,1.0,0.0,0.0,0.0,0.0,0.0,0.0,0.0,0.0,0.0,0.0,0.0,0.0,0.0,0.0,0.0,0.0,0.0,0.0,0.0,0.0,0.0,0.0,0.0,0.0,0.0,0.0,0.0,0.0,0.0,0.0,0.0,0,1,0
0.7142857142857142,0.7272727272727273,0.3333333333333333,0.625,0.2857142857142857,0.16666666666666666,0.6666666666666666,0.0,0.0,0.0,0.0,1.0,0.9107142857142725,0.8695652173913043,0.9130434782608696,0.0,0.0,0.0,1.0,0.0,1.0,0.0,0.0,0.0,0.0,0.0,0.0,0.0,0.0,0.0,0.0,0.0,0.0,0.0,0.0,0.0,0.0,0.0,0.0,0.0,0.0,0.0,0.0,0.0,0.0,0.0,0.0,0.0,0.0,0.0,0.0,0.0,0,1,0
1.0,0.45454545454545453,0.3333333333333333,0.625,0.14285714285714285,0.0,0.0,0.0,0.0,0.3333333333333333,0.0,1.0,0.9999999999999853,0.9130434782608696,0.9565217391304348,0.0,0.0,1.0,0.0,0.0,0.0,0.0,0.0,0.0,0.0,0.0,0.0,0.0,0.0,0.0,0.0,0.0,0.0,0.0,0.0,0.0,0.0,0.0,0.0,0.0,0.0,0.0,0.0,0.0,0.0,0.0,0.0,0.0,0.0,0.0,0.0,0.0,0,33,0
1.0,0.45454545454545453,0.3333333333333333,0.625,0.14285714285714285,0.0,0.36666666666666664,0.0,0.0,0.0,0.0,0.0,0.8214285714285595,0.9130434782608696,0.9565217391304348,0.0,0.0,1.0,0.0,0.0,1.0,0.0,0.0,0.0,0.0,0.0,0.0,0.0,0.0,0.0,0.0,0.0,0.0,0.0,0.0,0.0,0.0,0.0,0.0,0.0,0.0,0.0,0.0,0.0,0.0,0.0,0.0,0.0,0.0,0.0,0.0,0.0,0,1,0
1.0,0.45454545454545453,0.3333333333333333,0.625,0.14285714285714285,0.0,0.0,0.13333333333333333,0.0,0.0,0.0,0.0,0.8214285714285595,0.9130434782608696,0.9565217391304348,0.0,0.0,1.0,0.0,0.0,0.0,0.0,0.0,0.0,0.0,0.0,0.0,0.0,0.0,0.0,0.0,0.0,0.0,0.0,0.0,0.0,0.0,0.0,0.0,0.0,0.0,0.0,0.0,0.0,0.0,0.0,0.0,0.0,0.0,0.0,0.0,0.0,1,33,0
1.0,0.45454545454545453,0.3333333333333333,0.625,0.5714285714285714,0.5,0.0,0.13333333333333333,0.0,0.0,0.0,1.0,0.8660714285714161,0.9565217391304348,1.0,0.0,0.0,1.0,0.0,0.0,0.0,0.0,0.0,0.0,0.0,0.0,0.0,0.0,0.0,0.0,0.0,0.0,0.0,0.0,0.0,0.0,0.0,0.0,0.0,0.0,0.0,0.0,0.0,0.0,0.0,0.0,1.0,0.0,0.0,0.0,0.0,0.0,1,27,0
1.0,0.45454545454545453,0.3333333333333333,0.625,0.5714285714285714,0.5,0.2,0.0,0.0,0.0,0.0,0.0,0.8214285714285595,0.9565217391304348,1.0,0.0,0.0,1.0,0.0,0.0,1.0,0.0,0.0,0.0,0.0,0.0,0.0,0.0,0.0,0.0,0.0,0.0,0.0,0.0,0.0,0.0,0.0,0.0,0.0,0.0,0.0,0.0,0.0,0.0,0.0,0.0,0.0,0.0,0.0,0.0,0.0,0.0,0,1,0
1.0,0.45454545454545453,0.3333333333333333,0.625,0.5714285714285714,0.5,0.0,0.13333333333333333,0.0,0.0,0.0,1.0,0.866071428571416,1.0,0.0,0.0,0.0,1.0,0.0,0.0,0.0,0.0,0.0,0.0,0.0,0.0,0.0,0.0,0.0,0.0,0.0,0.0,0.0,0.0,0.0,0.0,0.0,0.0,0.0,0.0,0.0,0.0,0.0,0.0,0.0,0.0,1.0,0.0,0.0,0.0,0.0,0.0,1,27,0
1.0,0.45454545454545453,0.3333333333333333,0.625,0.5714285714285714,0.5,0.2,0.0,0.0,0.0,0.0,0.0,0.8214285714285595,1.0,0.0,0.0,0.0,1.0,0.0,0.0,1.0,0.0,0.0,0.0,0.0,0.0,0.0,0.0,0.0,0.0,0.0,0.0,0.0,0.0,0.0,0.0,0.0,0.0,0.0,0.0,0.0,0.0,0.0,0.0,0.0,0.0,0.0,0.0,0.0,0.0,0.0,0.0,0,1,0
0.14285714285714285,0.45454545454545453,0.3333333333333333,0.625,0.5714285714285714,0.6666666666666666,0.16666666666666666,0.0,0.0,0.0,0.0,0.0,0.8214285714285595,0.0,0.043478260869565216,0.0,0.0,1.0,0.0,0.0,1.0,0.0,0.0,0.0,0.0,0.0,0.0,0.0,0.0,0.0,0.0,0.0,0.0,0.0,0.0,0.0,0.0,0.0,0.0,0.0,0.0,0.0,0.0,0.0,0.0,0.0,0.0,0.0,0.0,0.0,0.0,0.0,0,1,0
0.14285714285714285,0.45454545454545453,0.3333333333333333,0.625,0.7142857142857142,0.6666666666666666,0.0,0.08333333333333333,0.0,0.0,0.0,1.0,0.8571428571428448,0.08695652173913043,0.13043478260869565,0.0,0.0,1.0,0.0,0.0,0.0,0.0,0.0,0.0,0.0,0.0,0.0,0.0,0.0,0.0,1.0,0.0,0.0,0.0,0.0,0.0,0.0,0.0,0.0,0.0,0.0,0.0,0.0,0.0,0.0,0.0,0.0,0.0,0.0,0.0,0.0,0.0,1,11,0
0.14285714285714285,0.45454545454545453,0.3333333333333333,0.625,0.7142857142857142,0.6666666666666666,0.0,0.08333333333333333,0.0,0.0,0.0,0.0,0.8214285714285595,0.08695652173913043,0.13043478260869565,0.0,0.0,1.0,0.0,0.0,0.0,0.0,0.0,0.0,0.0,0.0,0.0,0.0,0.0,0.0,0.0,0.0,0.0,0.0,0.0,0.0,0.0,0.0,0.0,0.0,0.0,0.0,0.0,0.0,0.0,0.0,0.0,0.0,0.0,0.0,0.0,0.0,1,33,0
0.14285714285714285,0.45454545454545453,0.3333333333333333,0.625,0.7142857142857142,0.6666666666666666,0.0,0.08333333333333333,0.0,0.0,0.0,1.0,0.8571428571428448,0.13043478260869565,0.17391304347826086,0.0,0.0,1.0,0.0,0.0,0.0,0.0,0.0,0.0,0.0,0.0,0.0,0.0,0.0,0.0,0.0,0.0,0.0,0.0,0.0,0.0,0.0,0.0,0.0,1.0,0.0,0.0,0.0,0.0,0.0,0.0,0.0,0.0,0.0,0.0,0.0,0.0,1,20,0
0.14285714285714285,0.45454545454545453,0.3333333333333333,0.625,0.7142857142857142,0.6666666666666666,0.08333333333333333,0.0,0.0,0.0,0.0,0.0,0.8214285714285595,0.13043478260869565,0.17391304347826086,0.0,0.0,1.0,0.0,0.0,1.0,0.0,0.0,0.0,0.0,0.0,0.0,0.0,0.0,0.0,0.0,0.0,0.0,0.0,0.0,0.0,0.0,0.0,0.0,0.0,0.0,0.0,0.0,0.0,0.0,0.0,0.0,0.0,0.0,0.0,0.0,0.0,0,1,0
0.14285714285714285,0.45454545454545453,0.3333333333333333,0.625,0.42857142857142855,0.33333333333333337,0.0,0.08333333333333333,0.0,0.0,0.0,1.0,0.8809523809523682,0.17391304347826086,0.21739130434782608,0.0,0.0,1.0,0.0,0.0,0.0,0.0,0.0,0.0,0.0,0.0,0.0,0.0,0.0,0.0,0.0,0.0,0.0,0.0,0.0,0.0,0.0,0.0,0.0,1.0,0.0,0.0,0.0,0.0,0.0,0.0,0.0,0.0,0.0,0.0,0.0,0.0,1,20,0
0.14285714285714285,0.45454545454545453,0.3333333333333333,0.625,0.42857142857142855,0.33333333333333337,0.16666666666666666,0.0,0.0,0.0,0.0,0.0,0.8214285714285595,0.17391304347826086,0.21739130434782608,0.0,0.0,1.0,0.0,0.0,1.0,0.0,0.0,0.0,0.0,0.0,0.0,0.0,0.0,0.0,0.0,0.0,0.0,0.0,0.0,0.0,0.0,0.0,0.0,0.0,0.0,0.0,0.0,0.0,0.0,0.0,0.0,0.0,0.0,0.0,0.0,0.0,0,1,0
0.14285714285714285,0.45454545454545453,0.3333333333333333,0.625,0.42857142857142855,0.33333333333333337,0.0,0.0,0.0,0.0,0.16666666666666666,0.0,0.8214285714285595,0.17391304347826086,0.21739130434782608,0.0,0.0,1.0,0.0,0.0,0.0,0.0,0.0,0.0,0.0,0.0,0.0,0.0,0.0,0.0,0.0,0.0,0.0,0.0,0.0,0.0,0.0,0.0,0.0,0.0,0.0,0.0,0.0,0.0,0.0,0.0,0.0,0.0,0.0,0.0,0.0,0.0,0,33,0
0.14285714285714285,0.45454545454545453,0.3333333333333333,0.625,0.5714285714285714,0.5,0.0,0.0,0.0,0.16666666666666666,0.0,1.0,0.8660714285714161,0.21739130434782608,0.2608695652173913,0.0,1.0,0.0,0.0,0.0,0.0,0.0,0.0,0.0,0.0,0.0,0.0,0.0,0.0,0.0,0.0,0.0,0.0,0.0,0.0,0.0,0.0,0.0,0.0,0.0,0.0,0.0,0.0,0.0,0.0,0.0,0.0,0.0,0.0,0.0,0.0,0.0,0,33,0
0.14285714285714285,0.45454545454545453,0.3333333333333333,0.625,0.5714285714285714,0.5,0.0,0.16666666666666666,0.0,0.0,0.0,0.0,0.8214285714285595,0.21739130434782608,0.2608695652173913,0.0,1.0,0.0,0.0,0.0,0.0,0.0,0.0,0.0,0.0,0.0,0.0,0.0,1.0,0.0,0.0,0.0,0.0,0.0,0.0,0.0,0.0,0.0,0.0,0.0,0.0,0.0,0.0,0.0,0.0,0.0,0.0,0.0,0.0,0.0,0.0,0.0,1,9,0
0.14285714285714285,0.45454545454545453,0.3333333333333333,0.625,0.2857142857142857,0.16666666666666666,0.0,0.16666666666666666,0.0,0.0,0.0,1.0,0.9107142857142725,0.2608695652173913,0.30434782608695654,0.0,1.0,0.0,0.0,0.0,0.0,0.0,0.0,0.0,0.0,0.0,0.0,0.0,1.0,0.0,0.0,0.0,0.0,0.0,0.0,0.0,0.0,0.0,0.0,0.0,0.0,0.0,0.0,0.0,0.0,0.0,0.0,0.0,0.0,0.0,0.0,0.0,1,9,0
0.14285714285714285,0.45454545454545453,0.3333333333333333,0.625,0.2857142857142857,0.16666666666666666,0.0,0.5,0.0,0.0,0.0,0.0,0.8214285714285595,0.2608695652173913,0.30434782608695654,0.0,1.0,0.0,0.0,0.0,0.0,0.0,0.0,0.0,0.0,0.0,0.0,0.0,0.0,0.0,0.0,0.0,0.0,0.0,0.0,0.0,0.0,0.0,0.0,0.0,0.0,0.0,0.0,0.0,0.0,0.0,0.0,1.0,0.0,0.0,0.0,0.0,1,28,0
0.14285714285714285,0.45454545454545453,0.3333333333333333,0.625,0.2857142857142857,0.16666666666666666,0.0,0.25,0.0,0.0,0.0,1.0,0.9107142857142709,0.30434782608695654,0.34782608695652173,0.0,1.0,0.0,0.0,0.0,0.0,0.0,0.0,0.0,0.0,0.0,0.0,0.0,0.0,0.0,0.0,0.0,0.0,0.0,0.0,0.0,0.0,0.0,0.0,0.0,0.0,0.0,0.0,0.0,0.0,0.0,0.0,1.0,0.0,0.0,0.0,0.0,1,28,0
0.14285714285714285,0.45454545454545453,0.3333333333333333,0.625,0.2857142857142857,0.16666666666666666,0.0,0.0,0.0,0.0,0.3333333333333333,0.0,0.8214285714285595,0.30434782608695654,0.34782608695652173,0.0,1.0,0.0,0.0,0.0,0.0,0.0,0.0,0.0,0.0,0.0,0.0,0.0,0.0,0.0,0.0,0.0,0.0,0.0,0.0,0.0,0.0,0.0,1.0,0.0,0.0,0.0,0.0,0.0,0.0,0.0,0.0,0.0,0.0,0.0,0.0,0.0,0,19,0
0.14285714285714285,0.45454545454545453,0.3333333333333333,0.625,0.42857142857142855,0.33333333333333337,0.0,0.0,0.0,0.3333333333333333,0.0,1.0,0.8809523809523687,0.34782608695652173,0.391304347826087,0.0,1.0,0.0,0.0,0.0,0.0,0.0,0.0,0.0,0.0,0.0,0.0,0.0,0.0,0.0,0.0,0.0,0.0,0.0,0.0,0.0,0.0,0.0,0.0,0.0,0.0,0.0,0.0,0.0,0.0,0.0,0.0,0.0,0.0,0.0,0.0,0.0,0,33,0
0.14285714285714285,0.45454545454545453,0.3333333333333333,0.625,0.14285714285714285,0.0,0.0,0.0,0.0,0.3333333333333333,0.0,1.0,0.910714285714274,0.41304347826086957,0.43478260869565216,0.0,1.0,0.0,0.0,0.0,0.0,0.0,0.0,0.0,0.0,0.0,0.0,0.0,0.0,0.0,0.0,0.0,0.0,0.0,0.0,0.0,0.0,0.0,0.0,0.0,0.0,0.0,0.0,0.0,0.0,0.0,0.0,0.0,0.0,0.0,0.0,0.0,0,33,0
0.14285714285714285,0.45454545454545453,0.3333333333333333,0.625,0.14285714285714285,0.0,0.0,0.8333333333333334,0.0,0.0,0.0,1.0,0.9999999999999825,0.43478260869565216,0.4782608695652174,0.0,1.0,0.0,0.0,0.0,0.0,0.0,0.0,0.0,0.0,0.0,0.0,0.0,0.0,0.0,0.0,0.0,0.0,0.0,0.0,0.0,0.0,0.0,0.0,0.0,0.0,0.0,0.0,0.0,0.0,0.0,0.0,0.0,0.0,0.0,0.0,0.0,1,33,0
0.14285714285714285,0.45454545454545453,0.3333333333333333,0.625,0.8571428571428571,0.8333333333333334,0.0,0.16666666666666666,0.0,0.0,0.0,1.0,0.8511904761904641,0.4782608695652174,0.5217391304347826,0.0,1.0,0.0,0.0,0.0,0.0,0.0,0.0,0.0,0.0,0.0,0.0,0.0,0.0,0.0,0.0,0.0,0.0,0.0,0.0,0.0,0.0,0.0,0.0,0.0,0.0,0.0,0.0,0.0,0.0,0.0,0.0,1.0,0.0,0.0,0.0,0.0,1,28,0
0.14285714285714285,0.45454545454545453,0.3333333333333333,0.625,0.42857142857142855,0.5,0.0,0.08333333333333333,0.0,0.0,0.0,1.0,0.866071428571416,0.5217391304347826,0.5652173913043478,0.0,1.0,0.0,0.0,0.0,0.0,0.0,0.0,0.0,0.0,0.0,0.0,0.0,0.0,0.0,0.0,0.0,0.0,0.0,0.0,0.0,0.0,0.0,0.0,0.0,0.0,0.0,0.0,0.0,0.0,1.0,0.0,0.0,0.0,0.0,0.0,0.0,1,26,0
0.14285714285714285,0.45454545454545453,0.3333333333333333,0.625,0.42857142857142855,0.5,0.0,0.25,0.0,0.0,0.0,0.0,0.8214285714285595,0.5217391304347826,0.5652173913043478,0.0,1.0,0.0,0.0,0.0,0.0,0.0,0.0,0.0,0.0,0.0,0.0,0.0,0.0,0.0,0.0,0.0,0.0,0.0,0.0,0.0,0.0,0.0,0.0,0.0,0.0,0.0,0.0,0.0,0.0,0.0,0.0,0.0,0.0,0.0,0.0,0.0,1,33,0
0.14285714285714285,0.5454545454545454,0.3333333333333333,0.625,0.7142857142857142,0.6666666666666666,0.16666666666666666,0.0,0.0,0.0,0.0,1.0,0.8571428571428448,0.5652173913043478,0.6086956521739131,0.0,0.0,0.0,1.0,0.0,1.0,0.0,0.0,0.0,0.0,0.0,0.0,0.0,0.0,0.0,0.0,0.0,0.0,0.0,0.0,0.0,0.0,0.0,0.0,0.0,0.0,0.0,0.0,0.0,0.0,0.0,0.0,0.0,0.0,0.0,0.0,0.0,0,1,0
0.14285714285714285,0.5454545454545454,0.3333333333333333,0.625,0.5714285714285714,0.5,0.5,0.0,0.0,0.0,0.0,0.0,0.8214285714285595,0.6086956521739131,0.6521739130434783,0.0,0.0,0.0,1.0,0.0,1.0,0.0,0.0,0.0,0.0,0.0,0.0,0.0,0.0,0.0,0.0,0.0,0.0,0.0,0.0,0.0,0.0,0.0,0.0,0.0,0.0,0.0,0.0,0.0,0.0,0.0,0.0,0.0,0.0,0.0,0.0,0.0,0,1,0
0.14285714285714285,0.5454545454545454,0.3333333333333333,0.625,0.2857142857142857,0.16666666666666666,0.0,0.3333333333333333,0.0,0.0,0.0,1.0,0.9107142857142725,0.8695652173913043,0.9130434782608696,0.0,0.0,0.0,1.0,0.0,0.0,0.0,0.0,0.0,0.0,0.0,0.0,0.0,0.0,0.0,0.0,0.0,0.0,0.0,0.0,0.0,0.0,0.0,0.0,0.0,0.0,0.0,0.0,0.0,0.0,0.0,0.0,0.0,1.0,0.0,0.0,0.0,1,29,0
0.14285714285714285,0.6363636363636365,0.3333333333333333,0.625,0.2857142857142857,0.16666666666666666,0.0,0.0,0.0,0.25,0.0,1.0,0.9107142857142725,0.9130434782608696,0.9565217391304348,0.0,0.0,1.0,0.0,0.0,0.0,0.0,0.0,0.0,0.0,0.0,0.0,0.0,0.0,0.0,0.0,0.0,0.0,0.0,0.0,0.0,0.0,0.0,0.0,0.0,0.0,0.0,0.0,0.0,0.0,0.0,0.0,0.0,0.0,0.0,0.0,0.0,0,33,0
0.14285714285714285,0.6363636363636365,0.3333333333333333,0.625,0.2857142857142857,0.16666666666666666,0.4166666666666667,0.0,0.0,0.0,0.0,0.0,0.8214285714285595,0.9130434782608696,0.9565217391304348,0.0,0.0,1.0,0.0,0.0,1.0,0.0,0.0,0.0,0.0,0.0,0.0,0.0,0.0,0.0,0.0,0.0,0.0,0.0,0.0,0.0,0.0,0.0,0.0,0.0,0.0,0.0,0.0,0.0,0.0,0.0,0.0,0.0,0.0,0.0,0.0,0.0,0,1,0
0.14285714285714285,0.6363636363636365,0.3333333333333333,0.625,0.8571428571428571,0.8333333333333334,0.0,0.08333333333333333,0.0,0.0,0.0,1.0,0.851190476190464,0.9565217391304348,1.0,0.0,0.0,1.0,0.0,0.0,0.0,0.0,0.0,0.0,0.0,0.0,0.0,0.0,0.0,0.0,0.0,0.0,0.0,0.0,0.0,0.0,0.0,0.0,0.0,0.0,0.0,0.0,0.0,0.0,0.0,0.0,0.0,0.0,1.0,0.0,0.0,0.0,1,29,0
0.14285714285714285,0.6363636363636365,0.3333333333333333,0.625,0.42857142857142855,0.33333333333333337,0.0,0.25,0.0,0.0,0.0,1.0,0.8809523809523682,1.0,0.0,0.0,0.0,1.0,0.0,0.0,0.0,0.0,0.0,0.0,0.0,0.0,0.0,0.0,0.0,0.0,0.0,0.0,0.0,0.0,0.0,0.0,0.0,0.0,0.0,0.0,0.0,0.0,0.0,0.0,0.0,0.0,0.0,0.0,1.0,0.0,0.0,0.0,1,29,0
0.14285714285714285,0.6363636363636365,0.3333333333333333,0.625,0.42857142857142855,0.33333333333333337,0.25,0.0,0.0,0.0,0.0,0.0,0.8214285714285595,1.0,0.0,0.0,0.0,1.0,0.0,0.0,1.0,0.0,0.0,0.0,0.0,0.0,0.0,0.0,0.0,0.0,0.0,0.0,0.0,0.0,0.0,0.0,0.0,0.0,0.0,0.0,0.0,0.0,0.0,0.0,0.0,0.0,0.0,0.0,0.0,0.0,0.0,0.0,0,1,0
0.2857142857142857,0.6363636363636365,0.3333333333333333,0.625,0.7142857142857142,0.6666666666666666,0.0,0.08333333333333333,0.0,0.0,0.0,1.0,0.8571428571428448,0.0,0.043478260869565216,0.0,0.0,1.0,0.0,0.0,0.0,0.0,0.0,0.0,0.0,0.0,0.0,0.0,0.0,0.0,1.0,0.0,0.0,0.0,0.0,0.0,0.0,0.0,0.0,0.0,0.0,0.0,0.0,0.0,0.0,0.0,0.0,0.0,0.0,0.0,0.0,0.0,1,11,0
0.2857142857142857,0.6363636363636365,0.3333333333333333,0.625,0.7142857142857142,0.6666666666666666,0.0,0.08333333333333333,0.0,0.0,0.0,0.0,0.8214285714285595,0.0,0.043478260869565216,0.0,0.0,1.0,0.0,0.0,0.0,0.0,0.0,0.0,0.0,0.0,0.0,0.0,0.0,0.0,0.0,0.0,0.0,0.0,0.0,0.0,0.0,0.0,0.0,0.0,0.0,0.0,0.0,0.0,0.0,0.0,1.0,0.0,0.0,0.0,0.0,0.0,1,27,0
0.2857142857142857,0.6363636363636365,0.3333333333333333,0.625,0.14285714285714285,0.0,0.0,0.1,0.0,0.0,0.0,1.0,0.9107142857142725,0.06521739130434782,0.08695652173913043,0.0,0.0,1.0,0.0,0.0,0.0,0.0,0.0,0.0,0.0,0.0,0.0,0.0,0.0,0.0,0.0,0.0,0.0,0.0,0.0,0.0,0.0,0.0,0.0,0.0,0.0,0.0,0.0,0.0,0.0,0.0,1.0,0.0,0.0,0.0,0.0,0.0,1,27,0
0.2857142857142857,0.6363636363636365,0.3333333333333333,0.625,0.14285714285714285,0.0,0.0,0.08333333333333333,0.0,0.0,0.0,0.0,0.8214285714285595,0.06521739130434782,0.08695652173913043,0.0,0.0,1.0,0.0,0.0,0.0,0.0,0.0,0.0,0.0,0.0,0.0,0.0,0.0,0.0,0.0,0.0,0.0,0.0,0.0,0.0,0.0,0.0,0.0,0.0,0.0,0.0,0.0,0.0,0.0,0.0,0.0,0.0,0.0,0.0,0.0,0.0,1,33,0
0.2857142857142857,0.6363636363636365,0.3333333333333333,0.625,0.14285714285714285,0.0,0.0,0.0,0.0,0.0,0.13333333333333333,0.0,0.8214285714285595,0.06521739130434782,0.08695652173913043,0.0,0.0,1.0,0.0,0.0,0.0,0.0,0.0,0.0,0.0,0.0,0.0,0.0,0.0,0.0,0.0,0.0,0.0,0.0,0.0,0.0,0.0,0.0,0.0,0.0,0.0,0.0,0.0,0.0,0.0,0.0,0.0,0.0,0.0,0.0,0.0,0.0,0,33,0
0.2857142857142857,0.6363636363636365,0.3333333333333333,0.375,0.14285714285714285,0.6666666666666666,0.0,0.13333333333333333,0.0,0.0,0.0,1.0,0.8571428571428448,0.08695652173913043,0.13043478260869565,0.0,0.0,1.0,0.0,0.0,0.0,0.0,0.0,0.0,0.0,0.0,0.0,0.0,0.0,0.0,0.0,1.0,0.0,0.0,0.0,0.0,0.0,0.0,0.0,0.0,0.0,0.0,0.0,0.0,0.0,0.0,0.0,0.0,0.0,0.0,0.0,0.0,1,12,0
0.2857142857142857,0.6363636363636365,0.3333333333333333,0.375,0.14285714285714285,0.6666666666666666,0.0,0.08333333333333333,0.0,0.0,0.0,0.0,0.8214285714285595,0.08695652173913043,0.13043478260869565,0.0,0.0,1.0,0.0,0.0,0.0,0.0,0.0,0.0,0.0,0.0,0.0,0.0,0.0,0.0,0.0,0.0,0.0,0.0,0.0,0.0,0.0,0.0,0.0,0.0,0.0,0.0,0.0,0.0,0.0,0.0,0.0,0.0,0.0,0.0,0.0,0.0,1,33,0
0.2857142857142857,0.6363636363636365,0.3333333333333333,0.375,0.7142857142857142,0.6666666666666666,0.0,0.0,0.0,0.16666666666666666,0.0,1.0,0.8571428571428448,0.13043478260869565,0.17391304347826086,0.0,0.0,1.0,0.0,0.0,0.0,0.0,0.0,0.0,0.0,0.0,0.0,0.0,0.0,0.0,0.0,0.0,0.0,0.0,0.0,0.0,0.0,0.0,0.0,0.0,0.0,0.0,0.0,0.0,0.0,0.0,0.0,0.0,0.0,1.0,0.0,0.0,0,30,0
0.2857142857142857,0.6363636363636365,0.3333333333333333,0.375,0.42857142857142855,0.33333333333333337,0.0,0.0,0.0,0.25,0.0,1.0,0.8809523809523682,0.17391304347826086,0.21739130434782608,0.0,0.0,1.0,0.0,0.0,0.0,0.0,0.0,0.0,0.0,0.0,0.0,0.0,0.0,0.0,0.0,0.0,0.0,0.0,0.0,0.0,0.0,0.0,0.0,0.0,0.0,0.0,0.0,0.0,0.0,0.0,0.0,0.0,0.0,1.0,0.0,0.0,0,30,0
0.2857142857142857,0.6363636363636365,0.3333333333333333,0.375,0.42857142857142855,0.33333333333333337,0.0,0.16666666666666666,0.0,0.0,0.0,0.0,0.8214285714285595,0.17391304347826086,0.21739130434782608,0.0,0.0,1.0,0.0,0.0,0.0,0.0,0.0,0.0,0.0,0.0,0.0,0.0,0.0,0.0,0.0,0.0,0.0,0.0,0.0,0.0,0.0,0.0,0.0,0.0,1.0,0.0,0.0,0.0,0.0,0.0,0.0,0.0,0.0,0.0,0.0,0.0,1,21,0
0.2857142857142857,0.6363636363636365,0.3333333333333333,0.375,0.5714285714285714,0.5,0.0,0.0,0.0,0.25,0.0,1.0,0.8660714285714161,0.21739130434782608,0.2608695652173913,0.0,1.0,0.0,0.0,0.0,0.0,0.0,0.0,0.0,0.0,0.0,0.0,0.0,0.0,0.0,0.0,0.0,0.0,0.0,0.0,0.0,0.0,0.0,0.0,0.0,0.0,0.0,0.0,0.0,0.0,0.0,0.0,0.0,0.0,0.0,0.0,0.0,0,33,0
0.2857142857142857,0.6363636363636365,0.3333333333333333,0.375,0.5714285714285714,0.5,0.0,0.08333333333333333,0.0,0.0,0.0,0.0,0.8214285714285595,0.21739130434782608,0.2608695652173913,0.0,1.0,0.0,0.0,0.0,0.0,0.0,0.0,0.0,0.0,0.0,0.0,0.0,0.0,0.0,0.0,0.0,0.0,0.0,0.0,0.0,0.0,0.0,0.0,0.0,0.0,0.0,0.0,0.0,0.0,0.0,0.0,1.0,0.0,0.0,0.0,0.0,1,28,0
0.2857142857142857,0.6363636363636365,0.3333333333333333,0.375,0.7142857142857142,0.8333333333333334,0.0,0.08333333333333333,0.0,0.0,0.0,0.0,0.8214285714285595,0.2608695652173913,0.30434782608695654,0.0,1.0,0.0,0.0,0.0,0.0,0.0,0.0,0.0,0.0,0.0,0.0,0.0,0.0,0.0,0.0,0.0,0.0,0.0,0.0,0.0,0.0,0.0,0.0,0.0,0.0,0.0,0.0,0.0,0.0,0.0,0.0,0.0,0.0,0.0,0.0,0.0,1,33,0
0.2857142857142857,0.6363636363636365,0.3333333333333333,0.375,0.7142857142857142,0.6666666666666666,0.0,0.08333333333333333,0.0,0.0,0.0,1.0,0.8571428571428441,0.30434782608695654,0.34782608695652173,0.0,1.0,0.0,0.0,0.0,0.0,0.0,0.0,0.0,0.0,0.0,0.0,0.0,0.0,0.0,0.0,0.0,0.0,0.0,0.0,0.0,0.0,0.0,0.0,0.0,0.0,0.0,0.0,0.0,0.0,0.0,1.0,0.0,0.0,0.0,0.0,0.0,1,27,0
0.2857142857142857,0.6363636363636365,0.3333333333333333,0.375,0.7142857142857142,0.6666666666666666,0.0,0.08333333333333333,0.0,0.0,0.0,0.0,0.8214285714285595,0.30434782608695654,0.34782608695652173,0.0,1.0,0.0,0.0,0.0,0.0,0.0,0.0,0.0,0.0,0.0,0.0,0.0,0.0,0.0,0.0,0.0,0.0,0.0,0.0,0.0,0.0,0.0,0.0,0.0,0.0,0.0,0.0,0.0,0.0,0.0,0.0,0.0,0.0,0.0,0.0,0.0,1,33,0
0.2857142857142857,0.6363636363636365,0.3333333333333333,0.375,0.7142857142857142,0.6666666666666666,0.0,0.0,0.0,0.0,0.08333333333333333,1.0,0.857142857142845,0.34782608695652173,0.391304347826087,0.0,1.0,0.0,0.0,0.0,0.0,0.0,1.0,0.0,0.0,0.0,0.0,0.0,0.0,0.0,0.0,0.0,0.0,0.0,0.0,0.0,0.0,0.0,0.0,0.0,0.0,0.0,0.0,0.0,0.0,0.0,0.0,0.0,0.0,0.0,0.0,0.0,0,3,0
0.2857142857142857,0.6363636363636365,0.3333333333333333,0.375,0.7142857142857142,0.6666666666666666,0.0,0.08333333333333333,0.0,0.0,0.0,0.0,0.8214285714285595,0.34782608695652173,0.391304347826087,0.0,1.0,0.0,0.0,0.0,0.0,0.0,0.0,0.0,0.0,0.0,0.0,0.0,0.0,0.0,0.0,0.0,0.0,0.0,0.0,0.0,0.0,0.0,0.0,0.0,0.0,0.0,0.0,0.0,0.0,0.0,0.0,0.0,0.0,0.0,0.0,0.0,1,33,0
0.2857142857142857,0.6363636363636365,0.3333333333333333,0.375,0.7142857142857142,0.6666666666666666,0.0,0.08333333333333333,0.0,0.0,0.0,1.0,0.8571428571428441,0.43478260869565216,0.4782608695652174,0.0,1.0,0.0,0.0,0.0,0.0,0.0,0.0,0.0,0.0,0.0,0.0,0.0,0.0,0.0,0.0,0.0,0.0,0.0,0.0,0.0,0.0,0.0,0.0,0.0,0.0,0.0,0.0,0.0,0.0,0.0,1.0,0.0,0.0,0.0,0.0,0.0,1,27,0
0.2857142857142857,0.6363636363636365,0.3333333333333333,0.375,0.7142857142857142,0.6666666666666666,0.0,0.0,0.0,0.0,0.08333333333333333,0.0,0.8214285714285595,0.43478260869565216,0.4782608695652174,0.0,1.0,0.0,0.0,0.0,0.0,0.0,1.0,0.0,0.0,0.0,0.0,0.0,0.0,0.0,0.0,0.0,0.0,0.0,0.0,0.0,0.0,0.0,0.0,0.0,0.0,0.0,0.0,0.0,0.0,0.0,0.0,0.0,0.0,0.0,0.0,0.0,0,3,0
0.2857142857142857,0.6363636363636365,0.3333333333333333,0.375,0.8571428571428571,0.8333333333333334,0.0,0.08333333333333333,0.0,0.0,0.0,1.0,0.8511904761904641,0.4782608695652174,0.5217391304347826,0.0,1.0,0.0,0.0,0.0,0.0,0.0,0.0,0.0,0.0,0.0,0.0,0.0,0.0,0.0,0.0,0.0,0.0,0.0,0.0,0.0,0.0,0.0,0.0,0.0,0.0,0.0,0.0,0.0,0.0,0.0,0.0,0.0,1.0,0.0,0.0,0.0,1,29,0
0.2857142857142857,0.6363636363636365,0.3333333333333333,0.375,0.5714285714285714,0.5,0.3333333333333333,0.0,0.0,0.0,0.0,1.0,0.866071428571416,0.6086956521739131,0.6521739130434783,0.0,0.0,0.0,1.0,0.0,1.0,0.0,0.0,0.0,0.0,0.0,0.0,0.0,0.0,0.0,0.0,0.0,0.0,0.0,0.0,0.0,0.0,0.0,0.0,0.0,0.0,0.0,0.0,0.0,0.0,0.0,0.0,0.0,0.0,0.0,0.0,0.0,0,1,0
0.2857142857142857,0.6363636363636365,0.3333333333333333,0.375,0.2857142857142857,0.16666666666666666,0.5,0.0,0.0,0.0,0.0,1.0,0.9107142857142725,0.6521739130434783,0.6956521739130435,0.0,0.0,0.0,1.0,0.0,1.0,0.0,0.0,0.0,0.0,0.0,0.0,0.0,0.0,0.0,0.0,0.0,0.0,0.0,0.0,0.0,0.0,0.0,0.0,0.0,0.0,0.0,0.0,0.0,0.0,0.0,0.0,0.0,0.0,0.0,0.0,0.0,0,1,0
0.2857142857142857,0.6363636363636365,0.3333333333333333,0.375,0.2857142857142857,0.16666666666666666,0.0,0.16666666666666666,0.0,0.0,0.0,1.0,0.8660714285714161,0.7608695652173914,0.782608695652174,0.0,0.0,0.0,1.0,0.0,0.0,0.0,0.0,0.0,0.0,0.0,0.0,0.0,0.0,0.0,0.0,0.0,0.0,0.0,0.0,0.0,0.0,0.0,0.0,0.0,0.0,0.0,0.0,0.0,0.0,0.0,0.0,0.0,1.0,0.0,0.0,0.0,1,29,0
0.2857142857142857,0.6363636363636365,0.3333333333333333,0.375,0.2857142857142857,0.16666666666666666,0.0,0.16666666666666666,0.0,0.0,0.0,0.0,0.8214285714285595,0.7608695652173914,0.782608695652174,0.0,0.0,0.0,1.0,0.0,0.0,0.0,0.0,0.0,0.0,0.0,0.0,0.0,0.0,0.0,0.0,0.0,0.0,0.0,0.0,0.0,0.0,0.0,0.0,0.0,0.0,0.0,0.0,0.0,0.0,0.0,0.0,1.0,0.0,0.0,0.0,0.0,1,28,0
0.2857142857142857,0.6363636363636365,0.3333333333333333,0.375,0.5714285714285714,0.5,0.0,0.0,0.0,0.0,0.16666666666666666,1.0,0.866071428571416,0.782608695652174,0.8260869565217391,0.0,0.0,0.0,1.0,0.0,0.0,0.0,0.0,0.0,0.0,0.0,0.0,0.0,0.0,0.0,0.0,0.0,0.0,0.0,0.0,0.0,0.0,0.0,0.0,0.0,0.0,0.0,0.0,0.0,0.0,0.0,0.0,0.0,0.0,0.0,0.0,0.0,0,33,0
0.2857142857142857,0.6363636363636365,0.3333333333333333,0.375,0.7142857142857142,0.6666666666666666,0.0,0.25,0.0,0.0,0.0,1.0,0.8571428571428448,0.8260869565217391,0.8695652173913043,0.0,0.0,0.0,1.0,0.0,0.0,0.0,0.0,0.0,0.0,0.0,0.0,0.0,0.0,0.0,0.0,0.0,0.0,0.0,0.0,0.0,0.0,0.0,0.0,0.0,1.0,0.0,0.0,0.0,0.0,0.0,0.0,0.0,0.0,0.0,0.0,0.0,1,21,0
0.2857142857142857,0.6363636363636365,0.3333333333333333,0.375,0.5714285714285714,0.5,0.0,0.0,0.0,0.0,0.16666666666666666,1.0,0.866071428571416,0.8695652173913043,0.9130434782608696,0.0,0.0,0.0,1.0,0.0,0.0,0.0,0.0,0.0,0.0,0.0,0.0,0.0,0.0,0.0,0.0,0.0,0.0,0.0,0.0,0.0,0.0,0.0,0.0,0.0,0.0,0.0,0.0,0.0,0.0,0.0,0.0,0.0,0.0,0.0,0.0,0.0,0,33,0
0.2857142857142857,0.6363636363636365,0.3333333333333333,0.375,0.5714285714285714,0.5,0.0,0.16666666666666666,0.0,0.0,0.0,0.0,0.8214285714285595,0.8695652173913043,0.9130434782608696,0.0,0.0,0.0,1.0,0.0,0.0,0.0,0.0,0.0,0.0,0.0,0.0,0.0,0.0,0.0,0.0,0.0,0.0,0.0,0.0,0.0,0.0,0.0,0.0,0.0,0.0,0.0,0.0,0.0,0.0,0.0,0.0,0.0,0.0,1.0,0.0,0.0,1,30,0
0.2857142857142857,0.6363636363636365,0.3333333333333333,0.375,0.7142857142857142,0.6666666666666666,0.0,0.0,0.0,0.16666666666666666,0.0,1.0,0.8571428571428447,0.9130434782608696,0.9565217391304348,0.0,0.0,1.0,0.0,0.0,0.0,0.0,0.0,0.0,0.0,0.0,0.0,0.0,0.0,0.0,0.0,0.0,0.0,0.0,0.0,0.0,0.0,0.0,0.0,0.0,0.0,0.0,0.0,0.0,0.0,0.0,0.0,0.0,0.0,0.0,0.0,0.0,0,33,0
0.42857142857142855,0.6363636363636365,0.3333333333333333,0.25,0.14285714285714285,0.33333333333333337,0.0,0.5,0.0,0.0,0.0,1.0,0.8809523809523682,0.0,0.043478260869565216,0.0,0.0,1.0,0.0,0.0,0.0,0.0,0.0,0.0,0.0,0.0,0.0,0.0,0.0,0.0,0.0,0.0,0.0,0.0,0.0,0.0,0.0,0.0,0.0,0.0,0.0,0.0,0.0,0.0,1.0,0.0,0.0,0.0,0.0,0.0,0.0,0.0,1,25,0
0.42857142857142855,0.6363636363636365,0.3333333333333333,0.25,0.14285714285714285,0.16666666666666666,0.0,0.08333333333333333,0.0,0.0,0.0,1.0,0.8660714285714161,0.06521739130434782,0.08695652173913043,0.0,0.0,1.0,0.0,0.0,0.0,0.0,1.0,0.0,0.0,0.0,0.0,0.0,0.0,0.0,0.0,0.0,0.0,0.0,0.0,0.0,0.0,0.0,0.0,0.0,0.0,0.0,0.0,0.0,0.0,0.0,0.0,0.0,0.0,0.0,0.0,0.0,1,3,0
0.42857142857142855,0.6363636363636365,0.3333333333333333,0.25,0.14285714285714285,0.16666666666666666,0.0,0.08333333333333333,0.0,0.0,0.0,0.0,0.8214285714285595,0.06521739130434782,0.08695652173913043,0.0,0.0,1.0,0.0,0.0,0.0,0.0,0.0,1.0,0.0,0.0,0.0,0.0,0.0,0.0,0.0,0.0,0.0,0.0,0.0,0.0,0.0,0.0,0.0,0.0,0.0,0.0,0.0,0.0,0.0,0.0,0.0,0.0,0.0,0.0,0.0,0.0,1,4,0
0.42857142857142855,0.6363636363636365,0.3333333333333333,0.25,0.7142857142857142,0.6666666666666666,0.0,0.0,0.0,0.16666666666666666,0.0,1.0,0.8571428571428448,0.21739130434782608,0.2608695652173913,0.0,1.0,0.0,0.0,0.0,0.0,0.0,0.0,0.0,0.0,0.0,0.0,0.0,0.0,0.0,0.0,0.0,0.0,0.0,0.0,0.0,0.0,0.0,0.0,0.0,0.0,0.0,0.0,0.0,0.0,0.0,0.0,0.0,0.0,0.0,0.0,0.0,0,33,0
0.42857142857142855,0.6363636363636365,0.3333333333333333,0.25,0.5714285714285714,0.5,0.25,0.0,0.0,0.0,0.0,1.0,0.8660714285714153,0.30434782608695654,0.34782608695652173,0.0,1.0,0.0,0.0,0.0,1.0,0.0,0.0,0.0,0.0,0.0,0.0,0.0,0.0,0.0,0.0,0.0,0.0,0.0,0.0,0.0,0.0,0.0,0.0,0.0,0.0,0.0,0.0,0.0,0.0,0.0,0.0,0.0,0.0,0.0,0.0,0.0,0,1,0
0.42857142857142855,0.6363636363636365,0.3333333333333333,0.25,0.42857142857142855,0.33333333333333337,0.5,0.0,0.0,0.0,0.0,1.0,0.8809523809523687,0.34782608695652173,0.391304347826087,0.0,1.0,0.0,0.0,0.0,1.0,0.0,0.0,0.0,0.0,0.0,0.0,0.0,0.0,0.0,0.0,0.0,0.0,0.0,0.0,0.0,0.0,0.0,0.0,0.0,0.0,0.0,0.0,0.0,0.0,0.0,0.0,0.0,0.0,0.0,0.0,0.0,0,1,0
0.42857142857142855,0.6363636363636365,0.3333333333333333,0.25,0.14285714285714285,0.0,0.25,0.0,0.0,0.0,0.0,1.0,0.910714285714274,0.41304347826086957,0.43478260869565216,0.0,1.0,0.0,0.0,0.0,1.0,0.0,0.0,0.0,0.0,0.0,0.0,0.0,0.0,0.0,0.0,0.0,0.0,0.0,0.0,0.0,0.0,0.0,0.0,0.0,0.0,0.0,0.0,0.0,0.0,0.0,0.0,0.0,0.0,0.0,0.0,0.0,0,1,0
0.42857142857142855,0.6363636363636365,0.3333333333333333,0.25,0.14285714285714285,0.0,0.0,0.0,0.0,0.0,0.08333333333333333,0.0,0.8214285714285595,0.41304347826086957,0.43478260869565216,0.0,1.0,0.0,0.0,0.0,0.0,0.0,1.0,0.0,0.0,0.0,0.0,0.0,0.0,0.0,0.0,0.0,0.0,0.0,0.0,0.0,0.0,0.0,0.0,0.0,0.0,0.0,0.0,0.0,0.0,0.0,0.0,0.0,0.0,0.0,0.0,0.0,0,3,0
0.42857142857142855,0.6363636363636365,0.3333333333333333,0.25,0.5714285714285714,0.5,0.3333333333333333,0.0,0.0,0.0,0.0,1.0,0.8660714285714153,0.43478260869565216,0.4782608695652174,0.0,1.0,0.0,0.0,0.0,0.0,0.0,0.0,0.0,0.0,0.0,0.0,0.0,0.0,0.0,0.0,0.0,0.0,0.0,0.0,0.0,0.0,0.0,0.0,0.0,1.0,0.0,0.0,0.0,0.0,0.0,0.0,0.0,0.0,0.0,0.0,0.0,0,21,0
0.42857142857142855,0.6363636363636365,0.3333333333333333,0.25,0.42857142857142855,0.33333333333333337,0.25,0.0,0.0,0.0,0.0,1.0,0.8809523809523687,0.4782608695652174,0.5217391304347826,0.0,1.0,0.0,0.0,0.0,1.0,0.0,0.0,0.0,0.0,0.0,0.0,0.0,0.0,0.0,0.0,0.0,0.0,0.0,0.0,0.0,0.0,0.0,0.0,0.0,0.0,0.0,0.0,0.0,0.0,0.0,0.0,0.0,0.0,0.0,0.0,0.0,0,1,0
0.42857142857142855,0.6363636363636365,0.3333333333333333,0.25,0.42857142857142855,0.33333333333333337,0.16666666666666666,0.0,0.0,0.0,0.0,0.0,0.8214285714285595,0.4782608695652174,0.5217391304347826,0.0,1.0,0.0,0.0,0.0,1.0,0.0,0.0,0.0,0.0,0.0,0.0,0.0,0.0,0.0,0.0,0.0,0.0,0.0,0.0,0.0,0.0,0.0,0.0,0.0,0.0,0.0,0.0,0.0,0.0,0.0,0.0,0.0,0.0,0.0,0.0,0.0,0,1,0
0.42857142857142855,0.6363636363636365,0.3333333333333333,0.25,0.5714285714285714,0.5,0.25,0.0,0.0,0.0,0.0,1.0,0.866071428571416,0.5217391304347826,0.5652173913043478,0.0,1.0,0.0,0.0,0.0,1.0,0.0,0.0,0.0,0.0,0.0,0.0,0.0,0.0,0.0,0.0,0.0,0.0,0.0,0.0,0.0,0.0,0.0,0.0,0.0,0.0,0.0,0.0,0.0,0.0,0.0,0.0,0.0,0.0,0.0,0.0,0.0,0,1,0
0.42857142857142855,0.6363636363636365,0.3333333333333333,0.25,0.5714285714285714,0.5,0.16666666666666666,0.0,0.0,0.0,0.0,0.0,0.8214285714285595,0.5217391304347826,0.5652173913043478,0.0,1.0,0.0,0.0,0.0,1.0,0.0,0.0,0.0,0.0,0.0,0.0,0.0,0.0,0.0,0.0,0.0,0.0,0.0,0.0,0.0,0.0,0.0,0.0,0.0,0.0,0.0,0.0,0.0,0.0,0.0,0.0,0.0,0.0,0.0,0.0,0.0,0,1,0
0.42857142857142855,0.45454545454545453,0.3333333333333333,0.25,0.0,0.33333333333333337,1.0,0.0,0.0,0.0,0.0,1.0,0.8214285714285595,0.6956521739130435,0.7391304347826088,0.0,0.0,0.0,1.0,0.0,1.0,0.0,0.0,0.0,0.0,0.0,0.0,0.0,0.0,0.0,0.0,0.0,0.0,0.0,0.0,0.0,0.0,0.0,0.0,0.0,0.0,0.0,0.0,0.0,0.0,0.0,0.0,0.0,0.0,0.0,0.0,0.0,0,1,0
0.42857142857142855,0.7272727272727273,0.3333333333333333,0.25,0.5714285714285714,0.5,0.0,0.0,0.0,0.16666666666666666,0.0,1.0,0.866071428571416,0.9130434782608696,0.9565217391304348,0.0,0.0,1.0,0.0,0.0,0.0,0.0,0.0,0.0,0.0,0.0,0.0,0.0,0.0,0.0,0.0,0.0,0.0,0.0,0.0,0.0,0.0,0.0,0.0,0.0,0.0,0.0,0.0,0.0,0.0,0.0,0.0,0.0,0.0,0.0,0.0,0.0,0,33,0
0.42857142857142855,0.7272727272727273,0.3333333333333333,0.25,0.5714285714285714,0.5,0.0,0.13333333333333333,0.0,0.0,0.0,0.0,0.8214285714285595,0.9130434782608696,0.9565217391304348,0.0,0.0,1.0,0.0,0.0,0.0,0.0,0.0,0.0,0.0,0.0,0.0,0.0,0.0,0.0,0.0,0.0,0.0,0.0,0.0,0.0,0.0,0.0,0.0,0.0,0.0,0.0,0.0,0.0,0.0,0.0,1.0,0.0,0.0,0.0,0.0,0.0,1,27,0
0.42857142857142855,0.6363636363636365,0.3333333333333333,0.25,0.2857142857142857,0.16666666666666666,0.0,0.13333333333333333,0.0,0.0,0.0,1.0,0.9107142857142713,0.9565217391304348,1.0,0.0,0.0,1.0,0.0,0.0,0.0,0.0,0.0,0.0,0.0,0.0,0.0,0.0,0.0,0.0,0.0,0.0,0.0,0.0,0.0,0.0,0.0,0.0,0.0,0.0,0.0,0.0,0.0,0.0,0.0,0.0,1.0,0.0,0.0,0.0,0.0,0.0,1,27,0
0.42857142857142855,0.6363636363636365,0.3333333333333333,0.25,0.2857142857142857,0.16666666666666666,0.0,0.13333333333333333,0.0,0.0,0.0,0.0,0.8214285714285595,0.9565217391304348,1.0,0.0,0.0,1.0,0.0,0.0,0.0,0.0,0.0,0.0,0.0,0.0,0.0,0.0,0.0,0.0,0.0,0.0,0.0,0.0,0.0,0.0,0.0,0.0,0.0,0.0,0.0,0.0,0.0,0.0,0.0,0.0,1.0,0.0,0.0,0.0,0.0,0.0,1,27,0
0.42857142857142855,0.6363636363636365,0.3333333333333333,0.25,0.2857142857142857,0.16666666666666666,0.3333333333333333,0.0,0.0,0.0,0.0,0.0,0.8214285714285595,0.9565217391304348,1.0,0.0,0.0,1.0,0.0,0.0,1.0,0.0,0.0,0.0,0.0,0.0,0.0,0.0,0.0,0.0,0.0,0.0,0.0,0.0,0.0,0.0,0.0,0.0,0.0,0.0,0.0,0.0,0.0,0.0,0.0,0.0,0.0,0.0,0.0,0.0,0.0,0.0,0,1,0
0.42857142857142855,0.5454545454545454,0.3333333333333333,0.25,0.2857142857142857,0.16666666666666666,1.0,0.0,0.0,0.0,0.0,1.0,0.8214285714285595,1.0,0.0,0.0,0.0,1.0,0.0,0.0,1.0,0.0,0.0,0.0,0.0,0.0,0.0,0.0,0.0,0.0,0.0,0.0,0.0,0.0,0.0,0.0,0.0,0.0,0.0,0.0,0.0,0.0,0.0,0.0,0.0,0.0,0.0,0.0,0.0,0.0,0.0,0.0,0,1,0
0.5714285714285714,0.5454545454545454,0.3333333333333333,0.25,0.2857142857142857,0.16666666666666666,1.0,0.0,0.0,0.0,0.0,1.0,0.8214285714285595,0.0,0.043478260869565216,0.0,0.0,1.0,0.0,0.0,1.0,0.0,0.0,0.0,0.0,0.0,0.0,0.0,0.0,0.0,0.0,0.0,0.0,0.0,0.0,0.0,0.0,0.0,0.0,0.0,0.0,0.0,0.0,0.0,0.0,0.0,0.0,0.0,0.0,0.0,0.0,0.0,0,1,0
0.5714285714285714,0.5454545454545454,0.3333333333333333,0.25,0.5714285714285714,0.5,0.3333333333333333,0.0,0.0,0.0,0.0,1.0,0.8660714285714197,0.08695652173913043,0.13043478260869565,0.0,0.0,1.0,0.0,0.0,1.0,0.0,0.0,0.0,0.0,0.0,0.0,0.0,0.0,0.0,0.0,0.0,0.0,0.0,0.0,0.0,0.0,0.0,0.0,0.0,0.0,0.0,0.0,0.0,0.0,0.0,0.0,0.0,0.0,0.0,0.0,0.0,0,1,0
0.5714285714285714,0.5454545454545454,0.3333333333333333,0.25,0.5714285714285714,0.5,0.0,0.3333333333333333,0.0,0.0,0.0,1.0,0.8660714285714197,0.13043478260869565,0.17391304347826086,0.0,0.0,1.0,0.0,0.0,0.0,0.0,0.0,0.0,0.0,0.0,0.0,0.0,0.0,0.0,0.0,0.0,0.0,0.0,0.0,0.0,0.0,0.0,0.0,0.0,0.0,0.0,0.0,0.0,0.0,0.0,0.0,0.0,1.0,0.0,0.0,0.0,1,29,0
0.5714285714285714,0.5454545454545454,0.3333333333333333,0.25,0.42857142857142855,0.33333333333333337,0.0,0.16666666666666666,0.0,0.0,0.0,1.0,0.8809523809523585,0.17391304347826086,0.21739130434782608,0.0,0.0,1.0,0.0,0.0,0.0,0.0,0.0,0.0,0.0,0.0,0.0,0.0,0.0,0.0,0.0,0.0,0.0,0.0,0.0,0.0,0.0,0.0,0.0,0.0,0.0,0.0,0.0,0.0,0.0,0.0,0.0,1.0,0.0,0.0,0.0,0.0,1,28,0
0.5714285714285714,0.5454545454545454,0.3333333333333333,0.25,0.42857142857142855,0.33333333333333337,0.0,0.08333333333333333,0.0,0.0,0.0,0.0,0.8214285714285595,0.17391304347826086,0.21739130434782608,0.0,0.0,1.0,0.0,0.0,0.0,0.0,0.0,0.0,0.0,0.0,0.0,0.0,0.0,0.0,0.0,0.0,0.0,0.0,0.0,0.0,0.0,0.0,0.0,0.0,0.0,0.0,0.0,0.0,0.0,0.0,0.0,0.0,1.0,0.0,0.0,0.0,1,29,0
0.5714285714285714,0.5454545454545454,0.3333333333333333,0.25,0.5714285714285714,0.5,0.0,0.0,0.0,0.16666666666666666,0.0,1.0,0.8660714285714161,0.21739130434782608,0.2608695652173913,0.0,1.0,0.0,0.0,0.0,0.0,0.0,0.0,0.0,0.0,0.0,0.0,0.0,0.0,0.0,0.0,0.0,0.0,0.0,0.0,0.0,0.0,0.0,0.0,0.0,0.0,0.0,0.0,0.0,0.0,0.0,0.0,0.0,0.0,0.0,0.0,0.0,0,33,0
0.5714285714285714,0.5454545454545454,0.3333333333333333,0.25,0.5714285714285714,0.5,0.0,0.16666666666666666,0.0,0.0,0.0,0.0,0.8214285714285595,0.21739130434782608,0.2608695652173913,0.0,1.0,0.0,0.0,0.0,0.0,0.0,0.0,0.0,0.0,0.0,0.0,0.0,0.0,0.0,0.0,0.0,0.0,0.0,0.0,0.0,0.0,0.0,0.0,0.0,0.0,0.0,0.0,0.0,0.0,0.0,1.0,0.0,0.0,0.0,0.0,0.0,1,27,0
0.5714285714285714,0.5454545454545454,0.3333333333333333,0.25,0.42857142857142855,0.33333333333333337,0.25,0.0,0.0,0.0,0.0,1.0,0.8809523809523672,0.30434782608695654,0.34782608695652173,0.0,1.0,0.0,0.0,0.0,1.0,0.0,0.0,0.0,0.0,0.0,0.0,0.0,0.0,0.0,0.0,0.0,0.0,0.0,0.0,0.0,0.0,0.0,0.0,0.0,0.0,0.0,0.0,0.0,0.0,0.0,0.0,0.0,0.0,0.0,0.0,0.0,0,1,0
0.5714285714285714,0.5454545454545454,0.3333333333333333,0.25,0.42857142857142855,0.33333333333333337,0.0,0.08333333333333333,0.0,0.0,0.0,0.0,0.8214285714285595,0.30434782608695654,0.34782608695652173,0.0,1.0,0.0,0.0,0.0,0.0,0.0,1.0,0.0,0.0,0.0,0.0,0.0,0.0,0.0,0.0,0.0,0.0,0.0,0.0,0.0,0.0,0.0,0.0,0.0,0.0,0.0,0.0,0.0,0.0,0.0,0.0,0.0,0.0,0.0,0.0,0.0,1,3,0
0.5714285714285714,0.5454545454545454,0.3333333333333333,0.25,0.42857142857142855,0.33333333333333337,0.0,0.0,0.0,0.0,0.16666666666666666,0.0,0.8214285714285595,0.30434782608695654,0.34782608695652173,0.0,1.0,0.0,0.0,0.0,0.0,0.0,0.0,0.0,0.0,0.0,0.0,0.0,0.0,0.0,0.0,0.0,0.0,0.0,0.0,0.0,0.0,0.0,0.0,0.0,0.0,0.0,0.0,0.0,0.0,0.0,0.0,0.0,0.0,0.0,0.0,0.0,0,33,0
0.5714285714285714,0.5454545454545454,0.3333333333333333,0.25,0.7142857142857142,0.6666666666666666,0.25,0.0,0.0,0.0,0.0,1.0,0.857142857142845,0.34782608695652173,0.391304347826087,0.0,1.0,0.0,0.0,0.0,1.0,0.0,0.0,0.0,0.0,0.0,0.0,0.0,0.0,0.0,0.0,0.0,0.0,0.0,0.0,0.0,0.0,0.0,0.0,0.0,0.0,0.0,0.0,0.0,0.0,0.0,0.0,0.0,0.0,0.0,0.0,0.0,0,1,0
0.5714285714285714,0.5454545454545454,0.3333333333333333,0.25,0.2857142857142857,0.16666666666666666,0.16666666666666666,0.0,0.0,0.0,0.0,1.0,0.8660714285714168,0.41304347826086957,0.43478260869565216,0.0,1.0,0.0,0.0,0.0,1.0,0.0,0.0,0.0,0.0,0.0,0.0,0.0,0.0,0.0,0.0,0.0,0.0,0.0,0.0,0.0,0.0,0.0,0.0,0.0,0.0,0.0,0.0,0.0,0.0,0.0,0.0,0.0,0.0,0.0,0.0,0.0,0,1,0
0.5714285714285714,0.5454545454545454,0.3333333333333333,0.25,0.5714285714285714,0.5,0.0,0.0,0.0,0.0,0.16666666666666666,1.0,0.8660714285714153,0.43478260869565216,0.4782608695652174,0.0,1.0,0.0,0.0,0.0,0.0,0.0,0.0,0.0,0.0,0.0,0.0,0.0,0.0,0.0,0.0,0.0,0.0,0.0,0.0,0.0,0.0,0.0,0.0,0.0,0.0,0.0,0.0,0.0,1.0,0.0,0.0,0.0,0.0,0.0,0.0,0.0,0,25,0
0.5714285714285714,0.5454545454545454,0.3333333333333333,0.25,0.5714285714285714,0.5,0.16666666666666666,0.0,0.0,0.0,0.0,0.0,0.8214285714285595,0.43478260869565216,0.4782608695652174,0.0,1.0,0.0,0.0,0.0,1.0,0.0,0.0,0.0,0.0,0.0,0.0,0.0,0.0,0.0,0.0,0.0,0.0,0.0,0.0,0.0,0.0,0.0,0.0,0.0,0.0,0.0,0.0,0.0,0.0,0.0,0.0,0.0,0.0,0.0,0.0,0.0,0,1,0
0.5714285714285714,0.5454545454545454,0.3333333333333333,0.25,0.5714285714285714,0.5,0.25,0.0,0.0,0.0,0.0,0.0,0.8214285714285595,0.4782608695652174,0.5217391304347826,0.0,1.0,0.0,0.0,0.0,1.0,0.0,0.0,0.0,0.0,0.0,0.0,0.0,0.0,0.0,0.0,0.0,0.0,0.0,0.0,0.0,0.0,0.0,0.0,0.0,0.0,0.0,0.0,0.0,0.0,0.0,0.0,0.0,0.0,0.0,0.0,0.0,0,1,0
0.5714285714285714,0.5454545454545454,0.3333333333333333,0.25,0.2857142857142857,0.16666666666666666,0.0,0.0,0.0,0.0,0.16666666666666666,1.0,0.9107142857142725,0.5217391304347826,0.5652173913043478,0.0,1.0,0.0,0.0,0.0,0.0,0.0,1.0,0.0,0.0,0.0,0.0,0.0,0.0,0.0,0.0,0.0,0.0,0.0,0.0,0.0,0.0,0.0,0.0,0.0,0.0,0.0,0.0,0.0,0.0,0.0,0.0,0.0,0.0,0.0,0.0,0.0,0,3,0
0.5714285714285714,0.5454545454545454,0.3333333333333333,0.25,0.2857142857142857,0.16666666666666666,0.25,0.0,0.0,0.0,0.0,0.0,0.8214285714285595,0.5217391304347826,0.5652173913043478,0.0,1.0,0.0,0.0,0.0,1.0,0.0,0.0,0.0,0.0,0.0,0.0,0.0,0.0,0.0,0.0,0.0,0.0,0.0,0.0,0.0,0.0,0.0,0.0,0.0,0.0,0.0,0.0,0.0,0.0,0.0,0.0,0.0,0.0,0.0,0.0,0.0,0,1,0
0.5714285714285714,0.5454545454545454,0.3333333333333333,0.25,0.2857142857142857,0.16666666666666666,0.0,0.0,0.0,0.0,0.16666666666666666,0.0,0.8214285714285595,0.5217391304347826,0.5652173913043478,0.0,1.0,0.0,0.0,0.0,0.0,0.0,0.0,0.0,0.0,0.0,0.0,0.0,0.0,0.0,0.0,0.0,0.0,0.0,0.0,0.0,0.0,0.0,0.0,0.0,0.0,0.0,0.0,0.0,0.0,0.0,0.0,0.0,0.0,0.0,0.0,0.0,0,33,0
0.5714285714285714,0.5454545454545454,0.3333333333333333,0.625,0.2857142857142857,0.6666666666666666,0.16666666666666666,0.0,0.0,0.0,0.0,1.0,0.8571428571428448,0.5652173913043478,0.6086956521739131,0.0,1.0,0.0,0.0,0.0,1.0,0.0,0.0,0.0,0.0,0.0,0.0,0.0,0.0,0.0,0.0,0.0,0.0,0.0,0.0,0.0,0.0,0.0,0.0,0.0,0.0,0.0,0.0,0.0,0.0,0.0,0.0,0.0,0.0,0.0,0.0,0.0,0,1,0
0.5714285714285714,0.5454545454545454,0.3333333333333333,0.625,0.2857142857142857,0.6666666666666666,0.0,0.16666666666666666,0.0,0.0,0.0,0.0,0.8214285714285595,0.5652173913043478,0.6086956521739131,0.0,0.0,0.0,1.0,0.0,0.0,0.0,0.0,0.0,0.0,0.0,0.0,0.0,0.0,0.0,0.0,0.0,0.0,0.0,0.0,0.0,0.0,0.0,0.0,0.0,0.0,0.0,0.0,0.0,0.0,0.0,0.0,0.0,1.0,0.0,0.0,0.0,1,29,0
0.5714285714285714,0.5454545454545454,0.3333333333333333,0.375,0.2857142857142857,0.5,0.0,0.3333333333333333,0.0,0.0,0.0,1.0,0.8660714285714164,0.6086956521739131,0.6521739130434783,0.0,0.0,0.0,1.0,0.0,0.0,0.0,0.0,0.0,0.0,0.0,0.0,0.0,0.0,0.0,0.0,0.0,0.0,0.0,0.0,0.0,0.0,0.0,0.0,0.0,0.0,0.0,0.0,0.0,0.0,0.0,0.0,0.0,1.0,0.0,0.0,0.0,1,29,0
0.5714285714285714,0.5454545454545454,0.3333333333333333,0.375,0.5714285714285714,0.5,0.0,0.16666666666666666,0.0,0.0,0.0,1.0,0.8660714285714164,0.6521739130434783,0.6956521739130435,0.0,0.0,0.0,1.0,0.0,0.0,0.0,0.0,0.0,0.0,0.0,0.0,0.0,0.0,0.0,0.0,0.0,0.0,0.0,0.0,0.0,0.0,0.0,0.0,0.0,0.0,0.0,0.0,0.0,0.0,0.0,0.0,0.0,1.0,0.0,0.0,0.0,1,29,0
0.5714285714285714,0.5454545454545454,0.3333333333333333,0.125,0.7142857142857142,0.8333333333333334,0.0,0.25,0.0,0.0,0.0,1.0,0.8511904761904634,0.6956521739130435,0.7391304347826088,0.0,0.0,0.0,1.0,0.0,0.0,0.0,0.0,0.0,0.0,0.0,0.0,0.0,0.0,0.0,0.0,0.0,0.0,0.0,0.0,0.0,0.0,0.0,0.0,0.0,0.0,0.0,0.0,0.0,0.0,0.0,0.0,0.0,0.0,1.0,0.0,0.0,1,30,0
0.5714285714285714,0.5454545454545454,0.3333333333333333,0.125,0.14285714285714285,0.0,0.0,0.3333333333333333,0.0,0.0,0.0,1.0,0.9107142857142727,0.7608695652173914,0.782608695652174,0.0,0.0,0.0,1.0,0.0,0.0,0.0,0.0,0.0,0.0,0.0,0.0,0.0,0.0,0.0,0.0,0.0,0.0,0.0,0.0,0.0,0.0,0.0,0.0,0.0,0.0,0.0,0.0,0.0,0.0,0.0,0.0,0.0,0.0,1.0,0.0,0.0,1,30,0
0.5714285714285714,0.5454545454545454,0.3333333333333333,0.125,0.8571428571428571,0.8333333333333334,0.0,0.0,0.0,0.0,0.16666666666666666,1.0,0.8214285714285595,0.8695652173913043,0.9130434782608696,0.0,0.0,0.0,1.0,0.0,0.0,0.0,0.0,0.0,0.0,0.0,0.0,0.0,0.0,0.0,0.0,0.0,0.0,0.0,0.0,0.0,0.0,0.0,0.0,0.0,0.0,0.0,0.0,0.0,0.0,0.0,0.0,0.0,0.0,0.0,0.0,0.0,0,33,0
0.5714285714285714,0.5454545454545454,0.3333333333333333,0.125,0.2857142857142857,0.8333333333333334,0.0,0.16666666666666666,0.0,0.0,0.0,0.0,0.8214285714285595,0.8695652173913043,0.9130434782608696,0.0,0.0,0.0,1.0,0.0,0.0,0.0,0.0,0.0,0.0,0.0,0.0,0.0,0.0,0.0,0.0,0.0,0.0,0.0,0.0,0.0,0.0,0.0,0.0,0.0,0.0,0.0,0.0,0.0,0.0,0.0,0.0,0.0,0.0,1.0,0.0,0.0,1,30,0
0.5714285714285714,0.5454545454545454,0.3333333333333333,0.125,0.2857142857142857,0.8333333333333334,0.0,0.3333333333333333,0.0,0.0,0.0,0.0,0.8214285714285595,0.8695652173913043,0.9130434782608696,0.0,0.0,0.0,1.0,0.0,0.0,0.0,0.0,0.0,0.0,0.0,0.0,0.0,0.0,0.0,0.0,0.0,0.0,0.0,0.0,0.0,0.0,0.0,0.0,0.0,0.0,0.0,0.0,0.0,0.0,0.0,0.0,0.0,1.0,0.0,0.0,0.0,1,29,0
0.5714285714285714,0.6363636363636365,0.3333333333333333,0.125,0.5714285714285714,0.5,0.0,0.0,0.0,0.25,0.0,1.0,0.866071428571416,0.9130434782608696,0.9565217391304348,0.0,0.0,0.0,1.0,0.0,0.0,0.0,0.0,0.0,0.0,0.0,0.0,0.0,0.0,0.0,0.0,0.0,0.0,0.0,0.0,0.0,0.0,0.0,0.0,0.0,0.0,0.0,0.0,0.0,0.0,0.0,0.0,0.0,0.0,0.0,0.0,0.0,0,33,0
0.5714285714285714,0.6363636363636365,0.3333333333333333,0.125,0.5714285714285714,0.5,0.0,0.08333333333333333,0.0,0.0,0.0,0.0,0.8214285714285595,0.9130434782608696,0.9565217391304348,0.0,0.0,1.0,0.0,0.0,0.0,0.0,0.0,0.0,0.0,0.0,0.0,0.0,0.0,0.0,0.0,0.0,0.0,0.0,0.0,0.0,0.0,0.0,0.0,0.0,0.0,0.0,0.0,0.0,0.0,0.0,0.0,0.0,1.0,0.0,0.0,0.0,1,29,0
0.7142857142857142,0.5454545454545454,0.3333333333333333,0.625,0.7142857142857142,0.6666666666666666,0.16666666666666666,0.0,0.0,0.0,0.0,1.0,0.8571428571428448,0.21739130434782608,0.2608695652173913,0.0,1.0,0.0,0.0,0.0,1.0,0.0,0.0,0.0,0.0,0.0,0.0,0.0,0.0,0.0,0.0,0.0,0.0,0.0,0.0,0.0,0.0,0.0,0.0,0.0,0.0,0.0,0.0,0.0,0.0,0.0,0.0,0.0,0.0,0.0,0.0,0.0,0,1,0
0.7142857142857142,0.45454545454545453,0.3333333333333333,0.625,0.5714285714285714,0.5,0.25,0.0,0.0,0.0,0.0,1.0,0.8660714285714153,0.43478260869565216,0.4782608695652174,0.0,1.0,0.0,0.0,0.0,1.0,0.0,0.0,0.0,0.0,0.0,0.0,0.0,0.0,0.0,0.0,0.0,0.0,0.0,0.0,0.0,0.0,0.0,0.0,0.0,0.0,0.0,0.0,0.0,0.0,0.0,0.0,0.0,0.0,0.0,0.0,0.0,0,1,0
0.7142857142857142,0.45454545454545453,0.3333333333333333,0.625,0.7142857142857142,0.6666666666666666,0.0,0.16666666666666666,0.0,0.0,0.0,1.0,0.8214285714285595,0.5217391304347826,0.5652173913043478,0.0,1.0,0.0,0.0,0.0,0.0,0.0,0.0,0.0,0.0,0.0,0.0,0.0,0.0,0.0,0.0,0.0,0.0,0.0,0.0,0.0,0.0,0.0,0.0,0.0,1.0,0.0,0.0,0.0,0.0,0.0,0.0,0.0,0.0,0.0,0.0,0.0,1,21,0
0.7142857142857142,0.5454545454545454,0.3333333333333333,0.625,0.7142857142857142,0.6666666666666666,0.0,0.16666666666666666,0.0,0.0,0.0,0.0,0.8214285714285595,0.5652173913043478,0.6086956521739131,0.0,0.0,0.0,1.0,0.0,0.0,0.0,0.0,0.0,0.0,0.0,0.0,0.0,0.0,0.0,0.0,0.0,0.0,0.0,0.0,0.0,0.0,0.0,0.0,0.0,1.0,0.0,0.0,0.0,0.0,0.0,0.0,0.0,0.0,0.0,0.0,0.0,1,21,0
0.7142857142857142,0.5454545454545454,0.3333333333333333,0.625,0.5714285714285714,0.5,0.0,0.16666666666666666,0.0,0.0,0.0,1.0,0.8214285714285595,0.5652173913043478,0.6086956521739131,0.0,0.0,0.0,1.0,0.0,0.0,0.0,0.0,0.0,0.0,0.0,0.0,0.0,0.0,0.0,0.0,0.0,0.0,0.0,0.0,0.0,0.0,0.0,0.0,0.0,1.0,0.0,0.0,0.0,0.0,0.0,0.0,0.0,0.0,0.0,0.0,0.0,1,21,0
0.7142857142857142,0.5454545454545454,0.3333333333333333,0.625,0.5714285714285714,0.5,0.0,0.16666666666666666,0.0,0.0,0.0,0.0,0.8214285714285595,0.6086956521739131,0.6521739130434783,0.0,0.0,0.0,1.0,0.0,0.0,0.0,0.0,0.0,0.0,0.0,0.0,0.0,0.0,0.0,0.0,0.0,0.0,0.0,0.0,0.0,0.0,0.0,0.0,0.0,1.0,0.0,0.0,0.0,0.0,0.0,0.0,0.0,0.0,0.0,0.0,0.0,1,21,0
0.7142857142857142,0.5454545454545454,0.3333333333333333,0.625,0.14285714285714285,0.0,0.0,0.8333333333333334,0.0,0.0,0.0,1.0,0.8214285714285595,0.6086956521739131,0.6521739130434783,0.0,0.0,0.0,1.0,0.0,0.0,0.0,0.0,0.0,0.0,0.0,0.0,0.0,0.0,0.0,0.0,0.0,0.0,0.0,0.0,0.0,0.0,0.0,0.0,0.0,1.0,0.0,0.0,0.0,0.0,0.0,0.0,0.0,0.0,0.0,0.0,0.0,1,21,0
0.7142857142857142,0.5454545454545454,0.3333333333333333,0.625,0.2857142857142857,0.16666666666666666,0.0,0.0,0.0,0.0,0.5,1.0,0.8214285714285595,0.6956521739130435,0.7391304347826088,0.0,0.0,0.0,1.0,0.0,0.0,0.0,0.0,0.0,0.0,0.0,0.0,0.0,0.0,0.0,0.0,0.0,0.0,0.0,0.0,0.0,0.0,0.0,0.0,0.0,0.0,0.0,0.0,0.0,0.0,0.0,0.0,0.0,0.0,0.0,0.0,0.0,0,33,0
0.7142857142857142,0.5454545454545454,0.3333333333333333,0.625,0.2857142857142857,0.16666666666666666,0.0,0.0,0.0,0.0,0.6666666666666666,1.0,0.8214285714285595,0.7608695652173914,0.782608695652174,0.0,0.0,0.0,1.0,0.0,0.0,0.0,0.0,0.0,0.0,0.0,0.0,0.0,0.0,0.0,0.0,0.0,0.0,0.0,0.0,0.0,0.0,0.0,0.0,0.0,0.0,0.0,0.0,0.0,0.0,0.0,0.0,0.0,0.0,0.0,0.0,0.0,0,33,0
0.7142857142857142,0.5454545454545454,0.3333333333333333,0.625,0.7142857142857142,0.6666666666666666,0.0,0.0,0.0,0.0,0.3333333333333333,1.0,0.8214285714285595,0.782608695652174,0.8260869565217391,0.0,0.0,0.0,1.0,0.0,0.0,0.0,0.0,0.0,0.0,0.0,0.0,0.0,0.0,0.0,0.0,0.0,0.0,0.0,0.0,0.0,0.0,0.0,0.0,0.0,0.0,0.0,0.0,0.0,0.0,0.0,0.0,0.0,0.0,0.0,0.0,0.0,0,33,0
0.7142857142857142,0.5454545454545454,0.3333333333333333,0.625,0.7142857142857142,0.6666666666666666,0.0,0.16666666666666666,0.0,0.0,0.0,0.0,0.8214285714285595,0.8260869565217391,0.8695652173913043,0.0,0.0,0.0,1.0,0.0,0.0,0.0,0.0,0.0,0.0,0.0,0.0,0.0,0.0,0.0,0.0,0.0,0.0,0.0,0.0,0.0,0.0,0.0,0.0,0.0,1.0,0.0,0.0,0.0,0.0,0.0,0.0,0.0,0.0,0.0,0.0,0.0,1,21,0
0.7142857142857142,0.5454545454545454,0.3333333333333333,0.625,0.5714285714285714,0.5,0.25,0.0,0.0,0.0,0.0,1.0,0.8214285714285595,0.8260869565217391,0.8695652173913043,0.0,0.0,0.0,1.0,0.0,1.0,0.0,0.0,0.0,0.0,0.0,0.0,0.0,0.0,0.0,0.0,0.0,0.0,0.0,0.0,0.0,0.0,0.0,0.0,0.0,0.0,0.0,0.0,0.0,0.0,0.0,0.0,0.0,0.0,0.0,0.0,0.0,0,1,0
0.7142857142857142,0.5454545454545454,0.3333333333333333,0.625,0.5714285714285714,0.5,0.0,0.16666666666666666,0.0,0.0,0.0,0.0,0.8214285714285595,0.8695652173913043,0.9130434782608696,0.0,0.0,0.0,1.0,0.0,0.0,0.0,1.0,0.0,0.0,0.0,0.0,0.0,0.0,0.0,0.0,0.0,0.0,0.0,0.0,0.0,0.0,0.0,0.0,0.0,0.0,0.0,0.0,0.0,0.0,0.0,0.0,0.0,0.0,0.0,0.0,0.0,1,3,0
0.7142857142857142,0.5454545454545454,0.3333333333333333,0.625,0.7142857142857142,0.6666666666666666,0.0,0.0,0.0,0.25,0.0,1.0,0.8571428571428447,0.9130434782608696,0.9565217391304348,0.0,0.0,1.0,0.0,0.0,0.0,0.0,0.0,0.0,0.0,0.0,0.0,0.0,0.0,0.0,0.0,0.0,0.0,0.0,0.0,0.0,0.0,0.0,0.0,0.0,0.0,0.0,0.0,0.0,0.0,0.0,0.0,0.0,0.0,0.0,0.0,0.0,0,33,0
0.8571428571428571,0.5454545454545454,0.3333333333333333,0.625,0.14285714285714285,0.0,0.6666666666666666,0.0,0.0,0.0,0.0,1.0,0.9999999999999856,0.08695652173913043,0.13043478260869565,0.0,0.0,1.0,0.0,0.0,1.0,0.0,0.0,0.0,0.0,0.0,0.0,0.0,0.0,0.0,0.0,0.0,0.0,0.0,0.0,0.0,0.0,0.0,0.0,0.0,0.0,0.0,0.0,0.0,0.0,0.0,0.0,0.0,0.0,0.0,0.0,0.0,0,1,0
0.8571428571428571,0.5454545454545454,0.3333333333333333,0.625,0.42857142857142855,0.33333333333333337,0.4166666666666667,0.0,0.0,0.0,0.0,0.0,0.8214285714285595,0.13043478260869565,0.17391304347826086,0.0,0.0,1.0,0.0,0.0,1.0,0.0,0.0,0.0,0.0,0.0,0.0,0.0,0.0,0.0,0.0,0.0,0.0,0.0,0.0,0.0,0.0,0.0,0.0,0.0,0.0,0.0,0.0,0.0,0.0,0.0,0.0,0.0,0.0,0.0,0.0,0.0,0,1,0
0.8571428571428571,0.5454545454545454,0.3333333333333333,0.625,0.42857142857142855,0.33333333333333337,1.0,0.0,0.0,0.0,0.0,1.0,0.8214285714285595,0.17391304347826086,0.21739130434782608,0.0,0.0,1.0,0.0,0.0,1.0,0.0,0.0,0.0,0.0,0.0,0.0,0.0,0.0,0.0,0.0,0.0,0.0,0.0,0.0,0.0,0.0,0.0,0.0,0.0,0.0,0.0,0.0,0.0,0.0,0.0,0.0,0.0,0.0,0.0,0.0,0.0,0,1,0
1.0,0.45454545454545453,0.3333333333333333,0.625,0.2857142857142857,0.16666666666666666,0.0,0.0,0.0,0.25,0.0,1.0,0.9107142857142725,0.9130434782608696,0.9565217391304348,0.0,0.0,1.0,0.0,0.0,0.0,0.0,0.0,0.0,0.0,0.0,0.0,0.0,0.0,0.0,0.0,0.0,0.0,0.0,0.0,0.0,0.0,0.0,0.0,0.0,0.0,0.0,0.0,0.0,0.0,0.0,0.0,0.0,0.0,0.0,0.0,0.0,0,33,0
1.0,0.45454545454545453,0.3333333333333333,0.625,0.2857142857142857,0.16666666666666666,0.4166666666666667,0.0,0.0,0.0,0.0,0.0,0.8214285714285595,0.9130434782608696,0.9565217391304348,0.0,0.0,1.0,0.0,0.0,1.0,0.0,0.0,0.0,0.0,0.0,0.0,0.0,0.0,0.0,0.0,0.0,0.0,0.0,0.0,0.0,0.0,0.0,0.0,0.0,0.0,0.0,0.0,0.0,0.0,0.0,0.0,0.0,0.0,0.0,0.0,0.0,0,1,0
1.0,0.45454545454545453,0.3333333333333333,0.625,0.42857142857142855,0.33333333333333337,0.0,0.0,0.0,0.0,0.16666666666666666,1.0,0.8809523809523683,0.9565217391304348,1.0,0.0,0.0,1.0,0.0,0.0,0.0,0.0,0.0,0.0,0.0,0.0,0.0,0.0,0.0,0.0,0.0,0.0,0.0,0.0,0.0,0.0,0.0,0.0,0.0,0.0,0.0,0.0,0.0,0.0,0.0,0.0,0.0,0.0,0.0,0.0,0.0,0.0,0,33,0
1.0,0.45454545454545453,0.3333333333333333,0.625,0.42857142857142855,0.33333333333333337,0.0,0.08333333333333333,0.0,0.0,0.0,0.0,0.8214285714285595,0.9565217391304348,1.0,0.0,0.0,1.0,0.0,0.0,0.0,0.0,0.0,0.0,0.0,0.0,0.0,0.0,0.0,0.0,0.0,0.0,0.0,0.0,0.0,0.0,0.0,0.0,0.0,0.0,0.0,0.0,0.0,0.0,0.0,0.0,0.0,1.0,0.0,0.0,0.0,0.0,1,28,0
1.0,0.45454545454545453,0.3333333333333333,0.625,0.42857142857142855,0.33333333333333337,0.0,0.0,0.0,0.25,0.0,0.0,0.8214285714285595,0.9565217391304348,1.0,0.0,0.0,1.0,0.0,0.0,0.0,0.0,0.0,0.0,0.0,0.0,0.0,0.0,0.0,0.0,0.0,0.0,0.0,0.0,0.0,0.0,0.0,0.0,0.0,0.0,0.0,0.0,0.0,0.0,0.0,0.0,0.0,0.0,0.0,0.0,0.0,0.0,0,33,0
1.0,0.45454545454545453,0.3333333333333333,0.625,0.42857142857142855,0.33333333333333337,0.0,0.3333333333333333,0.0,0.0,0.0,1.0,0.8809523809523682,1.0,0.0,0.0,0.0,1.0,0.0,0.0,0.0,0.0,0.0,0.0,0.0,0.0,0.0,0.0,0.0,0.0,0.0,0.0,0.0,0.0,0.0,0.0,0.0,0.0,0.0,0.0,0.0,0.0,0.0,0.0,0.0,0.0,0.0,0.0,1.0,0.0,0.0,0.0,1,29,0
1.0,0.45454545454545453,0.3333333333333333,0.625,0.42857142857142855,0.33333333333333337,0.0,0.0,0.0,0.0,0.08333333333333333,0.0,0.8214285714285595,1.0,0.0,0.0,0.0,1.0,0.0,0.0,0.0,0.0,1.0,0.0,0.0,0.0,0.0,0.0,0.0,0.0,0.0,0.0,0.0,0.0,0.0,0.0,0.0,0.0,0.0,0.0,0.0,0.0,0.0,0.0,0.0,0.0,0.0,0.0,0.0,0.0,0.0,0.0,0,3,0
0.14285714285714285,0.45454545454545453,0.3333333333333333,0.625,0.5714285714285714,0.5,0.0,0.0,0.0,0.0,0.16666666666666666,1.0,0.8660714285714161,0.0,0.043478260869565216,0.0,0.0,1.0,0.0,0.0,0.0,0.0,0.0,0.0,0.0,0.0,0.0,0.0,0.0,0.0,0.0,0.0,0.0,0.0,0.0,0.0,0.0,0.0,0.0,0.0,0.0,0.0,0.0,0.0,0.0,0.0,0.0,0.0,0.0,0.0,0.0,0.0,0,33,0
0.14285714285714285,0.45454545454545453,0.3333333333333333,0.625,0.2857142857142857,0.16666666666666666,0.0,0.0,0.0,0.0,0.16666666666666666,1.0,0.8660714285714161,0.06521739130434782,0.08695652173913043,0.0,0.0,1.0,0.0,0.0,0.0,0.0,0.0,0.0,0.0,0.0,0.0,0.0,0.0,0.0,0.0,0.0,0.0,0.0,0.0,0.0,0.0,0.0,0.0,0.0,0.0,0.0,0.0,0.0,0.0,0.0,0.0,0.0,0.0,0.0,0.0,0.0,0,33,0
0.14285714285714285,0.45454545454545453,0.3333333333333333,0.625,0.8571428571428571,0.8333333333333334,0.0,0.13333333333333333,0.0,0.0,0.0,0.0,0.8214285714285595,0.08695652173913043,0.13043478260869565,0.0,0.0,1.0,0.0,0.0,0.0,0.0,0.0,0.0,0.0,0.0,0.0,0.0,0.0,0.0,0.0,0.0,0.0,0.0,0.0,0.0,0.0,0.0,0.0,0.0,0.0,0.0,0.0,0.0,0.0,0.0,0.0,0.0,0.0,1.0,0.0,0.0,1,30,0
0.14285714285714285,0.45454545454545453,0.3333333333333333,0.625,0.8571428571428571,0.8333333333333334,0.0,0.0,0.0,0.0,0.13333333333333333,1.0,0.8511904761904638,0.13043478260869565,0.17391304347826086,0.0,0.0,1.0,0.0,0.0,0.0,0.0,1.0,0.0,0.0,0.0,0.0,0.0,0.0,0.0,0.0,0.0,0.0,0.0,0.0,0.0,0.0,0.0,0.0,0.0,0.0,0.0,0.0,0.0,0.0,0.0,0.0,0.0,0.0,0.0,0.0,0.0,0,3,0
0.14285714285714285,0.45454545454545453,0.3333333333333333,0.625,0.42857142857142855,0.33333333333333337,0.0,0.0,0.0,0.0,0.08333333333333333,0.0,0.8214285714285595,0.17391304347826086,0.21739130434782608,0.0,0.0,1.0,0.0,0.0,0.0,0.0,1.0,0.0,0.0,0.0,0.0,0.0,0.0,0.0,0.0,0.0,0.0,0.0,0.0,0.0,0.0,0.0,0.0,0.0,0.0,0.0,0.0,0.0,0.0,0.0,0.0,0.0,0.0,0.0,0.0,0.0,0,3,0
0.14285714285714285,0.45454545454545453,0.3333333333333333,0.625,0.42857142857142855,0.33333333333333337,0.0,0.0,0.0,0.0,0.3333333333333333,0.0,0.8214285714285595,0.17391304347826086,0.21739130434782608,0.0,0.0,1.0,0.0,0.0,0.0,0.0,0.0,0.0,0.0,0.0,0.0,0.0,0.0,0.0,0.0,0.0,0.0,0.0,0.0,0.0,0.0,0.0,0.0,0.0,0.0,0.0,0.0,0.0,0.0,0.0,0.0,0.0,0.0,0.0,0.0,0.0,0,33,0
0.14285714285714285,0.45454545454545453,0.3333333333333333,0.625,0.8571428571428571,0.8333333333333334,0.16666666666666666,0.0,0.0,0.0,0.0,1.0,0.8511904761904638,0.21739130434782608,0.2608695652173913,0.0,1.0,0.0,0.0,0.0,1.0,0.0,0.0,0.0,0.0,0.0,0.0,0.0,0.0,0.0,0.0,0.0,0.0,0.0,0.0,0.0,0.0,0.0,0.0,0.0,0.0,0.0,0.0,0.0,0.0,0.0,0.0,0.0,0.0,0.0,0.0,0.0,0,1,0
0.14285714285714285,0.45454545454545453,0.3333333333333333,0.25,0.8571428571428571,0.16666666666666666,0.4166666666666667,0.0,0.0,0.0,0.0,1.0,0.9107142857142733,0.2608695652173913,0.30434782608695654,0.0,1.0,0.0,0.0,0.0,1.0,0.0,0.0,0.0,0.0,0.0,0.0,0.0,0.0,0.0,0.0,0.0,0.0,0.0,0.0,0.0,0.0,0.0,0.0,0.0,0.0,0.0,0.0,0.0,0.0,0.0,0.0,0.0,0.0,0.0,0.0,0.0,0,1,0
0.14285714285714285,0.45454545454545453,0.3333333333333333,0.25,0.8571428571428571,0.16666666666666666,0.0,0.16666666666666666,0.0,0.0,0.0,0.0,0.8214285714285595,0.2608695652173913,0.30434782608695654,0.0,1.0,0.0,0.0,0.0,0.0,0.0,0.0,0.0,0.0,0.0,0.0,0.0,0.0,0.0,0.0,1.0,0.0,0.0,0.0,0.0,0.0,0.0,0.0,0.0,0.0,0.0,0.0,0.0,0.0,0.0,0.0,0.0,0.0,0.0,0.0,0.0,1,12,0
0.14285714285714285,0.45454545454545453,0.3333333333333333,0.25,0.8571428571428571,0.16666666666666666,0.0,0.0,0.0,0.0,0.16666666666666666,0.0,0.8214285714285595,0.2608695652173913,0.30434782608695654,0.0,1.0,0.0,0.0,0.0,0.0,0.0,0.0,0.0,0.0,0.0,0.0,0.0,0.0,0.0,0.0,0.0,0.0,0.0,0.0,0.0,0.0,0.0,0.0,0.0,0.0,0.0,0.0,0.0,0.0,0.0,0.0,0.0,0.0,0.0,0.0,0.0,0,33,0
0.14285714285714285,0.45454545454545453,0.3333333333333333,0.375,0.2857142857142857,0.6666666666666666,0.0,0.0,0.0,0.0,0.16666666666666666,0.0,0.8214285714285595,0.30434782608695654,0.34782608695652173,0.0,1.0,0.0,0.0,0.0,0.0,0.0,0.0,0.0,0.0,0.0,0.0,0.0,0.0,0.0,0.0,0.0,0.0,0.0,0.0,0.0,0.0,0.0,0.0,0.0,0.0,0.0,0.0,0.0,0.0,0.0,0.0,0.0,0.0,0.0,0.0,0.0,0,33,0
0.14285714285714285,0.45454545454545453,0.3333333333333333,0.375,0.8571428571428571,0.8333333333333334,0.0,0.0,0.0,0.0,0.16666666666666666,0.0,0.8214285714285595,0.34782608695652173,0.391304347826087,0.0,1.0,0.0,0.0,0.0,0.0,0.0,0.0,0.0,0.0,0.0,0.0,0.0,0.0,0.0,0.0,0.0,0.0,0.0,0.0,0.0,0.0,0.0,0.0,0.0,0.0,0.0,0.0,0.0,0.0,0.0,0.0,0.0,0.0,0.0,0.0,0.0,0,33,0
0.14285714285714285,0.45454545454545453,0.3333333333333333,0.375,0.0,0.8333333333333334,0.5,0.0,0.0,0.0,0.0,1.0,0.8214285714285595,0.41304347826086957,0.43478260869565216,0.0,1.0,0.0,0.0,0.0,1.0,0.0,0.0,0.0,0.0,0.0,0.0,0.0,0.0,0.0,0.0,0.0,0.0,0.0,0.0,0.0,0.0,0.0,0.0,0.0,0.0,0.0,0.0,0.0,0.0,0.0,0.0,0.0,0.0,0.0,0.0,0.0,0,1,0
0.14285714285714285,0.45454545454545453,0.3333333333333333,0.375,0.14285714285714285,0.0,0.8333333333333334,0.0,0.0,0.0,0.0,1.0,0.9999999999999825,0.43478260869565216,0.4782608695652174,0.0,1.0,0.0,0.0,0.0,1.0,0.0,0.0,0.0,0.0,0.0,0.0,0.0,0.0,0.0,0.0,0.0,0.0,0.0,0.0,0.0,0.0,0.0,0.0,0.0,0.0,0.0,0.0,0.0,0.0,0.0,0.0,0.0,0.0,0.0,0.0,0.0,0,1,0
0.14285714285714285,0.45454545454545453,0.3333333333333333,0.375,0.14285714285714285,0.0,0.0,0.8333333333333334,0.0,0.0,0.0,0.0,0.8214285714285595,0.5217391304347826,0.5652173913043478,0.0,1.0,0.0,0.0,0.0,0.0,0.0,0.0,0.0,0.0,0.0,0.0,0.0,0.0,0.0,0.0,0.0,0.0,0.0,0.0,0.0,0.0,0.0,0.0,0.0,0.0,0.0,0.0,0.0,0.0,0.0,0.0,0.0,1.0,0.0,0.0,0.0,1,29,0
0.14285714285714285,0.6363636363636365,0.3333333333333333,0.375,0.5714285714285714,0.5,0.0,0.0,0.0,0.25,0.0,1.0,0.866071428571416,0.6086956521739131,0.6521739130434783,0.0,0.0,0.0,1.0,0.0,0.0,0.0,0.0,0.0,0.0,0.0,0.0,0.0,0.0,0.0,0.0,0.0,0.0,0.0,0.0,0.0,0.0,0.0,0.0,0.0,0.0,0.0,0.0,0.0,0.0,0.0,0.0,0.0,0.0,0.0,0.0,0.0,0,33,0
0.14285714285714285,0.6363636363636365,0.3333333333333333,0.375,0.5714285714285714,0.5,0.25,0.0,0.0,0.0,0.0,0.0,0.8214285714285595,0.6086956521739131,0.6521739130434783,0.0,0.0,0.0,1.0,0.0,1.0,0.0,0.0,0.0,0.0,0.0,0.0,0.0,0.0,0.0,0.0,0.0,0.0,0.0,0.0,0.0,0.0,0.0,0.0,0.0,0.0,0.0,0.0,0.0,0.0,0.0,0.0,0.0,0.0,0.0,0.0,0.0,0,1,0
0.14285714285714285,0.6363636363636365,0.3333333333333333,0.375,0.8571428571428571,0.8333333333333334,0.0,0.0,0.0,0.3333333333333333,0.0,0.0,0.8214285714285595,0.6956521739130435,0.7391304347826088,0.0,0.0,0.0,1.0,0.0,0.0,0.0,0.0,0.0,0.0,0.0,0.0,0.0,0.0,0.0,0.0,0.0,0.0,0.0,0.0,0.0,0.0,0.0,0.0,0.0,0.0,0.0,0.0,0.0,0.0,1.0,0.0,0.0,0.0,0.0,0.0,0.0,0,26,0
0.14285714285714285,0.6363636363636365,0.3333333333333333,0.375,0.0,0.8333333333333334,0.0,0.0,0.0,0.3333333333333333,0.0,1.0,0.8214285714285595,0.7608695652173914,0.782608695652174,0.0,0.0,0.0,1.0,0.0,0.0,0.0,0.0,0.0,0.0,0.0,0.0,0.0,0.0,0.0,0.0,0.0,0.0,0.0,0.0,0.0,0.0,0.0,0.0,0.0,0.0,0.0,0.0,0.0,0.0,0.0,0.0,0.0,0.0,0.0,0.0,0.0,0,33,0
0.14285714285714285,0.6363636363636365,0.3333333333333333,0.375,0.42857142857142855,0.33333333333333337,0.0,0.5,0.0,0.0,0.0,1.0,0.8809523809523682,0.8695652173913043,0.9130434782608696,0.0,0.0,0.0,1.0,0.0,0.0,0.0,0.0,0.0,0.0,0.0,0.0,0.0,0.0,0.0,0.0,0.0,0.0,0.0,0.0,0.0,0.0,0.0,0.0,0.0,0.0,0.0,0.0,0.0,0.0,0.0,0.0,1.0,0.0,0.0,0.0,0.0,1,28,0
0.14285714285714285,0.7272727272727273,0.3333333333333333,0.375,0.8571428571428571,0.8333333333333334,0.0,0.0,0.0,0.16666666666666666,0.0,1.0,0.8511904761904638,0.9130434782608696,0.9565217391304348,0.0,0.0,1.0,0.0,0.0,0.0,0.0,0.0,0.0,0.0,0.0,0.0,0.0,0.0,0.0,0.0,0.0,0.0,0.0,0.0,0.0,0.0,0.0,0.0,0.0,0.0,0.0,0.0,0.0,0.0,0.0,0.0,0.0,0.0,0.0,0.0,0.0,0,33,0
0.14285714285714285,0.7272727272727273,0.3333333333333333,0.375,0.8571428571428571,0.5,0.0,0.0,0.0,0.0,0.3333333333333333,1.0,0.866071428571416,1.0,0.0,0.0,0.0,1.0,0.0,0.0,0.0,0.0,0.0,0.0,0.0,0.0,0.0,0.0,0.0,0.0,0.0,0.0,0.0,0.0,0.0,0.0,0.0,0.0,1.0,0.0,0.0,0.0,0.0,0.0,0.0,0.0,0.0,0.0,0.0,0.0,0.0,0.0,0,19,0
0.14285714285714285,0.7272727272727273,0.3333333333333333,0.375,0.8571428571428571,0.5,0.0,0.0,0.0,0.0,0.08333333333333333,0.0,0.8214285714285595,1.0,0.0,0.0,0.0,1.0,0.0,0.0,0.0,0.0,1.0,0.0,0.0,0.0,0.0,0.0,0.0,0.0,0.0,0.0,0.0,0.0,0.0,0.0,0.0,0.0,0.0,0.0,0.0,0.0,0.0,0.0,0.0,0.0,0.0,0.0,0.0,0.0,0.0,0.0,0,3,0
0.2857142857142857,0.7272727272727273,0.3333333333333333,0.75,0.2857142857142857,0.16666666666666666,0.0,0.0,0.0,0.16666666666666666,0.0,1.0,0.8660714285714161,0.06521739130434782,0.08695652173913043,0.0,0.0,1.0,0.0,0.0,0.0,0.0,0.0,0.0,0.0,0.0,0.0,0.0,0.0,0.0,0.0,0.0,0.0,0.0,0.0,0.0,0.0,0.0,0.0,0.0,0.0,0.0,0.0,0.0,0.0,0.0,0.0,0.0,0.0,0.0,0.0,0.0,0,33,0
0.2857142857142857,0.7272727272727273,0.3333333333333333,0.125,0.5714285714285714,0.6666666666666666,0.0,0.0,0.0,0.25,0.0,1.0,0.8571428571428448,0.08695652173913043,0.13043478260869565,0.0,0.0,1.0,0.0,0.0,0.0,0.0,0.0,0.0,0.0,0.0,0.0,0.0,0.0,0.0,0.0,0.0,0.0,0.0,0.0,0.0,0.0,0.0,0.0,0.0,0.0,0.0,0.0,0.0,0.0,0.0,0.0,0.0,0.0,0.0,0.0,0.0,0,33,0
0.2857142857142857,0.5454545454545454,0.3333333333333333,0.125,0.5714285714285714,0.5,0.0,0.0,0.0,0.0,0.3333333333333333,0.0,0.8214285714285595,0.21739130434782608,0.2608695652173913,0.0,1.0,0.0,0.0,0.0,0.0,0.0,0.0,0.0,0.0,0.0,0.0,0.0,0.0,0.0,0.0,0.0,0.0,0.0,0.0,0.0,0.0,0.0,0.0,0.0,0.0,0.0,0.0,0.0,0.0,0.0,0.0,0.0,0.0,0.0,0.0,0.0,0,33,0
0.2857142857142857,0.5454545454545454,0.3333333333333333,0.125,0.8571428571428571,0.8333333333333334,0.16666666666666666,0.0,0.0,0.0,0.0,1.0,0.8511904761904641,0.2608695652173913,0.30434782608695654,0.0,1.0,0.0,0.0,0.0,1.0,0.0,0.0,0.0,0.0,0.0,0.0,0.0,0.0,0.0,0.0,0.0,0.0,0.0,0.0,0.0,0.0,0.0,0.0,0.0,0.0,0.0,0.0,0.0,0.0,0.0,0.0,0.0,0.0,0.0,0.0,0.0,0,1,0
0.2857142857142857,0.5454545454545454,0.3333333333333333,0.125,0.8571428571428571,0.8333333333333334,0.16666666666666666,0.0,0.0,0.0,0.0,0.0,0.8214285714285595,0.2608695652173913,0.30434782608695654,0.0,1.0,0.0,0.0,0.0,1.0,0.0,0.0,0.0,0.0,0.0,0.0,0.0,0.0,0.0,0.0,0.0,0.0,0.0,0.0,0.0,0.0,0.0,0.0,0.0,0.0,0.0,0.0,0.0,0.0,0.0,0.0,0.0,0.0,0.0,0.0,0.0,0,1,0
0.2857142857142857,0.5454545454545454,0.3333333333333333,0.375,0.8571428571428571,0.33333333333333337,0.0,0.0,0.0,0.0,0.3333333333333333,1.0,0.8809523809523687,0.34782608695652173,0.391304347826087,0.0,1.0,0.0,0.0,0.0,0.0,0.0,0.0,0.0,0.0,0.0,0.0,0.0,0.0,0.0,0.0,0.0,0.0,0.0,0.0,0.0,0.0,0.0,0.0,0.0,0.0,0.0,0.0,0.0,0.0,0.0,0.0,0.0,0.0,0.0,0.0,0.0,0,33,0
0.2857142857142857,0.5454545454545454,0.3333333333333333,0.0,0.0,0.33333333333333337,0.0,0.5,0.0,0.0,0.0,1.0,0.8214285714285595,0.43478260869565216,0.4782608695652174,0.0,1.0,0.0,0.0,0.0,0.0,0.0,0.0,0.0,0.0,0.0,0.0,0.0,0.0,0.0,0.0,0.0,0.0,0.0,0.0,0.0,0.0,0.0,0.0,0.0,0.0,0.0,0.0,0.0,0.0,0.0,0.0,1.0,0.0,0.0,0.0,0.0,1,28,0
0.2857142857142857,0.5454545454545454,0.3333333333333333,0.0,0.0,0.33333333333333337,0.5,0.0,0.0,0.0,0.0,0.0,0.8214285714285595,0.43478260869565216,0.4782608695652174,0.0,1.0,0.0,0.0,0.0,1.0,0.0,0.0,0.0,0.0,0.0,0.0,0.0,0.0,0.0,0.0,0.0,0.0,0.0,0.0,0.0,0.0,0.0,0.0,0.0,0.0,0.0,0.0,0.0,0.0,0.0,0.0,0.0,0.0,0.0,0.0,0.0,0,1,0
0.2857142857142857,0.5454545454545454,0.3333333333333333,0.0,0.14285714285714285,0.0,0.5,0.0,0.0,0.0,0.0,1.0,0.999999999999987,0.4782608695652174,0.5217391304347826,0.0,1.0,0.0,0.0,0.0,1.0,0.0,0.0,0.0,0.0,0.0,0.0,0.0,0.0,0.0,0.0,0.0,0.0,0.0,0.0,0.0,0.0,0.0,0.0,0.0,0.0,0.0,0.0,0.0,0.0,0.0,0.0,0.0,0.0,0.0,0.0,0.0,0,1,0
0.2857142857142857,0.5454545454545454,0.3333333333333333,0.0,0.14285714285714285,0.0,0.0,0.0,0.0,0.0,0.25,0.0,0.8214285714285595,0.4782608695652174,0.5217391304347826,0.0,1.0,0.0,0.0,0.0,0.0,0.0,0.0,0.0,0.0,0.0,0.0,0.0,0.0,0.0,0.0,0.0,0.0,0.0,0.0,0.0,0.0,0.0,0.0,0.0,0.0,0.0,0.0,0.0,0.0,0.0,0.0,0.0,0.0,0.0,0.0,0.0,0,33,0
0.2857142857142857,0.5454545454545454,0.3333333333333333,0.0,0.14285714285714285,0.0,0.0,0.08333333333333333,0.0,0.0,0.0,0.0,0.8214285714285595,0.4782608695652174,0.5217391304347826,0.0,1.0,0.0,0.0,0.0,0.0,0.0,0.0,0.0,0.0,0.0,0.0,0.0,0.0,0.0,0.0,0.0,0.0,0.0,0.0,0.0,0.0,0.0,0.0,1.0,0.0,0.0,0.0,0.0,0.0,0.0,0.0,0.0,0.0,0.0,0.0,0.0,1,20,0
0.2857142857142857,0.5454545454545454,0.3333333333333333,0.0,0.2857142857142857,0.16666666666666666,0.0,0.6666666666666666,0.0,0.0,0.0,1.0,0.9107142857142732,0.5217391304347826,0.5652173913043478,0.0,1.0,0.0,0.0,0.0,0.0,0.0,0.0,0.0,0.0,0.0,0.0,0.0,0.0,0.0,0.0,0.0,0.0,0.0,0.0,0.0,0.0,0.0,0.0,1.0,0.0,0.0,0.0,0.0,0.0,0.0,0.0,0.0,0.0,0.0,0.0,0.0,1,20,0
0.2857142857142857,0.6363636363636365,0.3333333333333333,0.0,0.2857142857142857,0.16666666666666666,0.0,0.6666666666666666,0.0,0.0,0.0,1.0,0.8214285714285595,0.5652173913043478,0.6086956521739131,0.0,0.0,0.0,1.0,0.0,0.0,0.0,0.0,0.0,0.0,0.0,0.0,0.0,0.0,0.0,0.0,0.0,0.0,0.0,0.0,0.0,0.0,0.0,0.0,0.0,0.0,0.0,0.0,0.0,0.0,0.0,0.0,1.0,0.0,0.0,0.0,0.0,1,28,0
0.2857142857142857,0.6363636363636365,0.3333333333333333,0.0,0.2857142857142857,0.16666666666666666,0.3333333333333333,0.0,0.0,0.0,0.0,0.0,0.8214285714285595,0.5652173913043478,0.6086956521739131,0.0,0.0,0.0,1.0,0.0,1.0,0.0,0.0,0.0,0.0,0.0,0.0,0.0,0.0,0.0,0.0,0.0,0.0,0.0,0.0,0.0,0.0,0.0,0.0,0.0,0.0,0.0,0.0,0.0,0.0,0.0,0.0,0.0,0.0,0.0,0.0,0.0,0,1,0
0.2857142857142857,0.6363636363636365,0.3333333333333333,0.125,0.2857142857142857,0.0,0.0,0.5,0.0,0.0,0.0,1.0,0.9999999999999853,0.6086956521739131,0.6521739130434783,0.0,0.0,0.0,1.0,0.0,0.0,0.0,0.0,0.0,0.0,0.0,0.0,0.0,0.0,0.0,0.0,0.0,0.0,0.0,0.0,0.0,0.0,0.0,0.0,0.0,0.0,0.0,0.0,0.0,0.0,0.0,0.0,1.0,0.0,0.0,0.0,0.0,1,28,0
0.2857142857142857,0.6363636363636365,0.3333333333333333,0.125,0.2857142857142857,0.0,0.3333333333333333,0.0,0.0,0.0,0.0,0.0,0.8214285714285595,0.6086956521739131,0.6521739130434783,0.0,0.0,0.0,1.0,0.0,1.0,0.0,0.0,0.0,0.0,0.0,0.0,0.0,0.0,0.0,0.0,0.0,0.0,0.0,0.0,0.0,0.0,0.0,0.0,0.0,0.0,0.0,0.0,0.0,0.0,0.0,0.0,0.0,0.0,0.0,0.0,0.0,0,1,0
0.2857142857142857,0.6363636363636365,0.3333333333333333,0.375,0.2857142857142857,0.33333333333333337,0.5,0.0,0.0,0.0,0.0,1.0,0.8809523809523682,0.6521739130434783,0.6956521739130435,0.0,0.0,0.0,1.0,0.0,1.0,0.0,0.0,0.0,0.0,0.0,0.0,0.0,0.0,0.0,0.0,0.0,0.0,0.0,0.0,0.0,0.0,0.0,0.0,0.0,0.0,0.0,0.0,0.0,0.0,0.0,0.0,0.0,0.0,0.0,0.0,0.0,0,1,0
0.2857142857142857,0.6363636363636365,0.3333333333333333,0.375,0.2857142857142857,0.33333333333333337,0.0,0.3333333333333333,0.0,0.0,0.0,0.0,0.8214285714285595,0.6521739130434783,0.6956521739130435,0.0,0.0,0.0,1.0,0.0,0.0,0.0,0.0,0.0,0.0,0.0,0.0,0.0,0.0,0.0,0.0,0.0,0.0,0.0,0.0,0.0,0.0,0.0,0.0,0.0,0.0,0.0,0.0,0.0,0.0,0.0,0.0,0.0,0.0,0.0,0.0,0.0,1,33,0
0.2857142857142857,0.6363636363636365,0.3333333333333333,0.125,0.2857142857142857,0.0,0.0,0.6666666666666666,0.0,0.0,0.0,1.0,0.9999999999999858,0.6956521739130435,0.7391304347826088,0.0,0.0,0.0,1.0,0.0,0.0,0.0,0.0,0.0,0.0,0.0,0.0,0.0,0.0,0.0,0.0,0.0,0.0,0.0,0.0,0.0,0.0,0.0,0.0,0.0,0.0,0.0,0.0,0.0,0.0,0.0,0.0,1.0,0.0,0.0,0.0,0.0,1,28,0
0.2857142857142857,0.6363636363636365,0.3333333333333333,0.125,0.2857142857142857,0.0,0.0,0.5,0.0,0.0,0.0,1.0,0.8214285714285595,0.7608695652173914,0.782608695652174,0.0,0.0,0.0,1.0,0.0,0.0,0.0,0.0,0.0,0.0,0.0,0.0,0.0,0.0,0.0,0.0,0.0,0.0,0.0,0.0,0.0,0.0,0.0,0.0,0.0,0.0,0.0,0.0,0.0,0.0,0.0,0.0,1.0,0.0,0.0,0.0,0.0,1,28,0
0.2857142857142857,0.6363636363636365,0.3333333333333333,0.125,0.42857142857142855,0.33333333333333337,0.0,0.25,0.0,0.0,0.0,1.0,0.8809523809523682,0.782608695652174,0.8260869565217391,0.0,0.0,0.0,1.0,0.0,0.0,0.0,0.0,0.0,0.0,0.0,0.0,0.0,0.0,0.0,0.0,0.0,0.0,0.0,0.0,0.0,0.0,0.0,0.0,0.0,0.0,0.0,0.0,0.0,0.0,0.0,0.0,1.0,0.0,0.0,0.0,0.0,1,28,0
0.2857142857142857,0.6363636363636365,0.3333333333333333,0.125,0.14285714285714285,0.0,0.0,0.5,0.0,0.0,0.0,1.0,0.9999999999999858,0.8260869565217391,0.8695652173913043,0.0,0.0,0.0,1.0,0.0,0.0,0.0,0.0,0.0,0.0,0.0,0.0,0.0,0.0,0.0,0.0,0.0,0.0,0.0,0.0,0.0,0.0,0.0,0.0,0.0,0.0,0.0,0.0,0.0,0.0,0.0,0.0,0.0,0.0,1.0,0.0,0.0,1,30,0
0.2857142857142857,0.6363636363636365,0.3333333333333333,0.125,0.14285714285714285,0.0,0.0,0.25,0.0,0.0,0.0,0.0,0.8214285714285595,0.8260869565217391,0.8695652173913043,0.0,0.0,0.0,1.0,0.0,0.0,0.0,0.0,0.0,0.0,0.0,0.0,0.0,0.0,0.0,0.0,0.0,0.0,0.0,0.0,0.0,0.0,0.0,0.0,0.0,0.0,0.0,0.0,0.0,0.0,0.0,0.0,1.0,0.0,0.0,0.0,0.0,1,28,0
0.2857142857142857,0.6363636363636365,0.3333333333333333,0.125,0.2857142857142857,0.16666666666666666,0.0,0.25,0.0,0.0,0.0,1.0,0.9107142857142725,0.8695652173913043,0.9130434782608696,0.0,0.0,0.0,1.0,0.0,0.0,0.0,0.0,0.0,0.0,0.0,0.0,0.0,0.0,0.0,0.0,0.0,0.0,0.0,0.0,0.0,0.0,0.0,0.0,0.0,0.0,0.0,0.0,0.0,0.0,0.0,0.0,1.0,0.0,0.0,0.0,0.0,1,28,0
0.2857142857142857,0.6363636363636365,0.3333333333333333,0.125,0.2857142857142857,0.16666666666666666,0.0,0.25,0.0,0.0,0.0,0.0,0.8214285714285595,0.8695652173913043,0.9130434782608696,0.0,0.0,0.0,1.0,0.0,0.0,0.0,0.0,0.0,0.0,0.0,0.0,0.0,0.0,0.0,0.0,0.0,0.0,0.0,0.0,0.0,0.0,0.0,0.0,0.0,0.0,0.0,0.0,0.0,0.0,0.0,0.0,1.0,0.0,0.0,0.0,0.0,1,28,0
0.2857142857142857,0.6363636363636365,0.3333333333333333,0.125,0.42857142857142855,0.5,0.0,0.0,0.0,0.16666666666666666,0.0,1.0,0.866071428571416,0.9130434782608696,0.9565217391304348,0.0,0.0,1.0,0.0,0.0,0.0,0.0,0.0,0.0,0.0,0.0,0.0,0.0,0.0,0.0,0.0,0.0,0.0,0.0,0.0,0.0,0.0,0.0,0.0,0.0,0.0,0.0,0.0,0.0,0.0,0.0,0.0,0.0,0.0,0.0,0.0,0.0,0,33,0
0.2857142857142857,0.6363636363636365,0.3333333333333333,0.125,0.42857142857142855,0.5,0.0,0.0,0.0,0.16666666666666666,0.0,0.0,0.8214285714285595,0.9130434782608696,0.9565217391304348,0.0,0.0,1.0,0.0,0.0,0.0,0.0,0.0,0.0,0.0,0.0,0.0,0.0,0.0,0.0,0.0,0.0,0.0,0.0,0.0,0.0,0.0,0.0,0.0,0.0,0.0,0.0,0.0,0.0,0.0,0.0,0.0,1.0,0.0,0.0,0.0,0.0,0,28,0
0.2857142857142857,0.6363636363636365,0.6666666666666666,0.125,0.42857142857142855,0.16666666666666666,0.0,0.0,0.0,0.25,0.0,1.0,0.9107142857142727,0.9565217391304348,1.0,0.0,0.0,1.0,0.0,0.0,0.0,0.0,0.0,0.0,0.0,0.0,0.0,0.0,0.0,0.0,0.0,0.0,0.0,0.0,0.0,0.0,0.0,0.0,0.0,0.0,0.0,0.0,0.0,0.0,0.0,0.0,0.0,1.0,0.0,0.0,0.0,0.0,0,28,0
0.2857142857142857,0.6363636363636365,0.6666666666666666,0.125,0.42857142857142855,0.16666666666666666,0.0,0.0,0.0,0.25,0.0,0.0,0.8214285714285595,0.9565217391304348,1.0,0.0,0.0,1.0,0.0,0.0,0.0,0.0,0.0,0.0,0.0,0.0,0.0,0.0,0.0,0.0,0.0,0.0,0.0,0.0,0.0,0.0,0.0,0.0,0.0,0.0,0.0,0.0,0.0,0.0,0.0,0.0,0.0,1.0,0.0,0.0,0.0,0.0,0,28,0
0.2857142857142857,0.6363636363636365,0.3333333333333333,0.125,0.42857142857142855,0.5,0.0,0.0,0.0,0.16666666666666666,0.0,0.0,0.8214285714285595,1.0,0.0,0.0,0.0,1.0,0.0,0.0,0.0,0.0,0.0,0.0,0.0,0.0,0.0,0.0,0.0,0.0,0.0,0.0,0.0,0.0,0.0,1.0,0.0,0.0,0.0,0.0,0.0,0.0,0.0,0.0,0.0,0.0,0.0,0.0,0.0,0.0,0.0,0.0,0,16,0
0.2857142857142857,0.6363636363636365,0.3333333333333333,0.125,0.42857142857142855,0.5,0.0,0.0,0.0,0.16666666666666666,0.0,0.0,0.8214285714285595,1.0,0.0,0.0,0.0,1.0,0.0,0.0,0.0,0.0,1.0,0.0,0.0,0.0,0.0,0.0,0.0,0.0,0.0,0.0,0.0,0.0,0.0,0.0,0.0,0.0,0.0,0.0,0.0,0.0,0.0,0.0,0.0,0.0,0.0,0.0,0.0,0.0,0.0,0.0,0,3,0
0.42857142857142855,0.6363636363636365,0.3333333333333333,0.125,0.42857142857142855,0.0,0.0,0.5,0.0,0.0,0.0,1.0,0.9999999999999856,0.0,0.043478260869565216,0.0,0.0,1.0,0.0,0.0,0.0,0.0,0.0,0.0,0.0,0.0,0.0,0.0,0.0,0.0,0.0,0.0,0.0,0.0,0.0,0.0,0.0,0.0,0.0,0.0,0.0,0.0,0.0,0.0,0.0,0.0,0.0,0.0,1.0,0.0,0.0,0.0,1,29,0
0.42857142857142855,0.6363636363636365,0.3333333333333333,0.25,0.42857142857142855,0.33333333333333337,0.0,0.0,0.0,0.0,0.3333333333333333,1.0,0.8809523809523682,0.08695652173913043,0.13043478260869565,0.0,0.0,1.0,0.0,0.0,0.0,0.0,1.0,0.0,0.0,0.0,0.0,0.0,0.0,0.0,0.0,0.0,0.0,0.0,0.0,0.0,0.0,0.0,0.0,0.0,0.0,0.0,0.0,0.0,0.0,0.0,0.0,0.0,0.0,0.0,0.0,0.0,0,3,0
0.42857142857142855,0.6363636363636365,0.3333333333333333,0.25,0.42857142857142855,0.33333333333333337,0.0,0.08333333333333333,0.0,0.0,0.0,0.0,0.8214285714285595,0.08695652173913043,0.13043478260869565,0.0,0.0,1.0,0.0,0.0,0.0,0.0,0.0,0.0,0.0,0.0,0.0,0.0,0.0,0.0,0.0,0.0,0.0,0.0,0.0,0.0,0.0,0.0,0.0,0.0,0.0,0.0,0.0,0.0,0.0,0.0,0.0,0.0,1.0,0.0,0.0,0.0,1,29,0
0.42857142857142855,0.6363636363636365,0.3333333333333333,0.625,0.42857142857142855,0.8333333333333334,0.0,0.13333333333333333,0.0,0.0,0.0,1.0,0.8511904761904638,0.13043478260869565,0.17391304347826086,0.0,0.0,1.0,0.0,0.0,0.0,0.0,0.0,0.0,0.0,0.0,0.0,0.0,0.0,0.0,0.0,0.0,0.0,0.0,0.0,0.0,0.0,0.0,0.0,0.0,0.0,0.0,1.0,0.0,0.0,0.0,0.0,0.0,0.0,0.0,0.0,0.0,1,23,0
0.42857142857142855,0.6363636363636365,0.3333333333333333,0.375,0.42857142857142855,0.33333333333333337,0.0,0.13333333333333333,0.0,0.0,0.0,1.0,0.8809523809523682,0.17391304347826086,0.21739130434782608,0.0,0.0,1.0,0.0,0.0,0.0,0.0,0.0,0.0,0.0,0.0,0.0,0.0,0.0,0.0,0.0,0.0,0.0,0.0,0.0,0.0,0.0,0.0,0.0,0.0,0.0,0.0,0.0,0.0,0.0,0.0,0.0,1.0,0.0,0.0,0.0,0.0,1,28,0
0.42857142857142855,0.6363636363636365,0.3333333333333333,0.375,0.42857142857142855,0.33333333333333337,0.0,0.16666666666666666,0.0,0.0,0.0,0.0,0.8214285714285595,0.17391304347826086,0.21739130434782608,0.0,0.0,1.0,0.0,0.0,0.0,0.0,0.0,0.0,0.0,0.0,0.0,0.0,0.0,0.0,0.0,0.0,0.0,0.0,0.0,1.0,0.0,0.0,0.0,0.0,0.0,0.0,0.0,0.0,0.0,0.0,0.0,0.0,0.0,0.0,0.0,0.0,1,16,0
0.42857142857142855,0.6363636363636365,0.3333333333333333,0.375,0.42857142857142855,0.33333333333333337,0.0,0.0,0.0,0.25,0.0,0.0,0.8214285714285595,0.17391304347826086,0.21739130434782608,0.0,0.0,1.0,0.0,0.0,0.0,0.0,0.0,0.0,0.0,0.0,0.0,0.0,0.0,0.0,0.0,0.0,0.0,0.0,0.0,0.0,0.0,0.0,0.0,0.0,0.0,0.0,0.0,0.0,0.0,0.0,0.0,0.0,0.0,0.0,0.0,0.0,0,33,0
0.42857142857142855,0.3636363636363636,0.3333333333333333,0.375,0.5714285714285714,0.5,0.0,0.0,0.0,0.0,0.25,1.0,0.8660714285714164,0.34782608695652173,0.391304347826087,0.0,1.0,0.0,0.0,0.0,0.0,0.0,0.0,0.0,0.0,0.0,0.0,0.0,0.0,0.0,0.0,0.0,0.0,0.0,0.0,0.0,0.0,0.0,0.0,0.0,0.0,0.0,0.0,0.0,0.0,0.0,0.0,0.0,0.0,0.0,0.0,0.0,0,33,0
0.42857142857142855,0.45454545454545453,0.3333333333333333,0.25,0.14285714285714285,0.33333333333333337,0.0,0.0,0.0,0.0,0.16666666666666666,1.0,0.8511904761904644,0.41304347826086957,0.43478260869565216,0.0,1.0,0.0,0.0,0.0,0.0,0.0,0.0,0.0,0.0,0.0,0.0,0.0,0.0,0.0,0.0,0.0,0.0,0.0,0.0,0.0,0.0,0.0,0.0,0.0,0.0,0.0,0.0,0.0,0.0,0.0,0.0,0.0,0.0,0.0,0.0,0.0,0,33,0
0.42857142857142855,0.45454545454545453,0.3333333333333333,0.25,0.14285714285714285,0.33333333333333337,0.0,0.3333333333333333,0.0,0.0,0.0,0.0,0.8214285714285595,0.41304347826086957,0.43478260869565216,0.0,1.0,0.0,0.0,0.0,0.0,0.0,0.0,0.0,0.0,0.0,0.0,0.0,0.0,0.0,0.0,0.0,0.0,0.0,0.0,0.0,0.0,0.0,0.0,0.0,0.0,0.0,0.0,0.0,0.0,0.0,0.0,0.0,0.0,0.0,0.0,0.0,1,33,0
0.42857142857142855,0.45454545454545453,0.3333333333333333,0.25,0.2857142857142857,0.16666666666666666,0.0,0.4166666666666667,0.0,0.0,0.0,1.0,0.9107142857142709,0.43478260869565216,0.4782608695652174,0.0,1.0,0.0,0.0,0.0,0.0,0.0,0.0,0.0,0.0,0.0,0.0,0.0,0.0,0.0,0.0,0.0,0.0,0.0,0.0,0.0,0.0,0.0,0.0,0.0,0.0,0.0,0.0,0.0,0.0,0.0,0.0,0.0,0.0,0.0,0.0,0.0,1,33,0
0.42857142857142855,0.45454545454545453,0.3333333333333333,0.25,0.2857142857142857,0.16666666666666666,0.0,0.4166666666666667,0.0,0.0,0.0,0.0,0.8214285714285595,0.43478260869565216,0.4782608695652174,0.0,1.0,0.0,0.0,0.0,0.0,0.0,0.0,0.0,0.0,0.0,0.0,0.0,0.0,0.0,0.0,0.0,0.0,0.0,0.0,0.0,0.0,0.0,0.0,0.0,0.0,0.0,0.0,0.0,0.0,0.0,0.0,0.0,0.0,0.0,0.0,0.0,1,33,0
0.42857142857142855,0.45454545454545453,0.3333333333333333,0.25,0.2857142857142857,0.16666666666666666,0.0,0.6666666666666666,0.0,0.0,0.0,1.0,0.9107142857142733,0.4782608695652174,0.5217391304347826,0.0,1.0,0.0,0.0,0.0,0.0,0.0,0.0,0.0,0.0,0.0,0.0,0.0,0.0,0.0,0.0,0.0,0.0,0.0,0.0,0.0,0.0,0.0,0.0,0.0,0.0,0.0,0.0,0.0,0.0,0.0,0.0,0.0,0.0,0.0,0.0,0.0,1,33,0
0.42857142857142855,0.45454545454545453,0.3333333333333333,0.25,0.2857142857142857,0.16666666666666666,0.0,0.0,0.0,0.3333333333333333,0.0,0.0,0.8214285714285595,0.4782608695652174,0.5217391304347826,0.0,1.0,0.0,0.0,0.0,0.0,0.0,0.0,0.0,0.0,0.0,0.0,0.0,0.0,0.0,0.0,0.0,0.0,0.0,0.0,0.0,0.0,0.0,0.0,0.0,0.0,0.0,0.0,0.0,0.0,0.0,0.0,0.0,0.0,0.0,0.0,0.0,0,33,0
0.42857142857142855,0.7272727272727273,0.3333333333333333,0.625,0.2857142857142857,0.6666666666666666,0.0,0.0,0.0,0.16666666666666666,0.0,1.0,0.8571428571428448,0.5652173913043478,0.6086956521739131,0.0,0.0,0.0,1.0,0.0,0.0,0.0,0.0,0.0,0.0,0.0,0.0,0.0,0.0,0.0,0.0,0.0,0.0,0.0,0.0,0.0,0.0,0.0,0.0,0.0,0.0,0.0,0.0,0.0,0.0,0.0,0.0,0.0,0.0,0.0,0.0,0.0,0,33,0
0.42857142857142855,0.7272727272727273,0.3333333333333333,0.75,0.2857142857142857,0.16666666666666666,0.0,0.3333333333333333,0.0,0.0,0.0,1.0,0.9107142857142725,0.6521739130434783,0.6956521739130435,0.0,0.0,0.0,1.0,0.0,0.0,0.0,0.0,0.0,0.0,0.0,0.0,0.0,0.0,0.0,0.0,0.0,0.0,0.0,0.0,1.0,0.0,0.0,0.0,0.0,0.0,0.0,0.0,0.0,0.0,0.0,0.0,0.0,0.0,0.0,0.0,0.0,1,16,0
0.42857142857142855,0.7272727272727273,0.3333333333333333,0.75,0.2857142857142857,0.16666666666666666,0.0,0.0,0.0,0.25,0.0,0.0,0.8214285714285595,0.6521739130434783,0.6956521739130435,0.0,0.0,0.0,1.0,0.0,0.0,0.0,0.0,0.0,0.0,0.0,0.0,0.0,0.0,0.0,0.0,0.0,0.0,0.0,0.0,0.0,0.0,0.0,0.0,0.0,0.0,0.0,0.0,0.0,0.0,0.0,0.0,0.0,0.0,0.0,0.0,0.0,0,33,0
0.42857142857142855,0.7272727272727273,0.3333333333333333,0.75,0.5714285714285714,0.5,0.0,0.0,0.0,0.25,0.0,0.0,0.8214285714285595,0.6956521739130435,0.7391304347826088,0.0,0.0,0.0,1.0,0.0,0.0,0.0,0.0,0.0,0.0,0.0,0.0,0.0,0.0,0.0,0.0,0.0,0.0,0.0,0.0,0.0,0.0,0.0,0.0,0.0,0.0,0.0,0.0,0.0,0.0,0.0,1.0,0.0,0.0,0.0,0.0,0.0,0,27,0
0.42857142857142855,0.7272727272727273,0.3333333333333333,0.75,0.5714285714285714,0.5,0.0,0.0,0.0,0.0,0.25,0.0,0.8214285714285595,0.782608695652174,0.8260869565217391,0.0,0.0,0.0,1.0,0.0,0.0,0.0,0.0,0.0,0.0,0.0,0.0,0.0,0.0,0.0,0.0,0.0,0.0,0.0,0.0,0.0,0.0,0.0,0.0,0.0,0.0,0.0,0.0,0.0,0.0,0.0,0.0,0.0,0.0,0.0,0.0,0.0,0,33,0
0.42857142857142855,0.6363636363636365,0.3333333333333333,0.75,0.7142857142857142,0.6666666666666666,0.0,0.0,0.0,0.16666666666666666,0.0,1.0,0.8571428571428447,0.9130434782608696,0.9565217391304348,0.0,0.0,1.0,0.0,0.0,0.0,0.0,0.0,0.0,0.0,0.0,0.0,0.0,0.0,0.0,0.0,0.0,0.0,0.0,0.0,0.0,0.0,0.0,0.0,0.0,0.0,0.0,0.0,0.0,0.0,0.0,0.0,0.0,0.0,0.0,0.0,0.0,0,33,0
0.42857142857142855,0.6363636363636365,0.3333333333333333,0.75,0.7142857142857142,0.6666666666666666,0.0,0.08333333333333333,0.0,0.0,0.0,0.0,0.8214285714285595,0.9130434782608696,0.9565217391304348,0.0,0.0,1.0,0.0,0.0,0.0,0.0,0.0,0.0,0.0,0.0,0.0,0.0,0.0,0.0,0.0,0.0,0.0,0.0,0.0,0.0,0.0,0.0,0.0,0.0,0.0,0.0,0.0,0.0,0.0,0.0,0.0,0.0,0.0,1.0,0.0,0.0,1,30,0
0.42857142857142855,0.6363636363636365,0.3333333333333333,0.75,0.42857142857142855,0.33333333333333337,0.0,0.0,0.0,0.16666666666666666,0.0,1.0,0.8809523809523683,0.9565217391304348,1.0,0.0,0.0,1.0,0.0,0.0,0.0,0.0,0.0,0.0,0.0,0.0,0.0,0.0,0.0,0.0,0.0,0.0,0.0,0.0,0.0,0.0,0.0,0.0,0.0,0.0,0.0,0.0,0.0,0.0,0.0,0.0,1.0,0.0,0.0,0.0,0.0,0.0,0,27,0
0.42857142857142855,0.6363636363636365,0.3333333333333333,0.75,0.42857142857142855,0.33333333333333337,0.0,0.3,0.0,0.0,0.0,0.0,0.8214285714285595,0.9565217391304348,1.0,0.0,0.0,1.0,0.0,0.0,0.0,0.0,0.0,0.0,0.0,0.0,0.0,0.0,0.0,0.0,0.0,0.0,0.0,0.0,0.0,0.0,0.0,0.0,0.0,0.0,0.0,0.0,0.0,0.0,0.0,0.0,0.0,0.0,0.0,1.0,0.0,0.0,1,30,0
0.5714285714285714,0.6363636363636365,0.3333333333333333,0.75,0.5714285714285714,0.5,0.0,0.0,0.0,0.0,0.16666666666666666,1.0,0.8660714285714161,0.13043478260869565,0.17391304347826086,0.0,0.0,1.0,0.0,0.0,0.0,0.0,0.0,0.0,0.0,0.0,0.0,0.0,0.0,0.0,0.0,0.0,0.0,0.0,0.0,0.0,0.0,0.0,0.0,0.0,0.0,0.0,0.0,0.0,0.0,0.0,0.0,0.0,0.0,0.0,0.0,0.0,0,33,0
0.5714285714285714,0.6363636363636365,0.3333333333333333,0.75,0.5714285714285714,0.5,0.13333333333333333,0.0,0.0,0.0,0.0,0.0,0.8214285714285595,0.13043478260869565,0.17391304347826086,0.0,0.0,1.0,0.0,0.0,1.0,0.0,0.0,0.0,0.0,0.0,0.0,0.0,0.0,0.0,0.0,0.0,0.0,0.0,0.0,0.0,0.0,0.0,0.0,0.0,0.0,0.0,0.0,0.0,0.0,0.0,0.0,0.0,0.0,0.0,0.0,0.0,0,1,0
0.5714285714285714,0.5454545454545454,0.3333333333333333,0.75,0.7142857142857142,0.6666666666666666,0.16666666666666666,0.0,0.0,0.0,0.0,1.0,0.857142857142845,0.2608695652173913,0.30434782608695654,0.0,1.0,0.0,0.0,0.0,1.0,0.0,0.0,0.0,0.0,0.0,0.0,0.0,0.0,0.0,0.0,0.0,0.0,0.0,0.0,0.0,0.0,0.0,0.0,0.0,0.0,0.0,0.0,0.0,0.0,0.0,0.0,0.0,0.0,0.0,0.0,0.0,0,1,0
0.5714285714285714,0.5454545454545454,0.3333333333333333,0.75,0.7142857142857142,0.6666666666666666,0.0,0.16666666666666666,0.0,0.0,0.0,0.0,0.8214285714285595,0.2608695652173913,0.30434782608695654,0.0,1.0,0.0,0.0,0.0,0.0,0.0,0.0,0.0,0.0,0.0,0.0,0.0,0.0,0.0,0.0,0.0,0.0,0.0,0.0,0.0,0.0,0.0,0.0,0.0,0.0,0.0,0.0,0.0,0.0,0.0,0.0,0.0,0.0,1.0,0.0,0.0,1,30,0
0.5714285714285714,0.5454545454545454,0.3333333333333333,0.25,0.42857142857142855,0.33333333333333337,0.5,0.0,0.0,0.0,0.0,1.0,0.8809523809523687,0.4782608695652174,0.5217391304347826,0.0,1.0,0.0,0.0,0.0,1.0,0.0,0.0,0.0,0.0,0.0,0.0,0.0,0.0,0.0,0.0,0.0,0.0,0.0,0.0,0.0,0.0,0.0,0.0,0.0,0.0,0.0,0.0,0.0,0.0,0.0,0.0,0.0,0.0,0.0,0.0,0.0,0,1,0
0.5714285714285714,0.7272727272727273,0.3333333333333333,0.25,0.7142857142857142,0.6666666666666666,0.0,0.0,0.0,0.16666666666666666,0.0,1.0,0.8571428571428448,0.5652173913043478,0.6086956521739131,0.0,0.0,0.0,1.0,0.0,0.0,0.0,0.0,0.0,0.0,0.0,0.0,0.0,0.0,0.0,0.0,0.0,0.0,0.0,0.0,0.0,0.0,0.0,0.0,0.0,0.0,0.0,0.0,0.0,0.0,0.0,0.0,0.0,0.0,0.0,0.0,0.0,0,33,0
0.5714285714285714,0.7272727272727273,0.3333333333333333,0.25,0.7142857142857142,0.6666666666666666,0.0,0.13333333333333333,0.0,0.0,0.0,0.0,0.8214285714285595,0.6086956521739131,0.6521739130434783,0.0,0.0,0.0,1.0,0.0,0.0,0.0,0.0,0.0,0.0,0.0,0.0,0.0,0.0,0.0,0.0,0.0,0.0,0.0,0.0,0.0,0.0,0.0,0.0,0.0,0.0,0.0,0.0,0.0,0.0,0.0,0.0,0.0,0.0,0.0,0.0,0.0,1,33,0
0.5714285714285714,0.6363636363636365,0.3333333333333333,0.25,0.5714285714285714,0.5,0.0,0.25,0.0,0.0,0.0,0.0,0.8214285714285595,0.6956521739130435,0.7391304347826088,0.0,0.0,0.0,1.0,0.0,0.0,0.0,0.0,0.0,0.0,0.0,0.0,0.0,0.0,0.0,0.0,0.0,0.0,0.0,0.0,0.0,0.0,0.0,0.0,0.0,0.0,0.0,0.0,0.0,0.0,1.0,0.0,0.0,0.0,0.0,0.0,0.0,1,26,0
0.5714285714285714,0.6363636363636365,0.3333333333333333,0.25,0.14285714285714285,0.0,0.0,0.08333333333333333,0.0,0.0,0.0,1.0,0.9107142857142722,0.7391304347826088,0.7608695652173914,0.0,0.0,0.0,1.0,0.0,0.0,0.0,0.0,0.0,0.0,0.0,0.0,0.0,0.0,0.0,0.0,0.0,0.0,0.0,0.0,0.0,0.0,0.0,0.0,0.0,0.0,0.0,0.0,0.0,0.0,0.0,0.0,0.0,0.0,1.0,0.0,0.0,1,30,0
0.5714285714285714,0.6363636363636365,0.3333333333333333,0.25,0.14285714285714285,0.0,0.0,0.25,0.0,0.0,0.0,0.0,0.8214285714285595,0.7391304347826088,0.7608695652173914,0.0,0.0,0.0,1.0,0.0,0.0,0.0,0.0,0.0,0.0,0.0,0.0,0.0,0.0,0.0,0.0,0.0,0.0,0.0,0.0,0.0,0.0,0.0,0.0,0.0,0.0,0.0,0.0,0.0,0.0,0.0,0.0,0.0,0.0,0.0,0.0,0.0,1,33,0
0.5714285714285714,0.7272727272727273,0.3333333333333333,0.25,0.5714285714285714,0.5,0.0,0.0,0.0,0.0,0.25,0.0,0.8214285714285595,0.782608695652174,0.8260869565217391,0.0,0.0,0.0,1.0,0.0,0.0,0.0,0.0,0.0,0.0,0.0,0.0,0.0,0.0,0.0,0.0,0.0,0.0,0.0,0.0,0.0,0.0,0.0,0.0,0.0,0.0,0.0,0.0,0.0,0.0,0.0,0.0,0.0,0.0,0.0,0.0,0.0,0,33,0
0.5714285714285714,0.6363636363636365,0.3333333333333333,0.25,0.8571428571428571,0.8333333333333334,0.0,0.0,0.0,0.16666666666666666,0.0,1.0,0.8511904761904638,0.9130434782608696,0.9565217391304348,0.0,0.0,1.0,0.0,0.0,0.0,0.0,0.0,0.0,0.0,0.0,0.0,0.0,0.0,0.0,0.0,0.0,0.0,0.0,0.0,0.0,0.0,0.0,0.0,0.0,0.0,0.0,0.0,0.0,0.0,0.0,0.0,0.0,0.0,0.0,0.0,0.0,0,33,0
0.5714285714285714,0.6363636363636365,0.3333333333333333,0.25,0.5714285714285714,0.5,0.3333333333333333,0.0,0.0,0.0,0.0,1.0,0.866071428571416,1.0,0.0,0.0,0.0,1.0,0.0,0.0,1.0,0.0,0.0,0.0,0.0,0.0,0.0,0.0,0.0,0.0,0.0,0.0,0.0,0.0,0.0,0.0,0.0,0.0,0.0,0.0,0.0,0.0,0.0,0.0,0.0,0.0,0.0,0.0,0.0,0.0,0.0,0.0,0,1,0
0.7142857142857142,0.6363636363636365,0.3333333333333333,0.25,0.2857142857142857,0.16666666666666666,0.6666666666666666,0.0,0.0,0.0,0.0,1.0,0.9107142857142725,0.0,0.043478260869565216,0.0,0.0,1.0,0.0,0.0,1.0,0.0,0.0,0.0,0.0,0.0,0.0,0.0,0.0,0.0,0.0,0.0,0.0,0.0,0.0,0.0,0.0,0.0,0.0,0.0,0.0,0.0,0.0,0.0,0.0,0.0,0.0,0.0,0.0,0.0,0.0,0.0,0,1,0
0.7142857142857142,0.6363636363636365,1.0,0.25,0.2857142857142857,0.33333333333333337,0.0,0.5,0.0,0.0,0.0,1.0,0.8809523809523682,0.08695652173913043,0.13043478260869565,0.0,0.0,1.0,0.0,0.0,0.0,0.0,0.0,0.0,0.0,0.0,0.0,0.0,0.0,0.0,1.0,0.0,0.0,0.0,0.0,0.0,0.0,0.0,0.0,0.0,0.0,0.0,0.0,0.0,0.0,0.0,0.0,0.0,0.0,0.0,0.0,0.0,1,11,0
0.7142857142857142,0.6363636363636365,0.3333333333333333,0.25,0.2857142857142857,0.0,0.0,0.5,0.0,0.0,0.0,1.0,0.9999999999999855,0.13043478260869565,0.17391304347826086,0.0,0.0,1.0,0.0,0.0,0.0,0.0,0.0,0.0,0.0,0.0,0.0,0.0,0.0,0.0,1.0,0.0,0.0,0.0,0.0,0.0,0.0,0.0,0.0,0.0,0.0,0.0,0.0,0.0,0.0,0.0,0.0,0.0,0.0,0.0,0.0,0.0,1,11,0
0.7142857142857142,0.6363636363636365,0.3333333333333333,0.25,0.2857142857142857,0.0,0.0,0.3333333333333333,0.0,0.0,0.0,0.0,0.8214285714285595,0.13043478260869565,0.17391304347826086,0.0,0.0,1.0,0.0,0.0,0.0,0.0,0.0,0.0,0.0,0.0,0.0,0.0,0.0,0.0,1.0,0.0,0.0,0.0,0.0,0.0,0.0,0.0,0.0,0.0,0.0,0.0,0.0,0.0,0.0,0.0,0.0,0.0,0.0,0.0,0.0,0.0,1,11,0
0.7142857142857142,0.6363636363636365,0.3333333333333333,0.25,0.42857142857142855,0.33333333333333337,0.0,0.25,0.0,0.0,0.0,1.0,0.8809523809523682,0.17391304347826086,0.21739130434782608,0.0,0.0,1.0,0.0,0.0,0.0,0.0,0.0,0.0,0.0,0.0,0.0,0.0,0.0,0.0,1.0,0.0,0.0,0.0,0.0,0.0,0.0,0.0,0.0,0.0,0.0,0.0,0.0,0.0,0.0,0.0,0.0,0.0,0.0,0.0,0.0,0.0,1,11,0
0.7142857142857142,0.6363636363636365,0.3333333333333333,0.25,0.42857142857142855,0.33333333333333337,0.0,0.08333333333333333,0.0,0.0,0.0,0.0,0.8214285714285595,0.17391304347826086,0.21739130434782608,0.0,0.0,1.0,0.0,0.0,0.0,0.0,0.0,0.0,0.0,0.0,0.0,0.0,0.0,0.0,0.0,0.0,0.0,0.0,0.0,0.0,0.0,0.0,0.0,0.0,0.0,0.0,0.0,0.0,0.0,1.0,0.0,0.0,0.0,0.0,0.0,0.0,1,26,0
0.7142857142857142,0.6363636363636365,0.3333333333333333,0.25,0.42857142857142855,0.33333333333333337,0.0,0.16666666666666666,0.0,0.0,0.0,0.0,0.8214285714285595,0.17391304347826086,0.21739130434782608,0.0,0.0,1.0,0.0,0.0,0.0,0.0,0.0,0.0,0.0,0.0,0.0,0.0,0.0,0.0,0.0,0.0,0.0,0.0,0.0,0.0,0.0,0.0,0.0,1.0,0.0,0.0,0.0,0.0,0.0,0.0,0.0,0.0,0.0,0.0,0.0,0.0,1,20,0
0.7142857142857142,0.45454545454545453,0.3333333333333333,0.25,0.42857142857142855,0.0,0.0,1.0,0.0,0.0,0.0,1.0,0.9999999999999855,0.21739130434782608,0.2608695652173913,0.0,1.0,0.0,0.0,0.0,0.0,0.0,0.0,0.0,0.0,0.0,0.0,0.0,0.0,0.0,0.0,0.0,0.0,0.0,0.0,0.0,0.0,0.0,0.0,0.0,0.0,0.0,0.0,0.0,0.0,0.0,0.0,0.0,0.0,0.0,0.0,0.0,1,33,0
0.7142857142857142,0.45454545454545453,0.3333333333333333,0.0,0.0,0.0,0.0,0.6666666666666666,0.0,0.0,0.0,0.0,0.8214285714285595,0.2608695652173913,0.30434782608695654,0.0,1.0,0.0,0.0,0.0,0.0,0.0,0.0,0.0,0.0,0.0,0.0,0.0,0.0,0.0,0.0,0.0,0.0,0.0,0.0,0.0,0.0,0.0,0.0,0.0,0.0,0.0,0.0,0.0,0.0,0.0,0.0,0.0,0.0,0.0,0.0,0.0,1,33,0
0.7142857142857142,0.5454545454545454,0.3333333333333333,0.0,0.14285714285714285,0.0,0.8333333333333334,0.0,0.0,0.0,0.0,1.0,0.999999999999987,0.34782608695652173,0.391304347826087,0.0,1.0,0.0,0.0,0.0,1.0,0.0,0.0,0.0,0.0,0.0,0.0,0.0,0.0,0.0,0.0,0.0,0.0,0.0,0.0,0.0,0.0,0.0,0.0,0.0,0.0,0.0,0.0,0.0,0.0,0.0,0.0,0.0,0.0,0.0,0.0,0.0,0,1,0
0.7142857142857142,0.5454545454545454,0.3333333333333333,0.0,0.0,0.0,0.5,0.0,0.0,0.0,0.0,1.0,0.8214285714285595,0.41304347826086957,0.43478260869565216,0.0,1.0,0.0,0.0,0.0,1.0,0.0,0.0,0.0,0.0,0.0,0.0,0.0,0.0,0.0,0.0,0.0,0.0,0.0,0.0,0.0,0.0,0.0,0.0,0.0,0.0,0.0,0.0,0.0,0.0,0.0,0.0,0.0,0.0,0.0,0.0,0.0,0,1,0
0.7142857142857142,0.5454545454545454,0.3333333333333333,0.25,0.0,0.16666666666666666,0.75,0.0,0.0,0.0,0.0,1.0,0.9107142857142709,0.43478260869565216,0.4782608695652174,0.0,1.0,0.0,0.0,0.0,1.0,0.0,0.0,0.0,0.0,0.0,0.0,0.0,0.0,0.0,0.0,0.0,0.0,0.0,0.0,0.0,0.0,0.0,0.0,0.0,0.0,0.0,0.0,0.0,0.0,0.0,0.0,0.0,0.0,0.0,0.0,0.0,0,1,0
1.0,0.5454545454545454,0.3333333333333333,0.25,0.0,0.16666666666666666,0.16666666666666666,0.0,0.0,0.0,0.0,1.0,0.9107142857142725,0.9130434782608696,0.9565217391304348,0.0,0.0,1.0,0.0,0.0,1.0,0.0,0.0,0.0,0.0,0.0,0.0,0.0,0.0,0.0,0.0,0.0,0.0,0.0,0.0,0.0,0.0,0.0,0.0,0.0,0.0,0.0,0.0,0.0,0.0,0.0,0.0,0.0,0.0,0.0,0.0,0.0,0,1,0
1.0,0.5454545454545454,0.3333333333333333,0.25,0.0,0.16666666666666666,0.0,0.0,0.0,0.0,0.5,0.0,0.8214285714285595,0.9130434782608696,0.9565217391304348,0.0,0.0,1.0,0.0,0.0,0.0,0.0,0.0,0.0,0.0,0.0,0.0,0.0,0.0,0.0,0.0,0.0,0.0,0.0,0.0,0.0,0.0,0.0,0.0,0.0,0.0,0.0,0.0,0.0,0.0,0.0,0.0,0.0,0.0,0.0,0.0,0.0,0,33,0
1.0,0.5454545454545454,0.3333333333333333,0.5,0.0,0.5,0.0,0.0,0.0,0.0,0.3333333333333333,1.0,0.8660714285714154,0.9565217391304348,1.0,0.0,0.0,1.0,0.0,0.0,0.0,0.0,0.0,0.0,0.0,0.0,0.0,0.0,0.0,0.0,0.0,0.0,0.0,0.0,0.0,0.0,0.0,0.0,0.0,0.0,0.0,0.0,0.0,0.0,0.0,0.0,0.0,0.0,0.0,0.0,0.0,0.0,0,33,0
1.0,0.5454545454545454,1.0,0.5,0.0,0.33333333333333337,0.0,1.0,0.0,0.0,0.0,1.0,0.8809523809523686,1.0,0.0,0.0,0.0,1.0,0.0,0.0,0.0,0.0,0.0,0.0,0.0,0.0,0.0,0.0,0.0,0.0,0.0,0.0,0.0,0.0,0.0,0.0,0.0,0.0,0.0,1.0,0.0,0.0,0.0,0.0,0.0,0.0,0.0,0.0,0.0,0.0,0.0,0.0,1,20,0
0.14285714285714285,0.5454545454545454,0.3333333333333333,0.5,0.0,0.0,0.0,1.0,0.0,0.0,0.0,1.0,1.0,0.0,0.043478260869565216,0.0,0.0,1.0,0.0,0.0,0.0,0.0,0.0,0.0,0.0,0.0,0.0,0.0,0.0,0.0,0.0,0.0,0.0,0.0,0.0,0.0,0.0,0.0,0.0,1.0,0.0,0.0,0.0,0.0,0.0,0.0,0.0,0.0,0.0,0.0,0.0,0.0,1,20,0
0.14285714285714285,0.5454545454545454,0.3333333333333333,0.5,0.8571428571428571,0.8333333333333334,0.0,0.0,0.0,0.0,0.25,1.0,0.8511904761904663,0.08695652173913043,0.13043478260869565,0.0,0.0,1.0,0.0,0.0,0.0,0.0,0.0,0.0,0.0,0.0,0.0,0.0,0.0,0.0,0.0,0.0,0.0,0.0,0.0,0.0,0.0,0.0,0.0,0.0,0.0,0.0,0.0,0.0,0.0,0.0,0.0,0.0,0.0,0.0,0.0,0.0,0,33,0
0.14285714285714285,0.5454545454545454,0.3333333333333333,0.5,0.5714285714285714,0.5,0.0,0.0,0.0,0.0,0.16666666666666666,1.0,0.8660714285714087,0.17391304347826086,0.21739130434782608,0.0,0.0,1.0,0.0,0.0,0.0,0.0,0.0,0.0,0.0,0.0,0.0,0.0,0.0,0.0,0.0,0.0,0.0,0.0,0.0,0.0,0.0,0.0,0.0,0.0,0.0,0.0,0.0,0.0,0.0,0.0,0.0,0.0,0.0,0.0,0.0,0.0,0,33,0
0.14285714285714285,0.5454545454545454,0.3333333333333333,0.5,0.7142857142857142,0.6666666666666666,0.0,0.0,0.0,0.25,0.0,1.0,0.8571428571428448,0.21739130434782608,0.2608695652173913,0.0,1.0,0.0,0.0,0.0,0.0,0.0,0.0,0.0,0.0,0.0,0.0,0.0,0.0,0.0,0.0,0.0,0.0,0.0,0.0,0.0,0.0,0.0,0.0,0.0,0.0,0.0,0.0,0.0,0.0,0.0,0.0,0.0,0.0,0.0,0.0,0.0,0,33,0
0.14285714285714285,0.5454545454545454,0.3333333333333333,0.5,0.14285714285714285,0.0,0.0,0.8333333333333334,0.0,0.0,0.0,1.0,0.999999999999987,0.2608695652173913,0.30434782608695654,0.0,1.0,0.0,0.0,0.0,0.0,0.0,0.0,0.0,0.0,0.0,0.0,0.0,0.0,0.0,0.0,0.0,0.0,0.0,0.0,0.0,0.0,0.0,0.0,0.0,0.0,0.0,0.0,0.0,0.0,0.0,0.0,0.0,0.0,1.0,0.0,0.0,1,30,0
0.14285714285714285,0.45454545454545453,0.3333333333333333,0.5,0.5714285714285714,0.5,0.15,0.0,0.0,0.0,0.0,1.0,0.8660714285714164,0.34782608695652173,0.391304347826087,0.0,1.0,0.0,0.0,0.0,0.0,0.0,1.0,0.0,0.0,0.0,0.0,0.0,0.0,0.0,0.0,0.0,0.0,0.0,0.0,0.0,0.0,0.0,0.0,0.0,0.0,0.0,0.0,0.0,0.0,0.0,0.0,0.0,0.0,0.0,0.0,0.0,0,3,0
0.14285714285714285,0.45454545454545453,0.3333333333333333,0.5,0.5714285714285714,0.5,0.0,0.06666666666666667,0.0,0.0,0.0,0.0,0.8214285714285595,0.34782608695652173,0.391304347826087,0.0,1.0,0.0,0.0,0.0,0.0,0.0,0.0,0.0,0.0,0.0,0.0,0.0,0.0,0.0,0.0,0.0,0.0,0.0,0.0,0.0,0.0,0.0,0.0,0.0,0.0,0.0,0.0,0.0,0.0,0.0,0.0,1.0,0.0,0.0,0.0,0.0,1,28,0
0.14285714285714285,0.45454545454545453,0.3333333333333333,0.5,0.42857142857142855,0.33333333333333337,0.2,0.0,0.0,0.0,0.0,1.0,0.8511904761904644,0.41304347826086957,0.43478260869565216,0.0,1.0,0.0,0.0,0.0,0.0,0.0,1.0,0.0,0.0,0.0,0.0,0.0,0.0,0.0,0.0,0.0,0.0,0.0,0.0,0.0,0.0,0.0,0.0,0.0,0.0,0.0,0.0,0.0,0.0,0.0,0.0,0.0,0.0,0.0,0.0,0.0,0,3,0
0.14285714285714285,0.45454545454545453,0.3333333333333333,0.5,0.5714285714285714,0.5,0.16666666666666666,0.0,0.0,0.0,0.0,1.0,0.8660714285714153,0.43478260869565216,0.4782608695652174,0.0,1.0,0.0,0.0,0.0,0.0,0.0,0.0,0.0,0.0,0.0,0.0,0.0,0.0,0.0,0.0,0.0,0.0,0.0,0.0,0.0,0.0,0.0,0.0,1.0,0.0,0.0,0.0,0.0,0.0,0.0,0.0,0.0,0.0,0.0,0.0,0.0,0,20,0
0.14285714285714285,0.45454545454545453,0.3333333333333333,0.5,0.5714285714285714,0.5,0.0,0.1,0.0,0.0,0.0,0.0,0.8214285714285595,0.43478260869565216,0.4782608695652174,0.0,1.0,0.0,0.0,0.0,0.0,0.0,1.0,0.0,0.0,0.0,0.0,0.0,0.0,0.0,0.0,0.0,0.0,0.0,0.0,0.0,0.0,0.0,0.0,0.0,0.0,0.0,0.0,0.0,0.0,0.0,0.0,0.0,0.0,0.0,0.0,0.0,1,3,0
0.14285714285714285,0.45454545454545453,0.3333333333333333,0.5,0.7142857142857142,0.8333333333333334,0.2,0.0,0.0,0.0,0.0,1.0,0.8511904761904641,0.4782608695652174,0.5217391304347826,0.0,1.0,0.0,0.0,0.0,0.0,0.0,0.0,0.0,0.0,0.0,0.0,0.0,0.0,0.0,0.0,0.0,0.0,0.0,0.0,0.0,0.0,0.0,0.0,1.0,0.0,0.0,0.0,0.0,0.0,0.0,0.0,0.0,0.0,0.0,0.0,0.0,0,20,0
0.14285714285714285,0.45454545454545453,0.3333333333333333,0.5,0.42857142857142855,0.33333333333333337,0.2,0.0,0.0,0.0,0.0,1.0,0.8809523809523686,0.5217391304347826,0.5652173913043478,0.0,1.0,0.0,0.0,0.0,1.0,0.0,0.0,0.0,0.0,0.0,0.0,0.0,0.0,0.0,0.0,0.0,0.0,0.0,0.0,0.0,0.0,0.0,0.0,0.0,0.0,0.0,0.0,0.0,0.0,0.0,0.0,0.0,0.0,0.0,0.0,0.0,0,1,0
0.14285714285714285,0.45454545454545453,0.3333333333333333,0.5,0.42857142857142855,0.33333333333333337,0.0,0.16666666666666666,0.0,0.0,0.0,0.0,0.8214285714285595,0.5217391304347826,0.5652173913043478,0.0,1.0,0.0,0.0,0.0,0.0,0.0,0.0,0.0,0.0,0.0,1.0,0.0,0.0,0.0,0.0,0.0,0.0,0.0,0.0,0.0,0.0,0.0,0.0,0.0,0.0,0.0,0.0,0.0,0.0,0.0,0.0,0.0,0.0,0.0,0.0,0.0,1,7,0
0.14285714285714285,0.6363636363636365,0.3333333333333333,0.5,0.14285714285714285,0.0,0.5,0.0,0.0,0.0,0.0,1.0,0.9999999999999858,0.5652173913043478,0.6086956521739131,0.0,0.0,0.0,1.0,0.0,1.0,0.0,0.0,0.0,0.0,0.0,0.0,0.0,0.0,0.0,0.0,0.0,0.0,0.0,0.0,0.0,0.0,0.0,0.0,0.0,0.0,0.0,0.0,0.0,0.0,0.0,0.0,0.0,0.0,0.0,0.0,0.0,0,1,0
0.14285714285714285,0.6363636363636365,0.3333333333333333,0.5,0.14285714285714285,0.0,0.0,0.0,0.0,0.25,0.0,0.0,0.8214285714285595,0.5652173913043478,0.6086956521739131,0.0,0.0,0.0,1.0,0.0,0.0,0.0,0.0,0.0,0.0,0.0,0.0,0.0,0.0,0.0,0.0,0.0,0.0,0.0,0.0,0.0,0.0,0.0,0.0,0.0,0.0,0.0,0.0,0.0,0.0,0.0,0.0,0.0,0.0,0.0,0.0,0.0,0,33,0
0.14285714285714285,0.6363636363636365,0.3333333333333333,0.5,0.14285714285714285,0.0,0.0,0.08333333333333333,0.0,0.0,0.0,0.0,0.8214285714285595,0.5652173913043478,0.6086956521739131,0.0,0.0,0.0,1.0,0.0,0.0,0.0,0.0,0.0,0.0,0.0,0.0,0.0,0.0,0.0,0.0,0.0,0.0,0.0,0.0,0.0,0.0,0.0,0.0,0.0,0.0,0.0,0.0,0.0,0.0,1.0,0.0,0.0,0.0,0.0,0.0,0.0,1,26,0
0.14285714285714285,0.6363636363636365,0.3333333333333333,0.5,0.2857142857142857,0.16666666666666666,0.0,0.0,0.0,0.0,0.5833333333333334,1.0,0.9107142857142725,0.6086956521739131,0.6521739130434783,0.0,0.0,0.0,1.0,0.0,0.0,0.0,0.0,0.0,0.0,0.0,0.0,0.0,0.0,0.0,0.0,0.0,0.0,0.0,0.0,0.0,0.0,0.0,0.0,0.0,0.0,0.0,0.0,0.0,0.0,0.0,0.0,0.0,0.0,0.0,0.0,0.0,0,33,0
0.14285714285714285,0.6363636363636365,0.3333333333333333,0.5,0.2857142857142857,0.16666666666666666,0.0,0.08333333333333333,0.0,0.0,0.0,0.0,0.8214285714285595,0.6086956521739131,0.6521739130434783,0.0,0.0,0.0,1.0,0.0,0.0,0.0,0.0,0.0,0.0,0.0,0.0,0.0,0.0,0.0,0.0,0.0,0.0,0.0,0.0,0.0,0.0,0.0,0.0,0.0,0.0,0.0,0.0,0.0,0.0,1.0,0.0,0.0,0.0,0.0,0.0,0.0,1,26,0
0.14285714285714285,0.6363636363636365,0.3333333333333333,0.5,0.7142857142857142,0.6666666666666666,0.0,0.08333333333333333,0.0,0.0,0.0,0.0,0.8214285714285595,0.782608695652174,0.8260869565217391,0.0,0.0,0.0,1.0,0.0,0.0,0.0,0.0,0.0,0.0,0.0,0.0,0.0,0.0,0.0,0.0,0.0,0.0,0.0,0.0,0.0,0.0,0.0,0.0,0.0,0.0,0.0,0.0,0.0,0.0,1.0,0.0,0.0,0.0,0.0,0.0,0.0,1,26,0
0.14285714285714285,0.6363636363636365,0.3333333333333333,0.5,0.7142857142857142,0.6666666666666666,0.0,0.08333333333333333,0.0,0.0,0.0,0.0,0.8214285714285595,0.8260869565217391,0.8695652173913043,0.0,0.0,0.0,1.0,0.0,0.0,0.0,0.0,0.0,0.0,0.0,0.0,0.0,0.0,0.0,0.0,0.0,0.0,0.0,0.0,0.0,0.0,0.0,0.0,0.0,0.0,0.0,0.0,0.0,0.0,1.0,0.0,0.0,0.0,0.0,0.0,0.0,1,26,0
0.14285714285714285,0.6363636363636365,0.3333333333333333,0.5,1.0,0.9999999999999999,0.0,0.11666666666666667,0.0,0.0,0.0,1.0,0.8469387755101915,0.9565217391304348,1.0,0.0,0.0,1.0,0.0,0.0,0.0,0.0,0.0,0.0,0.0,0.0,0.0,0.0,0.0,0.0,0.0,0.0,0.0,0.0,0.0,0.0,0.0,0.0,0.0,0.0,0.0,0.0,0.0,0.0,0.0,0.0,0.0,1.0,0.0,0.0,0.0,0.0,1,28,0
0.14285714285714285,0.6363636363636365,0.3333333333333333,0.5,0.7142857142857142,0.6666666666666666,0.0,0.3333333333333333,0.0,0.0,0.0,1.0,0.857142857142845,1.0,0.0,0.0,0.0,1.0,0.0,0.0,0.0,0.0,0.0,0.0,0.0,0.0,0.0,0.0,0.0,0.0,0.0,0.0,0.0,0.0,0.0,0.0,0.0,0.0,0.0,0.0,0.0,0.0,0.0,0.0,0.0,0.0,0.0,0.0,0.0,1.0,0.0,0.0,1,30,0
0.2857142857142857,0.6363636363636365,0.3333333333333333,0.5,0.5714285714285714,0.5,0.0,0.5,0.0,0.0,0.0,0.0,0.8214285714285595,0.08695652173913043,0.13043478260869565,0.0,0.0,1.0,0.0,0.0,0.0,0.0,0.0,0.0,0.0,0.0,0.0,0.0,0.0,0.0,0.0,0.0,0.0,0.0,0.0,0.0,0.0,0.0,0.0,1.0,0.0,0.0,0.0,0.0,0.0,0.0,0.0,0.0,0.0,0.0,0.0,0.0,1,20,0
0.2857142857142857,0.5454545454545454,0.3333333333333333,0.0,0.0,0.5,0.0,1.0,0.0,0.0,0.0,1.0,0.8214285714285595,0.13043478260869565,0.17391304347826086,0.0,0.0,1.0,0.0,0.0,0.0,0.0,0.0,0.0,0.0,0.0,0.0,0.0,0.0,0.0,0.0,0.0,0.0,0.0,0.0,0.0,0.0,0.0,0.0,1.0,0.0,0.0,0.0,0.0,0.0,0.0,0.0,0.0,0.0,0.0,0.0,0.0,1,20,0
0.2857142857142857,0.5454545454545454,0.3333333333333333,0.0,0.14285714285714285,0.0,0.0,0.5,0.0,0.0,0.0,1.0,0.9999999999999563,0.17391304347826086,0.21739130434782608,0.0,0.0,1.0,0.0,0.0,0.0,0.0,0.0,0.0,0.0,0.0,0.0,0.0,0.0,0.0,0.0,0.0,0.0,0.0,0.0,0.0,0.0,0.0,0.0,1.0,0.0,0.0,0.0,0.0,0.0,0.0,0.0,0.0,0.0,0.0,0.0,0.0,1,20,0
0.0,0.5454545454545454,0.3333333333333333,0.375,0.2857142857142857,0.6666666666666666,0.0,0.0,0.0,0.25,0.0,1.0,0.8571428571428448,0.21739130434782608,0.2608695652173913,0.0,1.0,0.0,0.0,0.0,0.0,0.0,0.0,0.0,0.0,0.0,0.0,0.0,0.0,0.0,0.0,0.0,0.0,0.0,0.0,0.0,0.0,0.0,0.0,0.0,0.0,0.0,0.0,0.0,0.0,0.0,0.0,0.0,0.0,0.0,0.0,0.0,0,33,0
0.0,0.5454545454545454,0.3333333333333333,0.375,0.7142857142857142,0.6666666666666666,0.0,0.0,0.0,0.16666666666666666,0.0,1.0,0.8571428571428448,0.2608695652173913,0.30434782608695654,0.0,1.0,0.0,0.0,0.0,0.0,0.0,0.0,0.0,0.0,0.0,0.0,0.0,0.0,0.0,0.0,0.0,0.0,0.0,0.0,0.0,0.0,0.0,0.0,0.0,0.0,0.0,0.0,0.0,0.0,0.0,0.0,0.0,1.0,0.0,0.0,0.0,0,29,0
0.2857142857142857,0.45454545454545453,0.3333333333333333,0.375,0.5714285714285714,0.5,0.0,0.0,0.0,0.25,0.0,1.0,0.8660714285714161,0.34782608695652173,0.391304347826087,0.0,1.0,0.0,0.0,0.0,0.0,0.0,0.0,0.0,0.0,0.0,0.0,0.0,0.0,0.0,0.0,0.0,0.0,0.0,0.0,0.0,0.0,0.0,0.0,0.0,0.0,0.0,0.0,0.0,0.0,1.0,0.0,0.0,0.0,0.0,0.0,0.0,0,26,0
0.2857142857142857,0.45454545454545453,0.3333333333333333,0.375,0.42857142857142855,0.33333333333333337,0.0,0.0,0.0,0.3333333333333333,0.0,1.0,0.8809523809523682,0.43478260869565216,0.4782608695652174,0.0,1.0,0.0,0.0,0.0,0.0,0.0,0.0,0.0,0.0,0.0,0.0,0.0,0.0,0.0,0.0,0.0,0.0,0.0,0.0,0.0,0.0,0.0,0.0,0.0,0.0,0.0,0.0,0.0,0.0,0.0,0.0,0.0,1.0,0.0,0.0,0.0,0,29,0
0.2857142857142857,0.45454545454545453,0.3333333333333333,0.375,0.42857142857142855,0.33333333333333337,0.0,0.0,0.0,0.25,0.0,0.0,0.8214285714285595,0.43478260869565216,0.4782608695652174,0.0,1.0,0.0,0.0,0.0,0.0,0.0,0.0,0.0,0.0,0.0,0.0,0.0,0.0,0.0,0.0,0.0,0.0,0.0,0.0,0.0,0.0,0.0,0.0,0.0,0.0,0.0,0.0,0.0,0.0,0.0,0.0,0.0,0.0,0.0,0.0,0.0,0,33,0
0.2857142857142857,0.909090909090909,0.3333333333333333,0.5,0.7142857142857142,0.5,0.0,0.0,0.0,0.25,0.0,1.0,0.8660714285714161,0.5652173913043478,0.6086956521739131,0.0,0.0,0.0,1.0,0.0,0.0,0.0,0.0,0.0,0.0,0.0,0.0,0.0,0.0,0.0,0.0,0.0,0.0,0.0,0.0,0.0,0.0,0.0,0.0,0.0,0.0,0.0,0.0,0.0,0.0,0.0,0.0,0.0,0.0,0.0,0.0,0.0,0,33,0
0.2857142857142857,0.909090909090909,0.3333333333333333,0.5,0.7142857142857142,0.5,0.0,0.18333333333333332,0.0,0.0,0.0,0.0,0.8214285714285595,0.5652173913043478,0.6086956521739131,0.0,0.0,0.0,1.0,0.0,0.0,0.0,0.0,0.0,0.0,0.0,0.0,0.0,0.0,0.0,0.0,0.0,0.0,0.0,0.0,0.0,0.0,0.0,0.0,0.0,1.0,0.0,0.0,0.0,0.0,0.0,0.0,0.0,0.0,0.0,0.0,0.0,1,21,0
0.2857142857142857,0.909090909090909,0.3333333333333333,0.5,0.2857142857142857,0.16666666666666666,0.0,0.5833333333333334,0.0,0.0,0.0,1.0,0.9107142857142725,0.6086956521739131,0.6521739130434783,0.0,0.0,0.0,1.0,0.0,0.0,0.0,0.0,0.0,0.0,0.0,0.0,0.0,0.0,0.0,0.0,0.0,0.0,0.0,0.0,0.0,0.0,0.0,0.0,0.0,0.0,0.0,0.0,0.0,0.0,0.0,0.0,0.0,0.0,1.0,0.0,0.0,1,30,0
0.2857142857142857,0.909090909090909,0.3333333333333333,0.5,0.2857142857142857,0.16666666666666666,0.0,0.08333333333333333,0.0,0.0,0.0,0.0,0.8214285714285595,0.6086956521739131,0.6521739130434783,0.0,0.0,0.0,1.0,0.0,0.0,0.0,0.0,0.0,0.0,0.0,0.0,0.0,0.0,0.0,0.0,0.0,0.0,0.0,0.0,0.0,0.0,0.0,0.0,0.0,0.0,0.0,0.0,0.0,0.0,0.0,0.0,0.0,1.0,0.0,0.0,0.0,1,29,0
0.2857142857142857,0.909090909090909,0.3333333333333333,0.5,0.2857142857142857,0.16666666666666666,0.0,0.05,0.0,0.0,0.0,0.0,0.8214285714285595,0.6086956521739131,0.6521739130434783,0.0,0.0,0.0,1.0,0.0,0.0,0.0,1.0,0.0,0.0,0.0,0.0,0.0,0.0,0.0,0.0,0.0,0.0,0.0,0.0,0.0,0.0,0.0,0.0,0.0,0.0,0.0,0.0,0.0,0.0,0.0,0.0,0.0,0.0,0.0,0.0,0.0,1,3,0
0.2857142857142857,0.909090909090909,0.3333333333333333,0.5,0.5714285714285714,0.5,0.0,0.25,0.0,0.0,0.0,1.0,0.8660714285714161,0.6956521739130435,0.7391304347826088,0.0,0.0,0.0,1.0,0.0,0.0,0.0,0.0,0.0,0.0,0.0,0.0,0.0,0.0,0.0,0.0,0.0,0.0,0.0,0.0,0.0,0.0,0.0,0.0,0.0,0.0,0.0,0.0,0.0,0.0,0.0,0.0,0.0,1.0,0.0,0.0,0.0,1,29,0
0.2857142857142857,0.909090909090909,0.3333333333333333,0.5,0.5714285714285714,0.5,0.0,0.08333333333333333,0.0,0.0,0.0,0.0,0.8214285714285595,0.6956521739130435,0.7391304347826088,0.0,0.0,0.0,1.0,0.0,0.0,0.0,0.0,0.0,0.0,0.0,0.0,0.0,0.0,0.0,0.0,0.0,0.0,0.0,0.0,0.0,0.0,0.0,0.0,0.0,0.0,0.0,0.0,0.0,0.0,0.0,0.0,0.0,0.0,1.0,0.0,0.0,1,30,0
0.2857142857142857,0.909090909090909,0.3333333333333333,0.5,0.2857142857142857,0.16666666666666666,0.0,0.05,0.0,0.0,0.0,1.0,0.8660714285714158,0.7391304347826088,0.7608695652173914,0.0,0.0,0.0,1.0,0.0,0.0,0.0,0.0,0.0,0.0,0.0,0.0,0.0,0.0,0.0,0.0,0.0,0.0,0.0,0.0,0.0,0.0,0.0,0.0,0.0,0.0,0.0,0.0,0.0,0.0,0.0,0.0,0.0,1.0,0.0,0.0,0.0,1,29,0
0.2857142857142857,0.909090909090909,0.3333333333333333,0.5,0.2857142857142857,0.16666666666666666,0.0,0.0,0.0,0.0,0.16666666666666666,0.0,0.8214285714285595,0.7391304347826088,0.7608695652173914,0.0,0.0,0.0,1.0,0.0,0.0,0.0,1.0,0.0,0.0,0.0,0.0,0.0,0.0,0.0,0.0,0.0,0.0,0.0,0.0,0.0,0.0,0.0,0.0,0.0,0.0,0.0,0.0,0.0,0.0,0.0,0.0,0.0,0.0,0.0,0.0,0.0,0,3,0
0.2857142857142857,0.909090909090909,0.3333333333333333,0.5,0.2857142857142857,0.16666666666666666,0.0,0.55,0.0,0.0,0.0,1.0,0.9107142857142725,0.782608695652174,0.8260869565217391,0.0,0.0,0.0,1.0,0.0,0.0,0.0,0.0,0.0,0.0,0.0,0.0,0.0,0.0,0.0,0.0,0.0,0.0,0.0,0.0,0.0,0.0,0.0,0.0,0.0,0.0,0.0,0.0,0.0,0.0,0.0,0.0,0.0,1.0,0.0,0.0,0.0,1,29,0
0.2857142857142857,0.909090909090909,0.3333333333333333,0.5,0.2857142857142857,0.16666666666666666,0.0,0.0,0.0,0.0,0.16666666666666666,0.0,0.8214285714285595,0.782608695652174,0.8260869565217391,0.0,0.0,0.0,1.0,0.0,0.0,0.0,1.0,0.0,0.0,0.0,0.0,0.0,0.0,0.0,0.0,0.0,0.0,0.0,0.0,0.0,0.0,0.0,0.0,0.0,0.0,0.0,0.0,0.0,0.0,0.0,0.0,0.0,0.0,0.0,0.0,0.0,0,3,0
0.2857142857142857,0.909090909090909,0.3333333333333333,0.5,0.2857142857142857,0.5,0.0,0.0,0.0,0.08333333333333333,0.0,1.0,0.8660714285714161,0.8260869565217391,0.8695652173913043,0.0,0.0,0.0,1.0,0.0,0.0,0.0,0.0,0.0,0.0,0.0,0.0,0.0,0.0,0.0,0.0,0.0,0.0,0.0,0.0,0.0,0.0,0.0,0.0,0.0,0.0,0.0,0.0,0.0,0.0,1.0,0.0,0.0,0.0,0.0,0.0,0.0,0,26,0
0.2857142857142857,0.909090909090909,0.3333333333333333,0.5,0.2857142857142857,0.5,0.0,0.0,0.0,0.08333333333333333,0.0,0.0,0.8214285714285595,0.8260869565217391,0.8695652173913043,0.0,0.0,0.0,1.0,0.0,0.0,0.0,0.0,0.0,0.0,0.0,0.0,0.0,0.0,0.0,0.0,0.0,0.0,0.0,0.0,0.0,0.0,0.0,0.0,0.0,0.0,0.0,1.0,0.0,0.0,0.0,0.0,0.0,0.0,0.0,0.0,0.0,0,23,0
0.2857142857142857,0.909090909090909,0.3333333333333333,0.5,0.2857142857142857,0.5,0.0,0.0,0.0,0.25,0.0,0.0,0.8214285714285595,0.8260869565217391,0.8695652173913043,0.0,0.0,0.0,1.0,0.0,0.0,0.0,0.0,0.0,0.0,0.0,0.0,0.0,0.0,0.0,0.0,0.0,0.0,0.0,0.0,0.0,0.0,0.0,0.0,0.0,0.0,0.0,0.0,0.0,0.0,0.0,0.0,0.0,0.0,0.0,0.0,0.0,0,33,0
0.2857142857142857,1.0,0.3333333333333333,0.25,1.0,0.16666666666666666,0.3333333333333333,0.0,0.0,0.0,0.0,1.0,0.9107142857142725,0.9130434782608696,0.9565217391304348,0.0,0.0,1.0,0.0,0.0,1.0,0.0,0.0,0.0,0.0,0.0,0.0,0.0,0.0,0.0,0.0,0.0,0.0,0.0,0.0,0.0,0.0,0.0,0.0,0.0,0.0,0.0,0.0,0.0,0.0,0.0,0.0,0.0,0.0,0.0,0.0,0.0,0,1,0
0.2857142857142857,1.0,0.3333333333333333,0.25,1.0,0.16666666666666666,0.3333333333333333,0.0,0.0,0.0,0.0,0.0,0.8214285714285595,0.9130434782608696,0.9565217391304348,0.0,0.0,1.0,0.0,0.0,1.0,0.0,0.0,0.0,0.0,0.0,0.0,0.0,0.0,0.0,0.0,0.0,0.0,0.0,0.0,0.0,0.0,0.0,0.0,0.0,0.0,0.0,0.0,0.0,0.0,0.0,0.0,0.0,0.0,0.0,0.0,0.0,0,1,0
0.2857142857142857,0.8181818181818181,0.3333333333333333,0.0,0.0,0.16666666666666666,0.6666666666666666,0.0,0.0,0.0,0.0,1.0,0.8214285714285595,0.9565217391304348,1.0,0.0,0.0,1.0,0.0,0.0,1.0,0.0,0.0,0.0,0.0,0.0,0.0,0.0,0.0,0.0,0.0,0.0,0.0,0.0,0.0,0.0,0.0,0.0,0.0,0.0,0.0,0.0,0.0,0.0,0.0,0.0,0.0,0.0,0.0,0.0,0.0,0.0,0,1,0
0.2857142857142857,0.8181818181818181,0.3333333333333333,0.0,0.0,0.16666666666666666,0.0,0.3333333333333333,0.0,0.0,0.0,0.0,0.8214285714285595,0.9565217391304348,1.0,0.0,0.0,1.0,0.0,0.0,0.0,0.0,0.0,0.0,0.0,0.0,0.0,0.0,0.0,0.0,0.0,0.0,0.0,0.0,0.0,0.0,0.0,0.0,0.0,0.0,0.0,0.0,0.0,0.0,0.0,0.0,0.0,0.0,0.0,0.0,0.0,0.0,1,33,0
0.2857142857142857,0.8181818181818181,0.3333333333333333,0.0,0.42857142857142855,0.33333333333333337,0.25,0.0,0.0,0.0,0.16666666666666666,0.0,0.8214285714285595,1.0,0.0,0.0,0.0,1.0,0.0,0.0,0.0,0.0,0.0,0.0,0.0,0.0,0.0,0.0,0.0,0.0,0.0,0.0,0.0,0.0,0.0,0.0,0.0,0.0,0.0,0.0,0.0,0.0,0.0,0.0,0.0,0.0,0.0,0.0,0.0,0.0,0.0,0.0,0,33,0
0.42857142857142855,0.8181818181818181,0.3333333333333333,0.0,0.5714285714285714,0.5,0.16666666666666666,0.0,0.0,0.0,0.16666666666666666,0.0,0.8214285714285595,0.0,0.043478260869565216,0.0,0.0,1.0,0.0,0.0,0.0,0.0,0.0,0.0,0.0,0.0,0.0,0.0,0.0,0.0,0.0,0.0,0.0,0.0,0.0,0.0,0.0,0.0,0.0,0.0,0.0,0.0,0.0,0.0,0.0,0.0,0.0,0.0,0.0,0.0,0.0,0.0,0,33,0
0.42857142857142855,0.8181818181818181,0.3333333333333333,0.375,0.5714285714285714,0.5,0.16666666666666666,0.0,0.0,0.0,0.16666666666666666,1.0,0.8660714285714197,0.08695652173913043,0.13043478260869565,0.0,0.0,1.0,0.0,0.0,0.0,0.0,0.0,0.0,0.0,0.0,0.0,0.0,0.0,0.0,0.0,0.0,0.0,0.0,0.0,0.0,0.0,0.0,0.0,0.0,0.0,0.0,0.0,0.0,0.0,0.0,0.0,0.0,0.0,0.0,0.0,0.0,0,33,0
0.42857142857142855,0.8181818181818181,0.3333333333333333,0.375,0.5714285714285714,0.33333333333333337,0.0,0.16666666666666666,0.0,0.0,0.0,1.0,0.880952380952373,0.13043478260869565,0.17391304347826086,0.0,0.0,1.0,0.0,0.0,0.0,0.0,0.0,0.0,0.0,0.0,0.0,0.0,0.0,0.0,0.0,0.0,0.0,0.0,0.0,0.0,0.0,0.0,0.0,0.0,0.0,0.0,0.0,0.0,0.0,0.0,0.0,0.0,1.0,0.0,0.0,0.0,1,29,0
0.42857142857142855,0.8181818181818181,0.3333333333333333,0.375,0.5714285714285714,0.33333333333333337,0.16666666666666666,0.0,0.0,0.0,0.0,0.0,0.8214285714285595,0.13043478260869565,0.17391304347826086,0.0,0.0,1.0,0.0,0.0,1.0,0.0,0.0,0.0,0.0,0.0,0.0,0.0,0.0,0.0,0.0,0.0,0.0,0.0,0.0,0.0,0.0,0.0,0.0,0.0,0.0,0.0,0.0,0.0,0.0,0.0,0.0,0.0,0.0,0.0,0.0,0.0,0,1,0
0.42857142857142855,0.8181818181818181,0.3333333333333333,0.25,0.5714285714285714,0.16666666666666666,0.0,0.5,0.0,0.0,0.0,1.0,0.9107142857142579,0.17391304347826086,0.21739130434782608,0.0,0.0,1.0,0.0,0.0,0.0,0.0,0.0,0.0,0.0,0.0,0.0,0.0,0.0,0.0,0.0,0.0,0.0,0.0,0.0,0.0,0.0,0.0,0.0,0.0,0.0,0.0,0.0,0.0,0.0,0.0,0.0,0.0,1.0,0.0,0.0,0.0,1,29,0
0.42857142857142855,0.45454545454545453,0.3333333333333333,0.375,0.5714285714285714,0.33333333333333337,0.0,0.0,0.0,0.23333333333333334,0.0,1.0,0.8809523809523682,0.21739130434782608,0.2608695652173913,0.0,1.0,0.0,0.0,0.0,0.0,0.0,0.0,0.0,0.0,0.0,0.0,0.0,0.0,0.0,0.0,0.0,0.0,0.0,0.0,0.0,0.0,0.0,0.0,0.0,0.0,0.0,0.0,0.0,0.0,0.0,0.0,0.0,0.0,0.0,0.0,0.0,0,33,0
0.42857142857142855,0.45454545454545453,0.3333333333333333,0.375,0.5714285714285714,0.33333333333333337,0.0,0.3333333333333333,0.0,0.0,0.0,0.0,0.8214285714285595,0.21739130434782608,0.2608695652173913,0.0,1.0,0.0,0.0,0.0,0.0,0.0,0.0,0.0,0.0,0.0,0.0,0.0,0.0,0.0,0.0,0.0,0.0,0.0,0.0,0.0,0.0,0.0,0.0,0.0,0.0,0.0,0.0,0.0,0.0,0.0,0.0,0.0,0.0,0.0,0.0,0.0,1,33,0
0.42857142857142855,0.45454545454545453,0.3333333333333333,0.375,0.5714285714285714,0.33333333333333337,0.0,0.25,0.0,0.0,0.0,1.0,0.8809523809523682,0.2608695652173913,0.30434782608695654,0.0,1.0,0.0,0.0,0.0,0.0,0.0,0.0,0.0,0.0,0.0,0.0,0.0,0.0,0.0,0.0,0.0,0.0,0.0,0.0,0.0,0.0,0.0,0.0,0.0,0.0,0.0,0.0,0.0,0.0,0.0,0.0,0.0,0.0,0.0,0.0,0.0,1,33,0
0.42857142857142855,0.45454545454545453,0.3333333333333333,0.375,0.5714285714285714,0.33333333333333337,0.0,0.0,0.0,0.25,0.0,0.0,0.8214285714285595,0.2608695652173913,0.30434782608695654,0.0,1.0,0.0,0.0,0.0,0.0,0.0,0.0,0.0,0.0,0.0,0.0,0.0,0.0,0.0,0.0,0.0,0.0,0.0,0.0,0.0,0.0,0.0,0.0,0.0,0.0,0.0,0.0,0.0,0.0,0.0,0.0,0.0,0.0,0.0,0.0,0.0,0,33,0
0.42857142857142855,0.45454545454545453,0.3333333333333333,0.625,0.5714285714285714,0.6666666666666666,0.0,0.16666666666666666,0.0,0.0,0.0,1.0,0.8571428571428447,0.30434782608695654,0.34782608695652173,0.0,1.0,0.0,0.0,0.0,0.0,0.0,0.0,0.0,0.0,0.0,0.0,0.0,0.0,0.0,0.0,0.0,0.0,0.0,0.0,0.0,0.0,0.0,0.0,0.0,0.0,0.0,0.0,0.0,0.0,0.0,0.0,0.0,1.0,0.0,0.0,0.0,1,29,0
0.42857142857142855,0.45454545454545453,0.3333333333333333,0.625,0.5714285714285714,0.6666666666666666,0.0,0.11666666666666667,0.0,0.0,0.0,0.0,0.8214285714285595,0.30434782608695654,0.34782608695652173,0.0,1.0,0.0,0.0,0.0,0.0,0.0,0.0,0.0,0.0,0.0,0.0,0.0,0.0,0.0,0.0,0.0,0.0,0.0,0.0,0.0,0.0,0.0,0.0,0.0,0.0,0.0,0.0,0.0,0.0,0.0,0.0,0.0,0.0,1.0,0.0,0.0,1,30,0
0.42857142857142855,0.45454545454545453,0.3333333333333333,0.625,0.5714285714285714,0.5,0.0,0.13333333333333333,0.0,0.0,0.0,1.0,0.8660714285714161,0.34782608695652173,0.391304347826087,0.0,1.0,0.0,0.0,0.0,0.0,0.0,0.0,0.0,0.0,0.0,0.0,0.0,0.0,0.0,0.0,0.0,0.0,0.0,0.0,0.0,0.0,0.0,0.0,0.0,0.0,0.0,0.0,0.0,0.0,0.0,0.0,1.0,0.0,0.0,0.0,0.0,1,28,0
0.42857142857142855,0.45454545454545453,0.3333333333333333,0.625,0.8571428571428571,0.8333333333333334,0.0,0.13333333333333333,0.0,0.0,0.0,0.0,0.8214285714285595,0.43478260869565216,0.4782608695652174,0.0,1.0,0.0,0.0,0.0,0.0,0.0,0.0,0.0,0.0,0.0,0.0,0.0,0.0,0.0,0.0,0.0,0.0,0.0,0.0,0.0,0.0,0.0,0.0,0.0,0.0,0.0,0.0,0.0,0.0,0.0,0.0,0.0,1.0,0.0,0.0,0.0,1,29,0
0.42857142857142855,0.45454545454545453,0.3333333333333333,0.625,0.5714285714285714,0.5,0.0,0.16666666666666666,0.0,0.0,0.0,1.0,0.8660714285714161,0.4782608695652174,0.5217391304347826,0.0,1.0,0.0,0.0,0.0,0.0,0.0,0.0,0.0,0.0,0.0,0.0,0.0,0.0,0.0,0.0,0.0,0.0,0.0,0.0,0.0,0.0,0.0,0.0,0.0,0.0,0.0,0.0,0.0,0.0,0.0,0.0,0.0,1.0,0.0,0.0,0.0,1,29,0
0.42857142857142855,0.45454545454545453,0.3333333333333333,0.625,0.5714285714285714,0.5,0.0,0.0,0.0,0.0,0.11666666666666667,0.0,0.8214285714285595,0.4782608695652174,0.5217391304347826,0.0,1.0,0.0,0.0,0.0,0.0,0.0,1.0,0.0,0.0,0.0,0.0,0.0,0.0,0.0,0.0,0.0,0.0,0.0,0.0,0.0,0.0,0.0,0.0,0.0,0.0,0.0,0.0,0.0,0.0,0.0,0.0,0.0,0.0,0.0,0.0,0.0,0,3,0
0.42857142857142855,0.45454545454545453,0.3333333333333333,0.625,0.8571428571428571,0.8333333333333334,0.0,0.08333333333333333,0.0,0.0,0.0,1.0,0.8511904761904638,0.5217391304347826,0.5652173913043478,0.0,1.0,0.0,0.0,0.0,0.0,0.0,0.0,0.0,0.0,0.0,0.0,0.0,0.0,0.0,0.0,0.0,0.0,0.0,0.0,0.0,0.0,0.0,0.0,0.0,0.0,0.0,0.0,0.0,0.0,0.0,0.0,0.0,0.0,1.0,0.0,0.0,1,30,0
0.42857142857142855,0.45454545454545453,0.3333333333333333,0.625,0.8571428571428571,0.8333333333333334,0.0,0.25,0.0,0.0,0.0,0.0,0.8214285714285595,0.5217391304347826,0.5652173913043478,0.0,1.0,0.0,0.0,0.0,0.0,0.0,0.0,0.0,0.0,0.0,0.0,0.0,0.0,0.0,0.0,0.0,0.0,0.0,0.0,0.0,0.0,0.0,0.0,0.0,0.0,0.0,0.0,0.0,0.0,0.0,0.0,0.0,0.0,1.0,0.0,0.0,1,30,0
0.42857142857142855,0.6363636363636365,0.3333333333333333,0.625,0.42857142857142855,0.5,0.0,0.16666666666666666,0.0,0.0,0.0,1.0,0.8660714285714161,0.6956521739130435,0.7391304347826088,0.0,0.0,0.0,1.0,0.0,0.0,0.0,0.0,0.0,0.0,0.0,0.0,0.0,0.0,0.0,0.0,0.0,0.0,0.0,0.0,0.0,1.0,0.0,0.0,0.0,0.0,0.0,0.0,0.0,0.0,0.0,0.0,0.0,0.0,0.0,0.0,0.0,1,17,0
0.42857142857142855,0.6363636363636365,0.3333333333333333,0.625,0.42857142857142855,0.5,0.0,0.0,0.0,0.25,0.0,0.0,0.8214285714285595,0.6956521739130435,0.7391304347826088,0.0,0.0,0.0,1.0,0.0,0.0,0.0,0.0,0.0,0.0,0.0,0.0,0.0,0.0,0.0,0.0,0.0,0.0,0.0,0.0,0.0,1.0,0.0,0.0,0.0,0.0,0.0,0.0,0.0,0.0,0.0,0.0,0.0,0.0,0.0,0.0,0.0,0,17,0
0.42857142857142855,0.6363636363636365,0.3333333333333333,0.25,0.42857142857142855,0.16666666666666666,0.0,0.0,0.0,0.2,0.0,0.0,0.8214285714285595,0.7391304347826088,0.7608695652173914,0.0,0.0,0.0,1.0,0.0,0.0,0.0,0.0,0.0,0.0,0.0,0.0,0.0,0.0,0.0,0.0,0.0,0.0,0.0,0.0,0.0,1.0,0.0,0.0,0.0,0.0,0.0,0.0,0.0,0.0,0.0,0.0,0.0,0.0,0.0,0.0,0.0,0,17,0
0.42857142857142855,0.6363636363636365,0.3333333333333333,0.5,0.42857142857142855,0.5,0.0,0.05,0.0,0.0,0.0,1.0,0.866071428571416,0.782608695652174,0.8260869565217391,0.0,0.0,0.0,1.0,0.0,0.0,0.0,1.0,0.0,0.0,0.0,0.0,0.0,0.0,0.0,0.0,0.0,0.0,0.0,0.0,0.0,0.0,0.0,0.0,0.0,0.0,0.0,0.0,0.0,0.0,0.0,0.0,0.0,0.0,0.0,0.0,0.0,1,3,0
0.42857142857142855,0.6363636363636365,0.3333333333333333,0.5,0.42857142857142855,0.5,0.0,0.08333333333333333,0.0,0.0,0.0,0.0,0.8214285714285595,0.782608695652174,0.8260869565217391,0.0,0.0,0.0,1.0,0.0,0.0,0.0,0.0,0.0,0.0,0.0,0.0,0.0,0.0,0.0,0.0,0.0,0.0,0.0,0.0,0.0,0.0,0.0,0.0,0.0,0.0,0.0,0.0,0.0,0.0,0.0,1.0,0.0,0.0,0.0,0.0,0.0,1,27,0
0.42857142857142855,0.6363636363636365,0.3333333333333333,0.5,0.42857142857142855,0.5,0.0,0.0,0.0,0.25,0.0,0.0,0.8214285714285595,0.782608695652174,0.8260869565217391,0.0,0.0,0.0,1.0,0.0,0.0,0.0,0.0,0.0,0.0,0.0,0.0,0.0,0.0,0.0,0.0,0.0,0.0,0.0,0.0,0.0,0.0,0.0,0.0,0.0,0.0,0.0,0.0,0.0,0.0,0.0,0.0,0.0,0.0,0.0,0.0,0.0,0,33,0
0.42857142857142855,0.6363636363636365,0.3333333333333333,0.75,0.42857142857142855,0.8333333333333334,0.0,0.13333333333333333,0.0,0.0,0.0,1.0,0.851190476190464,0.8260869565217391,0.8695652173913043,0.0,0.0,0.0,1.0,0.0,0.0,0.0,0.0,0.0,0.0,0.0,0.0,0.0,0.0,0.0,0.0,0.0,0.0,0.0,0.0,0.0,1.0,0.0,0.0,0.0,0.0,0.0,0.0,0.0,0.0,0.0,0.0,0.0,0.0,0.0,0.0,0.0,1,17,0
0.42857142857142855,0.6363636363636365,0.3333333333333333,0.625,0.42857142857142855,0.6666666666666666,0.0,0.13333333333333333,0.0,0.0,0.0,1.0,0.8571428571428447,0.8695652173913043,0.9130434782608696,0.0,0.0,0.0,1.0,0.0,0.0,0.0,0.0,0.0,0.0,0.0,0.0,0.0,0.0,0.0,0.0,0.0,0.0,0.0,0.0,0.0,1.0,0.0,0.0,0.0,0.0,0.0,0.0,0.0,0.0,0.0,0.0,0.0,0.0,0.0,0.0,0.0,1,17,0
0.42857142857142855,0.6363636363636365,0.3333333333333333,0.625,0.42857142857142855,0.6666666666666666,0.0,0.08333333333333333,0.0,0.0,0.0,0.0,0.8214285714285595,0.8695652173913043,0.9130434782608696,0.0,0.0,0.0,1.0,0.0,0.0,0.0,0.0,0.0,0.0,0.0,0.0,0.0,0.0,0.0,0.0,0.0,0.0,0.0,0.0,0.0,0.0,0.0,0.0,0.0,0.0,0.0,0.0,0.0,0.0,0.0,0.0,1.0,0.0,0.0,0.0,0.0,1,28,0
0.42857142857142855,0.6363636363636365,0.3333333333333333,0.625,0.42857142857142855,0.6666666666666666,0.0,0.25,0.0,0.0,0.0,1.0,0.8571428571428447,0.9130434782608696,0.9565217391304348,0.0,0.0,1.0,0.0,0.0,0.0,0.0,0.0,0.0,0.0,0.0,0.0,0.0,0.0,0.0,0.0,0.0,0.0,0.0,0.0,0.0,0.0,0.0,0.0,0.0,0.0,0.0,0.0,0.0,0.0,0.0,0.0,0.0,0.0,0.0,0.0,0.0,1,33,0
0.5714285714285714,0.5454545454545454,0.6666666666666666,0.375,0.7142857142857142,0.6666666666666666,0.0,0.0,0.0,0.0,0.25,1.0,0.8571428571428389,0.17391304347826086,0.21739130434782608,0.0,0.0,1.0,0.0,0.0,0.0,0.0,0.0,0.0,0.0,0.0,0.0,0.0,0.0,0.0,0.0,0.0,0.0,0.0,0.0,0.0,0.0,0.0,0.0,0.0,0.0,0.0,0.0,0.0,0.0,0.0,0.0,0.0,0.0,0.0,0.0,0.0,0,33,0
0.5714285714285714,0.45454545454545453,0.6666666666666666,0.0,0.0,0.6666666666666666,0.0,0.0,0.0,0.75,0.0,0.0,0.8214285714285595,0.21739130434782608,0.2608695652173913,0.0,0.0,0.0,0.0,0.0,0.0,0.0,0.0,0.0,0.0,0.0,0.0,0.0,0.0,0.0,0.0,0.0,0.0,0.0,0.0,0.0,0.0,0.0,0.0,0.0,0.0,0.0,0.0,0.0,0.0,0.0,0.0,0.0,1.0,0.0,0.0,0.0,0,29,0
0.5714285714285714,0.45454545454545453,0.6666666666666666,0.0,0.0,0.6666666666666666,0.0,0.0,0.0,0.25,0.0,0.0,0.8214285714285595,0.21739130434782608,0.2608695652173913,0.0,0.0,0.0,0.0,0.0,0.0,0.0,0.0,0.0,0.0,0.0,0.0,0.0,0.0,0.0,0.0,0.0,0.0,0.0,0.0,0.0,0.0,0.0,0.0,0.0,0.0,0.0,0.0,0.0,0.0,0.0,0.0,0.0,0.0,0.0,0.0,0.0,0,33,0
0.5714285714285714,0.5454545454545454,1.0,0.375,0.7142857142857142,0.6666666666666666,0.0,0.0,0.0,0.25,0.0,0.0,0.8214285714285595,0.43478260869565216,0.4782608695652174,0.0,0.0,0.0,0.0,0.0,0.0,0.0,0.0,0.0,0.0,0.0,0.0,0.0,0.0,0.0,0.0,0.0,0.0,0.0,0.0,0.0,0.0,0.0,0.0,0.0,0.0,0.0,0.0,0.0,0.0,0.0,0.0,0.0,0.0,1.0,0.0,0.0,0,30,0
0.5714285714285714,0.5454545454545454,1.0,0.375,0.8571428571428571,0.8333333333333334,0.0,0.16666666666666666,0.0,0.0,0.0,1.0,0.8511904761904638,0.4782608695652174,0.5217391304347826,0.0,1.0,0.0,0.0,0.0,0.0,0.0,0.0,0.0,0.0,0.0,0.0,0.0,0.0,0.0,0.0,0.0,0.0,0.0,0.0,1.0,0.0,0.0,0.0,0.0,0.0,0.0,0.0,0.0,0.0,0.0,0.0,0.0,0.0,0.0,0.0,0.0,1,16,0
0.5714285714285714,0.5454545454545454,1.0,0.375,0.7142857142857142,0.6666666666666666,0.0,0.0,0.0,0.0,0.16666666666666666,1.0,0.8571428571428447,0.5217391304347826,0.5652173913043478,0.0,1.0,0.0,0.0,0.0,0.0,0.0,0.0,0.0,0.0,0.0,0.0,0.0,0.0,0.0,0.0,0.0,0.0,0.0,0.0,0.0,0.0,0.0,0.0,0.0,0.0,0.0,0.0,0.0,0.0,0.0,0.0,0.0,0.0,0.0,0.0,0.0,0,33,0
0.5714285714285714,0.5454545454545454,1.0,0.375,0.7142857142857142,0.6666666666666666,0.0,0.0,0.0,0.13333333333333333,0.0,0.0,0.8214285714285595,0.5217391304347826,0.5652173913043478,0.0,1.0,0.0,0.0,0.0,0.0,0.0,0.0,0.0,0.0,0.0,0.0,0.0,0.0,0.0,0.0,0.0,0.0,0.0,0.0,0.0,0.0,0.0,0.0,0.0,0.0,0.0,0.0,0.0,0.0,0.0,0.0,0.0,0.0,0.0,0.0,0.0,0,33,0
0.5714285714285714,0.6363636363636365,1.0,0.375,0.7142857142857142,0.6666666666666666,0.0,0.0,0.0,0.25,0.0,1.0,0.8571428571428448,0.5652173913043478,0.6086956521739131,0.0,0.0,0.0,1.0,0.0,0.0,0.0,0.0,0.0,0.0,0.0,0.0,0.0,0.0,0.0,0.0,0.0,0.0,0.0,0.0,0.0,0.0,0.0,0.0,0.0,0.0,0.0,0.0,0.0,0.0,0.0,0.0,0.0,0.0,0.0,0.0,0.0,0,33,0
0.5714285714285714,0.6363636363636365,1.0,0.375,0.8571428571428571,0.8333333333333334,0.0,0.1,0.0,0.0,0.0,1.0,0.8511904761904638,0.6086956521739131,0.6521739130434783,0.0,0.0,0.0,1.0,0.0,0.0,0.0,0.0,0.0,0.0,0.0,0.0,0.0,0.0,0.0,0.0,0.0,0.0,0.0,0.0,1.0,0.0,0.0,0.0,0.0,0.0,0.0,0.0,0.0,0.0,0.0,0.0,0.0,0.0,0.0,0.0,0.0,1,16,0
0.5714285714285714,0.6363636363636365,1.0,0.375,0.8571428571428571,0.8333333333333334,0.0,0.05,0.0,0.0,0.0,0.0,0.8214285714285595,0.6086956521739131,0.6521739130434783,0.0,0.0,0.0,1.0,0.0,0.0,0.0,1.0,0.0,0.0,0.0,0.0,0.0,0.0,0.0,0.0,0.0,0.0,0.0,0.0,0.0,0.0,0.0,0.0,0.0,0.0,0.0,0.0,0.0,0.0,0.0,0.0,0.0,0.0,0.0,0.0,0.0,1,3,0
0.5714285714285714,0.6363636363636365,1.0,0.375,0.5714285714285714,0.5,0.0,0.0,0.0,0.0,0.4166666666666667,1.0,0.8660714285714161,0.6956521739130435,0.7391304347826088,0.0,0.0,0.0,1.0,0.0,0.0,0.0,0.0,0.0,0.0,0.0,0.0,0.0,0.0,0.0,0.0,0.0,0.0,0.0,0.0,0.0,0.0,0.0,0.0,0.0,0.0,0.0,0.0,0.0,0.0,0.0,0.0,0.0,0.0,0.0,0.0,0.0,0,33,0
0.5714285714285714,0.6363636363636365,1.0,0.375,0.8571428571428571,0.8333333333333334,0.0,0.0,0.0,0.0,0.13333333333333333,0.0,0.8214285714285595,0.782608695652174,0.8260869565217391,0.0,0.0,0.0,1.0,0.0,0.0,0.0,1.0,0.0,0.0,0.0,0.0,0.0,0.0,0.0,0.0,0.0,0.0,0.0,0.0,0.0,0.0,0.0,0.0,0.0,0.0,0.0,0.0,0.0,0.0,0.0,0.0,0.0,0.0,0.0,0.0,0.0,0,3,0
0.5714285714285714,0.6363636363636365,1.0,0.375,0.42857142857142855,0.33333333333333337,0.0,0.0,0.0,0.0,0.31666666666666665,1.0,0.8809523809523683,0.8260869565217391,0.8695652173913043,0.0,0.0,0.0,1.0,0.0,0.0,0.0,1.0,0.0,0.0,0.0,0.0,0.0,0.0,0.0,0.0,0.0,0.0,0.0,0.0,0.0,0.0,0.0,0.0,0.0,0.0,0.0,0.0,0.0,0.0,0.0,0.0,0.0,0.0,0.0,0.0,0.0,0,3,0
0.5714285714285714,0.6363636363636365,1.0,0.375,0.42857142857142855,0.33333333333333337,0.0,0.0,0.0,0.25,0.0,0.0,0.8214285714285595,0.8260869565217391,0.8695652173913043,0.0,0.0,0.0,1.0,0.0,0.0,0.0,0.0,0.0,0.0,0.0,0.0,0.0,0.0,0.0,0.0,0.0,0.0,0.0,0.0,0.0,0.0,0.0,0.0,0.0,0.0,0.0,0.0,0.0,0.0,0.0,0.0,0.0,0.0,0.0,0.0,0.0,0,33,0
0.5714285714285714,0.6363636363636365,1.0,0.375,0.42857142857142855,0.33333333333333337,0.0,0.25,0.0,0.0,0.0,1.0,0.8809523809523682,0.8695652173913043,0.9130434782608696,0.0,0.0,0.0,1.0,0.0,0.0,0.0,0.0,0.0,0.0,0.0,1.0,0.0,0.0,0.0,0.0,0.0,0.0,0.0,0.0,0.0,0.0,0.0,0.0,0.0,0.0,0.0,0.0,0.0,0.0,0.0,0.0,0.0,0.0,0.0,0.0,0.0,1,7,0
0.5714285714285714,0.6363636363636365,1.0,0.375,0.42857142857142855,0.33333333333333337,0.0,0.2,0.0,0.0,0.0,0.0,0.8214285714285595,0.8695652173913043,0.9130434782608696,0.0,0.0,0.0,1.0,0.0,0.0,0.0,0.0,0.0,0.0,0.0,0.0,0.0,0.0,0.0,0.0,0.0,0.0,0.0,0.0,0.0,0.0,0.0,0.0,0.0,0.0,0.0,0.0,0.0,0.0,0.0,0.0,0.0,1.0,0.0,0.0,0.0,1,29,0
0.5714285714285714,0.6363636363636365,1.0,0.375,0.42857142857142855,0.33333333333333337,0.0,0.11666666666666667,0.0,0.0,0.0,0.0,0.8214285714285595,0.8695652173913043,0.9130434782608696,0.0,0.0,0.0,1.0,0.0,0.0,0.0,0.0,0.0,0.0,0.0,0.0,0.0,0.0,0.0,0.0,0.0,0.0,0.0,0.0,0.0,0.0,0.0,0.0,0.0,0.0,0.0,0.0,0.0,0.0,0.0,0.0,0.0,0.0,0.0,0.0,0.0,1,33,0
0.5714285714285714,0.5454545454545454,1.0,0.375,0.5714285714285714,0.5,0.16666666666666666,0.0,0.0,0.0,0.0,1.0,0.866071428571416,0.9130434782608696,0.9565217391304348,0.0,0.0,1.0,0.0,0.0,1.0,0.0,0.0,0.0,0.0,0.0,0.0,0.0,0.0,0.0,0.0,0.0,0.0,0.0,0.0,0.0,0.0,0.0,0.0,0.0,0.0,0.0,0.0,0.0,0.0,0.0,0.0,0.0,0.0,0.0,0.0,0.0,0,1,0
0.5714285714285714,0.5454545454545454,1.0,0.375,0.5714285714285714,0.5,0.0,0.25,0.0,0.0,0.0,0.0,0.8214285714285595,0.9130434782608696,0.9565217391304348,0.0,0.0,1.0,0.0,0.0,0.0,0.0,0.0,0.0,0.0,0.0,0.0,0.0,0.0,0.0,0.0,0.0,0.0,0.0,0.0,0.0,0.0,0.0,0.0,0.0,0.0,0.0,0.0,0.0,0.0,0.0,0.0,0.0,0.0,0.0,0.0,0.0,1,33,0
0.7142857142857142,0.5454545454545454,0.3333333333333333,0.25,0.42857142857142855,0.33333333333333337,0.0,0.3333333333333333,0.0,0.0,0.0,1.0,0.880952380952373,0.08695652173913043,0.13043478260869565,0.0,0.0,1.0,0.0,0.0,0.0,0.0,0.0,0.0,0.0,0.0,0.0,0.0,0.0,0.0,0.0,0.0,0.0,0.0,0.0,0.0,1.0,0.0,0.0,0.0,0.0,0.0,0.0,0.0,0.0,0.0,0.0,0.0,0.0,0.0,0.0,0.0,1,17,0
0.7142857142857142,0.5454545454545454,0.3333333333333333,0.25,0.42857142857142855,0.0,0.0,0.8333333333333334,0.0,0.0,0.0,1.0,1.0,0.13043478260869565,0.17391304347826086,0.0,0.0,1.0,0.0,0.0,0.0,0.0,0.0,0.0,0.0,0.0,0.0,0.0,0.0,0.0,0.0,0.0,0.0,0.0,0.0,0.0,1.0,0.0,0.0,0.0,0.0,0.0,0.0,0.0,0.0,0.0,0.0,0.0,0.0,0.0,0.0,0.0,1,17,0
0.7142857142857142,0.5454545454545454,0.3333333333333333,0.125,0.42857142857142855,0.16666666666666666,0.0,0.6666666666666666,0.0,0.0,0.0,1.0,0.9107142857142579,0.17391304347826086,0.21739130434782608,0.0,0.0,1.0,0.0,0.0,0.0,0.0,0.0,0.0,0.0,0.0,0.0,0.0,0.0,0.0,0.0,0.0,0.0,0.0,0.0,0.0,0.0,0.0,0.0,0.0,0.0,0.0,0.0,0.0,0.0,0.0,0.0,0.0,1.0,0.0,0.0,0.0,1,29,0
0.7142857142857142,0.45454545454545453,0.3333333333333333,0.125,0.5714285714285714,0.5,0.0,0.0,0.0,0.25,0.0,1.0,0.8660714285714161,0.21739130434782608,0.2608695652173913,0.0,1.0,0.0,0.0,0.0,0.0,0.0,0.0,0.0,0.0,0.0,0.0,0.0,0.0,0.0,0.0,0.0,0.0,0.0,0.0,0.0,0.0,0.0,0.0,0.0,0.0,0.0,0.0,0.0,0.0,0.0,0.0,0.0,0.0,0.0,0.0,0.0,0,33,0
0.7142857142857142,0.45454545454545453,0.3333333333333333,0.125,0.5714285714285714,0.5,0.0,0.13333333333333333,0.0,0.0,0.0,0.0,0.8214285714285595,0.21739130434782608,0.2608695652173913,0.0,1.0,0.0,0.0,0.0,0.0,0.0,0.0,0.0,0.0,0.0,0.0,0.0,0.0,0.0,0.0,0.0,0.0,0.0,0.0,0.0,0.0,0.0,0.0,0.0,0.0,0.0,0.0,0.0,0.0,0.0,0.0,1.0,0.0,0.0,0.0,0.0,1,28,0
0.7142857142857142,0.45454545454545453,0.3333333333333333,0.125,0.5714285714285714,0.5,0.0,0.08333333333333333,0.0,0.0,0.0,0.0,0.8214285714285595,0.21739130434782608,0.2608695652173913,0.0,1.0,0.0,0.0,0.0,0.0,0.0,0.0,0.0,0.0,0.0,0.0,0.0,0.0,0.0,0.0,0.0,0.0,0.0,0.0,0.0,0.0,0.0,0.0,0.0,0.0,0.0,0.0,0.0,0.0,0.0,0.0,1.0,0.0,0.0,0.0,0.0,1,28,0
0.7142857142857142,0.45454545454545453,0.3333333333333333,0.125,0.42857142857142855,0.33333333333333337,0.0,0.0,0.0,0.3333333333333333,0.0,0.0,0.8214285714285595,0.2608695652173913,0.30434782608695654,0.0,1.0,0.0,0.0,0.0,0.0,0.0,0.0,0.0,0.0,0.0,0.0,0.0,0.0,0.0,0.0,0.0,0.0,0.0,0.0,0.0,0.0,0.0,0.0,0.0,0.0,0.0,0.0,0.0,0.0,0.0,0.0,0.0,0.0,0.0,0.0,0.0,0,33,0
0.7142857142857142,0.3636363636363636,0.3333333333333333,0.125,0.2857142857142857,0.16666666666666666,0.0,0.0,0.0,0.6666666666666666,0.0,1.0,0.9107142857142725,0.30434782608695654,0.34782608695652173,0.0,1.0,0.0,0.0,0.0,0.0,0.0,0.0,0.0,0.0,0.0,0.0,0.0,0.0,0.0,0.0,0.0,0.0,0.0,0.0,0.0,0.0,0.0,0.0,0.0,0.0,0.0,0.0,0.0,0.0,0.0,0.0,0.0,0.0,0.0,0.0,0.0,0,33,0
0.7142857142857142,0.3636363636363636,0.3333333333333333,0.125,0.2857142857142857,0.16666666666666666,0.0,0.0,0.0,1.0,0.0,1.0,0.8214285714285595,0.34782608695652173,0.391304347826087,0.0,1.0,0.0,0.0,0.0,0.0,0.0,0.0,0.0,0.0,0.0,0.0,0.0,0.0,0.0,0.0,0.0,0.0,0.0,0.0,0.0,0.0,0.0,0.0,0.0,0.0,0.0,0.0,0.0,0.0,0.0,0.0,0.0,0.0,0.0,0.0,0.0,0,33,0
0.7142857142857142,0.3636363636363636,0.3333333333333333,0.125,0.2857142857142857,0.16666666666666666,0.0,0.0,0.0,1.0,0.0,1.0,0.8214285714285595,0.41304347826086957,0.43478260869565216,0.0,1.0,0.0,0.0,0.0,0.0,0.0,0.0,0.0,0.0,0.0,0.0,0.0,0.0,0.0,0.0,0.0,0.0,0.0,0.0,0.0,0.0,0.0,0.0,0.0,0.0,0.0,0.0,0.0,0.0,0.0,0.0,0.0,0.0,0.0,0.0,0.0,0,33,0
0.7142857142857142,0.3636363636363636,0.3333333333333333,0.125,0.14285714285714285,0.0,0.0,0.0,0.0,0.8333333333333334,0.0,1.0,0.9999999999999853,0.43478260869565216,0.4782608695652174,0.0,1.0,0.0,0.0,0.0,0.0,0.0,0.0,0.0,0.0,0.0,0.0,0.0,0.0,0.0,0.0,0.0,0.0,0.0,0.0,0.0,0.0,0.0,0.0,0.0,0.0,0.0,0.0,0.0,0.0,0.0,0.0,0.0,0.0,0.0,0.0,0.0,0,33,0
0.7142857142857142,0.3636363636363636,0.3333333333333333,0.125,0.2857142857142857,0.16666666666666666,0.0,0.0,0.0,0.6666666666666666,0.0,1.0,0.9107142857142725,0.4782608695652174,0.5217391304347826,0.0,1.0,0.0,0.0,0.0,0.0,0.0,0.0,0.0,0.0,0.0,0.0,0.0,0.0,0.0,0.0,0.0,0.0,0.0,0.0,0.0,0.0,0.0,0.0,0.0,0.0,0.0,0.0,0.0,0.0,0.0,0.0,0.0,0.0,0.0,0.0,0.0,0,33,0
0.7142857142857142,0.45454545454545453,0.3333333333333333,0.125,0.14285714285714285,0.0,0.0,0.0,0.0,0.5,0.0,1.0,0.9999999999999853,0.5217391304347826,0.5652173913043478,0.0,1.0,0.0,0.0,0.0,0.0,0.0,0.0,0.0,0.0,0.0,0.0,0.0,0.0,0.0,0.0,0.0,0.0,0.0,0.0,0.0,0.0,0.0,0.0,0.0,0.0,0.0,0.0,0.0,0.0,0.0,0.0,0.0,0.0,0.0,0.0,0.0,0,33,0
0.7142857142857142,0.45454545454545453,0.3333333333333333,0.125,0.14285714285714285,0.0,0.0,0.0,0.0,0.25,0.0,0.0,0.8214285714285595,0.5217391304347826,0.5652173913043478,0.0,1.0,0.0,0.0,0.0,0.0,0.0,0.0,0.0,0.0,0.0,0.0,0.0,0.0,0.0,0.0,0.0,0.0,0.0,0.0,0.0,0.0,0.0,0.0,0.0,0.0,0.0,0.0,0.0,0.0,0.0,0.0,1.0,0.0,0.0,0.0,0.0,0,28,0
0.7142857142857142,0.6363636363636365,0.3333333333333333,0.125,0.7142857142857142,0.6666666666666666,0.0,0.0,0.0,0.25,0.0,1.0,0.8571428571428448,0.5652173913043478,0.6086956521739131,0.0,0.0,0.0,1.0,0.0,0.0,0.0,0.0,0.0,0.0,0.0,0.0,0.0,0.0,0.0,0.0,0.0,0.0,0.0,0.0,0.0,0.0,0.0,0.0,0.0,0.0,0.0,0.0,0.0,0.0,0.0,0.0,0.0,0.0,0.0,0.0,0.0,0,33,0
0.7142857142857142,0.6363636363636365,0.3333333333333333,0.125,0.7142857142857142,0.6666666666666666,0.0,0.2833333333333333,0.0,0.0,0.0,1.0,0.8571428571428447,0.6521739130434783,0.6956521739130435,0.0,0.0,0.0,1.0,0.0,0.0,0.0,0.0,0.0,0.0,0.0,0.0,0.0,0.0,0.0,0.0,0.0,0.0,0.0,0.0,0.0,1.0,0.0,0.0,0.0,0.0,0.0,0.0,0.0,0.0,0.0,0.0,0.0,0.0,0.0,0.0,0.0,1,17,0
0.7142857142857142,0.6363636363636365,0.3333333333333333,0.125,0.0,0.6666666666666666,0.0,1.0,0.0,0.0,0.0,1.0,0.8214285714285595,0.6956521739130435,0.7391304347826088,0.0,0.0,0.0,1.0,0.0,0.0,0.0,0.0,0.0,0.0,0.0,0.0,0.0,0.0,0.0,0.0,0.0,0.0,0.0,0.0,0.0,1.0,0.0,0.0,0.0,0.0,0.0,0.0,0.0,0.0,0.0,0.0,0.0,0.0,0.0,0.0,0.0,1,17,0
0.7142857142857142,0.6363636363636365,0.3333333333333333,0.125,0.0,0.6666666666666666,0.0,0.5,0.0,0.0,0.0,1.0,0.8214285714285595,0.7391304347826088,0.7608695652173914,0.0,0.0,0.0,1.0,0.0,0.0,0.0,0.0,0.0,0.0,0.0,0.0,0.0,0.0,0.0,0.0,0.0,0.0,0.0,0.0,0.0,0.0,0.0,0.0,0.0,0.0,0.0,0.0,0.0,0.0,0.0,0.0,1.0,0.0,0.0,0.0,0.0,1,28,0
0.7142857142857142,0.6363636363636365,0.3333333333333333,0.125,0.42857142857142855,0.33333333333333337,0.0,0.0,0.0,0.16666666666666666,0.0,1.0,0.8809523809523682,0.782608695652174,0.8260869565217391,0.0,0.0,0.0,1.0,0.0,0.0,0.0,1.0,0.0,0.0,0.0,0.0,0.0,0.0,0.0,0.0,0.0,0.0,0.0,0.0,0.0,0.0,0.0,0.0,0.0,0.0,0.0,0.0,0.0,0.0,0.0,0.0,0.0,0.0,0.0,0.0,0.0,0,3,0
0.7142857142857142,0.6363636363636365,0.3333333333333333,0.125,0.42857142857142855,0.33333333333333337,0.0,0.16666666666666666,0.0,0.0,0.0,0.0,0.8214285714285595,0.782608695652174,0.8260869565217391,0.0,0.0,0.0,1.0,0.0,0.0,0.0,0.0,0.0,0.0,0.0,0.0,0.0,0.0,0.0,0.0,0.0,0.0,0.0,0.0,0.0,0.0,0.0,0.0,0.0,0.0,0.0,0.0,0.0,0.0,0.0,0.0,1.0,0.0,0.0,0.0,0.0,1,28,0
0.7142857142857142,0.6363636363636365,0.3333333333333333,0.125,0.42857142857142855,0.33333333333333337,0.0,0.23333333333333334,0.0,0.0,0.0,0.0,0.8214285714285595,0.782608695652174,0.8260869565217391,0.0,0.0,0.0,1.0,0.0,0.0,0.0,0.0,0.0,0.0,0.0,0.0,0.0,0.0,0.0,0.0,0.0,0.0,0.0,0.0,0.0,0.0,0.0,0.0,0.0,0.0,0.0,0.0,0.0,0.0,0.0,0.0,1.0,0.0,0.0,0.0,0.0,1,28,0
0.7142857142857142,0.6363636363636365,0.3333333333333333,0.125,0.7142857142857142,0.6666666666666666,0.0,0.11666666666666667,0.0,0.0,0.0,1.0,0.8571428571428448,0.8260869565217391,0.8695652173913043,0.0,0.0,0.0,1.0,0.0,0.0,0.0,0.0,0.0,0.0,0.0,0.0,0.0,0.0,0.0,0.0,0.0,0.0,0.0,0.0,0.0,0.0,0.0,0.0,0.0,0.0,0.0,0.0,0.0,0.0,0.0,0.0,1.0,0.0,0.0,0.0,0.0,1,28,0
0.7142857142857142,0.6363636363636365,0.3333333333333333,0.125,0.7142857142857142,0.6666666666666666,0.0,0.0,0.0,0.16666666666666666,0.0,0.0,0.8214285714285595,0.8260869565217391,0.8695652173913043,0.0,0.0,0.0,1.0,0.0,0.0,0.0,1.0,0.0,0.0,0.0,0.0,0.0,0.0,0.0,0.0,0.0,0.0,0.0,0.0,0.0,0.0,0.0,0.0,0.0,0.0,0.0,0.0,0.0,0.0,0.0,0.0,0.0,0.0,0.0,0.0,0.0,0,3,0
0.7142857142857142,0.45454545454545453,0.3333333333333333,0.375,1.0,0.33333333333333337,0.0,0.3333333333333333,0.0,0.0,0.0,1.0,0.8809523809523682,0.9130434782608696,0.9565217391304348,0.0,0.0,1.0,0.0,0.0,0.0,0.0,0.0,0.0,0.0,0.0,0.0,0.0,0.0,0.0,0.0,0.0,0.0,0.0,0.0,0.0,0.0,0.0,0.0,0.0,0.0,0.0,0.0,0.0,0.0,0.0,0.0,1.0,0.0,0.0,0.0,0.0,1,28,0
0.7142857142857142,0.45454545454545453,0.3333333333333333,0.25,1.0,0.16666666666666666,0.0,0.25,0.0,0.0,0.0,1.0,0.9107142857142713,0.9565217391304348,1.0,0.0,0.0,1.0,0.0,0.0,0.0,0.0,0.0,0.0,0.0,0.0,0.0,0.0,0.0,0.0,0.0,0.0,0.0,0.0,0.0,0.0,0.0,0.0,0.0,0.0,0.0,0.0,0.0,0.0,0.0,0.0,0.0,1.0,0.0,0.0,0.0,0.0,1,28,0
0.7142857142857142,0.45454545454545453,0.3333333333333333,0.25,1.0,0.16666666666666666,0.0,0.5,0.0,0.0,0.0,0.0,0.8214285714285595,0.9565217391304348,1.0,0.0,0.0,1.0,0.0,0.0,0.0,0.0,0.0,0.0,0.0,0.0,0.0,0.0,0.0,0.0,0.0,0.0,0.0,0.0,0.0,0.0,0.0,0.0,0.0,0.0,0.0,0.0,0.0,0.0,0.0,0.0,0.0,1.0,0.0,0.0,0.0,0.0,1,28,0
0.7142857142857142,0.45454545454545453,0.3333333333333333,0.375,1.0,0.5,0.0,0.5,0.0,0.0,0.0,0.0,0.8214285714285595,1.0,0.0,0.0,0.0,1.0,0.0,0.0,0.0,0.0,0.0,0.0,0.0,0.0,0.0,0.0,0.0,0.0,0.0,0.0,0.0,0.0,0.0,0.0,0.0,0.0,0.0,0.0,1.0,0.0,0.0,0.0,0.0,0.0,0.0,0.0,0.0,0.0,0.0,0.0,1,21,0
0.8571428571428571,0.27272727272727276,0.3333333333333333,0.375,1.0,0.33333333333333337,0.0,0.0,0.0,0.25,0.0,1.0,0.8809523809523682,0.21739130434782608,0.2608695652173913,0.0,1.0,0.0,0.0,0.0,0.0,0.0,0.0,0.0,0.0,0.0,0.0,0.0,0.0,0.0,0.0,0.0,0.0,0.0,0.0,0.0,0.0,0.0,0.0,0.0,0.0,0.0,0.0,0.0,0.0,0.0,0.0,0.0,0.0,0.0,0.0,0.0,0,33,0
0.8571428571428571,0.27272727272727276,0.3333333333333333,0.375,1.0,0.33333333333333337,0.16666666666666666,0.0,0.0,0.0,0.0,0.0,0.8214285714285595,0.21739130434782608,0.2608695652173913,0.0,1.0,0.0,0.0,0.0,1.0,0.0,0.0,0.0,0.0,0.0,0.0,0.0,0.0,0.0,0.0,0.0,0.0,0.0,0.0,0.0,0.0,0.0,0.0,0.0,0.0,0.0,0.0,0.0,0.0,0.0,0.0,0.0,0.0,0.0,0.0,0.0,0,1,0
0.8571428571428571,0.3636363636363636,0.3333333333333333,0.5,1.0,0.5,0.08333333333333333,0.0,0.0,0.0,0.0,1.0,0.8660714285714161,0.2608695652173913,0.30434782608695654,0.0,1.0,0.0,0.0,0.0,1.0,0.0,0.0,0.0,0.0,0.0,0.0,0.0,0.0,0.0,0.0,0.0,0.0,0.0,0.0,0.0,0.0,0.0,0.0,0.0,0.0,0.0,0.0,0.0,0.0,0.0,0.0,0.0,0.0,0.0,0.0,0.0,0,1,0
0.8571428571428571,0.3636363636363636,0.3333333333333333,0.5,1.0,0.5,0.0,0.11666666666666667,0.0,0.0,0.0,0.0,0.8214285714285595,0.2608695652173913,0.30434782608695654,0.0,1.0,0.0,0.0,0.0,0.0,0.0,0.0,0.0,0.0,0.0,0.0,0.0,0.0,0.0,0.0,0.0,0.0,0.0,0.0,0.0,0.0,0.0,0.0,0.0,0.0,0.0,0.0,0.0,0.0,0.0,0.0,1.0,0.0,0.0,0.0,0.0,1,28,0
0.8571428571428571,0.3636363636363636,0.3333333333333333,0.5,1.0,0.5,0.0,0.11666666666666667,0.0,0.0,0.0,0.0,0.8214285714285595,0.2608695652173913,0.30434782608695654,0.0,1.0,0.0,0.0,0.0,0.0,0.0,0.0,0.0,0.0,0.0,0.0,0.0,0.0,0.0,0.0,0.0,0.0,0.0,0.0,0.0,0.0,0.0,0.0,0.0,0.0,0.0,0.0,1.0,0.0,0.0,0.0,0.0,0.0,0.0,0.0,0.0,1,24,0
0.8571428571428571,0.3636363636363636,0.3333333333333333,0.5,0.2857142857142857,0.16666666666666666,0.16666666666666666,0.0,0.0,0.0,0.0,1.0,0.9107142857142725,0.30434782608695654,0.34782608695652173,0.0,1.0,0.0,0.0,0.0,1.0,0.0,0.0,0.0,0.0,0.0,0.0,0.0,0.0,0.0,0.0,0.0,0.0,0.0,0.0,0.0,0.0,0.0,0.0,0.0,0.0,0.0,0.0,0.0,0.0,0.0,0.0,0.0,0.0,0.0,0.0,0.0,0,1,0
0.8571428571428571,0.3636363636363636,0.3333333333333333,0.5,0.2857142857142857,0.16666666666666666,0.0,0.5,0.0,0.0,0.0,0.0,0.8214285714285595,0.30434782608695654,0.34782608695652173,0.0,1.0,0.0,0.0,0.0,0.0,0.0,0.0,0.0,0.0,0.0,0.0,0.0,0.0,0.0,0.0,0.0,0.0,0.0,0.0,0.0,0.0,0.0,0.0,0.0,1.0,0.0,0.0,0.0,0.0,0.0,0.0,0.0,0.0,0.0,0.0,0.0,1,21,0
0.8571428571428571,0.3636363636363636,0.3333333333333333,0.5,0.2857142857142857,0.16666666666666666,0.0,0.3333333333333333,0.0,0.0,0.0,0.0,0.8214285714285595,0.30434782608695654,0.34782608695652173,0.0,1.0,0.0,0.0,0.0,0.0,0.0,0.0,0.0,0.0,0.0,0.0,0.0,0.0,0.0,0.0,0.0,0.0,0.0,0.0,0.0,0.0,0.0,0.0,0.0,0.0,0.0,0.0,0.0,0.0,0.0,0.0,0.0,0.0,0.0,0.0,0.0,1,33,0
0.8571428571428571,0.3636363636363636,0.3333333333333333,0.5,0.14285714285714285,0.0,0.0,0.16666666666666666,0.0,0.0,0.0,1.0,0.9999999999999856,0.34782608695652173,0.391304347826087,0.0,1.0,0.0,0.0,0.0,0.0,0.0,0.0,0.0,0.0,0.0,0.0,0.0,0.0,0.0,0.0,0.0,0.0,0.0,0.0,0.0,0.0,0.0,0.0,0.0,0.0,0.0,0.0,0.0,0.0,0.0,0.0,1.0,0.0,0.0,0.0,0.0,1,28,0
0.8571428571428571,0.3636363636363636,0.3333333333333333,0.5,0.14285714285714285,0.0,0.16666666666666666,0.0,0.0,0.0,0.0,0.0,0.8214285714285595,0.34782608695652173,0.391304347826087,0.0,1.0,0.0,0.0,0.0,1.0,0.0,0.0,0.0,0.0,0.0,0.0,0.0,0.0,0.0,0.0,0.0,0.0,0.0,0.0,0.0,0.0,0.0,0.0,0.0,0.0,0.0,0.0,0.0,0.0,0.0,0.0,0.0,0.0,0.0,0.0,0.0,0,1,0
0.8571428571428571,0.3636363636363636,0.3333333333333333,0.5,0.14285714285714285,0.0,0.5,0.0,0.0,0.0,0.0,0.0,0.8214285714285595,0.34782608695652173,0.391304347826087,0.0,1.0,0.0,0.0,0.0,1.0,0.0,0.0,0.0,0.0,0.0,0.0,0.0,0.0,0.0,0.0,0.0,0.0,0.0,0.0,0.0,0.0,0.0,0.0,0.0,0.0,0.0,0.0,0.0,0.0,0.0,0.0,0.0,0.0,0.0,0.0,0.0,0,1,0
0.8571428571428571,0.3636363636363636,0.3333333333333333,0.5,0.42857142857142855,0.33333333333333337,0.08333333333333333,0.0,0.0,0.0,0.0,1.0,0.851190476190464,0.41304347826086957,0.43478260869565216,0.0,1.0,0.0,0.0,0.0,1.0,0.0,0.0,0.0,0.0,0.0,0.0,0.0,0.0,0.0,0.0,0.0,0.0,0.0,0.0,0.0,0.0,0.0,0.0,0.0,0.0,0.0,0.0,0.0,0.0,0.0,0.0,0.0,0.0,0.0,0.0,0.0,0,1,0
0.8571428571428571,0.3636363636363636,0.3333333333333333,0.375,0.8571428571428571,0.33333333333333337,0.0,0.16666666666666666,0.0,0.0,0.0,0.0,0.8214285714285595,0.4782608695652174,0.5217391304347826,0.0,1.0,0.0,0.0,0.0,0.0,0.0,0.0,0.0,0.0,0.0,0.0,0.0,0.0,0.0,0.0,0.0,0.0,0.0,0.0,0.0,0.0,0.0,0.0,0.0,0.0,0.0,0.0,0.0,0.0,0.0,0.0,0.0,1.0,0.0,0.0,0.0,1,29,0
0.8571428571428571,0.3636363636363636,0.3333333333333333,0.25,0.8571428571428571,0.16666666666666666,0.0,0.25,0.0,0.0,0.0,0.0,0.8214285714285595,0.5217391304347826,0.5652173913043478,0.0,1.0,0.0,0.0,0.0,0.0,1.0,0.0,0.0,0.0,0.0,0.0,0.0,0.0,0.0,0.0,0.0,0.0,0.0,0.0,0.0,0.0,0.0,0.0,0.0,0.0,0.0,0.0,0.0,0.0,0.0,0.0,0.0,0.0,0.0,0.0,0.0,1,2,0
1.0,0.3636363636363636,0.3333333333333333,0.25,0.8571428571428571,0.16666666666666666,0.0,0.0,0.0,0.25,0.0,1.0,0.9107142857142725,0.9130434782608696,0.9565217391304348,0.0,0.0,1.0,0.0,0.0,0.0,0.0,0.0,0.0,0.0,0.0,0.0,0.0,0.0,0.0,0.0,0.0,0.0,0.0,0.0,0.0,0.0,0.0,0.0,0.0,0.0,0.0,0.0,0.0,0.0,0.0,0.0,0.0,0.0,0.0,0.0,0.0,0,33,0
1.0,0.3636363636363636,0.3333333333333333,0.25,0.8571428571428571,0.16666666666666666,0.16666666666666666,0.0,0.0,0.0,0.0,0.0,0.8214285714285595,0.9130434782608696,0.9565217391304348,0.0,0.0,1.0,0.0,0.0,1.0,0.0,0.0,0.0,0.0,0.0,0.0,0.0,0.0,0.0,0.0,0.0,0.0,0.0,0.0,0.0,0.0,0.0,0.0,0.0,0.0,0.0,0.0,0.0,0.0,0.0,0.0,0.0,0.0,0.0,0.0,0.0,0,1,0
1.0,0.3636363636363636,0.3333333333333333,0.25,0.8571428571428571,0.16666666666666666,0.0,0.16666666666666666,0.0,0.0,0.0,0.0,0.8214285714285595,0.9130434782608696,0.9565217391304348,0.0,0.0,1.0,0.0,0.0,0.0,0.0,0.0,0.0,0.0,0.0,0.0,0.0,0.0,0.0,0.0,0.0,0.0,0.0,0.0,0.0,0.0,0.0,0.0,0.0,0.0,0.0,0.0,0.0,0.0,0.0,0.0,1.0,0.0,0.0,0.0,0.0,1,28,0
1.0,0.3636363636363636,0.3333333333333333,0.375,0.8571428571428571,0.5,0.3333333333333333,0.0,0.0,0.0,0.0,0.0,0.8214285714285595,0.9565217391304348,1.0,0.0,0.0,1.0,0.0,0.0,1.0,0.0,0.0,0.0,0.0,0.0,0.0,0.0,0.0,0.0,0.0,0.0,0.0,0.0,0.0,0.0,0.0,0.0,0.0,0.0,0.0,0.0,0.0,0.0,0.0,0.0,0.0,0.0,0.0,0.0,0.0,0.0,0,1,0
1.0,0.3636363636363636,0.3333333333333333,0.375,0.7142857142857142,0.6666666666666666,0.3333333333333333,0.0,0.0,0.0,0.0,1.0,0.0,1.0,0.0,0.0,0.0,1.0,0.0,0.0,1.0,0.0,0.0,0.0,0.0,0.0,0.0,0.0,0.0,0.0,0.0,0.0,0.0,0.0,0.0,0.0,0.0,0.0,0.0,0.0,0.0,0.0,0.0,0.0,0.0,0.0,0.0,0.0,0.0,0.0,0.0,0.0,0,1,0
0.14285714285714285,0.3636363636363636,0.3333333333333333,0.375,0.7142857142857142,0.6666666666666666,0.0,0.16666666666666666,0.0,0.0,0.0,0.0,0.8214285714285595,0.0,0.043478260869565216,0.0,0.0,1.0,0.0,0.0,0.0,0.0,0.0,0.0,0.0,0.0,0.0,0.0,0.0,0.0,0.0,0.0,0.0,0.0,0.0,0.0,0.0,0.0,0.0,0.0,0.0,0.0,0.0,0.0,0.0,0.0,0.0,1.0,0.0,0.0,0.0,0.0,1,28,0
0.14285714285714285,0.3636363636363636,0.3333333333333333,0.375,0.5714285714285714,0.5,0.0,0.0,0.0,0.3333333333333333,0.0,0.0,0.8214285714285595,0.08695652173913043,0.13043478260869565,0.0,0.0,1.0,0.0,0.0,0.0,0.0,0.0,0.0,0.0,0.0,0.0,0.0,0.0,0.0,0.0,0.0,0.0,0.0,0.0,0.0,0.0,0.0,0.0,0.0,0.0,0.0,0.0,0.0,0.0,0.0,0.0,0.0,0.0,0.0,0.0,0.0,0,33,0
0.14285714285714285,0.3636363636363636,0.3333333333333333,0.375,0.42857142857142855,0.33333333333333337,0.0,0.0,0.0,0.25,0.0,1.0,0.8809523809523682,0.13043478260869565,0.17391304347826086,0.0,0.0,1.0,0.0,0.0,0.0,0.0,0.0,0.0,0.0,0.0,0.0,0.0,0.0,0.0,0.0,0.0,0.0,0.0,0.0,0.0,0.0,0.0,0.0,0.0,0.0,0.0,0.0,0.0,0.0,0.0,0.0,0.0,0.0,0.0,0.0,0.0,0,33,0
0.14285714285714285,0.3636363636363636,0.3333333333333333,0.375,0.42857142857142855,0.33333333333333337,0.0,0.0,0.0,0.25,0.0,0.0,0.8214285714285595,0.13043478260869565,0.17391304347826086,0.0,0.0,1.0,0.0,0.0,0.0,0.0,0.0,0.0,0.0,0.0,0.0,0.0,0.0,0.0,0.0,0.0,0.0,0.0,0.0,0.0,0.0,0.0,0.0,0.0,0.0,0.0,0.0,0.0,0.0,0.0,0.0,0.0,0.0,0.0,0.0,0.0,0,33,0
0.14285714285714285,0.3636363636363636,0.3333333333333333,0.375,0.8571428571428571,0.8333333333333334,0.0,0.08333333333333333,0.0,0.0,0.0,1.0,0.8511904761904638,0.17391304347826086,0.21739130434782608,0.0,0.0,1.0,0.0,0.0,0.0,0.0,0.0,0.0,0.0,0.0,0.0,0.0,0.0,0.0,0.0,0.0,0.0,0.0,0.0,0.0,0.0,0.0,0.0,0.0,0.0,0.0,0.0,0.0,0.0,0.0,0.0,1.0,0.0,0.0,0.0,0.0,1,28,0
0.14285714285714285,0.6363636363636365,0.3333333333333333,0.5,0.8571428571428571,0.5,0.0,0.0,0.0,0.16666666666666666,0.0,1.0,0.8660714285714161,0.21739130434782608,0.2608695652173913,0.0,1.0,0.0,0.0,0.0,0.0,0.0,0.0,0.0,0.0,0.0,0.0,0.0,0.0,0.0,0.0,0.0,0.0,0.0,0.0,0.0,0.0,0.0,0.0,0.0,0.0,0.0,0.0,0.0,0.0,0.0,0.0,0.0,0.0,0.0,0.0,0.0,0,33,0
0.14285714285714285,0.6363636363636365,0.3333333333333333,0.5,0.8571428571428571,0.5,0.0,0.08333333333333333,0.0,0.0,0.0,0.0,0.8214285714285595,0.21739130434782608,0.2608695652173913,0.0,1.0,0.0,0.0,0.0,0.0,0.0,0.0,0.0,0.0,0.0,0.0,0.0,0.0,0.0,0.0,0.0,0.0,0.0,0.0,0.0,0.0,0.0,0.0,0.0,0.0,0.0,0.0,0.0,0.0,0.0,0.0,1.0,0.0,0.0,0.0,0.0,1,28,0
0.14285714285714285,0.6363636363636365,0.3333333333333333,0.5,0.8571428571428571,0.5,0.0,0.08333333333333333,0.0,0.0,0.0,0.0,0.8214285714285595,0.21739130434782608,0.2608695652173913,0.0,1.0,0.0,0.0,0.0,0.0,0.0,0.0,0.0,0.0,0.0,0.0,0.0,0.0,0.0,0.0,0.0,0.0,0.0,0.0,0.0,0.0,0.0,0.0,0.0,0.0,0.0,0.0,0.0,0.0,0.0,0.0,0.0,1.0,0.0,0.0,0.0,1,29,0
0.14285714285714285,0.6363636363636365,0.3333333333333333,0.5,0.8571428571428571,0.8333333333333334,0.0,0.08333333333333333,0.0,0.0,0.0,1.0,0.8511904761904638,0.30434782608695654,0.34782608695652173,0.0,1.0,0.0,0.0,0.0,0.0,0.0,1.0,0.0,0.0,0.0,0.0,0.0,0.0,0.0,0.0,0.0,0.0,0.0,0.0,0.0,0.0,0.0,0.0,0.0,0.0,0.0,0.0,0.0,0.0,0.0,0.0,0.0,0.0,0.0,0.0,0.0,1,3,0
0.14285714285714285,0.6363636363636365,0.3333333333333333,0.5,0.8571428571428571,0.8333333333333334,0.0,0.06666666666666667,0.0,0.0,0.0,0.0,0.8214285714285595,0.30434782608695654,0.34782608695652173,0.0,1.0,0.0,0.0,0.0,0.0,0.0,0.0,0.0,0.0,0.0,0.0,0.0,0.0,0.0,0.0,0.0,0.0,0.0,0.0,0.0,0.0,0.0,0.0,0.0,0.0,0.0,0.0,0.0,0.0,0.0,0.0,1.0,0.0,0.0,0.0,0.0,1,28,0
0.14285714285714285,0.6363636363636365,0.3333333333333333,0.5,0.8571428571428571,0.8333333333333334,0.0,0.08333333333333333,0.0,0.0,0.0,1.0,0.8511904761904638,0.34782608695652173,0.391304347826087,0.0,1.0,0.0,0.0,0.0,0.0,0.0,0.0,0.0,0.0,0.0,0.0,0.0,0.0,0.0,0.0,0.0,0.0,0.0,0.0,0.0,0.0,0.0,0.0,0.0,0.0,0.0,0.0,0.0,0.0,1.0,0.0,0.0,0.0,0.0,0.0,0.0,1,26,0
0.14285714285714285,0.6363636363636365,0.3333333333333333,0.5,0.8571428571428571,0.8333333333333334,0.0,0.06666666666666667,0.0,0.0,0.0,0.0,0.8214285714285595,0.34782608695652173,0.391304347826087,0.0,1.0,0.0,0.0,0.0,0.0,0.0,0.0,0.0,0.0,0.0,0.0,0.0,0.0,0.0,0.0,0.0,0.0,0.0,0.0,0.0,0.0,0.0,0.0,0.0,0.0,0.0,0.0,0.0,0.0,0.0,0.0,1.0,0.0,0.0,0.0,0.0,1,28,0
0.14285714285714285,0.6363636363636365,0.3333333333333333,0.5,0.8571428571428571,0.8333333333333334,0.0,0.05,0.0,0.0,0.0,1.0,0.8511904761904638,0.4782608695652174,0.5217391304347826,0.0,1.0,0.0,0.0,0.0,0.0,0.0,0.0,0.0,0.0,0.0,0.0,0.0,0.0,0.0,0.0,0.0,0.0,0.0,0.0,0.0,0.0,0.0,0.0,0.0,0.0,0.0,0.0,0.0,0.0,0.0,0.0,1.0,0.0,0.0,0.0,0.0,1,28,0
0.14285714285714285,0.6363636363636365,0.3333333333333333,0.5,0.8571428571428571,0.8333333333333334,0.0,0.0,0.0,0.0,0.08333333333333333,0.0,0.8214285714285595,0.4782608695652174,0.5217391304347826,0.0,1.0,0.0,0.0,0.0,0.0,0.0,0.0,0.0,0.0,0.0,0.0,0.0,0.0,0.0,0.0,0.0,0.0,0.0,0.0,1.0,0.0,0.0,0.0,0.0,0.0,0.0,0.0,0.0,0.0,0.0,0.0,0.0,0.0,0.0,0.0,0.0,0,16,0
0.14285714285714285,0.6363636363636365,0.3333333333333333,0.5,0.7142857142857142,0.6666666666666666,0.0,0.0,0.0,0.0,0.21666666666666667,1.0,0.8571428571428447,0.5217391304347826,0.5652173913043478,0.0,1.0,0.0,0.0,0.0,0.0,0.0,1.0,0.0,0.0,0.0,0.0,0.0,0.0,0.0,0.0,0.0,0.0,0.0,0.0,0.0,0.0,0.0,0.0,0.0,0.0,0.0,0.0,0.0,0.0,0.0,0.0,0.0,0.0,0.0,0.0,0.0,0,3,0
0.14285714285714285,0.6363636363636365,0.3333333333333333,0.5,0.7142857142857142,0.6666666666666666,0.0,0.08333333333333333,0.0,0.0,0.0,0.0,0.8214285714285595,0.5217391304347826,0.5652173913043478,0.0,1.0,0.0,0.0,0.0,0.0,0.0,0.0,0.0,0.0,0.0,0.0,0.0,0.0,0.0,0.0,0.0,0.0,0.0,0.0,0.0,0.0,0.0,0.0,0.0,0.0,0.0,0.0,0.0,1.0,0.0,0.0,0.0,0.0,0.0,0.0,0.0,1,25,0
0.0,0.909090909090909,0.3333333333333333,0.5,0.7142857142857142,0.6666666666666666,0.0,0.0,0.0,0.16666666666666666,0.0,1.0,0.8571428571428448,0.5652173913043478,0.6086956521739131,0.0,0.0,0.0,1.0,0.0,0.0,0.0,0.0,0.0,0.0,0.0,0.0,0.0,0.0,0.0,0.0,0.0,0.0,0.0,0.0,0.0,0.0,0.0,0.0,0.0,0.0,0.0,0.0,0.0,0.0,0.0,0.0,0.0,0.0,0.0,0.0,0.0,0,33,0
0.14285714285714285,0.909090909090909,0.3333333333333333,0.5,0.7142857142857142,0.6666666666666666,0.0,0.11666666666666667,0.0,0.0,0.0,0.0,0.8214285714285595,0.5652173913043478,0.6086956521739131,0.0,0.0,0.0,1.0,0.0,0.0,0.0,0.0,0.0,0.0,0.0,0.0,0.0,0.0,0.0,0.0,0.0,0.0,0.0,0.0,0.0,0.0,0.0,0.0,0.0,0.0,0.0,0.0,0.0,0.0,0.0,0.0,1.0,0.0,0.0,0.0,0.0,1,28,0
0.14285714285714285,0.909090909090909,0.3333333333333333,0.5,0.8571428571428571,0.8333333333333334,0.0,0.0,0.0,0.0,0.15,1.0,0.8511904761904641,0.6521739130434783,0.6956521739130435,0.0,0.0,0.0,1.0,0.0,0.0,0.0,1.0,0.0,0.0,0.0,0.0,0.0,0.0,0.0,0.0,0.0,0.0,0.0,0.0,0.0,0.0,0.0,0.0,0.0,0.0,0.0,0.0,0.0,0.0,0.0,0.0,0.0,0.0,0.0,0.0,0.0,0,3,0
0.14285714285714285,0.909090909090909,0.3333333333333333,0.5,0.8571428571428571,0.8333333333333334,0.0,0.0,0.0,0.0,0.13333333333333333,1.0,0.8511904761904634,0.6956521739130435,0.7391304347826088,0.0,0.0,0.0,1.0,0.0,0.0,0.0,1.0,0.0,0.0,0.0,0.0,0.0,0.0,0.0,0.0,0.0,0.0,0.0,0.0,0.0,0.0,0.0,0.0,0.0,0.0,0.0,0.0,0.0,0.0,0.0,0.0,0.0,0.0,0.0,0.0,0.0,0,3,0
0.14285714285714285,0.909090909090909,0.3333333333333333,0.5,0.42857142857142855,0.33333333333333337,0.0,0.0,0.0,0.0,0.06666666666666667,1.0,0.851190476190464,0.7608695652173914,0.782608695652174,0.0,0.0,0.0,1.0,0.0,0.0,0.0,1.0,0.0,0.0,0.0,0.0,0.0,0.0,0.0,0.0,0.0,0.0,0.0,0.0,0.0,0.0,0.0,0.0,0.0,0.0,0.0,0.0,0.0,0.0,0.0,0.0,0.0,0.0,0.0,0.0,0.0,0,3,0
0.14285714285714285,0.909090909090909,0.3333333333333333,0.5,0.7142857142857142,0.6666666666666666,0.0,0.0,0.0,0.0,0.16666666666666666,1.0,0.857142857142845,0.8695652173913043,0.9130434782608696,0.0,0.0,0.0,1.0,0.0,0.0,0.0,1.0,0.0,0.0,0.0,0.0,0.0,0.0,0.0,0.0,0.0,0.0,0.0,0.0,0.0,0.0,0.0,0.0,0.0,0.0,0.0,0.0,0.0,0.0,0.0,0.0,0.0,0.0,0.0,0.0,0.0,0,3,0
0.14285714285714285,0.909090909090909,0.3333333333333333,0.5,0.7142857142857142,0.6666666666666666,0.0,0.1,0.0,0.0,0.0,0.0,0.8214285714285595,0.8695652173913043,0.9130434782608696,0.0,0.0,0.0,1.0,0.0,0.0,0.0,0.0,0.0,0.0,0.0,0.0,0.0,0.0,0.0,0.0,0.0,0.0,0.0,0.0,0.0,0.0,0.0,0.0,0.0,0.0,0.0,0.0,0.0,0.0,0.0,0.0,0.0,1.0,0.0,0.0,0.0,1,29,0
0.14285714285714285,0.3636363636363636,0.3333333333333333,0.5,0.8571428571428571,0.8333333333333334,0.0,0.0,0.0,0.16666666666666666,0.0,1.0,0.8511904761904638,0.9130434782608696,0.9565217391304348,0.0,0.0,1.0,0.0,0.0,0.0,0.0,0.0,0.0,0.0,0.0,0.0,0.0,0.0,0.0,0.0,0.0,0.0,0.0,0.0,0.0,0.0,0.0,0.0,0.0,0.0,0.0,0.0,0.0,0.0,0.0,0.0,0.0,0.0,0.0,0.0,0.0,0,33,0
0.14285714285714285,0.3636363636363636,0.3333333333333333,0.5,0.7142857142857142,0.6666666666666666,0.0,0.2833333333333333,0.0,0.0,0.0,0.0,0.8214285714285595,0.9565217391304348,1.0,0.0,0.0,1.0,0.0,0.0,0.0,0.0,0.0,0.0,0.0,0.0,0.0,0.0,0.0,0.0,0.0,0.0,0.0,0.0,0.0,0.0,0.0,0.0,0.0,0.0,0.0,0.0,0.0,0.0,0.0,1.0,0.0,0.0,0.0,0.0,0.0,0.0,1,26,0
0.2857142857142857,0.3636363636363636,0.3333333333333333,0.25,0.2857142857142857,0.5,0.0,0.25,0.0,0.0,0.0,1.0,0.8660714285714161,0.0,0.043478260869565216,0.0,0.0,1.0,0.0,0.0,0.0,0.0,0.0,0.0,0.0,0.0,0.0,0.0,0.0,0.0,0.0,0.0,0.0,0.0,0.0,0.0,0.0,0.0,0.0,0.0,0.0,0.0,0.0,0.0,0.0,1.0,0.0,0.0,0.0,0.0,0.0,0.0,1,26,0
0.2857142857142857,0.3636363636363636,0.3333333333333333,0.25,0.2857142857142857,0.5,0.0,0.08333333333333333,0.0,0.0,0.0,0.0,0.8214285714285595,0.0,0.043478260869565216,0.0,0.0,1.0,0.0,0.0,0.0,0.0,0.0,0.0,0.0,0.0,0.0,0.0,0.0,0.0,0.0,0.0,0.0,0.0,0.0,0.0,0.0,0.0,0.0,0.0,0.0,0.0,0.0,0.0,0.0,0.0,0.0,1.0,0.0,0.0,0.0,0.0,1,28,0
0.2857142857142857,0.3636363636363636,0.3333333333333333,0.25,0.7142857142857142,0.6666666666666666,0.0,0.25,0.0,0.0,0.0,0.0,0.8214285714285595,0.13043478260869565,0.17391304347826086,0.0,0.0,1.0,0.0,0.0,0.0,0.0,0.0,0.0,0.0,0.0,0.0,0.0,0.0,0.0,0.0,0.0,0.0,0.0,0.0,0.0,0.0,0.0,0.0,0.0,0.0,0.0,0.0,0.0,0.0,1.0,0.0,0.0,0.0,0.0,0.0,0.0,1,26,0
0.2857142857142857,0.7272727272727273,0.3333333333333333,0.375,0.7142857142857142,0.33333333333333337,0.0,0.3833333333333333,0.0,0.0,0.0,1.0,0.8809523809523682,0.21739130434782608,0.2608695652173913,0.0,1.0,0.0,0.0,0.0,0.0,0.0,0.0,0.0,0.0,0.0,0.0,0.0,0.0,0.0,0.0,0.0,0.0,0.0,0.0,0.0,0.0,0.0,0.0,0.0,0.0,0.0,0.0,0.0,0.0,1.0,0.0,0.0,0.0,0.0,0.0,0.0,1,26,0
0.2857142857142857,0.7272727272727273,0.3333333333333333,0.375,0.7142857142857142,0.33333333333333337,0.0,0.0,0.0,0.16666666666666666,0.0,0.0,0.8214285714285595,0.21739130434782608,0.2608695652173913,0.0,1.0,0.0,0.0,0.0,0.0,0.0,0.0,0.0,0.0,0.0,0.0,0.0,0.0,0.0,0.0,0.0,0.0,0.0,0.0,0.0,0.0,0.0,0.0,0.0,0.0,0.0,0.0,0.0,0.0,0.0,0.0,0.0,0.0,0.0,0.0,0.0,0,33,0
0.2857142857142857,0.7272727272727273,0.3333333333333333,0.125,0.5714285714285714,0.6666666666666666,0.0,0.0,0.0,0.0,0.13333333333333333,1.0,0.8571428571428448,0.2608695652173913,0.30434782608695654,0.0,1.0,0.0,0.0,0.0,0.0,0.0,0.0,0.0,0.0,0.0,0.0,0.0,0.0,0.0,0.0,0.0,0.0,0.0,0.0,0.0,0.0,0.0,0.0,0.0,0.0,0.0,0.0,0.0,0.0,0.0,0.0,0.0,0.0,0.0,0.0,0.0,0,33,0
0.2857142857142857,0.7272727272727273,0.3333333333333333,0.125,0.5714285714285714,0.6666666666666666,0.0,0.13333333333333333,0.0,0.0,0.0,0.0,0.8214285714285595,0.2608695652173913,0.30434782608695654,0.0,1.0,0.0,0.0,0.0,0.0,0.0,0.0,0.0,0.0,0.0,0.0,0.0,0.0,0.0,0.0,0.0,0.0,0.0,0.0,0.0,0.0,0.0,0.0,0.0,0.0,0.0,0.0,0.0,0.0,0.0,0.0,1.0,0.0,0.0,0.0,0.0,1,28,0
0.2857142857142857,0.7272727272727273,0.3333333333333333,0.125,0.8571428571428571,0.8333333333333334,0.0,0.0,0.0,0.0,0.08333333333333333,1.0,0.8511904761904638,0.30434782608695654,0.34782608695652173,0.0,1.0,0.0,0.0,0.0,0.0,0.0,0.0,0.0,0.0,0.0,0.0,0.0,0.0,0.0,0.0,0.0,0.0,0.0,0.0,0.0,0.0,0.0,0.0,0.0,0.0,0.0,0.0,0.0,0.0,0.0,0.0,0.0,0.0,0.0,0.0,0.0,0,33,0
0.2857142857142857,0.7272727272727273,0.3333333333333333,0.125,0.8571428571428571,0.8333333333333334,0.0,0.08333333333333333,0.0,0.0,0.0,0.0,0.8214285714285595,0.30434782608695654,0.34782608695652173,0.0,1.0,0.0,0.0,0.0,0.0,0.0,0.0,0.0,0.0,0.0,0.0,0.0,0.0,0.0,0.0,0.0,0.0,0.0,0.0,0.0,0.0,0.0,0.0,0.0,0.0,0.0,0.0,0.0,0.0,0.0,0.0,1.0,0.0,0.0,0.0,0.0,1,28,0
0.2857142857142857,0.7272727272727273,0.3333333333333333,0.125,0.42857142857142855,0.5,0.0,0.0,0.0,0.23333333333333334,0.0,1.0,0.8660714285714161,0.34782608695652173,0.391304347826087,0.0,1.0,0.0,0.0,0.0,0.0,0.0,0.0,0.0,0.0,0.0,0.0,0.0,0.0,0.0,0.0,0.0,0.0,0.0,0.0,0.0,0.0,0.0,0.0,0.0,0.0,0.0,0.0,0.0,0.0,1.0,0.0,0.0,0.0,0.0,0.0,0.0,0,26,0
0.2857142857142857,0.7272727272727273,0.3333333333333333,0.125,0.42857142857142855,0.5,0.0,0.16666666666666666,0.0,0.0,0.0,0.0,0.8214285714285595,0.34782608695652173,0.391304347826087,0.0,1.0,0.0,0.0,0.0,0.0,0.0,0.0,0.0,0.0,0.0,0.0,0.0,0.0,0.0,0.0,0.0,0.0,0.0,0.0,0.0,0.0,0.0,0.0,0.0,0.0,0.0,0.0,0.0,0.0,0.0,0.0,1.0,0.0,0.0,0.0,0.0,1,28,0
0.2857142857142857,0.7272727272727273,0.3333333333333333,0.125,0.7142857142857142,0.6666666666666666,0.0,0.0,0.0,0.2,0.0,1.0,0.8571428571428447,0.43478260869565216,0.4782608695652174,0.0,1.0,0.0,0.0,0.0,0.0,0.0,0.0,0.0,0.0,0.0,0.0,0.0,0.0,0.0,0.0,0.0,0.0,0.0,0.0,0.0,0.0,0.0,0.0,0.0,0.0,0.0,0.0,0.0,1.0,0.0,0.0,0.0,0.0,0.0,0.0,0.0,0,25,0
0.2857142857142857,0.7272727272727273,0.3333333333333333,0.125,0.7142857142857142,0.6666666666666666,0.0,0.05,0.0,0.0,0.0,0.0,0.8214285714285595,0.43478260869565216,0.4782608695652174,0.0,1.0,0.0,0.0,0.0,0.0,0.0,1.0,0.0,0.0,0.0,0.0,0.0,0.0,0.0,0.0,0.0,0.0,0.0,0.0,0.0,0.0,0.0,0.0,0.0,0.0,0.0,0.0,0.0,0.0,0.0,0.0,0.0,0.0,0.0,0.0,0.0,1,3,0
0.2857142857142857,0.7272727272727273,0.3333333333333333,0.25,0.2857142857142857,0.6666666666666666,0.0,0.13333333333333333,0.0,0.0,0.0,1.0,0.8571428571428448,0.4782608695652174,0.5217391304347826,0.0,1.0,0.0,0.0,0.0,0.0,0.0,0.0,0.0,0.0,0.0,0.0,0.0,0.0,0.0,0.0,0.0,0.0,0.0,0.0,0.0,0.0,0.0,1.0,0.0,0.0,0.0,0.0,0.0,0.0,0.0,0.0,0.0,0.0,0.0,0.0,0.0,1,19,0
0.2857142857142857,0.7272727272727273,0.3333333333333333,0.25,0.2857142857142857,0.6666666666666666,0.16666666666666666,0.0,0.0,0.0,0.0,0.0,0.8214285714285595,0.4782608695652174,0.5217391304347826,0.0,1.0,0.0,0.0,0.0,1.0,0.0,0.0,0.0,0.0,0.0,0.0,0.0,0.0,0.0,0.0,0.0,0.0,0.0,0.0,0.0,0.0,0.0,0.0,0.0,0.0,0.0,0.0,0.0,0.0,0.0,0.0,0.0,0.0,0.0,0.0,0.0,0,1,0
0.2857142857142857,0.7272727272727273,0.3333333333333333,0.5,0.2857142857142857,0.6666666666666666,0.0,0.13333333333333333,0.0,0.0,0.0,1.0,0.8571428571428447,0.5217391304347826,0.5652173913043478,0.0,1.0,0.0,0.0,0.0,0.0,0.0,0.0,0.0,0.0,0.0,0.0,0.0,0.0,0.0,0.0,0.0,0.0,0.0,0.0,0.0,0.0,0.0,0.0,0.0,0.0,0.0,0.0,0.0,0.0,0.0,0.0,1.0,0.0,0.0,0.0,0.0,1,28,0
0.2857142857142857,0.7272727272727273,0.3333333333333333,0.5,0.2857142857142857,0.6666666666666666,0.0,0.13333333333333333,0.0,0.0,0.0,0.0,0.8214285714285595,0.5217391304347826,0.5652173913043478,0.0,1.0,0.0,0.0,0.0,0.0,0.0,0.0,0.0,0.0,0.0,0.0,0.0,0.0,0.0,0.0,0.0,0.0,0.0,0.0,0.0,0.0,0.0,0.0,0.0,0.0,0.0,0.0,0.0,0.0,0.0,0.0,1.0,0.0,0.0,0.0,0.0,1,28,0
0.2857142857142857,0.7272727272727273,0.3333333333333333,0.5,0.2857142857142857,0.5,0.08333333333333333,0.0,0.0,0.0,0.0,1.0,0.8660714285714161,0.5652173913043478,0.6086956521739131,0.0,0.0,0.0,1.0,0.0,1.0,0.0,0.0,0.0,0.0,0.0,0.0,0.0,0.0,0.0,0.0,0.0,0.0,0.0,0.0,0.0,0.0,0.0,0.0,0.0,0.0,0.0,0.0,0.0,0.0,0.0,0.0,0.0,0.0,0.0,0.0,0.0,0,1,0
0.2857142857142857,0.7272727272727273,0.3333333333333333,0.5,0.2857142857142857,0.5,0.0,0.25,0.0,0.0,0.0,0.0,0.8214285714285595,0.5652173913043478,0.6086956521739131,0.0,0.0,0.0,1.0,0.0,0.0,0.0,0.0,0.0,0.0,0.0,0.0,0.0,0.0,0.0,0.0,0.0,0.0,0.0,0.0,0.0,0.0,0.0,0.0,0.0,0.0,0.0,0.0,0.0,0.0,0.0,0.0,1.0,0.0,0.0,0.0,0.0,1,28,0
0.2857142857142857,0.45454545454545453,0.3333333333333333,0.75,0.7142857142857142,0.6666666666666666,0.0,0.0,0.0,0.16666666666666666,0.0,1.0,0.8571428571428447,0.9130434782608696,0.9565217391304348,0.0,0.0,1.0,0.0,0.0,0.0,0.0,0.0,0.0,0.0,0.0,0.0,0.0,0.0,0.0,0.0,0.0,0.0,0.0,0.0,0.0,0.0,0.0,0.0,0.0,0.0,0.0,0.0,0.0,0.0,0.0,0.0,0.0,0.0,0.0,0.0,0.0,0,33,0
0.42857142857142855,0.45454545454545453,0.3333333333333333,0.25,0.2857142857142857,0.33333333333333337,0.0,0.0,0.0,0.0,0.3333333333333333,1.0,0.8809523809523585,0.17391304347826086,0.21739130434782608,0.0,0.0,1.0,0.0,0.0,0.0,0.0,0.0,0.0,0.0,0.0,0.0,0.0,0.0,0.0,0.0,0.0,0.0,0.0,0.0,0.0,0.0,0.0,0.0,0.0,0.0,0.0,0.0,0.0,0.0,0.0,0.0,0.0,0.0,0.0,0.0,0.0,0,33,0
0.42857142857142855,0.45454545454545453,0.3333333333333333,0.25,0.2857142857142857,0.33333333333333337,0.25,0.0,0.0,0.0,0.0,0.0,0.8214285714285595,0.17391304347826086,0.21739130434782608,0.0,0.0,1.0,0.0,0.0,1.0,0.0,0.0,0.0,0.0,0.0,0.0,0.0,0.0,0.0,0.0,0.0,0.0,0.0,0.0,0.0,0.0,0.0,0.0,0.0,0.0,0.0,0.0,0.0,0.0,0.0,0.0,0.0,0.0,0.0,0.0,0.0,0,1,0
0.42857142857142855,0.6363636363636365,0.3333333333333333,0.5,0.2857142857142857,0.5,0.0,0.0,0.0,0.16666666666666666,0.0,1.0,0.8660714285714161,0.21739130434782608,0.2608695652173913,0.0,1.0,0.0,0.0,0.0,0.0,0.0,0.0,0.0,0.0,0.0,0.0,0.0,0.0,0.0,0.0,0.0,0.0,0.0,0.0,0.0,0.0,0.0,0.0,0.0,0.0,0.0,0.0,0.0,0.0,0.0,0.0,0.0,0.0,0.0,0.0,0.0,0,33,0
0.42857142857142855,0.6363636363636365,0.3333333333333333,0.5,0.2857142857142857,0.5,0.0,0.0,0.0,0.0,0.3333333333333333,0.0,0.8214285714285595,0.21739130434782608,0.2608695652173913,0.0,1.0,0.0,0.0,0.0,0.0,0.0,0.0,0.0,0.0,0.0,0.0,0.0,0.0,0.0,0.0,0.0,0.0,0.0,0.0,0.0,0.0,0.0,0.0,0.0,0.0,0.0,0.0,0.0,0.0,0.0,0.0,0.0,0.0,0.0,0.0,0.0,0,33,0
0.42857142857142855,0.6363636363636365,0.3333333333333333,0.5,0.7142857142857142,0.6666666666666666,0.0,0.05,0.0,0.0,0.0,0.0,0.8214285714285595,0.2608695652173913,0.30434782608695654,0.0,1.0,0.0,0.0,0.0,0.0,0.0,0.0,0.0,0.0,0.0,0.0,0.0,0.0,0.0,0.0,0.0,0.0,0.0,0.0,0.0,0.0,0.0,0.0,0.0,1.0,0.0,0.0,0.0,0.0,0.0,0.0,0.0,0.0,0.0,0.0,0.0,1,21,0
0.42857142857142855,0.45454545454545453,0.3333333333333333,0.5,0.8571428571428571,0.8333333333333334,0.0,0.0,0.0,0.05,0.0,1.0,0.8511904761904638,0.34782608695652173,0.391304347826087,0.0,1.0,0.0,0.0,0.0,0.0,0.0,1.0,0.0,0.0,0.0,0.0,0.0,0.0,0.0,0.0,0.0,0.0,0.0,0.0,0.0,0.0,0.0,0.0,0.0,0.0,0.0,0.0,0.0,0.0,0.0,0.0,0.0,0.0,0.0,0.0,0.0,0,3,0
0.42857142857142855,0.45454545454545453,0.3333333333333333,0.5,0.8571428571428571,0.8333333333333334,0.0,0.08333333333333333,0.0,0.0,0.0,0.0,0.8214285714285595,0.34782608695652173,0.391304347826087,0.0,1.0,0.0,0.0,0.0,0.0,0.0,0.0,0.0,0.0,0.0,0.0,0.0,0.0,0.0,0.0,0.0,0.0,0.0,0.0,0.0,0.0,0.0,0.0,0.0,1.0,0.0,0.0,0.0,0.0,0.0,0.0,0.0,0.0,0.0,0.0,0.0,1,21,0
0.42857142857142855,0.45454545454545453,0.3333333333333333,0.5,0.42857142857142855,0.33333333333333337,0.0,0.03333333333333333,0.0,0.0,0.0,1.0,0.851190476190464,0.41304347826086957,0.43478260869565216,0.0,1.0,0.0,0.0,0.0,0.0,0.0,0.0,0.0,0.0,0.0,0.0,0.0,0.0,0.0,0.0,0.0,0.0,0.0,0.0,0.0,0.0,0.0,0.0,0.0,0.0,0.0,0.0,0.0,1.0,0.0,0.0,0.0,0.0,0.0,0.0,0.0,1,25,0
0.42857142857142855,0.45454545454545453,0.3333333333333333,0.5,0.7142857142857142,0.8333333333333334,0.0,0.0,0.0,0.0,0.08333333333333333,1.0,0.8511904761904638,0.43478260869565216,0.4782608695652174,0.0,1.0,0.0,0.0,0.0,0.0,0.0,0.0,0.0,0.0,0.0,0.0,0.0,0.0,0.0,0.0,0.0,0.0,0.0,0.0,0.0,0.0,0.0,0.0,0.0,0.0,0.0,0.0,0.0,0.0,0.0,0.0,0.0,0.0,0.0,0.0,0.0,0,33,0
0.42857142857142855,0.45454545454545453,0.3333333333333333,0.5,0.8571428571428571,0.8333333333333334,0.0,0.0,0.0,0.08333333333333333,0.0,1.0,0.8511904761904638,0.4782608695652174,0.5217391304347826,0.0,1.0,0.0,0.0,0.0,0.0,0.0,0.0,0.0,0.0,0.0,0.0,0.0,0.0,0.0,0.0,0.0,0.0,0.0,0.0,0.0,0.0,0.0,0.0,0.0,0.0,0.0,0.0,0.0,0.0,0.0,0.0,0.0,0.0,0.0,0.0,0.0,0,33,0
0.42857142857142855,0.45454545454545453,0.3333333333333333,0.5,0.8571428571428571,0.8333333333333334,0.0,0.05,0.0,0.0,0.0,0.0,0.8214285714285595,0.4782608695652174,0.5217391304347826,0.0,1.0,0.0,0.0,0.0,0.0,0.0,0.0,0.0,0.0,0.0,0.0,0.0,0.0,0.0,0.0,0.0,0.0,0.0,0.0,0.0,0.0,0.0,0.0,0.0,0.0,0.0,0.0,0.0,0.0,0.0,0.0,1.0,0.0,0.0,0.0,0.0,1,28,0
0.42857142857142855,0.45454545454545453,0.3333333333333333,0.5,0.8571428571428571,0.8333333333333334,0.0,0.08333333333333333,0.0,0.0,0.0,1.0,0.8511904761904638,0.5217391304347826,0.5652173913043478,0.0,1.0,0.0,0.0,0.0,0.0,0.0,0.0,0.0,0.0,0.0,0.0,0.0,0.0,0.0,0.0,0.0,0.0,0.0,0.0,0.0,0.0,0.0,0.0,0.0,0.0,0.0,0.0,0.0,0.0,0.0,0.0,1.0,0.0,0.0,0.0,0.0,1,28,0
0.42857142857142855,0.5454545454545454,0.3333333333333333,0.5,0.8571428571428571,0.8333333333333334,0.0,0.0,0.0,0.13333333333333333,0.0,1.0,0.851190476190464,0.5652173913043478,0.6086956521739131,0.0,0.0,0.0,1.0,0.0,0.0,0.0,0.0,0.0,0.0,0.0,0.0,0.0,0.0,0.0,0.0,0.0,0.0,0.0,0.0,0.0,0.0,0.0,1.0,0.0,0.0,0.0,0.0,0.0,0.0,0.0,0.0,0.0,0.0,0.0,0.0,0.0,0,19,0
0.42857142857142855,0.45454545454545453,0.3333333333333333,0.5,0.7142857142857142,0.6666666666666666,0.0,0.23333333333333334,0.0,0.0,0.0,1.0,0.857142857142845,0.6086956521739131,0.6521739130434783,0.0,0.0,0.0,1.0,0.0,0.0,0.0,0.0,0.0,0.0,0.0,0.0,0.0,0.0,0.0,0.0,0.0,0.0,0.0,0.0,0.0,0.0,0.0,0.0,0.0,0.0,0.0,0.0,0.0,0.0,0.0,0.0,1.0,0.0,0.0,0.0,0.0,1,28,0
0.42857142857142855,0.45454545454545453,0.3333333333333333,0.5,0.7142857142857142,0.6666666666666666,0.0,0.05,0.0,0.0,0.0,0.0,0.8214285714285595,0.6086956521739131,0.6521739130434783,0.0,0.0,0.0,1.0,0.0,0.0,0.0,0.0,0.0,0.0,0.0,0.0,0.0,0.0,0.0,0.0,0.0,0.0,0.0,0.0,0.0,0.0,0.0,0.0,0.0,0.0,0.0,0.0,0.0,0.0,0.0,0.0,0.0,0.0,1.0,0.0,0.0,1,30,0
0.42857142857142855,0.45454545454545453,0.3333333333333333,0.5,1.0,0.9999999999999999,0.0,0.05,0.0,0.0,0.0,1.0,0.8469387755101915,0.6956521739130435,0.7391304347826088,0.0,0.0,0.0,1.0,0.0,0.0,0.0,1.0,0.0,0.0,0.0,0.0,0.0,0.0,0.0,0.0,0.0,0.0,0.0,0.0,0.0,0.0,0.0,0.0,0.0,0.0,0.0,0.0,0.0,0.0,0.0,0.0,0.0,0.0,0.0,0.0,0.0,1,3,0
0.42857142857142855,0.45454545454545453,0.3333333333333333,0.5,0.42857142857142855,0.33333333333333337,0.0,0.0,0.0,0.06666666666666667,0.0,1.0,0.851190476190464,0.7608695652173914,0.782608695652174,0.0,0.0,0.0,1.0,0.0,0.0,0.0,1.0,0.0,0.0,0.0,0.0,0.0,0.0,0.0,0.0,0.0,0.0,0.0,0.0,0.0,0.0,0.0,0.0,0.0,0.0,0.0,0.0,0.0,0.0,0.0,0.0,0.0,0.0,0.0,0.0,0.0,0,3,0
0.42857142857142855,0.45454545454545453,0.3333333333333333,0.5,0.8571428571428571,0.8333333333333334,0.0,0.13333333333333333,0.0,0.0,0.0,1.0,0.8511904761904641,0.782608695652174,0.8260869565217391,0.0,0.0,0.0,1.0,0.0,0.0,0.0,0.0,0.0,0.0,0.0,0.0,0.0,0.0,0.0,0.0,0.0,0.0,0.0,0.0,1.0,0.0,0.0,0.0,0.0,0.0,0.0,0.0,0.0,0.0,0.0,0.0,0.0,0.0,0.0,0.0,0.0,1,16,0
0.42857142857142855,0.45454545454545453,0.3333333333333333,0.5,0.8571428571428571,0.8333333333333334,0.0,0.0,0.0,0.06666666666666667,0.0,1.0,0.8511904761904634,0.8260869565217391,0.8695652173913043,0.0,0.0,0.0,1.0,0.0,0.0,0.0,1.0,0.0,0.0,0.0,0.0,0.0,0.0,0.0,0.0,0.0,0.0,0.0,0.0,0.0,0.0,0.0,0.0,0.0,0.0,0.0,0.0,0.0,0.0,0.0,0.0,0.0,0.0,0.0,0.0,0.0,0,3,0
0.42857142857142855,0.45454545454545453,0.3333333333333333,0.5,0.5714285714285714,0.5,0.0,0.0,0.0,0.13333333333333333,0.0,1.0,0.8660714285714164,0.8695652173913043,0.9130434782608696,0.0,0.0,0.0,1.0,0.0,0.0,0.0,1.0,0.0,0.0,0.0,0.0,0.0,0.0,0.0,0.0,0.0,0.0,0.0,0.0,0.0,0.0,0.0,0.0,0.0,0.0,0.0,0.0,0.0,0.0,0.0,0.0,0.0,0.0,0.0,0.0,0.0,0,3,0
0.42857142857142855,0.45454545454545453,0.3333333333333333,0.5,0.5714285714285714,0.5,0.0,0.16666666666666666,0.0,0.0,0.0,0.0,0.8214285714285595,0.8695652173913043,0.9130434782608696,0.0,0.0,0.0,1.0,0.0,0.0,0.0,0.0,0.0,0.0,0.0,0.0,0.0,0.0,0.0,0.0,0.0,0.0,0.0,0.0,0.0,0.0,0.0,0.0,0.0,0.0,0.0,0.0,0.0,0.0,0.0,0.0,0.0,1.0,0.0,0.0,0.0,1,29,0
0.42857142857142855,0.45454545454545453,0.3333333333333333,0.5,0.5714285714285714,0.5,0.0,0.11666666666666667,0.0,0.0,0.0,0.0,0.8214285714285595,0.8695652173913043,0.9130434782608696,0.0,0.0,0.0,1.0,0.0,0.0,0.0,0.0,0.0,0.0,0.0,0.0,0.0,0.0,0.0,0.0,0.0,0.0,0.0,0.0,0.0,0.0,0.0,1.0,0.0,0.0,0.0,0.0,0.0,0.0,0.0,0.0,0.0,0.0,0.0,0.0,0.0,1,19,0
0.42857142857142855,0.6363636363636365,0.3333333333333333,0.5,1.0,0.9999999999999999,0.0,0.0,0.0,0.16666666666666666,0.0,1.0,0.8469387755101918,0.9130434782608696,0.9565217391304348,0.0,0.0,1.0,0.0,0.0,0.0,0.0,0.0,0.0,0.0,0.0,0.0,0.0,0.0,0.0,0.0,0.0,0.0,0.0,0.0,0.0,0.0,0.0,0.0,0.0,0.0,0.0,0.0,0.0,0.0,0.0,0.0,0.0,0.0,0.0,0.0,0.0,0,33,0
0.42857142857142855,0.6363636363636365,0.3333333333333333,0.125,0.8571428571428571,0.9999999999999999,0.0,0.16666666666666666,0.0,0.0,0.0,0.0,0.8214285714285595,0.9565217391304348,1.0,0.0,0.0,1.0,0.0,0.0,0.0,0.0,0.0,0.0,0.0,0.0,0.0,0.0,0.0,0.0,0.0,0.0,0.0,0.0,0.0,0.0,0.0,0.0,0.0,0.0,0.0,0.0,0.0,0.0,0.0,0.0,0.0,0.0,0.0,0.0,0.0,0.0,1,33,0
0.5714285714285714,0.6363636363636365,0.3333333333333333,0.625,0.5714285714285714,0.6666666666666666,0.0,0.25,0.0,0.0,0.0,0.0,0.8214285714285595,0.08695652173913043,0.13043478260869565,0.0,0.0,1.0,0.0,0.0,0.0,0.0,0.0,0.0,0.0,0.0,0.0,0.0,0.0,0.0,0.0,0.0,0.0,0.0,0.0,0.0,0.0,0.0,0.0,0.0,1.0,0.0,0.0,0.0,0.0,0.0,0.0,0.0,0.0,0.0,0.0,0.0,1,21,0
0.5714285714285714,0.5454545454545454,0.3333333333333333,0.625,0.7142857142857142,0.6666666666666666,0.0,0.0,0.0,0.16666666666666666,0.0,1.0,0.8571428571428448,0.21739130434782608,0.2608695652173913,0.0,1.0,0.0,0.0,0.0,0.0,0.0,0.0,0.0,0.0,0.0,0.0,0.0,0.0,0.0,0.0,0.0,0.0,0.0,0.0,0.0,0.0,0.0,0.0,0.0,0.0,0.0,0.0,0.0,0.0,0.0,0.0,0.0,0.0,0.0,0.0,0.0,0,33,0
0.5714285714285714,0.5454545454545454,0.3333333333333333,0.625,0.7142857142857142,0.6666666666666666,0.0,0.0,0.0,0.0,0.13333333333333333,1.0,0.8571428571428448,0.2608695652173913,0.30434782608695654,0.0,1.0,0.0,0.0,0.0,0.0,0.0,0.0,0.0,0.0,0.0,0.0,0.0,0.0,0.0,0.0,0.0,0.0,0.0,0.0,0.0,0.0,0.0,0.0,0.0,0.0,0.0,0.0,0.0,0.0,0.0,0.0,0.0,0.0,0.0,0.0,0.0,0,33,0
0.5714285714285714,0.45454545454545453,0.3333333333333333,0.625,0.7142857142857142,0.6666666666666666,0.0,0.05,0.0,0.0,0.0,1.0,0.8571428571428447,0.30434782608695654,0.34782608695652173,0.0,1.0,0.0,0.0,0.0,0.0,0.0,0.0,0.0,0.0,0.0,0.0,0.0,0.0,0.0,0.0,0.0,0.0,0.0,0.0,0.0,0.0,0.0,0.0,0.0,0.0,0.0,0.0,0.0,0.0,0.0,0.0,0.0,0.0,0.0,0.0,0.0,1,33,0
0.5714285714285714,0.45454545454545453,0.3333333333333333,0.625,0.7142857142857142,0.6666666666666666,0.0,0.05,0.0,0.0,0.0,0.0,0.8214285714285595,0.30434782608695654,0.34782608695652173,0.0,1.0,0.0,0.0,0.0,0.0,0.0,0.0,0.0,0.0,0.0,0.0,0.0,0.0,0.0,0.0,0.0,0.0,0.0,0.0,0.0,0.0,0.0,0.0,0.0,0.0,0.0,0.0,0.0,0.0,0.0,0.0,1.0,0.0,0.0,0.0,0.0,1,28,0
0.5714285714285714,0.45454545454545453,0.3333333333333333,0.625,0.8571428571428571,0.8333333333333334,0.0,0.25,0.0,0.0,0.0,1.0,0.8511904761904638,0.34782608695652173,0.391304347826087,0.0,1.0,0.0,0.0,0.0,0.0,0.0,0.0,0.0,0.0,0.0,0.0,0.0,0.0,0.0,0.0,0.0,0.0,0.0,0.0,0.0,0.0,0.0,0.0,0.0,0.0,0.0,0.0,0.0,0.0,0.0,0.0,0.0,0.0,1.0,0.0,0.0,1,30,0
0.5714285714285714,0.45454545454545453,0.3333333333333333,0.25,0.8571428571428571,0.8333333333333334,0.0,0.05,0.0,0.0,0.0,1.0,0.8511904761904638,0.4782608695652174,0.5217391304347826,0.0,1.0,0.0,0.0,0.0,0.0,0.0,0.0,0.0,0.0,0.0,0.0,0.0,0.0,0.0,0.0,0.0,0.0,0.0,0.0,0.0,0.0,0.0,0.0,0.0,0.0,0.0,0.0,0.0,0.0,0.0,0.0,0.0,1.0,0.0,0.0,0.0,1,29,0
0.5714285714285714,0.45454545454545453,0.3333333333333333,0.25,0.14285714285714285,0.0,0.25,0.0,0.0,0.0,0.0,1.0,0.9999999999999853,0.5217391304347826,0.5652173913043478,0.0,1.0,0.0,0.0,0.0,1.0,0.0,0.0,0.0,0.0,0.0,0.0,0.0,0.0,0.0,0.0,0.0,0.0,0.0,0.0,0.0,0.0,0.0,0.0,0.0,0.0,0.0,0.0,0.0,0.0,0.0,0.0,0.0,0.0,0.0,0.0,0.0,0,1,0
0.5714285714285714,0.45454545454545453,0.3333333333333333,0.25,0.14285714285714285,0.0,0.0,0.0,0.0,0.5,0.0,0.0,0.8214285714285595,0.5217391304347826,0.5652173913043478,0.0,1.0,0.0,0.0,0.0,0.0,0.0,0.0,0.0,0.0,0.0,0.0,0.0,0.0,0.0,0.0,0.0,0.0,0.0,0.0,0.0,0.0,0.0,0.0,0.0,0.0,0.0,0.0,0.0,0.0,0.0,0.0,0.0,0.0,0.0,0.0,0.0,0,33,0
0.5714285714285714,0.3636363636363636,0.3333333333333333,0.25,0.2857142857142857,0.16666666666666666,0.21666666666666667,0.0,0.0,0.0,0.0,1.0,0.9107142857142727,0.5652173913043478,0.6086956521739131,0.0,0.0,0.0,1.0,0.0,1.0,0.0,0.0,0.0,0.0,0.0,0.0,0.0,0.0,0.0,0.0,0.0,0.0,0.0,0.0,0.0,0.0,0.0,0.0,0.0,0.0,0.0,0.0,0.0,0.0,0.0,0.0,0.0,0.0,0.0,0.0,0.0,0,1,0
0.5714285714285714,0.3636363636363636,0.3333333333333333,0.25,0.2857142857142857,0.16666666666666666,0.0,0.0,0.0,0.5,0.0,0.0,0.8214285714285595,0.5652173913043478,0.6086956521739131,0.0,0.0,0.0,1.0,0.0,0.0,0.0,0.0,0.0,0.0,0.0,0.0,0.0,0.0,0.0,0.0,0.0,0.0,0.0,0.0,0.0,0.0,0.0,0.0,0.0,0.0,0.0,0.0,0.0,0.0,0.0,0.0,0.0,0.0,0.0,0.0,0.0,0,33,0
0.5714285714285714,0.45454545454545453,0.3333333333333333,0.25,0.5714285714285714,0.5,0.0,0.0,0.0,0.16666666666666666,0.0,1.0,0.8660714285714164,0.782608695652174,0.8260869565217391,0.0,0.0,0.0,1.0,0.0,0.0,0.0,1.0,0.0,0.0,0.0,0.0,0.0,0.0,0.0,0.0,0.0,0.0,0.0,0.0,0.0,0.0,0.0,0.0,0.0,0.0,0.0,0.0,0.0,0.0,0.0,0.0,0.0,0.0,0.0,0.0,0.0,0,3,0
0.5714285714285714,0.45454545454545453,0.3333333333333333,0.25,0.5714285714285714,0.5,0.0,0.25,0.0,0.0,0.0,0.0,0.8214285714285595,0.782608695652174,0.8260869565217391,0.0,0.0,0.0,1.0,0.0,0.0,0.0,0.0,0.0,0.0,0.0,0.0,0.0,0.0,0.0,0.0,0.0,0.0,0.0,0.0,0.0,0.0,0.0,0.0,0.0,0.0,0.0,0.0,0.0,0.0,0.0,0.0,0.0,1.0,0.0,0.0,0.0,1,29,0
0.5714285714285714,0.45454545454545453,0.3333333333333333,0.25,0.7142857142857142,0.6666666666666666,0.0,0.0,0.0,0.16666666666666666,0.0,1.0,0.8571428571428442,0.8260869565217391,0.8695652173913043,0.0,0.0,0.0,1.0,0.0,0.0,0.0,1.0,0.0,0.0,0.0,0.0,0.0,0.0,0.0,0.0,0.0,0.0,0.0,0.0,0.0,0.0,0.0,0.0,0.0,0.0,0.0,0.0,0.0,0.0,0.0,0.0,0.0,0.0,0.0,0.0,0.0,0,3,0
0.5714285714285714,0.45454545454545453,0.3333333333333333,0.25,0.7142857142857142,0.6666666666666666,0.0,0.11666666666666667,0.0,0.0,0.0,0.0,0.8214285714285595,0.8260869565217391,0.8695652173913043,0.0,0.0,0.0,1.0,0.0,0.0,0.0,0.0,0.0,0.0,0.0,0.0,0.0,0.0,0.0,0.0,0.0,0.0,0.0,0.0,0.0,0.0,0.0,0.0,0.0,0.0,0.0,0.0,0.0,0.0,0.0,0.0,0.0,0.0,1.0,0.0,0.0,1,30,0
0.5714285714285714,0.45454545454545453,0.3333333333333333,0.25,0.7142857142857142,0.6666666666666666,0.0,0.0,0.0,0.16666666666666666,0.0,1.0,0.857142857142845,0.8695652173913043,0.9130434782608696,0.0,0.0,0.0,1.0,0.0,0.0,0.0,1.0,0.0,0.0,0.0,0.0,0.0,0.0,0.0,0.0,0.0,0.0,0.0,0.0,0.0,0.0,0.0,0.0,0.0,0.0,0.0,0.0,0.0,0.0,0.0,0.0,0.0,0.0,0.0,0.0,0.0,0,3,0
0.5714285714285714,0.45454545454545453,0.3333333333333333,0.25,0.7142857142857142,0.6666666666666666,0.0,0.0,0.0,0.0,0.08333333333333333,0.0,0.8214285714285595,0.8695652173913043,0.9130434782608696,0.0,0.0,0.0,1.0,0.0,0.0,0.0,1.0,0.0,0.0,0.0,0.0,0.0,0.0,0.0,0.0,0.0,0.0,0.0,0.0,0.0,0.0,0.0,0.0,0.0,0.0,0.0,0.0,0.0,0.0,0.0,0.0,0.0,0.0,0.0,0.0,0.0,0,3,0
0.5714285714285714,0.5454545454545454,0.3333333333333333,0.25,0.8571428571428571,0.8333333333333334,0.0,0.0,0.0,0.16666666666666666,0.0,1.0,0.8511904761904638,0.9130434782608696,0.9565217391304348,0.0,0.0,1.0,0.0,0.0,0.0,0.0,0.0,0.0,0.0,0.0,0.0,0.0,0.0,0.0,0.0,0.0,0.0,0.0,0.0,0.0,0.0,0.0,0.0,0.0,0.0,0.0,0.0,0.0,0.0,0.0,0.0,0.0,0.0,0.0,0.0,0.0,0,33,0
0.7142857142857142,0.5454545454545454,0.3333333333333333,0.375,0.5714285714285714,0.5,0.0,0.3333333333333333,0.0,0.0,0.0,1.0,0.8660714285714161,0.08695652173913043,0.13043478260869565,0.0,0.0,1.0,0.0,0.0,0.0,0.0,0.0,0.0,0.0,0.0,0.0,0.0,0.0,0.0,0.0,0.0,0.0,0.0,0.0,0.0,0.0,0.0,0.0,0.0,0.0,0.0,0.0,0.0,0.0,0.0,0.0,0.0,0.0,1.0,0.0,0.0,1,30,0
0.7142857142857142,0.5454545454545454,0.3333333333333333,0.375,0.5714285714285714,0.5,0.0,0.0,0.0,0.16666666666666666,0.0,1.0,0.8660714285714161,0.17391304347826086,0.21739130434782608,0.0,0.0,1.0,0.0,0.0,0.0,0.0,1.0,0.0,0.0,0.0,0.0,0.0,0.0,0.0,0.0,0.0,0.0,0.0,0.0,0.0,0.0,0.0,0.0,0.0,0.0,0.0,0.0,0.0,0.0,0.0,0.0,0.0,0.0,0.0,0.0,0.0,0,3,0
0.7142857142857142,0.5454545454545454,0.3333333333333333,0.375,0.5714285714285714,0.5,0.0,0.13333333333333333,0.0,0.0,0.0,0.0,0.8214285714285595,0.17391304347826086,0.21739130434782608,0.0,0.0,1.0,0.0,0.0,0.0,0.0,0.0,0.0,0.0,0.0,0.0,0.0,0.0,0.0,0.0,0.0,0.0,0.0,0.0,0.0,0.0,0.0,0.0,0.0,0.0,0.0,0.0,0.0,0.0,0.0,0.0,0.0,0.0,1.0,0.0,0.0,1,30,0
0.7142857142857142,0.5454545454545454,0.3333333333333333,0.375,0.8571428571428571,0.8333333333333334,0.0,0.0,0.0,0.16666666666666666,0.0,1.0,0.8511904761904638,0.21739130434782608,0.2608695652173913,0.0,1.0,0.0,0.0,0.0,0.0,0.0,0.0,0.0,0.0,0.0,0.0,0.0,0.0,0.0,0.0,0.0,0.0,0.0,0.0,0.0,0.0,0.0,0.0,0.0,0.0,0.0,0.0,0.0,0.0,0.0,0.0,0.0,0.0,0.0,0.0,0.0,0,33,0
0.7142857142857142,0.5454545454545454,0.3333333333333333,0.375,0.8571428571428571,0.8333333333333334,0.0,0.05,0.0,0.0,0.0,1.0,0.8511904761904638,0.2608695652173913,0.30434782608695654,0.0,1.0,0.0,0.0,0.0,0.0,0.0,0.0,0.0,0.0,0.0,0.0,0.0,0.0,0.0,0.0,0.0,0.0,0.0,0.0,0.0,0.0,0.0,0.0,0.0,0.0,0.0,0.0,0.0,0.0,0.0,1.0,0.0,0.0,0.0,0.0,0.0,1,27,0
0.7142857142857142,0.5454545454545454,0.3333333333333333,0.375,0.8571428571428571,0.8333333333333334,0.0,0.05,0.0,0.0,0.0,0.0,0.8214285714285595,0.2608695652173913,0.30434782608695654,0.0,1.0,0.0,0.0,0.0,0.0,0.0,0.0,0.0,0.0,0.0,0.0,0.0,0.0,0.0,0.0,0.0,0.0,0.0,0.0,0.0,0.0,0.0,0.0,0.0,0.0,0.0,0.0,0.0,0.0,0.0,0.0,0.0,0.0,1.0,0.0,0.0,1,30,0
0.7142857142857142,0.45454545454545453,0.3333333333333333,0.375,0.7142857142857142,0.6666666666666666,0.0,0.08333333333333333,0.0,0.0,0.0,1.0,0.8571428571428447,0.30434782608695654,0.34782608695652173,0.0,1.0,0.0,0.0,0.0,0.0,0.0,1.0,0.0,0.0,0.0,0.0,0.0,0.0,0.0,0.0,0.0,0.0,0.0,0.0,0.0,0.0,0.0,0.0,0.0,0.0,0.0,0.0,0.0,0.0,0.0,0.0,0.0,0.0,0.0,0.0,0.0,1,3,0
0.7142857142857142,0.45454545454545453,0.3333333333333333,0.375,0.7142857142857142,0.6666666666666666,0.16666666666666666,0.0,0.0,0.0,0.0,0.0,0.8214285714285595,0.30434782608695654,0.34782608695652173,0.0,1.0,0.0,0.0,0.0,0.0,0.0,0.0,0.0,0.0,0.0,0.0,0.0,0.0,0.0,1.0,0.0,0.0,0.0,0.0,0.0,0.0,0.0,0.0,0.0,0.0,0.0,0.0,0.0,0.0,0.0,0.0,0.0,0.0,0.0,0.0,0.0,0,11,0
0.7142857142857142,0.45454545454545453,0.3333333333333333,0.375,0.42857142857142855,0.33333333333333337,0.0,0.5666666666666667,0.0,0.0,0.0,1.0,0.8809523809523682,0.34782608695652173,0.391304347826087,0.0,1.0,0.0,0.0,0.0,0.0,0.0,0.0,0.0,0.0,0.0,0.0,0.0,0.0,0.0,1.0,0.0,0.0,0.0,0.0,0.0,0.0,0.0,0.0,0.0,0.0,0.0,0.0,0.0,0.0,0.0,0.0,0.0,0.0,0.0,0.0,0.0,1,11,0
0.7142857142857142,0.45454545454545453,0.3333333333333333,0.375,0.2857142857142857,0.16666666666666666,0.0,0.21666666666666667,0.0,0.0,0.0,1.0,0.8660714285714161,0.41304347826086957,0.43478260869565216,0.0,1.0,0.0,0.0,0.0,0.0,0.0,0.0,0.0,0.0,0.0,0.0,0.0,0.0,0.0,1.0,0.0,0.0,0.0,0.0,0.0,0.0,0.0,0.0,0.0,0.0,0.0,0.0,0.0,0.0,0.0,0.0,0.0,0.0,0.0,0.0,0.0,1,11,0
0.7142857142857142,0.45454545454545453,0.3333333333333333,0.375,0.7142857142857142,0.6666666666666666,0.0,0.2833333333333333,0.0,0.0,0.0,1.0,0.8571428571428447,0.43478260869565216,0.4782608695652174,0.0,1.0,0.0,0.0,0.0,0.0,0.0,0.0,0.0,0.0,0.0,0.0,0.0,0.0,0.0,0.0,0.0,0.0,0.0,0.0,1.0,0.0,0.0,0.0,0.0,0.0,0.0,0.0,0.0,0.0,0.0,0.0,0.0,0.0,0.0,0.0,0.0,1,16,0
0.7142857142857142,0.45454545454545453,0.3333333333333333,0.375,0.7142857142857142,0.6666666666666666,0.0,0.2833333333333333,0.0,0.0,0.0,1.0,0.8571428571428448,0.4782608695652174,0.5217391304347826,0.0,1.0,0.0,0.0,0.0,0.0,0.0,0.0,0.0,0.0,0.0,0.0,0.0,0.0,0.0,0.0,0.0,0.0,0.0,0.0,1.0,0.0,0.0,0.0,0.0,0.0,0.0,0.0,0.0,0.0,0.0,0.0,0.0,0.0,0.0,0.0,0.0,1,16,0
0.7142857142857142,0.45454545454545453,0.3333333333333333,0.375,0.7142857142857142,0.6666666666666666,0.0,0.2833333333333333,0.0,0.0,0.0,1.0,0.8571428571428447,0.5217391304347826,0.5652173913043478,0.0,1.0,0.0,0.0,0.0,0.0,0.0,0.0,0.0,0.0,0.0,0.0,0.0,0.0,0.0,0.0,0.0,0.0,0.0,0.0,1.0,0.0,0.0,0.0,0.0,0.0,0.0,0.0,0.0,0.0,0.0,0.0,0.0,0.0,0.0,0.0,0.0,1,16,0
0.7142857142857142,0.45454545454545453,0.3333333333333333,0.375,0.8571428571428571,0.8333333333333334,0.0,0.0,0.0,0.16666666666666666,0.0,1.0,0.851190476190464,0.5652173913043478,0.6086956521739131,0.0,0.0,0.0,1.0,0.0,0.0,0.0,0.0,0.0,0.0,0.0,0.0,0.0,0.0,0.0,0.0,0.0,0.0,0.0,0.0,0.0,0.0,0.0,0.0,0.0,0.0,0.0,0.0,0.0,0.0,0.0,0.0,0.0,0.0,0.0,0.0,0.0,0,33,0
0.7142857142857142,0.45454545454545453,0.3333333333333333,0.375,0.8571428571428571,0.8333333333333334,0.0,0.0,0.0,0.13333333333333333,0.0,1.0,0.8511904761904641,0.6086956521739131,0.6521739130434783,0.0,0.0,0.0,1.0,0.0,0.0,0.0,0.0,0.0,0.0,0.0,0.0,0.0,0.0,0.0,0.0,0.0,0.0,0.0,0.0,1.0,0.0,0.0,0.0,0.0,0.0,0.0,0.0,0.0,0.0,0.0,0.0,0.0,0.0,0.0,0.0,0.0,0,16,0
0.7142857142857142,0.45454545454545453,0.3333333333333333,0.375,0.14285714285714285,0.0,0.0,0.0,0.0,0.3333333333333333,0.0,1.0,0.9999999999999868,0.6521739130434783,0.6956521739130435,0.0,0.0,0.0,1.0,0.0,0.0,0.0,0.0,0.0,0.0,0.0,0.0,0.0,0.0,0.0,0.0,0.0,0.0,0.0,0.0,1.0,0.0,0.0,0.0,0.0,0.0,0.0,0.0,0.0,0.0,0.0,0.0,0.0,0.0,0.0,0.0,0.0,0,16,0
0.7142857142857142,0.45454545454545453,0.3333333333333333,0.375,0.14285714285714285,0.0,0.0,0.0,0.0,0.16666666666666666,0.0,0.0,0.8214285714285595,0.6521739130434783,0.6956521739130435,0.0,0.0,0.0,1.0,0.0,0.0,0.0,1.0,0.0,0.0,0.0,0.0,0.0,0.0,0.0,0.0,0.0,0.0,0.0,0.0,0.0,0.0,0.0,0.0,0.0,0.0,0.0,0.0,0.0,0.0,0.0,0.0,0.0,0.0,0.0,0.0,0.0,0,3,0
0.7142857142857142,0.45454545454545453,0.3333333333333333,0.375,0.14285714285714285,0.0,0.0,0.0,0.0,0.35,0.0,0.0,0.8214285714285595,0.6521739130434783,0.6956521739130435,0.0,0.0,0.0,1.0,0.0,0.0,0.0,0.0,0.0,0.0,0.0,0.0,0.0,0.0,0.0,0.0,0.0,0.0,0.0,0.0,0.0,0.0,0.0,0.0,0.0,0.0,0.0,0.0,0.0,0.0,0.0,0.0,0.0,0.0,0.0,0.0,0.0,0,33,0
0.7142857142857142,0.45454545454545453,0.3333333333333333,0.375,0.2857142857142857,0.16666666666666666,0.0,0.13333333333333333,0.0,0.0,0.0,1.0,0.8660714285714161,0.7608695652173914,0.782608695652174,0.0,0.0,0.0,1.0,0.0,0.0,0.0,1.0,0.0,0.0,0.0,0.0,0.0,0.0,0.0,0.0,0.0,0.0,0.0,0.0,0.0,0.0,0.0,0.0,0.0,0.0,0.0,0.0,0.0,0.0,0.0,0.0,0.0,0.0,0.0,0.0,0.0,1,3,0
0.7142857142857142,0.45454545454545453,0.3333333333333333,0.375,0.2857142857142857,0.16666666666666666,0.0,0.08333333333333333,0.0,0.0,0.0,0.0,0.8214285714285595,0.7608695652173914,0.782608695652174,0.0,0.0,0.0,1.0,0.0,0.0,0.0,0.0,0.0,0.0,0.0,0.0,0.0,0.0,0.0,1.0,0.0,0.0,0.0,0.0,0.0,0.0,0.0,0.0,0.0,0.0,0.0,0.0,0.0,0.0,0.0,0.0,0.0,0.0,0.0,0.0,0.0,1,11,0
0.7142857142857142,0.45454545454545453,0.3333333333333333,0.375,0.42857142857142855,0.5,0.0,0.0,0.0,0.16666666666666666,0.0,1.0,0.8660714285714164,0.782608695652174,0.8260869565217391,0.0,0.0,0.0,1.0,0.0,0.0,0.0,1.0,0.0,0.0,0.0,0.0,0.0,0.0,0.0,0.0,0.0,0.0,0.0,0.0,0.0,0.0,0.0,0.0,0.0,0.0,0.0,0.0,0.0,0.0,0.0,0.0,0.0,0.0,0.0,0.0,0.0,0,3,0
0.7142857142857142,0.45454545454545453,0.3333333333333333,0.375,0.42857142857142855,0.5,0.0,0.16666666666666666,0.0,0.0,0.0,0.0,0.8214285714285595,0.782608695652174,0.8260869565217391,0.0,0.0,0.0,1.0,0.0,0.0,0.0,0.0,0.0,0.0,0.0,0.0,0.0,0.0,0.0,1.0,0.0,0.0,0.0,0.0,0.0,0.0,0.0,0.0,0.0,0.0,0.0,0.0,0.0,0.0,0.0,0.0,0.0,0.0,0.0,0.0,0.0,1,11,0
0.7142857142857142,0.45454545454545453,0.3333333333333333,0.375,0.42857142857142855,0.5,0.0,0.08333333333333333,0.0,0.0,0.0,0.0,0.8214285714285595,0.782608695652174,0.8260869565217391,0.0,0.0,0.0,1.0,0.0,0.0,0.0,0.0,0.0,0.0,0.0,0.0,0.0,0.0,0.0,0.0,0.0,0.0,0.0,0.0,0.0,0.0,0.0,0.0,0.0,1.0,0.0,0.0,0.0,0.0,0.0,0.0,0.0,0.0,0.0,0.0,0.0,1,21,0
0.7142857142857142,0.45454545454545453,0.3333333333333333,0.375,0.7142857142857142,0.6666666666666666,0.0,0.08333333333333333,0.0,0.0,0.0,1.0,0.8571428571428442,0.8260869565217391,0.8695652173913043,0.0,0.0,0.0,1.0,0.0,0.0,0.0,0.0,0.0,0.0,0.0,0.0,0.0,0.0,0.0,0.0,0.0,0.0,0.0,0.0,0.0,0.0,0.0,1.0,0.0,0.0,0.0,0.0,0.0,0.0,0.0,0.0,0.0,0.0,0.0,0.0,0.0,1,19,0
0.7142857142857142,0.45454545454545453,0.3333333333333333,0.375,0.7142857142857142,0.6666666666666666,0.0,0.13333333333333333,0.0,0.0,0.0,0.0,0.8214285714285595,0.8260869565217391,0.8695652173913043,0.0,0.0,0.0,1.0,0.0,0.0,0.0,1.0,0.0,0.0,0.0,0.0,0.0,0.0,0.0,0.0,0.0,0.0,0.0,0.0,0.0,0.0,0.0,0.0,0.0,0.0,0.0,0.0,0.0,0.0,0.0,0.0,0.0,0.0,0.0,0.0,0.0,1,3,0
0.7142857142857142,0.45454545454545453,0.3333333333333333,0.375,0.7142857142857142,0.6666666666666666,0.0,0.06666666666666667,0.0,0.0,0.0,0.0,0.8214285714285595,0.8260869565217391,0.8695652173913043,0.0,0.0,0.0,1.0,0.0,0.0,0.0,0.0,0.0,0.0,0.0,0.0,0.0,0.0,0.0,0.0,0.0,0.0,0.0,0.0,0.0,0.0,0.0,0.0,0.0,0.0,0.0,0.0,0.0,0.0,0.0,0.0,0.0,0.0,1.0,0.0,0.0,1,30,0
0.7142857142857142,0.45454545454545453,0.3333333333333333,0.375,0.5714285714285714,0.5,0.0,0.0,0.0,0.16666666666666666,0.0,1.0,0.8660714285714164,0.8695652173913043,0.9130434782608696,0.0,0.0,0.0,1.0,0.0,0.0,0.0,1.0,0.0,0.0,0.0,0.0,0.0,0.0,0.0,0.0,0.0,0.0,0.0,0.0,0.0,0.0,0.0,0.0,0.0,0.0,0.0,0.0,0.0,0.0,0.0,0.0,0.0,0.0,0.0,0.0,0.0,0,3,0
0.7142857142857142,0.45454545454545453,0.3333333333333333,0.375,0.5714285714285714,0.5,0.0,0.05,0.0,0.0,0.0,0.0,0.8214285714285595,0.8695652173913043,0.9130434782608696,0.0,0.0,0.0,1.0,0.0,0.0,0.0,1.0,0.0,0.0,0.0,0.0,0.0,0.0,0.0,0.0,0.0,0.0,0.0,0.0,0.0,0.0,0.0,0.0,0.0,0.0,0.0,0.0,0.0,0.0,0.0,0.0,0.0,0.0,0.0,0.0,0.0,1,3,0
0.7142857142857142,0.45454545454545453,0.3333333333333333,0.375,0.5714285714285714,0.5,0.0,0.08333333333333333,0.0,0.0,0.0,0.0,0.8214285714285595,0.8695652173913043,0.9130434782608696,0.0,0.0,0.0,1.0,0.0,0.0,0.0,0.0,0.0,0.0,0.0,0.0,0.0,0.0,0.0,0.0,0.0,0.0,0.0,0.0,0.0,0.0,0.0,0.0,0.0,0.0,0.0,0.0,0.0,0.0,0.0,0.0,1.0,0.0,0.0,0.0,0.0,1,28,0
0.7142857142857142,0.5454545454545454,0.3333333333333333,0.375,0.7142857142857142,0.6666666666666666,0.0,0.0,0.0,0.16666666666666666,0.0,1.0,0.8571428571428447,0.9130434782608696,0.9565217391304348,0.0,0.0,1.0,0.0,0.0,0.0,0.0,0.0,0.0,0.0,0.0,0.0,0.0,0.0,0.0,0.0,0.0,0.0,0.0,0.0,0.0,0.0,0.0,0.0,0.0,0.0,0.0,0.0,0.0,0.0,0.0,0.0,0.0,0.0,0.0,0.0,0.0,0,33,0
0.7142857142857142,0.5454545454545454,0.3333333333333333,0.375,0.7142857142857142,0.6666666666666666,0.0,0.25,0.0,0.0,0.0,0.0,0.8214285714285595,1.0,0.0,0.0,0.0,1.0,0.0,0.0,0.0,0.0,0.0,0.0,0.0,0.0,0.0,0.0,0.0,0.0,0.0,0.0,0.0,0.0,0.0,0.0,0.0,0.0,1.0,0.0,0.0,0.0,0.0,0.0,0.0,0.0,0.0,0.0,0.0,0.0,0.0,0.0,1,19,0
0.8571428571428571,0.5454545454545454,0.3333333333333333,0.375,0.2857142857142857,0.16666666666666666,0.0,0.0,0.0,0.13333333333333333,0.0,1.0,0.9107142857142725,0.0,0.043478260869565216,0.0,0.0,1.0,0.0,0.0,0.0,0.0,0.0,0.0,1.0,0.0,0.0,0.0,0.0,0.0,0.0,0.0,0.0,0.0,0.0,0.0,0.0,0.0,0.0,0.0,0.0,0.0,0.0,0.0,0.0,0.0,0.0,0.0,0.0,0.0,0.0,0.0,0,5,0
0.8571428571428571,0.5454545454545454,0.3333333333333333,0.375,0.5714285714285714,0.5,0.0,0.4166666666666667,0.0,0.0,0.0,1.0,0.8660714285714161,0.13043478260869565,0.17391304347826086,0.0,0.0,1.0,0.0,0.0,0.0,0.0,0.0,0.0,0.0,0.0,0.0,0.0,0.0,0.0,0.0,0.0,0.0,1.0,0.0,0.0,0.0,0.0,0.0,0.0,0.0,0.0,0.0,0.0,0.0,0.0,0.0,0.0,0.0,0.0,0.0,0.0,1,14,0
1.0,0.5454545454545454,0.3333333333333333,0.375,0.7142857142857142,0.6666666666666666,0.0,0.0,0.0,0.16666666666666666,0.0,1.0,0.8571428571428447,0.9130434782608696,0.9565217391304348,0.0,0.0,1.0,0.0,0.0,0.0,0.0,0.0,0.0,0.0,0.0,0.0,0.0,0.0,0.0,0.0,0.0,0.0,0.0,0.0,0.0,0.0,0.0,0.0,0.0,0.0,0.0,0.0,0.0,0.0,0.0,0.0,0.0,0.0,0.0,0.0,0.0,0,33,0
1.0,0.5454545454545454,0.3333333333333333,0.375,0.7142857142857142,0.6666666666666666,0.0,0.11666666666666667,0.0,0.0,0.0,0.0,0.8214285714285595,0.9130434782608696,0.9565217391304348,0.0,0.0,1.0,0.0,0.0,0.0,0.0,0.0,0.0,0.0,0.0,0.0,0.0,0.0,0.0,0.0,0.0,0.0,0.0,0.0,0.0,0.0,0.0,0.0,0.0,0.0,0.0,0.0,0.0,0.0,0.0,0.0,0.0,0.0,1.0,0.0,0.0,1,30,0
1.0,0.5454545454545454,0.3333333333333333,0.375,0.7142857142857142,0.6666666666666666,0.0,0.0,0.0,0.25,0.0,1.0,0.8571428571428448,0.9565217391304348,1.0,0.0,0.0,1.0,0.0,0.0,0.0,0.0,0.0,0.0,0.0,0.0,1.0,0.0,0.0,0.0,0.0,0.0,0.0,0.0,0.0,0.0,0.0,0.0,0.0,0.0,0.0,0.0,0.0,0.0,0.0,0.0,0.0,0.0,0.0,0.0,0.0,0.0,0,7,0
1.0,0.5454545454545454,0.3333333333333333,0.375,0.8571428571428571,0.8333333333333334,0.0,0.1,0.0,0.0,0.0,1.0,0.8511904761904638,1.0,0.0,0.0,0.0,1.0,0.0,0.0,0.0,0.0,0.0,0.0,0.0,0.0,0.0,0.0,0.0,0.0,0.0,0.0,0.0,0.0,0.0,0.0,0.0,0.0,0.0,0.0,0.0,0.0,0.0,0.0,0.0,0.0,0.0,0.0,1.0,0.0,0.0,0.0,1,29,0
0.14285714285714285,0.5454545454545454,0.3333333333333333,0.375,0.8571428571428571,0.8333333333333334,0.0,0.0,0.0,0.13333333333333333,0.0,1.0,0.8511904761904638,0.0,0.043478260869565216,0.0,0.0,1.0,0.0,0.0,0.0,0.0,1.0,0.0,0.0,0.0,0.0,0.0,0.0,0.0,0.0,0.0,0.0,0.0,0.0,0.0,0.0,0.0,0.0,0.0,0.0,0.0,0.0,0.0,0.0,0.0,0.0,0.0,0.0,0.0,0.0,0.0,0,3,0
0.14285714285714285,0.5454545454545454,0.3333333333333333,0.5,0.14285714285714285,0.6666666666666666,0.0,0.13333333333333333,0.0,0.0,0.0,1.0,0.8571428571428448,0.17391304347826086,0.21739130434782608,0.0,0.0,1.0,0.0,0.0,0.0,0.0,0.0,0.0,0.0,0.0,0.0,0.0,0.0,0.0,0.0,0.0,0.0,0.0,0.0,0.0,1.0,0.0,0.0,0.0,0.0,0.0,0.0,0.0,0.0,0.0,0.0,0.0,0.0,0.0,0.0,0.0,1,17,0
0.14285714285714285,0.5454545454545454,0.3333333333333333,0.5,0.14285714285714285,0.6666666666666666,0.0,0.13333333333333333,0.0,0.0,0.0,0.0,0.8214285714285595,0.17391304347826086,0.21739130434782608,0.0,0.0,1.0,0.0,0.0,0.0,0.0,0.0,0.0,0.0,0.0,0.0,0.0,0.0,0.0,0.0,0.0,0.0,0.0,0.0,0.0,0.0,0.0,0.0,0.0,0.0,0.0,0.0,0.0,0.0,0.0,0.0,0.0,1.0,0.0,0.0,0.0,1,29,0
0.14285714285714285,0.45454545454545453,0.3333333333333333,0.5,0.42857142857142855,0.33333333333333337,0.16666666666666666,0.0,0.0,0.0,0.08333333333333333,1.0,0.8809523809523682,0.21739130434782608,0.2608695652173913,0.0,1.0,0.0,0.0,0.0,0.0,0.0,0.0,0.0,0.0,0.0,0.0,0.0,0.0,0.0,0.0,0.0,0.0,0.0,0.0,0.0,0.0,0.0,0.0,0.0,0.0,0.0,0.0,0.0,0.0,0.0,0.0,0.0,0.0,0.0,0.0,0.0,0,33,0
0.14285714285714285,0.45454545454545453,0.3333333333333333,0.5,0.42857142857142855,0.33333333333333337,0.16666666666666666,0.0,0.0,0.0,0.0,0.0,0.8214285714285595,0.21739130434782608,0.2608695652173913,0.0,1.0,0.0,0.0,0.0,1.0,0.0,0.0,0.0,0.0,0.0,0.0,0.0,0.0,0.0,0.0,0.0,0.0,0.0,0.0,0.0,0.0,0.0,0.0,0.0,0.0,0.0,0.0,0.0,0.0,0.0,0.0,0.0,0.0,0.0,0.0,0.0,0,1,0
0.14285714285714285,0.45454545454545453,0.3333333333333333,0.5,0.42857142857142855,0.33333333333333337,0.0,0.0,0.0,0.16666666666666666,0.0,0.0,0.8214285714285595,0.21739130434782608,0.2608695652173913,0.0,1.0,0.0,0.0,0.0,0.0,0.0,0.0,0.0,0.0,0.0,0.0,0.0,0.0,0.0,0.0,0.0,0.0,0.0,0.0,0.0,0.0,0.0,0.0,0.0,0.0,0.0,0.0,0.0,0.0,0.0,0.0,0.0,0.0,0.0,0.0,0.0,0,33,0
0.14285714285714285,0.3636363636363636,0.3333333333333333,0.5,0.5714285714285714,0.5,0.0,0.25,0.0,0.0,0.0,1.0,0.8660714285714164,0.34782608695652173,0.391304347826087,0.0,1.0,0.0,0.0,0.0,0.0,0.0,0.0,0.0,0.0,0.0,0.0,0.0,0.0,0.0,0.0,0.0,0.0,0.0,0.0,0.0,0.0,0.0,0.0,0.0,1.0,0.0,0.0,0.0,0.0,0.0,0.0,0.0,0.0,0.0,0.0,0.0,1,21,0
0.14285714285714285,0.3636363636363636,0.3333333333333333,0.5,0.5714285714285714,0.5,0.0,0.16666666666666666,0.0,0.0,0.0,0.0,0.8214285714285595,0.34782608695652173,0.391304347826087,0.0,1.0,0.0,0.0,0.0,0.0,0.0,1.0,0.0,0.0,0.0,0.0,0.0,0.0,0.0,0.0,0.0,0.0,0.0,0.0,0.0,0.0,0.0,0.0,0.0,0.0,0.0,0.0,0.0,0.0,0.0,0.0,0.0,0.0,0.0,0.0,0.0,1,3,0
0.14285714285714285,0.3636363636363636,0.3333333333333333,0.0,0.0,0.5,0.5,0.0,0.0,0.0,0.0,1.0,0.8214285714285595,0.41304347826086957,0.43478260869565216,0.0,1.0,0.0,0.0,0.0,1.0,0.0,0.0,0.0,0.0,0.0,0.0,0.0,0.0,0.0,0.0,0.0,0.0,0.0,0.0,0.0,0.0,0.0,0.0,0.0,0.0,0.0,0.0,0.0,0.0,0.0,0.0,0.0,0.0,0.0,0.0,0.0,0,1,0
0.14285714285714285,0.3636363636363636,0.3333333333333333,0.0,0.0,0.5,1.0,0.0,0.0,0.0,0.0,1.0,0.8214285714285595,0.43478260869565216,0.4782608695652174,0.0,1.0,0.0,0.0,0.0,1.0,0.0,0.0,0.0,0.0,0.0,0.0,0.0,0.0,0.0,0.0,0.0,0.0,0.0,0.0,0.0,0.0,0.0,0.0,0.0,0.0,0.0,0.0,0.0,0.0,0.0,0.0,0.0,0.0,0.0,0.0,0.0,0,1,0
0.14285714285714285,0.3636363636363636,0.3333333333333333,0.0,0.14285714285714285,0.0,0.8333333333333334,0.0,0.0,0.0,0.0,1.0,0.999999999999987,0.4782608695652174,0.5217391304347826,0.0,1.0,0.0,0.0,0.0,1.0,0.0,0.0,0.0,0.0,0.0,0.0,0.0,0.0,0.0,0.0,0.0,0.0,0.0,0.0,0.0,0.0,0.0,0.0,0.0,0.0,0.0,0.0,0.0,0.0,0.0,0.0,0.0,0.0,0.0,0.0,0.0,0,1,0
0.14285714285714285,0.45454545454545453,0.3333333333333333,0.0,0.8571428571428571,0.8333333333333334,0.0,0.0,0.0,0.16666666666666666,0.0,1.0,0.851190476190464,0.5652173913043478,0.6086956521739131,1.0,0.0,0.0,0.0,0.0,0.0,0.0,0.0,0.0,0.0,0.0,0.0,0.0,0.0,0.0,0.0,0.0,0.0,0.0,0.0,0.0,0.0,0.0,0.0,0.0,0.0,0.0,0.0,0.0,0.0,0.0,0.0,0.0,0.0,0.0,0.0,0.0,0,33,0
0.14285714285714285,0.45454545454545453,0.3333333333333333,0.125,0.2857142857142857,0.33333333333333337,0.0,0.0,0.0,0.08333333333333333,0.0,0.0,0.8214285714285595,0.7608695652173914,0.782608695652174,1.0,0.0,0.0,0.0,0.0,0.0,0.0,0.0,0.0,0.0,0.0,0.0,0.0,0.0,0.0,0.0,0.0,0.0,0.0,0.0,0.0,0.0,0.0,0.0,0.0,0.0,0.0,0.0,0.0,0.0,0.0,0.0,0.0,0.0,1.0,0.0,0.0,0,30,0
0.14285714285714285,0.45454545454545453,0.3333333333333333,0.125,0.42857142857142855,0.33333333333333337,0.0,0.0,0.0,0.3333333333333333,0.0,1.0,0.8809523809523682,0.782608695652174,0.8260869565217391,1.0,0.0,0.0,0.0,0.0,0.0,0.0,0.0,0.0,0.0,0.0,0.0,0.0,0.0,0.0,0.0,0.0,0.0,0.0,0.0,0.0,0.0,0.0,0.0,0.0,0.0,0.0,0.0,0.0,0.0,0.0,0.0,0.0,0.0,1.0,0.0,0.0,0,30,0
0.14285714285714285,0.45454545454545453,0.3333333333333333,0.125,0.5714285714285714,0.5,0.0,0.0,0.0,0.3333333333333333,0.0,1.0,0.866071428571416,0.8695652173913043,0.9130434782608696,1.0,0.0,0.0,0.0,0.0,0.0,0.0,0.0,0.0,0.0,0.0,0.0,0.0,0.0,0.0,0.0,0.0,0.0,0.0,0.0,0.0,0.0,0.0,0.0,0.0,0.0,0.0,0.0,0.0,0.0,0.0,0.0,0.0,0.0,1.0,0.0,0.0,0,30,0
0.14285714285714285,0.45454545454545453,0.3333333333333333,0.125,0.42857142857142855,0.33333333333333337,0.0,0.0,0.0,0.16666666666666666,0.0,1.0,0.8809523809523682,0.9130434782608696,0.9565217391304348,0.0,0.0,1.0,0.0,0.0,0.0,0.0,0.0,0.0,0.0,0.0,0.0,0.0,0.0,0.0,0.0,0.0,0.0,0.0,0.0,0.0,0.0,0.0,0.0,0.0,0.0,0.0,0.0,0.0,0.0,0.0,0.0,0.0,0.0,0.0,0.0,0.0,0,33,0
0.14285714285714285,0.45454545454545453,0.3333333333333333,0.125,0.42857142857142855,0.33333333333333337,0.0,0.0,0.0,0.4,0.0,0.0,0.8214285714285595,0.9130434782608696,0.9565217391304348,0.0,0.0,1.0,0.0,0.0,0.0,0.0,0.0,0.0,0.0,0.0,0.0,0.0,0.0,0.0,0.0,0.0,0.0,0.0,0.0,0.0,0.0,0.0,0.0,0.0,0.0,0.0,0.0,0.0,0.0,0.0,0.0,0.0,0.0,1.0,0.0,0.0,0,30,0
0.2857142857142857,0.45454545454545453,0.3333333333333333,0.125,0.8571428571428571,0.8333333333333334,0.0,0.0,0.0,0.13333333333333333,0.0,1.0,0.8511904761904638,0.08695652173913043,0.13043478260869565,0.0,0.0,1.0,0.0,0.0,0.0,0.0,0.0,0.0,0.0,0.0,0.0,0.0,0.0,0.0,0.0,0.0,0.0,0.0,0.0,1.0,0.0,0.0,0.0,0.0,0.0,0.0,0.0,0.0,0.0,0.0,0.0,0.0,0.0,0.0,0.0,0.0,0,16,0
0.2857142857142857,0.45454545454545453,0.3333333333333333,0.125,0.7142857142857142,0.8333333333333334,0.0,0.13333333333333333,0.0,0.0,0.0,1.0,0.8511904761904638,0.17391304347826086,0.21739130434782608,0.0,0.0,1.0,0.0,0.0,0.0,0.0,1.0,0.0,0.0,0.0,0.0,0.0,0.0,0.0,0.0,0.0,0.0,0.0,0.0,0.0,0.0,0.0,0.0,0.0,0.0,0.0,0.0,0.0,0.0,0.0,0.0,0.0,0.0,0.0,0.0,0.0,1,3,0
0.2857142857142857,0.3636363636363636,0.3333333333333333,0.125,0.42857142857142855,0.33333333333333337,0.0,0.0,0.0,0.5,0.0,1.0,0.8809523809523682,0.21739130434782608,0.2608695652173913,0.0,1.0,0.0,0.0,0.0,0.0,0.0,0.0,0.0,0.0,0.0,0.0,0.0,0.0,0.0,0.0,0.0,0.0,0.0,0.0,0.0,0.0,0.0,0.0,0.0,0.0,0.0,0.0,0.0,0.0,0.0,0.0,0.0,1.0,0.0,0.0,0.0,0,29,0
0.2857142857142857,0.3636363636363636,0.3333333333333333,0.125,0.7142857142857142,0.6666666666666666,0.16666666666666666,0.0,0.0,0.0,0.0,1.0,0.857142857142845,0.2608695652173913,0.30434782608695654,0.0,1.0,0.0,0.0,0.0,1.0,0.0,0.0,0.0,0.0,0.0,0.0,0.0,0.0,0.0,0.0,0.0,0.0,0.0,0.0,0.0,0.0,0.0,0.0,0.0,0.0,0.0,0.0,0.0,0.0,0.0,0.0,0.0,0.0,0.0,0.0,0.0,0,1,0
0.2857142857142857,0.3636363636363636,0.3333333333333333,0.125,0.7142857142857142,0.6666666666666666,0.0,0.16666666666666666,0.0,0.0,0.0,0.0,0.8214285714285595,0.2608695652173913,0.30434782608695654,0.0,1.0,0.0,0.0,0.0,0.0,0.0,0.0,0.0,0.0,0.0,0.0,0.0,0.0,0.0,0.0,0.0,0.0,0.0,0.0,0.0,0.0,0.0,0.0,0.0,0.0,0.0,0.0,0.0,0.0,0.0,0.0,0.0,0.0,1.0,0.0,0.0,1,30,0
0.2857142857142857,0.3636363636363636,0.3333333333333333,0.125,0.5714285714285714,0.5,0.0,0.25,0.0,0.0,0.0,1.0,0.8660714285714153,0.30434782608695654,0.34782608695652173,0.0,1.0,0.0,0.0,0.0,0.0,0.0,0.0,0.0,0.0,0.0,0.0,0.0,0.0,0.0,0.0,0.0,0.0,0.0,0.0,0.0,0.0,0.0,0.0,0.0,0.0,0.0,0.0,0.0,0.0,0.0,0.0,0.0,0.0,1.0,0.0,0.0,1,30,0
0.2857142857142857,0.3636363636363636,0.3333333333333333,0.125,1.0,0.9999999999999999,0.0,0.0,0.0,0.0,0.25,1.0,0.846938775510192,0.34782608695652173,0.391304347826087,0.0,1.0,0.0,0.0,0.0,0.0,0.0,0.0,0.0,0.0,0.0,0.0,0.0,0.0,0.0,0.0,0.0,0.0,0.0,0.0,0.0,0.0,0.0,0.0,0.0,0.0,0.0,0.0,0.0,0.0,0.0,0.0,0.0,0.0,0.0,0.0,0.0,0,33,0
0.2857142857142857,0.3636363636363636,0.3333333333333333,0.125,0.8571428571428571,0.8333333333333334,0.0,0.16666666666666666,0.0,0.0,0.0,1.0,0.8511904761904634,0.43478260869565216,0.4782608695652174,0.0,1.0,0.0,0.0,0.0,0.0,0.0,0.0,0.0,0.0,0.0,0.0,0.0,0.0,0.0,0.0,0.0,0.0,0.0,0.0,0.0,0.0,0.0,0.0,0.0,1.0,0.0,0.0,0.0,0.0,0.0,0.0,0.0,0.0,0.0,0.0,0.0,1,21,0
0.2857142857142857,0.3636363636363636,0.3333333333333333,0.125,0.7142857142857142,0.6666666666666666,0.0,0.16666666666666666,0.0,0.0,0.0,1.0,0.857142857142845,0.5217391304347826,0.5652173913043478,0.0,1.0,0.0,0.0,0.0,0.0,0.0,0.0,0.0,0.0,0.0,0.0,0.0,0.0,0.0,0.0,0.0,0.0,0.0,0.0,0.0,0.0,0.0,0.0,0.0,0.0,0.0,0.0,0.0,0.0,0.0,0.0,0.0,0.0,0.0,0.0,0.0,1,33,0
0.2857142857142857,0.5454545454545454,0.3333333333333333,0.125,0.8571428571428571,0.8333333333333334,0.0,0.0,0.0,0.16666666666666666,0.0,1.0,0.851190476190464,0.5652173913043478,0.6086956521739131,0.0,0.0,0.0,1.0,0.0,0.0,0.0,0.0,0.0,0.0,0.0,0.0,0.0,0.0,0.0,0.0,0.0,0.0,0.0,0.0,0.0,0.0,0.0,0.0,0.0,0.0,0.0,0.0,0.0,0.0,0.0,0.0,0.0,0.0,0.0,0.0,0.0,0,33,0
0.2857142857142857,0.5454545454545454,0.3333333333333333,0.625,0.14285714285714285,0.8333333333333334,0.0,0.13333333333333333,0.0,0.0,0.0,1.0,0.8511904761904641,0.6521739130434783,0.6956521739130435,0.0,0.0,0.0,1.0,0.0,0.0,0.0,0.0,0.0,0.0,0.0,0.0,0.0,0.0,0.0,0.0,0.0,0.0,0.0,0.0,0.0,0.0,0.0,0.0,0.0,0.0,0.0,0.0,0.0,0.0,0.0,0.0,1.0,0.0,0.0,0.0,0.0,1,28,0
0.2857142857142857,0.45454545454545453,0.3333333333333333,0.75,0.7142857142857142,0.6666666666666666,0.0,0.0,0.0,0.13333333333333333,0.0,1.0,0.8571428571428448,0.9565217391304348,1.0,0.0,0.0,1.0,0.0,0.0,0.0,0.0,0.0,0.0,0.0,0.0,0.0,0.0,0.0,0.0,0.0,0.0,0.0,0.0,0.0,0.0,0.0,0.0,0.0,0.0,0.0,0.0,0.0,0.0,0.0,0.0,0.0,0.0,0.0,0.0,0.0,0.0,0,33,0
0.2857142857142857,0.45454545454545453,0.3333333333333333,0.75,0.7142857142857142,0.6666666666666666,0.16666666666666666,0.0,0.0,0.0,0.0,0.0,0.8214285714285595,0.9565217391304348,1.0,0.0,0.0,1.0,0.0,0.0,1.0,0.0,0.0,0.0,0.0,0.0,0.0,0.0,0.0,0.0,0.0,0.0,0.0,0.0,0.0,0.0,0.0,0.0,0.0,0.0,0.0,0.0,0.0,0.0,0.0,0.0,0.0,0.0,0.0,0.0,0.0,0.0,0,1,0
0.2857142857142857,0.45454545454545453,0.3333333333333333,0.75,0.42857142857142855,0.33333333333333337,0.0,0.0,0.0,0.5,0.0,1.0,0.8809523809523682,1.0,0.0,0.0,0.0,1.0,0.0,0.0,0.0,0.0,0.0,0.0,0.0,0.0,0.0,0.0,0.0,0.0,0.0,0.0,0.0,0.0,0.0,0.0,0.0,0.0,0.0,0.0,0.0,0.0,0.0,0.0,0.0,1.0,0.0,0.0,0.0,0.0,0.0,0.0,0,26,0
0.42857142857142855,0.45454545454545453,0.3333333333333333,0.75,0.8571428571428571,0.8333333333333334,0.0,0.0,0.0,0.16666666666666666,0.0,1.0,0.8511904761904638,0.0,0.043478260869565216,0.0,0.0,1.0,0.0,0.0,0.0,0.0,1.0,0.0,0.0,0.0,0.0,0.0,0.0,0.0,0.0,0.0,0.0,0.0,0.0,0.0,0.0,0.0,0.0,0.0,0.0,0.0,0.0,0.0,0.0,0.0,0.0,0.0,0.0,0.0,0.0,0.0,0,3,0
0.42857142857142855,0.45454545454545453,0.3333333333333333,0.75,0.8571428571428571,0.8333333333333334,0.0,0.15,0.0,0.0,0.0,1.0,0.8511904761904638,0.08695652173913043,0.13043478260869565,0.0,0.0,1.0,0.0,0.0,0.0,0.0,0.0,0.0,0.0,0.0,0.0,0.0,0.0,0.0,0.0,0.0,0.0,0.0,0.0,1.0,0.0,0.0,0.0,0.0,0.0,0.0,0.0,0.0,0.0,0.0,0.0,0.0,0.0,0.0,0.0,0.0,1,16,0
0.42857142857142855,0.45454545454545453,0.3333333333333333,0.75,0.7142857142857142,0.6666666666666666,0.0,0.0,0.0,0.16666666666666666,0.0,1.0,0.8571428571428448,0.17391304347826086,0.21739130434782608,0.0,0.0,1.0,0.0,0.0,0.0,0.0,1.0,0.0,0.0,0.0,0.0,0.0,0.0,0.0,0.0,0.0,0.0,0.0,0.0,0.0,0.0,0.0,0.0,0.0,0.0,0.0,0.0,0.0,0.0,0.0,0.0,0.0,0.0,0.0,0.0,0.0,0,3,0
0.42857142857142855,0.45454545454545453,0.3333333333333333,0.75,0.7142857142857142,0.6666666666666666,0.0,0.11666666666666667,0.0,0.0,0.0,0.0,0.8214285714285595,0.17391304347826086,0.21739130434782608,0.0,0.0,1.0,0.0,0.0,0.0,0.0,0.0,0.0,0.0,0.0,0.0,0.0,0.0,0.0,0.0,0.0,0.0,0.0,0.0,0.0,0.0,0.0,0.0,0.0,0.0,0.0,0.0,0.0,0.0,0.0,0.0,0.0,0.0,1.0,0.0,0.0,1,30,0
0.42857142857142855,0.3636363636363636,0.3333333333333333,0.75,0.7142857142857142,0.6666666666666666,0.16666666666666666,0.0,0.0,0.0,0.0,1.0,0.8571428571428448,0.21739130434782608,0.2608695652173913,0.0,1.0,0.0,0.0,0.0,1.0,0.0,0.0,0.0,0.0,0.0,0.0,0.0,0.0,0.0,0.0,0.0,0.0,0.0,0.0,0.0,0.0,0.0,0.0,0.0,0.0,0.0,0.0,0.0,0.0,0.0,0.0,0.0,0.0,0.0,0.0,0.0,0,1,0
0.42857142857142855,0.3636363636363636,0.3333333333333333,0.75,0.7142857142857142,0.6666666666666666,0.0,0.0,0.0,0.16666666666666666,0.0,0.0,0.8214285714285595,0.21739130434782608,0.2608695652173913,0.0,1.0,0.0,0.0,0.0,0.0,0.0,0.0,0.0,0.0,0.0,0.0,0.0,0.0,0.0,0.0,0.0,0.0,0.0,0.0,0.0,0.0,0.0,0.0,0.0,0.0,0.0,0.0,0.0,0.0,0.0,0.0,0.0,0.0,0.0,0.0,0.0,0,33,0
0.42857142857142855,0.3636363636363636,0.3333333333333333,0.5,0.14285714285714285,0.6666666666666666,0.0,0.25,0.0,0.0,0.0,1.0,0.857142857142845,0.2608695652173913,0.30434782608695654,0.0,1.0,0.0,0.0,0.0,0.0,0.0,0.0,0.0,0.0,0.0,0.0,0.0,0.0,0.0,0.0,1.0,0.0,0.0,0.0,0.0,0.0,0.0,0.0,0.0,0.0,0.0,0.0,0.0,0.0,0.0,0.0,0.0,0.0,0.0,0.0,0.0,1,12,0
0.42857142857142855,0.3636363636363636,0.3333333333333333,0.5,0.14285714285714285,0.16666666666666666,0.0,0.6666666666666666,0.0,0.0,0.0,1.0,0.9107142857142733,0.34782608695652173,0.391304347826087,0.0,1.0,0.0,0.0,0.0,0.0,0.0,0.0,0.0,0.0,0.0,1.0,0.0,0.0,0.0,0.0,0.0,0.0,0.0,0.0,0.0,0.0,0.0,0.0,0.0,0.0,0.0,0.0,0.0,0.0,0.0,0.0,0.0,0.0,0.0,0.0,0.0,1,7,0
0.42857142857142855,0.3636363636363636,0.3333333333333333,0.125,0.14285714285714285,0.0,0.0,0.0,0.0,0.16666666666666666,0.0,1.0,0.910714285714274,0.41304347826086957,0.43478260869565216,0.0,1.0,0.0,0.0,0.0,0.0,0.0,0.0,0.0,0.0,0.0,0.0,0.0,0.0,0.0,0.0,0.0,0.0,0.0,0.0,0.0,0.0,0.0,0.0,0.0,0.0,0.0,0.0,0.0,0.0,0.0,0.0,0.0,0.0,0.0,0.0,0.0,0,33,0
0.42857142857142855,0.3636363636363636,0.3333333333333333,0.25,0.14285714285714285,0.16666666666666666,0.0,0.5,0.0,0.0,0.0,1.0,0.9107142857142709,0.43478260869565216,0.4782608695652174,0.0,1.0,0.0,0.0,0.0,0.0,0.0,0.0,0.0,0.0,0.0,0.0,0.0,0.0,0.0,0.0,0.0,0.0,0.0,0.0,0.0,0.0,0.0,0.0,0.0,0.0,0.0,0.0,0.0,0.0,0.0,0.0,1.0,0.0,0.0,0.0,0.0,1,28,0
0.42857142857142855,0.3636363636363636,0.3333333333333333,0.75,0.14285714285714285,0.8333333333333334,0.0,0.0,0.0,0.25,0.0,1.0,0.8511904761904641,0.4782608695652174,0.5217391304347826,0.0,1.0,0.0,0.0,0.0,0.0,0.0,0.0,0.0,0.0,0.0,0.0,0.0,0.0,0.0,0.0,0.0,0.0,0.0,0.0,0.0,0.0,0.0,0.0,0.0,0.0,0.0,0.0,0.0,0.0,0.0,0.0,0.0,0.0,0.0,0.0,0.0,0,33,0
0.42857142857142855,0.3636363636363636,0.3333333333333333,0.5,0.14285714285714285,0.5,0.0,0.0,0.0,0.0,0.16666666666666666,1.0,0.8660714285714164,0.5217391304347826,0.5652173913043478,0.0,1.0,0.0,0.0,0.0,0.0,0.0,0.0,0.0,0.0,0.0,0.0,0.0,0.0,0.0,0.0,0.0,0.0,0.0,0.0,0.0,0.0,0.0,0.0,0.0,0.0,0.0,0.0,0.0,0.0,0.0,0.0,0.0,0.0,0.0,0.0,0.0,0,33,0
0.42857142857142855,0.6363636363636365,0.3333333333333333,0.5,0.7142857142857142,0.6666666666666666,0.0,0.0,0.0,0.25,0.0,1.0,0.8571428571428448,0.5652173913043478,0.6086956521739131,1.0,0.0,0.0,0.0,0.0,0.0,0.0,0.0,0.0,0.0,0.0,0.0,0.0,0.0,0.0,0.0,0.0,0.0,0.0,0.0,0.0,0.0,0.0,0.0,0.0,0.0,0.0,0.0,0.0,0.0,0.0,0.0,0.0,0.0,0.0,0.0,0.0,0,33,0
0.42857142857142855,0.6363636363636365,0.3333333333333333,0.5,0.5714285714285714,0.5,0.0,0.0,0.0,0.3333333333333333,0.0,0.0,0.8214285714285595,0.6086956521739131,0.6521739130434783,1.0,0.0,0.0,0.0,0.0,0.0,0.0,0.0,0.0,0.0,0.0,0.0,0.0,0.0,0.0,0.0,0.0,0.0,0.0,0.0,0.0,0.0,0.0,0.0,0.0,0.0,0.0,0.0,0.0,0.0,0.0,0.0,0.0,0.0,0.0,0.0,0.0,0,33,0
0.42857142857142855,0.6363636363636365,0.3333333333333333,0.5,0.5714285714285714,0.5,0.0,0.08333333333333333,0.0,0.0,0.0,0.0,0.8214285714285595,0.6086956521739131,0.6521739130434783,1.0,0.0,0.0,0.0,0.0,0.0,0.0,0.0,0.0,0.0,0.0,0.0,0.0,0.0,0.0,0.0,0.0,0.0,0.0,0.0,0.0,0.0,0.0,0.0,0.0,0.0,0.0,0.0,0.0,0.0,0.0,0.0,1.0,0.0,0.0,0.0,0.0,1,28,0
0.42857142857142855,0.6363636363636365,0.3333333333333333,0.5,0.7142857142857142,0.6666666666666666,0.0,0.13333333333333333,0.0,0.0,0.0,0.0,0.8214285714285595,0.6521739130434783,0.6956521739130435,1.0,0.0,0.0,0.0,0.0,0.0,0.0,0.0,0.0,0.0,0.0,0.0,0.0,0.0,0.0,0.0,0.0,0.0,0.0,0.0,0.0,0.0,0.0,0.0,0.0,0.0,0.0,0.0,0.0,0.0,0.0,0.0,0.0,1.0,0.0,0.0,0.0,1,29,0
0.42857142857142855,0.6363636363636365,0.3333333333333333,0.5,0.7142857142857142,0.6666666666666666,0.0,0.1,0.0,0.0,0.0,0.0,0.8214285714285595,0.6521739130434783,0.6956521739130435,1.0,0.0,0.0,0.0,0.0,0.0,0.0,0.0,0.0,0.0,0.0,0.0,0.0,0.0,0.0,0.0,0.0,0.0,0.0,0.0,0.0,0.0,0.0,0.0,0.0,0.0,0.0,0.0,0.0,0.0,0.0,0.0,1.0,0.0,0.0,0.0,0.0,1,28,0
0.42857142857142855,0.6363636363636365,0.3333333333333333,0.5,0.8571428571428571,0.8333333333333334,0.0,0.13333333333333333,0.0,0.0,0.0,0.0,0.8214285714285595,0.6956521739130435,0.7391304347826088,1.0,0.0,0.0,0.0,0.0,0.0,0.0,0.0,0.0,0.0,0.0,0.0,0.0,0.0,0.0,0.0,0.0,0.0,0.0,0.0,0.0,0.0,0.0,0.0,0.0,0.0,0.0,0.0,0.0,0.0,0.0,0.0,1.0,0.0,0.0,0.0,0.0,1,28,0
0.42857142857142855,0.6363636363636365,0.3333333333333333,0.5,0.42857142857142855,0.33333333333333337,0.0,0.21666666666666667,0.0,0.0,0.0,1.0,0.8809523809523682,0.782608695652174,0.8260869565217391,1.0,0.0,0.0,0.0,0.0,0.0,0.0,0.0,0.0,0.0,0.0,0.0,0.0,0.0,0.0,0.0,0.0,0.0,0.0,0.0,0.0,0.0,0.0,0.0,0.0,0.0,0.0,0.0,0.0,0.0,0.0,0.0,0.0,0.0,1.0,0.0,0.0,1,30,0
0.42857142857142855,0.6363636363636365,0.3333333333333333,0.5,0.42857142857142855,0.33333333333333337,0.0,0.08333333333333333,0.0,0.0,0.0,0.0,0.8214285714285595,0.782608695652174,0.8260869565217391,1.0,0.0,0.0,0.0,0.0,0.0,0.0,0.0,0.0,0.0,0.0,0.0,0.0,0.0,0.0,0.0,0.0,0.0,0.0,0.0,0.0,0.0,0.0,0.0,0.0,0.0,0.0,0.0,0.0,0.0,0.0,0.0,1.0,0.0,0.0,0.0,0.0,1,28,0
0.42857142857142855,0.6363636363636365,0.3333333333333333,0.5,0.42857142857142855,0.33333333333333337,0.0,0.25,0.0,0.0,0.0,0.0,0.8214285714285595,0.782608695652174,0.8260869565217391,1.0,0.0,0.0,0.0,0.0,0.0,0.0,0.0,0.0,0.0,0.0,0.0,0.0,0.0,0.0,0.0,0.0,0.0,0.0,0.0,0.0,0.0,0.0,0.0,0.0,0.0,0.0,0.0,0.0,0.0,0.0,0.0,0.0,0.0,0.0,0.0,0.0,1,33,0
0.42857142857142855,0.6363636363636365,0.3333333333333333,0.625,0.14285714285714285,0.8333333333333334,0.0,0.13333333333333333,0.0,0.0,0.0,1.0,0.851190476190464,0.8260869565217391,0.8695652173913043,1.0,0.0,0.0,0.0,0.0,0.0,0.0,0.0,0.0,0.0,0.0,0.0,0.0,0.0,0.0,0.0,0.0,0.0,0.0,0.0,0.0,0.0,0.0,0.0,0.0,0.0,0.0,0.0,0.0,0.0,0.0,0.0,1.0,0.0,0.0,0.0,0.0,1,28,0
0.42857142857142855,0.6363636363636365,0.3333333333333333,0.625,0.5714285714285714,0.5,0.0,0.21666666666666667,0.0,0.0,0.0,1.0,0.866071428571416,0.8695652173913043,0.9130434782608696,1.0,0.0,0.0,0.0,0.0,0.0,0.0,0.0,0.0,0.0,0.0,0.0,0.0,0.0,0.0,0.0,0.0,0.0,0.0,0.0,0.0,0.0,0.0,0.0,0.0,0.0,0.0,0.0,0.0,0.0,0.0,0.0,1.0,0.0,0.0,0.0,0.0,1,28,0
0.42857142857142855,0.6363636363636365,0.3333333333333333,0.625,0.5714285714285714,0.5,0.0,0.16666666666666666,0.0,0.0,0.0,0.0,0.8214285714285595,0.8695652173913043,0.9130434782608696,1.0,0.0,0.0,0.0,0.0,0.0,0.0,0.0,0.0,0.0,0.0,0.0,0.0,0.0,0.0,0.0,0.0,0.0,0.0,0.0,0.0,0.0,0.0,0.0,0.0,0.0,0.0,0.0,0.0,0.0,0.0,0.0,0.0,0.0,1.0,0.0,0.0,1,30,0
0.42857142857142855,0.3636363636363636,0.3333333333333333,0.625,0.7142857142857142,0.6666666666666666,0.0,0.0,0.0,0.16666666666666666,0.0,1.0,0.8571428571428447,0.9130434782608696,0.9565217391304348,0.0,0.0,1.0,0.0,0.0,0.0,0.0,0.0,0.0,0.0,0.0,0.0,0.0,0.0,0.0,0.0,0.0,0.0,0.0,0.0,0.0,0.0,0.0,0.0,0.0,0.0,0.0,0.0,0.0,0.0,0.0,0.0,0.0,0.0,0.0,0.0,0.0,0,33,0
0.42857142857142855,0.3636363636363636,0.3333333333333333,0.625,0.7142857142857142,0.6666666666666666,0.0,0.05,0.0,0.0,0.0,0.0,0.8214285714285595,0.9130434782608696,0.9565217391304348,0.0,0.0,1.0,0.0,0.0,0.0,0.0,0.0,0.0,0.0,0.0,0.0,0.0,0.0,0.0,0.0,0.0,0.0,0.0,0.0,0.0,0.0,0.0,0.0,0.0,0.0,0.0,0.0,0.0,0.0,0.0,0.0,1.0,0.0,0.0,0.0,0.0,1,28,0
0.42857142857142855,0.3636363636363636,0.3333333333333333,0.625,0.8571428571428571,0.8333333333333334,0.0,0.05,0.0,0.0,0.0,1.0,0.851190476190464,0.9565217391304348,1.0,0.0,0.0,1.0,0.0,0.0,0.0,0.0,0.0,0.0,0.0,0.0,0.0,0.0,0.0,0.0,0.0,0.0,0.0,0.0,0.0,0.0,0.0,0.0,0.0,0.0,0.0,0.0,0.0,0.0,0.0,0.0,0.0,1.0,0.0,0.0,0.0,0.0,1,28,0
0.42857142857142855,0.3636363636363636,0.3333333333333333,0.625,0.5714285714285714,0.5,0.0,0.16666666666666666,0.0,0.0,0.0,1.0,0.866071428571416,1.0,0.0,0.0,0.0,1.0,0.0,0.0,0.0,0.0,0.0,0.0,0.0,0.0,0.0,0.0,0.0,0.0,0.0,0.0,0.0,0.0,0.0,1.0,0.0,0.0,0.0,0.0,0.0,0.0,0.0,0.0,0.0,0.0,0.0,0.0,0.0,0.0,0.0,0.0,1,16,0
0.42857142857142855,0.3636363636363636,0.3333333333333333,0.625,0.5714285714285714,0.5,0.0,0.0,0.0,0.16666666666666666,0.0,0.0,0.8214285714285595,1.0,0.0,0.0,0.0,1.0,0.0,0.0,0.0,0.0,1.0,0.0,0.0,0.0,0.0,0.0,0.0,0.0,0.0,0.0,0.0,0.0,0.0,0.0,0.0,0.0,0.0,0.0,0.0,0.0,0.0,0.0,0.0,0.0,0.0,0.0,0.0,0.0,0.0,0.0,0,3,0
0.42857142857142855,0.3636363636363636,0.3333333333333333,0.625,0.5714285714285714,0.5,0.0,0.05,0.0,0.0,0.0,0.0,0.8214285714285595,1.0,0.0,0.0,0.0,1.0,0.0,0.0,0.0,0.0,0.0,0.0,0.0,0.0,0.0,0.0,0.0,0.0,0.0,0.0,0.0,0.0,0.0,0.0,0.0,0.0,0.0,0.0,0.0,0.0,0.0,0.0,0.0,0.0,0.0,1.0,0.0,0.0,0.0,0.0,1,28,0
0.5714285714285714,0.3636363636363636,0.3333333333333333,0.625,0.8571428571428571,0.8333333333333334,0.0,0.05,0.0,0.0,0.0,1.0,0.8511904761904638,0.0,0.043478260869565216,0.0,0.0,1.0,0.0,0.0,0.0,0.0,0.0,0.0,0.0,0.0,0.0,0.0,0.0,0.0,0.0,0.0,0.0,0.0,0.0,0.0,0.0,0.0,0.0,0.0,0.0,0.0,0.0,0.0,0.0,0.0,0.0,1.0,0.0,0.0,0.0,0.0,1,28,0
0.5714285714285714,0.3636363636363636,0.3333333333333333,0.625,0.7142857142857142,0.8333333333333334,0.0,0.0,0.0,0.08333333333333333,0.0,1.0,0.8511904761904638,0.08695652173913043,0.13043478260869565,0.0,0.0,1.0,0.0,0.0,0.0,0.0,0.0,0.0,0.0,0.0,0.0,0.0,0.0,0.0,0.0,0.0,0.0,0.0,0.0,0.0,0.0,0.0,0.0,0.0,0.0,0.0,0.0,0.0,0.0,0.0,0.0,0.0,0.0,0.0,0.0,0.0,0,33,0
0.5714285714285714,0.3636363636363636,0.6666666666666666,0.625,0.42857142857142855,0.6666666666666666,0.0,0.0,0.0,0.08333333333333333,0.0,1.0,0.8571428571428448,0.13043478260869565,0.17391304347826086,0.0,0.0,1.0,0.0,0.0,0.0,0.0,0.0,0.0,0.0,0.0,0.0,0.0,0.0,0.0,0.0,0.0,0.0,0.0,0.0,0.0,0.0,0.0,0.0,0.0,0.0,0.0,0.0,0.0,0.0,0.0,0.0,0.0,0.0,0.0,0.0,0.0,0,33,0
0.5714285714285714,0.3636363636363636,0.6666666666666666,0.625,0.42857142857142855,0.6666666666666666,0.08333333333333333,0.0,0.0,0.0,0.0,0.0,0.8214285714285595,0.13043478260869565,0.17391304347826086,0.0,0.0,1.0,0.0,0.0,1.0,0.0,0.0,0.0,0.0,0.0,0.0,0.0,0.0,0.0,0.0,0.0,0.0,0.0,0.0,0.0,0.0,0.0,0.0,0.0,0.0,0.0,0.0,0.0,0.0,0.0,0.0,0.0,0.0,0.0,0.0,0.0,0,1,0
0.5714285714285714,0.3636363636363636,0.6666666666666666,0.625,0.7142857142857142,0.6666666666666666,0.0,0.16666666666666666,0.0,0.0,0.0,1.0,0.8571428571428448,0.17391304347826086,0.21739130434782608,0.0,0.0,1.0,0.0,0.0,0.0,0.0,0.0,0.0,0.0,0.0,0.0,0.0,0.0,0.0,0.0,0.0,0.0,0.0,0.0,0.0,0.0,0.0,0.0,0.0,0.0,0.0,0.0,0.0,0.0,0.0,0.0,1.0,0.0,0.0,0.0,0.0,1,28,0
0.5714285714285714,0.3636363636363636,0.6666666666666666,0.625,0.7142857142857142,0.6666666666666666,0.0,0.0,0.0,0.08333333333333333,0.0,0.0,0.8214285714285595,0.17391304347826086,0.21739130434782608,0.0,0.0,1.0,0.0,0.0,0.0,0.0,0.0,0.0,0.0,0.0,0.0,0.0,0.0,0.0,0.0,0.0,0.0,0.0,0.0,0.0,0.0,0.0,0.0,0.0,0.0,0.0,0.0,0.0,0.0,0.0,0.0,0.0,0.0,0.0,0.0,1.0,0,32,0
0.5714285714285714,0.3636363636363636,0.6666666666666666,0.625,0.7142857142857142,0.6666666666666666,0.16666666666666666,0.0,0.0,0.0,0.0,1.0,0.8571428571428448,0.21739130434782608,0.2608695652173913,0.0,1.0,0.0,0.0,0.0,1.0,0.0,0.0,0.0,0.0,0.0,0.0,0.0,0.0,0.0,0.0,0.0,0.0,0.0,0.0,0.0,0.0,0.0,0.0,0.0,0.0,0.0,0.0,0.0,0.0,0.0,0.0,0.0,0.0,0.0,0.0,0.0,0,1,0
0.5714285714285714,0.3636363636363636,0.6666666666666666,0.625,0.7142857142857142,0.6666666666666666,0.0,0.11666666666666667,0.0,0.0,0.0,0.0,0.8214285714285595,0.21739130434782608,0.2608695652173913,0.0,1.0,0.0,0.0,0.0,0.0,0.0,0.0,0.0,0.0,0.0,0.0,0.0,0.0,0.0,0.0,0.0,0.0,0.0,0.0,0.0,0.0,0.0,0.0,0.0,0.0,0.0,0.0,0.0,0.0,0.0,0.0,0.0,1.0,0.0,0.0,0.0,1,29,0
0.5714285714285714,0.45454545454545453,0.6666666666666666,0.25,0.2857142857142857,0.5,0.0,0.16666666666666666,0.0,0.0,0.0,0.0,0.8214285714285595,0.782608695652174,0.8260869565217391,1.0,0.0,0.0,0.0,0.0,0.0,0.0,0.0,0.0,0.0,0.0,0.0,0.0,0.0,0.0,0.0,0.0,0.0,0.0,0.0,0.0,0.0,0.0,0.0,0.0,0.0,0.0,0.0,0.0,0.0,0.0,0.0,1.0,0.0,0.0,0.0,0.0,1,28,0
0.5714285714285714,0.45454545454545453,0.6666666666666666,0.25,0.2857142857142857,0.5,0.0,0.21666666666666667,0.0,0.0,0.0,0.0,0.8214285714285595,0.782608695652174,0.8260869565217391,1.0,0.0,0.0,0.0,0.0,0.0,0.0,0.0,0.0,0.0,0.0,0.0,0.0,0.0,0.0,0.0,0.0,0.0,0.0,0.0,0.0,0.0,0.0,0.0,0.0,1.0,0.0,0.0,0.0,0.0,0.0,0.0,0.0,0.0,0.0,0.0,0.0,1,21,0
0.5714285714285714,0.45454545454545453,0.6666666666666666,0.25,0.7142857142857142,0.6666666666666666,0.0,0.13333333333333333,0.0,0.0,0.0,1.0,0.8571428571428448,0.8260869565217391,0.8695652173913043,1.0,0.0,0.0,0.0,0.0,0.0,0.0,0.0,0.0,0.0,0.0,0.0,0.0,0.0,0.0,0.0,0.0,0.0,0.0,0.0,0.0,0.0,0.0,0.0,0.0,0.0,0.0,0.0,0.0,0.0,0.0,0.0,1.0,0.0,0.0,0.0,0.0,1,28,0
0.5714285714285714,0.45454545454545453,0.6666666666666666,0.25,0.7142857142857142,0.6666666666666666,0.0,0.08333333333333333,0.0,0.0,0.0,0.0,0.8214285714285595,0.8260869565217391,0.8695652173913043,1.0,0.0,0.0,0.0,0.0,0.0,0.0,0.0,0.0,0.0,0.0,0.0,0.0,0.0,0.0,0.0,0.0,0.0,0.0,0.0,0.0,0.0,0.0,0.0,0.0,1.0,0.0,0.0,0.0,0.0,0.0,0.0,0.0,0.0,0.0,0.0,0.0,1,21,0
0.5714285714285714,0.45454545454545453,0.6666666666666666,0.25,0.42857142857142855,0.6666666666666666,0.0,0.13333333333333333,0.0,0.0,0.0,1.0,0.8571428571428447,0.8695652173913043,0.9130434782608696,1.0,0.0,0.0,0.0,0.0,0.0,0.0,0.0,0.0,0.0,0.0,0.0,0.0,0.0,0.0,0.0,0.0,0.0,0.0,0.0,0.0,0.0,0.0,0.0,0.0,0.0,0.0,0.0,0.0,0.0,0.0,0.0,1.0,0.0,0.0,0.0,0.0,1,28,0
0.5714285714285714,0.45454545454545453,0.6666666666666666,0.25,0.42857142857142855,0.6666666666666666,0.0,0.13333333333333333,0.0,0.0,0.0,0.0,0.8214285714285595,0.8695652173913043,0.9130434782608696,1.0,0.0,0.0,0.0,0.0,0.0,0.0,0.0,0.0,0.0,0.0,0.0,0.0,0.0,0.0,0.0,0.0,0.0,0.0,0.0,0.0,0.0,0.0,0.0,0.0,0.0,0.0,0.0,0.0,0.0,0.0,0.0,0.0,0.0,0.0,0.0,0.0,1,33,0
0.5714285714285714,0.45454545454545453,0.6666666666666666,0.25,0.42857142857142855,0.33333333333333337,0.0,0.0,0.0,0.16666666666666666,0.0,1.0,0.8809523809523682,0.9130434782608696,0.9565217391304348,0.0,0.0,1.0,0.0,0.0,0.0,0.0,0.0,0.0,0.0,0.0,0.0,0.0,0.0,0.0,0.0,0.0,0.0,0.0,0.0,0.0,0.0,0.0,0.0,0.0,0.0,0.0,0.0,0.0,0.0,0.0,0.0,0.0,0.0,0.0,0.0,0.0,0,33,0
0.5714285714285714,0.45454545454545453,0.6666666666666666,0.25,0.42857142857142855,0.33333333333333337,0.0,0.3333333333333333,0.0,0.0,0.0,0.0,0.8214285714285595,0.9130434782608696,0.9565217391304348,0.0,0.0,1.0,0.0,0.0,0.0,0.0,0.0,0.0,0.0,0.0,0.0,0.0,0.0,0.0,0.0,0.0,0.0,0.0,0.0,0.0,0.0,0.0,0.0,0.0,0.0,0.0,0.0,0.0,0.0,0.0,0.0,1.0,0.0,0.0,0.0,0.0,1,28,0
0.5714285714285714,0.45454545454545453,0.6666666666666666,0.25,0.8571428571428571,0.8333333333333334,0.0,0.0,0.0,0.08333333333333333,0.0,0.0,0.8214285714285595,0.9565217391304348,1.0,0.0,0.0,1.0,0.0,0.0,0.0,0.0,0.0,0.0,0.0,0.0,0.0,0.0,0.0,0.0,0.0,0.0,0.0,0.0,0.0,0.0,0.0,0.0,0.0,0.0,0.0,0.0,1.0,0.0,0.0,0.0,0.0,0.0,0.0,0.0,0.0,0.0,0,23,0
0.7142857142857142,0.45454545454545453,0.6666666666666666,0.25,0.8571428571428571,0.8333333333333334,0.0,0.0,0.0,0.0,0.1,1.0,0.8511904761904638,0.08695652173913043,0.13043478260869565,0.0,0.0,1.0,0.0,0.0,0.0,0.0,0.0,0.0,0.0,0.0,0.0,0.0,0.0,0.0,0.0,0.0,0.0,0.0,0.0,0.0,0.0,0.0,0.0,0.0,0.0,0.0,0.0,0.0,0.0,0.0,0.0,0.0,0.0,0.0,0.0,0.0,0,33,0
0.7142857142857142,0.45454545454545453,0.6666666666666666,0.25,0.5714285714285714,0.5,0.0,0.0,0.0,0.16666666666666666,0.0,1.0,0.8660714285714161,0.13043478260869565,0.17391304347826086,0.0,0.0,1.0,0.0,0.0,0.0,0.0,1.0,0.0,0.0,0.0,0.0,0.0,0.0,0.0,0.0,0.0,0.0,0.0,0.0,0.0,0.0,0.0,0.0,0.0,0.0,0.0,0.0,0.0,0.0,0.0,0.0,0.0,0.0,0.0,0.0,0.0,0,3,0
0.7142857142857142,0.45454545454545453,0.6666666666666666,0.25,0.5714285714285714,0.5,0.0,0.0,0.0,0.0,0.25,0.0,0.8214285714285595,0.13043478260869565,0.17391304347826086,0.0,0.0,1.0,0.0,0.0,0.0,0.0,0.0,0.0,0.0,0.0,0.0,0.0,0.0,0.0,0.0,0.0,0.0,0.0,0.0,0.0,0.0,0.0,0.0,0.0,0.0,0.0,0.0,0.0,0.0,0.0,0.0,0.0,0.0,0.0,0.0,0.0,0,33,0
0.7142857142857142,0.45454545454545453,0.6666666666666666,0.5,0.14285714285714285,0.6666666666666666,0.0,0.0,0.0,0.0,0.16666666666666666,1.0,0.8571428571428448,0.17391304347826086,0.21739130434782608,0.0,0.0,1.0,0.0,0.0,0.0,0.0,1.0,0.0,0.0,0.0,0.0,0.0,0.0,0.0,0.0,0.0,0.0,0.0,0.0,0.0,0.0,0.0,0.0,0.0,0.0,0.0,0.0,0.0,0.0,0.0,0.0,0.0,0.0,0.0,0.0,0.0,0,3,0
0.7142857142857142,0.45454545454545453,0.6666666666666666,0.5,0.14285714285714285,0.6666666666666666,0.0,0.11666666666666667,0.0,0.0,0.0,0.0,0.8214285714285595,0.17391304347826086,0.21739130434782608,0.0,0.0,1.0,0.0,0.0,0.0,0.0,0.0,0.0,0.0,0.0,0.0,0.0,0.0,0.0,0.0,0.0,0.0,0.0,0.0,0.0,1.0,0.0,0.0,0.0,0.0,0.0,0.0,0.0,0.0,0.0,0.0,0.0,0.0,0.0,0.0,0.0,1,17,0
0.7142857142857142,0.27272727272727276,0.6666666666666666,0.5,0.7142857142857142,0.6666666666666666,0.25,0.0,0.0,0.0,0.0,1.0,0.8571428571428448,0.21739130434782608,0.2608695652173913,0.0,1.0,0.0,0.0,0.0,1.0,0.0,0.0,0.0,0.0,0.0,0.0,0.0,0.0,0.0,0.0,0.0,0.0,0.0,0.0,0.0,0.0,0.0,0.0,0.0,0.0,0.0,0.0,0.0,0.0,0.0,0.0,0.0,0.0,0.0,0.0,0.0,0,1,0
0.7142857142857142,0.27272727272727276,0.6666666666666666,0.5,0.5714285714285714,0.5,0.0,0.16666666666666666,0.0,0.0,0.16666666666666666,1.0,0.8660714285714164,0.2608695652173913,0.30434782608695654,0.0,1.0,0.0,0.0,0.0,0.0,0.0,0.0,0.0,0.0,0.0,0.0,0.0,0.0,0.0,0.0,0.0,0.0,0.0,0.0,0.0,0.0,0.0,0.0,0.0,0.0,0.0,0.0,0.0,0.0,0.0,0.0,0.0,0.0,0.0,0.0,0.0,1,33,0
0.7142857142857142,0.27272727272727276,0.6666666666666666,0.5,0.42857142857142855,0.33333333333333337,0.0,0.3333333333333333,0.0,0.0,0.0,1.0,0.8809523809523672,0.30434782608695654,0.34782608695652173,0.0,1.0,0.0,0.0,0.0,0.0,0.0,0.0,0.0,0.0,0.0,0.0,0.0,0.0,0.0,0.0,0.0,0.0,0.0,0.0,0.0,0.0,0.0,0.0,0.0,0.0,0.0,0.0,0.0,0.0,0.0,0.0,1.0,0.0,0.0,0.0,0.0,1,28,0
0.7142857142857142,0.27272727272727276,0.6666666666666666,0.5,0.42857142857142855,0.5,0.0,0.3333333333333333,0.0,0.0,0.0,1.0,0.8660714285714164,0.34782608695652173,0.391304347826087,0.0,1.0,0.0,0.0,0.0,0.0,0.0,1.0,0.0,0.0,0.0,0.0,0.0,0.0,0.0,0.0,0.0,0.0,0.0,0.0,0.0,0.0,0.0,0.0,0.0,0.0,0.0,0.0,0.0,0.0,0.0,0.0,0.0,0.0,0.0,0.0,0.0,1,3,0
0.7142857142857142,0.3636363636363636,0.6666666666666666,0.625,0.5714285714285714,0.5,0.0,0.16666666666666666,0.0,0.0,0.16666666666666666,1.0,0.8660714285714164,0.5217391304347826,0.5652173913043478,0.0,1.0,0.0,0.0,0.0,0.0,0.0,0.0,0.0,0.0,0.0,0.0,0.0,0.0,0.0,0.0,0.0,0.0,0.0,0.0,0.0,0.0,0.0,0.0,0.0,0.0,0.0,0.0,0.0,0.0,0.0,0.0,0.0,0.0,0.0,0.0,0.0,1,33,0
0.7142857142857142,0.5454545454545454,0.6666666666666666,0.625,0.7142857142857142,0.6666666666666666,0.0,0.0,0.0,0.25,0.0,1.0,0.8571428571428448,0.5652173913043478,0.6086956521739131,1.0,0.0,0.0,0.0,0.0,0.0,0.0,0.0,0.0,0.0,0.0,0.0,0.0,0.0,0.0,0.0,0.0,0.0,0.0,0.0,0.0,0.0,0.0,0.0,0.0,0.0,0.0,0.0,0.0,0.0,0.0,0.0,0.0,0.0,0.0,0.0,0.0,0,33,0
0.7142857142857142,0.5454545454545454,0.3333333333333333,0.125,0.42857142857142855,0.16666666666666666,0.0,0.3333333333333333,0.0,0.0,0.0,1.0,0.9107142857142725,0.8695652173913043,0.9130434782608696,1.0,0.0,0.0,0.0,0.0,0.0,0.0,0.0,0.0,0.0,0.0,0.0,0.0,0.0,0.0,0.0,0.0,0.0,0.0,0.0,0.0,0.0,0.0,0.0,0.0,0.0,0.0,0.0,0.0,0.0,0.0,0.0,0.0,0.0,0.0,0.0,0.0,1,33,0
0.7142857142857142,0.5454545454545454,0.3333333333333333,0.125,0.42857142857142855,0.16666666666666666,0.0,0.3333333333333333,0.0,0.0,0.0,0.0,0.8214285714285595,0.8695652173913043,0.9130434782608696,1.0,0.0,0.0,0.0,0.0,0.0,0.0,0.0,0.0,0.0,0.0,0.0,0.0,0.0,0.0,0.0,0.0,0.0,0.0,0.0,0.0,0.0,0.0,0.0,0.0,0.0,0.0,0.0,0.0,0.0,0.0,0.0,0.0,0.0,0.0,0.0,0.0,1,33,0
1.0,0.45454545454545453,0.3333333333333333,0.5,0.42857142857142855,0.5,0.16666666666666666,0.0,0.0,0.08333333333333333,0.0,1.0,0.866071428571416,0.9130434782608696,0.9565217391304348,0.0,0.0,1.0,0.0,0.0,0.0,0.0,0.0,0.0,0.0,0.0,0.0,0.0,0.0,0.0,0.0,0.0,0.0,0.0,0.0,0.0,0.0,0.0,0.0,0.0,0.0,0.0,0.0,0.0,0.0,0.0,0.0,0.0,0.0,0.0,0.0,0.0,0,33,0
1.0,0.45454545454545453,0.3333333333333333,0.5,0.42857142857142855,0.5,0.13333333333333333,0.0,0.0,0.0,0.0,0.0,0.8214285714285595,0.9130434782608696,0.9565217391304348,0.0,0.0,1.0,0.0,0.0,1.0,0.0,0.0,0.0,0.0,0.0,0.0,0.0,0.0,0.0,0.0,0.0,0.0,0.0,0.0,0.0,0.0,0.0,0.0,0.0,0.0,0.0,0.0,0.0,0.0,0.0,0.0,0.0,0.0,0.0,0.0,0.0,0,1,0
1.0,0.45454545454545453,0.3333333333333333,0.5,0.8571428571428571,0.8333333333333334,0.25,0.0,0.0,0.0,0.0,1.0,0.8511904761904634,0.9565217391304348,1.0,0.0,0.0,1.0,0.0,0.0,1.0,0.0,0.0,0.0,0.0,0.0,0.0,0.0,0.0,0.0,0.0,0.0,0.0,0.0,0.0,0.0,0.0,0.0,0.0,0.0,0.0,0.0,0.0,0.0,0.0,0.0,0.0,0.0,0.0,0.0,0.0,0.0,0,1,0
1.0,0.45454545454545453,0.3333333333333333,0.5,0.5714285714285714,0.5,0.25,0.0,0.0,0.0,0.0,0.0,0.8214285714285595,1.0,0.0,0.0,0.0,1.0,0.0,0.0,1.0,0.0,0.0,0.0,0.0,0.0,0.0,0.0,0.0,0.0,0.0,0.0,0.0,0.0,0.0,0.0,0.0,0.0,0.0,0.0,0.0,0.0,0.0,0.0,0.0,0.0,0.0,0.0,0.0,0.0,0.0,0.0,0,1,0
1.0,0.45454545454545453,0.3333333333333333,0.5,0.5714285714285714,0.5,0.0,0.25,0.0,0.0,0.0,0.0,0.8214285714285595,1.0,0.0,0.0,0.0,1.0,0.0,0.0,0.0,0.0,0.0,0.0,0.0,0.0,0.0,0.0,0.0,0.0,1.0,0.0,0.0,0.0,0.0,0.0,0.0,0.0,0.0,0.0,0.0,0.0,0.0,0.0,0.0,0.0,0.0,0.0,0.0,0.0,0.0,0.0,1,11,0
0.14285714285714285,0.45454545454545453,0.3333333333333333,0.5,0.14285714285714285,0.0,0.0,1.0,0.0,0.0,0.0,1.0,1.0,0.0,0.043478260869565216,0.0,0.0,1.0,0.0,0.0,0.0,0.0,0.0,0.0,0.0,0.0,0.0,0.0,0.0,0.0,1.0,0.0,0.0,0.0,0.0,0.0,0.0,0.0,0.0,0.0,0.0,0.0,0.0,0.0,0.0,0.0,0.0,0.0,0.0,0.0,0.0,0.0,1,11,0
0.14285714285714285,0.45454545454545453,0.3333333333333333,0.625,0.2857142857142857,0.33333333333333337,0.0,0.3333333333333333,0.0,0.0,0.0,0.0,0.8214285714285595,0.17391304347826086,0.21739130434782608,0.0,0.0,1.0,0.0,0.0,0.0,0.0,0.0,0.0,0.0,0.0,0.0,0.0,0.0,0.0,1.0,0.0,0.0,0.0,0.0,0.0,0.0,0.0,0.0,0.0,0.0,0.0,0.0,0.0,0.0,0.0,0.0,0.0,0.0,0.0,0.0,0.0,1,11,0
0.14285714285714285,0.6363636363636365,0.3333333333333333,0.625,0.42857142857142855,0.33333333333333337,0.0,0.3333333333333333,0.0,0.0,0.0,1.0,0.8809523809523682,0.21739130434782608,0.2608695652173913,0.0,0.0,0.0,0.0,0.0,0.0,0.0,0.0,0.0,0.0,0.0,0.0,0.0,0.0,0.0,0.0,0.0,0.0,0.0,0.0,0.0,0.0,0.0,0.0,0.0,0.0,0.0,0.0,0.0,0.0,0.0,0.0,0.0,0.0,1.0,0.0,0.0,1,30,0
0.14285714285714285,0.6363636363636365,0.3333333333333333,0.625,0.14285714285714285,0.0,0.0,0.4166666666666667,0.0,0.0,0.0,1.0,0.9999999999999856,0.2608695652173913,0.30434782608695654,0.0,0.0,0.0,0.0,0.0,0.0,0.0,0.0,0.0,0.0,0.0,0.0,0.0,0.0,1.0,0.0,0.0,0.0,0.0,0.0,0.0,0.0,0.0,0.0,0.0,0.0,0.0,0.0,0.0,0.0,0.0,0.0,0.0,0.0,0.0,0.0,0.0,1,10,0
0.14285714285714285,0.6363636363636365,0.3333333333333333,0.625,0.14285714285714285,0.0,0.0,0.3333333333333333,0.0,0.0,0.0,0.0,0.8214285714285595,0.2608695652173913,0.30434782608695654,0.0,0.0,0.0,0.0,0.0,0.0,0.0,0.0,0.0,0.0,0.0,0.0,0.0,0.0,0.0,0.0,0.0,0.0,0.0,0.0,0.0,0.0,0.0,0.0,0.0,0.0,0.0,0.0,0.0,0.0,0.0,0.0,0.0,0.0,1.0,0.0,0.0,1,30,0
0.14285714285714285,0.6363636363636365,0.3333333333333333,0.625,0.14285714285714285,0.0,0.0,0.08333333333333333,0.0,0.0,0.0,0.0,0.8214285714285595,0.2608695652173913,0.30434782608695654,0.0,0.0,0.0,0.0,0.0,0.0,0.0,0.0,0.0,0.0,0.0,0.0,0.0,0.0,0.0,0.0,0.0,0.0,0.0,0.0,0.0,0.0,0.0,0.0,0.0,0.0,0.0,0.0,0.0,0.0,0.0,0.0,1.0,0.0,0.0,0.0,0.0,1,28,0
0.14285714285714285,0.6363636363636365,0.3333333333333333,0.625,0.14285714285714285,0.0,0.0,0.75,0.0,0.0,0.0,1.0,0.9999999999999853,0.30434782608695654,0.34782608695652173,0.0,0.0,0.0,0.0,0.0,0.0,0.0,0.0,0.0,0.0,0.0,0.0,0.0,0.0,1.0,0.0,0.0,0.0,0.0,0.0,0.0,0.0,0.0,0.0,0.0,0.0,0.0,0.0,0.0,0.0,0.0,0.0,0.0,0.0,0.0,0.0,0.0,1,10,0
0.14285714285714285,0.6363636363636365,0.3333333333333333,0.625,0.14285714285714285,0.0,0.0,0.08333333333333333,0.0,0.0,0.0,0.0,0.8214285714285595,0.30434782608695654,0.34782608695652173,0.0,0.0,0.0,0.0,0.0,0.0,0.0,0.0,0.0,0.0,0.0,0.0,0.0,0.0,0.0,0.0,0.0,0.0,0.0,0.0,0.0,0.0,0.0,0.0,0.0,0.0,0.0,0.0,0.0,0.0,0.0,0.0,1.0,0.0,0.0,0.0,0.0,1,28,0
0.14285714285714285,0.6363636363636365,0.3333333333333333,0.625,0.2857142857142857,0.16666666666666666,0.0,0.5,0.0,0.0,0.0,1.0,0.9107142857142725,0.34782608695652173,0.391304347826087,0.0,0.0,0.0,0.0,0.0,0.0,0.0,0.0,0.0,0.0,0.0,0.0,0.0,0.0,0.0,0.0,0.0,0.0,0.0,0.0,0.0,0.0,0.0,0.0,0.0,0.0,0.0,0.0,0.0,0.0,0.0,0.0,0.0,0.0,1.0,0.0,0.0,1,30,0
0.14285714285714285,0.5454545454545454,0.3333333333333333,0.625,0.42857142857142855,0.0,0.0,0.5,0.0,0.0,0.0,1.0,0.9999999999999853,0.43478260869565216,0.4782608695652174,0.0,0.0,0.0,0.0,0.0,0.0,0.0,0.0,0.0,0.0,0.0,0.0,0.0,0.0,0.0,0.0,0.0,0.0,0.0,0.0,0.0,0.0,0.0,0.0,0.0,0.0,0.0,0.0,0.0,0.0,0.0,0.0,0.0,0.0,1.0,0.0,0.0,1,30,0
0.14285714285714285,0.5454545454545454,0.3333333333333333,0.625,0.5714285714285714,0.5,0.0,0.25,0.0,0.0,0.0,1.0,0.8660714285714161,0.4782608695652174,0.5217391304347826,0.0,0.0,0.0,0.0,0.0,0.0,0.0,0.0,0.0,0.0,0.0,0.0,0.0,0.0,0.0,0.0,0.0,0.0,0.0,0.0,0.0,0.0,0.0,0.0,0.0,0.0,0.0,0.0,0.0,0.0,0.0,0.0,1.0,0.0,0.0,0.0,0.0,1,28,0
0.14285714285714285,0.5454545454545454,0.3333333333333333,0.625,0.5714285714285714,0.5,0.0,0.13333333333333333,0.0,0.0,0.0,0.0,0.8214285714285595,0.4782608695652174,0.5217391304347826,0.0,0.0,0.0,0.0,0.0,0.0,0.0,0.0,0.0,0.0,0.0,0.0,0.0,0.0,0.0,0.0,0.0,0.0,0.0,0.0,0.0,0.0,0.0,0.0,0.0,0.0,0.0,0.0,0.0,0.0,0.0,0.0,0.0,1.0,0.0,0.0,0.0,1,29,0
0.14285714285714285,0.5454545454545454,0.3333333333333333,0.625,1.0,0.9999999999999999,0.0,0.0,0.0,0.13333333333333333,0.0,1.0,0.8469387755101918,0.5652173913043478,0.6086956521739131,1.0,0.0,0.0,0.0,0.0,0.0,0.0,0.0,0.0,0.0,0.0,0.0,0.0,0.0,0.0,0.0,0.0,0.0,0.0,0.0,0.0,0.0,0.0,0.0,0.0,0.0,0.0,0.0,0.0,0.0,0.0,0.0,0.0,0.0,0.0,0.0,0.0,0,33,0
0.14285714285714285,0.45454545454545453,0.3333333333333333,0.625,0.5714285714285714,0.5,0.0,0.0,0.0,0.43333333333333335,0.0,1.0,0.866071428571416,0.782608695652174,0.8260869565217391,1.0,0.0,0.0,0.0,0.0,0.0,0.0,0.0,0.0,0.0,0.0,0.0,0.0,0.0,0.0,0.0,0.0,0.0,0.0,0.0,0.0,0.0,0.0,0.0,0.0,0.0,0.0,0.0,0.0,0.0,0.0,0.0,1.0,0.0,0.0,0.0,0.0,0,28,0
0.14285714285714285,0.45454545454545453,0.3333333333333333,0.625,0.14285714285714285,0.0,0.0,0.5,0.0,0.0,0.0,1.0,0.9999999999999853,0.9130434782608696,0.9565217391304348,0.0,0.0,1.0,0.0,0.0,0.0,0.0,0.0,0.0,0.0,0.0,0.0,0.0,0.0,0.0,0.0,0.0,0.0,0.0,0.0,0.0,0.0,0.0,0.0,0.0,0.0,0.0,0.0,0.0,0.0,0.0,0.0,0.0,0.0,0.0,0.0,0.0,1,33,0
0.14285714285714285,0.45454545454545453,0.3333333333333333,0.625,0.14285714285714285,0.0,0.16666666666666666,0.0,0.0,0.0,0.0,0.0,0.8214285714285595,0.9130434782608696,0.9565217391304348,0.0,0.0,1.0,0.0,0.0,1.0,0.0,0.0,0.0,0.0,0.0,0.0,0.0,0.0,0.0,0.0,0.0,0.0,0.0,0.0,0.0,0.0,0.0,0.0,0.0,0.0,0.0,0.0,0.0,0.0,0.0,0.0,0.0,0.0,0.0,0.0,0.0,0,1,0
0.14285714285714285,0.45454545454545453,0.3333333333333333,0.875,0.14285714285714285,0.9999999999999999,0.0,0.16666666666666666,0.0,0.0,0.0,1.0,0.8469387755101915,0.9565217391304348,1.0,0.0,0.0,1.0,0.0,0.0,0.0,0.0,0.0,0.0,0.0,0.0,0.0,0.0,0.0,0.0,0.0,0.0,0.0,0.0,0.0,0.0,0.0,0.0,0.0,0.0,0.0,0.0,0.0,0.0,0.0,0.0,0.0,0.0,0.0,0.0,0.0,0.0,1,33,0
0.14285714285714285,0.45454545454545453,0.3333333333333333,0.25,0.14285714285714285,0.16666666666666666,0.0,0.0,0.0,0.5,0.0,1.0,0.9107142857142732,1.0,0.0,0.0,0.0,1.0,0.0,0.0,0.0,0.0,0.0,0.0,0.0,0.0,0.0,0.0,0.0,0.0,0.0,0.0,0.0,0.0,0.0,0.0,0.0,0.0,0.0,0.0,1.0,0.0,0.0,0.0,0.0,0.0,0.0,0.0,0.0,0.0,0.0,0.0,0,21,0
0.2857142857142857,0.45454545454545453,0.3333333333333333,0.5,0.14285714285714285,0.5,0.0,0.16666666666666666,0.0,0.0,0.0,1.0,0.8660714285714197,0.0,0.043478260869565216,0.0,0.0,1.0,0.0,0.0,0.0,0.0,0.0,0.0,0.0,0.0,0.0,0.0,0.0,0.0,0.0,0.0,0.0,0.0,0.0,0.0,0.0,0.0,0.0,0.0,0.0,0.0,0.0,0.0,0.0,0.0,0.0,0.0,0.0,0.0,0.0,0.0,1,33,0
0.2857142857142857,0.45454545454545453,0.3333333333333333,0.5,0.14285714285714285,0.5,0.0,0.0,0.0,0.16666666666666666,0.0,0.0,0.8214285714285595,0.0,0.043478260869565216,0.0,0.0,1.0,0.0,0.0,0.0,0.0,0.0,0.0,0.0,0.0,0.0,0.0,0.0,0.0,0.0,0.0,0.0,0.0,0.0,0.0,0.0,0.0,0.0,0.0,0.0,0.0,0.0,0.0,0.0,0.0,0.0,0.0,0.0,0.0,0.0,0.0,0,33,0
0.2857142857142857,0.45454545454545453,0.3333333333333333,0.25,0.14285714285714285,0.16666666666666666,0.0,0.0,0.0,0.16666666666666666,0.0,0.0,0.8214285714285595,0.06521739130434782,0.08695652173913043,0.0,0.0,1.0,0.0,0.0,0.0,0.0,0.0,0.0,0.0,0.0,0.0,0.0,0.0,0.0,0.0,0.0,0.0,0.0,0.0,0.0,0.0,0.0,0.0,0.0,0.0,0.0,0.0,0.0,0.0,0.0,0.0,0.0,0.0,0.0,0.0,0.0,0,33,0
0.2857142857142857,0.45454545454545453,0.3333333333333333,0.5,0.42857142857142855,0.9999999999999999,0.0,0.0,0.0,0.16666666666666666,0.0,0.0,0.8214285714285595,0.08695652173913043,0.13043478260869565,0.0,0.0,1.0,0.0,0.0,0.0,0.0,0.0,0.0,0.0,0.0,0.0,0.0,0.0,0.0,0.0,0.0,0.0,0.0,0.0,0.0,0.0,0.0,0.0,0.0,0.0,0.0,0.0,0.0,0.0,0.0,0.0,0.0,0.0,0.0,0.0,0.0,0,33,0
0.2857142857142857,0.45454545454545453,0.3333333333333333,0.625,0.42857142857142855,0.6666666666666666,0.0,0.08333333333333333,0.0,0.0,0.0,1.0,0.8571428571428389,0.17391304347826086,0.21739130434782608,0.0,0.0,1.0,0.0,0.0,0.0,0.0,0.0,0.0,0.0,0.0,0.0,0.0,0.0,0.0,0.0,0.0,0.0,0.0,0.0,0.0,0.0,0.0,0.0,0.0,0.0,0.0,0.0,0.0,0.0,0.0,0.0,0.0,0.0,0.0,0.0,0.0,1,33,0
0.2857142857142857,0.45454545454545453,0.3333333333333333,0.625,0.42857142857142855,0.6666666666666666,0.0,0.16666666666666666,0.0,0.0,0.0,0.0,0.8214285714285595,0.17391304347826086,0.21739130434782608,0.0,0.0,1.0,0.0,0.0,0.0,0.0,0.0,0.0,0.0,0.0,0.0,0.0,0.0,0.0,0.0,0.0,0.0,0.0,0.0,0.0,0.0,0.0,0.0,0.0,0.0,0.0,0.0,0.0,0.0,0.0,0.0,0.0,0.0,0.0,0.0,0.0,1,33,0
0.2857142857142857,0.5454545454545454,0.3333333333333333,0.625,0.7142857142857142,0.6666666666666666,0.0,0.0,0.0,0.25,0.0,1.0,0.8571428571428448,0.21739130434782608,0.2608695652173913,0.0,0.0,0.0,0.0,0.0,0.0,0.0,0.0,0.0,0.0,0.0,0.0,0.0,0.0,0.0,0.0,0.0,0.0,0.0,0.0,0.0,0.0,0.0,0.0,0.0,0.0,0.0,0.0,0.0,0.0,0.0,0.0,0.0,0.0,0.0,0.0,0.0,0,33,0
0.2857142857142857,0.5454545454545454,0.3333333333333333,0.625,0.42857142857142855,0.33333333333333337,0.0,0.4166666666666667,0.0,0.0,0.0,1.0,0.8809523809523682,0.2608695652173913,0.30434782608695654,0.0,0.0,0.0,0.0,0.0,0.0,0.0,0.0,0.0,0.0,0.0,0.0,0.0,0.0,0.0,0.0,0.0,0.0,0.0,0.0,0.0,0.0,0.0,0.0,0.0,0.0,0.0,0.0,0.0,0.0,0.0,0.0,1.0,0.0,0.0,0.0,0.0,1,28,0
0.2857142857142857,0.5454545454545454,0.3333333333333333,0.625,0.42857142857142855,0.0,0.0,0.25,0.0,0.0,0.0,1.0,0.9999999999999853,0.30434782608695654,0.34782608695652173,0.0,0.0,0.0,0.0,0.0,0.0,0.0,0.0,0.0,0.0,0.0,0.0,0.0,0.0,0.0,0.0,0.0,0.0,0.0,0.0,0.0,0.0,0.0,0.0,0.0,0.0,0.0,0.0,0.0,0.0,0.0,0.0,0.0,0.0,0.0,0.0,0.0,1,33,0
0.2857142857142857,0.5454545454545454,0.3333333333333333,0.625,0.42857142857142855,0.0,0.0,0.5833333333333334,0.0,0.0,0.0,0.0,0.8214285714285595,0.30434782608695654,0.34782608695652173,0.0,0.0,0.0,0.0,0.0,0.0,0.0,0.0,0.0,0.0,0.0,0.0,0.0,0.0,0.0,1.0,0.0,0.0,0.0,0.0,0.0,0.0,0.0,0.0,0.0,0.0,0.0,0.0,0.0,0.0,0.0,0.0,0.0,0.0,0.0,0.0,0.0,1,11,0
0.2857142857142857,0.5454545454545454,0.3333333333333333,0.625,0.2857142857142857,0.16666666666666666,0.0,0.4666666666666667,0.0,0.0,0.0,1.0,0.9107142857142725,0.34782608695652173,0.391304347826087,0.0,0.0,0.0,0.0,0.0,0.0,0.0,0.0,0.0,0.0,0.0,0.0,0.0,0.0,0.0,0.0,0.0,0.0,0.0,0.0,0.0,0.0,0.0,0.0,0.0,0.0,0.0,0.0,0.0,0.0,0.0,0.0,1.0,0.0,0.0,0.0,0.0,1,28,0
0.2857142857142857,0.5454545454545454,0.3333333333333333,0.625,0.2857142857142857,0.16666666666666666,0.0,0.16666666666666666,0.0,0.0,0.0,0.0,0.8214285714285595,0.34782608695652173,0.391304347826087,0.0,0.0,0.0,0.0,0.0,0.0,0.0,0.0,0.0,0.0,0.0,0.0,0.0,0.0,0.0,0.0,0.0,0.0,0.0,0.0,0.0,0.0,0.0,0.0,0.0,1.0,0.0,0.0,0.0,0.0,0.0,0.0,0.0,0.0,0.0,0.0,0.0,1,21,0
0.2857142857142857,0.5454545454545454,0.3333333333333333,0.625,0.2857142857142857,0.16666666666666666,0.0,0.25,0.0,0.0,0.0,0.0,0.8214285714285595,0.41304347826086957,0.43478260869565216,0.0,0.0,0.0,0.0,0.0,0.0,0.0,0.0,0.0,0.0,0.0,0.0,0.0,0.0,0.0,0.0,0.0,0.0,0.0,0.0,0.0,0.0,0.0,0.0,0.0,1.0,0.0,0.0,0.0,0.0,0.0,0.0,0.0,0.0,0.0,0.0,0.0,1,21,0
0.2857142857142857,0.5454545454545454,0.3333333333333333,0.625,0.5714285714285714,0.5,0.0,0.4166666666666667,0.0,0.0,0.0,1.0,0.866071428571416,0.43478260869565216,0.4782608695652174,0.0,0.0,0.0,0.0,0.0,0.0,0.0,0.0,0.0,0.0,0.0,0.0,0.0,0.0,0.0,0.0,0.0,0.0,0.0,0.0,0.0,0.0,0.0,0.0,0.0,0.0,0.0,0.0,0.0,0.0,0.0,0.0,1.0,0.0,0.0,0.0,0.0,1,28,0
0.2857142857142857,0.5454545454545454,0.3333333333333333,0.625,0.2857142857142857,0.16666666666666666,0.0,0.5,0.0,0.0,0.0,0.0,0.8214285714285595,0.4782608695652174,0.5217391304347826,0.0,0.0,0.0,0.0,0.0,0.0,0.0,0.0,0.0,0.0,0.0,0.0,0.0,0.0,0.0,0.0,0.0,0.0,0.0,0.0,0.0,0.0,0.0,0.0,0.0,0.0,0.0,0.0,0.0,0.0,0.0,0.0,1.0,0.0,0.0,0.0,0.0,1,28,0
0.2857142857142857,0.5454545454545454,0.3333333333333333,0.0,0.0,0.16666666666666666,0.0,0.5,0.0,0.0,0.0,1.0,0.8214285714285595,0.5217391304347826,0.5652173913043478,0.0,0.0,0.0,0.0,0.0,0.0,0.0,0.0,0.0,0.0,0.0,0.0,0.0,0.0,0.0,0.0,0.0,0.0,0.0,0.0,0.0,0.0,0.0,0.0,0.0,0.0,0.0,0.0,0.0,0.0,0.0,0.0,1.0,0.0,0.0,0.0,0.0,1,28,0
0.2857142857142857,0.5454545454545454,0.3333333333333333,0.0,0.5714285714285714,0.5,0.0,0.0,0.0,0.25,0.0,1.0,0.8660714285714161,0.5652173913043478,0.6086956521739131,1.0,0.0,0.0,0.0,0.0,0.0,0.0,0.0,0.0,0.0,0.0,0.0,0.0,0.0,0.0,0.0,0.0,0.0,0.0,0.0,0.0,0.0,0.0,0.0,0.0,0.0,0.0,0.0,0.0,0.0,0.0,0.0,0.0,0.0,0.0,0.0,0.0,0,33,0
0.2857142857142857,0.5454545454545454,0.3333333333333333,0.0,0.5714285714285714,0.5,0.0,0.16666666666666666,0.0,0.0,0.0,0.0,0.8214285714285595,0.5652173913043478,0.6086956521739131,1.0,0.0,0.0,0.0,0.0,0.0,0.0,0.0,0.0,0.0,0.0,0.0,0.0,0.0,0.0,1.0,0.0,0.0,0.0,0.0,0.0,0.0,0.0,0.0,0.0,0.0,0.0,0.0,0.0,0.0,0.0,0.0,0.0,0.0,0.0,0.0,0.0,1,11,0
0.2857142857142857,0.5454545454545454,0.3333333333333333,0.0,0.2857142857142857,0.16666666666666666,0.0,0.7166666666666667,0.0,0.0,0.0,1.0,0.9107142857142725,0.6086956521739131,0.6521739130434783,1.0,0.0,0.0,0.0,0.0,0.0,0.0,0.0,0.0,0.0,0.0,0.0,0.0,0.0,0.0,1.0,0.0,0.0,0.0,0.0,0.0,0.0,0.0,0.0,0.0,0.0,0.0,0.0,0.0,0.0,0.0,0.0,0.0,0.0,0.0,0.0,0.0,1,11,0
0.2857142857142857,0.5454545454545454,0.3333333333333333,0.0,0.5714285714285714,0.5,0.0,0.4166666666666667,0.0,0.0,0.0,1.0,0.866071428571416,0.6521739130434783,0.6956521739130435,1.0,0.0,0.0,0.0,0.0,0.0,0.0,0.0,0.0,0.0,0.0,0.0,0.0,0.0,0.0,1.0,0.0,0.0,0.0,0.0,0.0,0.0,0.0,0.0,0.0,0.0,0.0,0.0,0.0,0.0,0.0,0.0,0.0,0.0,0.0,0.0,0.0,1,11,0
0.2857142857142857,0.5454545454545454,0.3333333333333333,0.0,0.7142857142857142,0.6666666666666666,0.0,0.2833333333333333,0.0,0.0,0.0,1.0,0.8571428571428448,0.6956521739130435,0.7391304347826088,1.0,0.0,0.0,0.0,0.0,0.0,0.0,0.0,0.0,0.0,0.0,0.0,0.0,0.0,0.0,1.0,0.0,0.0,0.0,0.0,0.0,0.0,0.0,0.0,0.0,0.0,0.0,0.0,0.0,0.0,0.0,0.0,0.0,0.0,0.0,0.0,0.0,1,11,0
0.2857142857142857,0.5454545454545454,0.3333333333333333,0.125,0.42857142857142855,0.5,0.0,0.4166666666666667,0.0,0.0,0.0,1.0,0.866071428571416,0.782608695652174,0.8260869565217391,1.0,0.0,0.0,0.0,0.0,0.0,0.0,0.0,0.0,0.0,0.0,0.0,0.0,0.0,0.0,0.0,0.0,0.0,0.0,0.0,0.0,0.0,0.0,0.0,0.0,0.0,0.0,0.0,0.0,0.0,0.0,0.0,1.0,0.0,0.0,0.0,0.0,1,28,0
0.2857142857142857,0.45454545454545453,0.3333333333333333,0.125,0.8571428571428571,0.8333333333333334,0.16666666666666666,0.0,0.0,0.0,0.0,1.0,0.8511904761904638,0.9130434782608696,0.9565217391304348,0.0,0.0,1.0,0.0,0.0,1.0,0.0,0.0,0.0,0.0,0.0,0.0,0.0,0.0,0.0,0.0,0.0,0.0,0.0,0.0,0.0,0.0,0.0,0.0,0.0,0.0,0.0,0.0,0.0,0.0,0.0,0.0,0.0,0.0,0.0,0.0,0.0,0,1,0
0.2857142857142857,0.45454545454545453,0.3333333333333333,0.625,0.8571428571428571,0.6666666666666666,0.0,0.25,0.0,0.0,0.0,1.0,0.8571428571428442,0.9565217391304348,1.0,0.0,0.0,1.0,0.0,0.0,0.0,0.0,0.0,0.0,0.0,0.0,0.0,0.0,0.0,0.0,0.0,0.0,0.0,0.0,0.0,0.0,0.0,0.0,0.0,0.0,0.0,0.0,0.0,0.0,0.0,0.0,0.0,1.0,0.0,0.0,0.0,0.0,1,28,0
0.42857142857142855,0.45454545454545453,0.3333333333333333,0.25,0.2857142857142857,0.16666666666666666,0.0,0.16666666666666666,0.0,0.0,0.0,1.0,0.8660714285714087,0.06521739130434782,0.08695652173913043,0.0,0.0,1.0,0.0,0.0,0.0,0.0,0.0,0.0,0.0,0.0,1.0,0.0,0.0,0.0,0.0,0.0,0.0,0.0,0.0,0.0,0.0,0.0,0.0,0.0,0.0,0.0,0.0,0.0,0.0,0.0,0.0,0.0,0.0,0.0,0.0,0.0,1,7,0
0.42857142857142855,0.45454545454545453,0.3333333333333333,0.25,0.8571428571428571,0.8333333333333334,0.0,0.16666666666666666,0.0,0.0,0.0,1.0,0.8511904761904663,0.08695652173913043,0.13043478260869565,0.0,0.0,1.0,0.0,0.0,0.0,0.0,0.0,0.0,0.0,0.0,1.0,0.0,0.0,0.0,0.0,0.0,0.0,0.0,0.0,0.0,0.0,0.0,0.0,0.0,0.0,0.0,0.0,0.0,0.0,0.0,0.0,0.0,0.0,0.0,0.0,0.0,1,7,0
0.42857142857142855,0.45454545454545453,0.3333333333333333,0.25,0.8571428571428571,0.8333333333333334,0.0,0.16666666666666666,0.0,0.0,0.0,0.0,0.8214285714285595,0.08695652173913043,0.13043478260869565,0.0,0.0,1.0,0.0,0.0,0.0,0.0,0.0,0.0,0.0,0.0,0.0,0.0,0.0,0.0,0.0,0.0,0.0,0.0,0.0,0.0,0.0,0.0,0.0,0.0,0.0,0.0,0.0,0.0,0.0,0.0,1.0,0.0,0.0,0.0,0.0,0.0,1,27,0
0.42857142857142855,0.45454545454545453,0.3333333333333333,0.25,0.5714285714285714,0.5,0.0,0.25,0.0,0.0,0.0,1.0,0.8660714285714197,0.13043478260869565,0.17391304347826086,0.0,0.0,1.0,0.0,0.0,0.0,0.0,0.0,0.0,0.0,0.0,0.0,0.0,0.0,0.0,0.0,0.0,0.0,0.0,0.0,0.0,0.0,0.0,0.0,0.0,0.0,0.0,0.0,0.0,0.0,0.0,1.0,0.0,0.0,0.0,0.0,0.0,1,27,0
0.42857142857142855,0.6363636363636365,0.3333333333333333,0.25,0.8571428571428571,0.8333333333333334,0.0,0.0,0.0,0.16666666666666666,0.0,1.0,0.8511904761904638,0.21739130434782608,0.2608695652173913,0.0,0.0,0.0,0.0,0.0,0.0,0.0,0.0,0.0,0.0,0.0,0.0,0.0,0.0,0.0,0.0,0.0,0.0,0.0,0.0,0.0,0.0,0.0,0.0,0.0,0.0,0.0,0.0,0.0,0.0,0.0,0.0,0.0,0.0,0.0,0.0,0.0,0,33,0
0.42857142857142855,0.6363636363636365,0.3333333333333333,0.125,0.7142857142857142,0.0,0.0,0.08333333333333333,0.0,0.0,0.0,1.0,0.9999999999999856,0.34782608695652173,0.391304347826087,0.0,0.0,0.0,0.0,0.0,0.0,0.0,0.0,0.0,0.0,0.0,0.0,0.0,0.0,0.0,0.0,0.0,0.0,0.0,0.0,0.0,0.0,0.0,0.0,0.0,0.0,0.0,0.0,0.0,0.0,0.0,0.0,0.0,0.0,0.0,0.0,0.0,1,33,0
0.42857142857142855,0.6363636363636365,0.3333333333333333,0.125,0.7142857142857142,0.0,0.0,0.0,0.0,0.0,0.6666666666666666,0.0,0.8214285714285595,0.34782608695652173,0.391304347826087,0.0,0.0,0.0,0.0,0.0,0.0,0.0,0.0,0.0,0.0,0.0,0.0,0.0,0.0,0.0,0.0,0.0,0.0,0.0,0.0,0.0,0.0,0.0,0.0,0.0,0.0,0.0,0.0,0.0,0.0,0.0,0.0,0.0,0.0,0.0,0.0,0.0,0,33,0
0.42857142857142855,0.5454545454545454,0.3333333333333333,0.125,0.5714285714285714,0.5,0.0,0.0,0.0,0.3,0.0,1.0,0.866071428571416,0.43478260869565216,0.4782608695652174,0.0,0.0,0.0,0.0,0.0,0.0,0.0,0.0,0.0,0.0,0.0,0.0,0.0,0.0,0.0,0.0,0.0,0.0,0.0,0.0,0.0,0.0,0.0,0.0,0.0,0.0,0.0,0.0,0.0,0.0,0.0,0.0,1.0,0.0,0.0,0.0,0.0,0,28,0
0.42857142857142855,0.5454545454545454,0.3333333333333333,0.125,0.5714285714285714,0.5,0.0,0.0,0.0,0.3333333333333333,0.0,0.0,0.8214285714285595,0.4782608695652174,0.5217391304347826,0.0,0.0,0.0,0.0,0.0,0.0,0.0,0.0,0.0,0.0,0.0,0.0,0.0,0.0,0.0,0.0,0.0,0.0,0.0,0.0,0.0,0.0,0.0,0.0,0.0,0.0,0.0,0.0,0.0,0.0,0.0,0.0,1.0,0.0,0.0,0.0,0.0,0,28,0
0.42857142857142855,0.5454545454545454,0.3333333333333333,0.125,0.7142857142857142,0.6666666666666666,0.0,0.0,0.0,0.2833333333333333,0.0,1.0,0.8571428571428448,0.6956521739130435,0.7391304347826088,0.0,0.0,0.0,1.0,0.0,0.0,0.0,0.0,0.0,0.0,0.0,0.0,0.0,0.0,0.0,0.0,0.0,0.0,0.0,0.0,0.0,0.0,0.0,0.0,0.0,0.0,0.0,0.0,0.0,0.0,0.0,0.0,0.0,1.0,0.0,0.0,0.0,0,29,0
0.42857142857142855,0.5454545454545454,0.3333333333333333,0.125,0.2857142857142857,0.16666666666666666,0.0,0.2,0.0,0.0,0.0,0.0,0.8214285714285595,0.7608695652173914,0.782608695652174,0.0,0.0,0.0,1.0,0.0,0.0,0.0,0.0,0.0,0.0,0.0,0.0,0.0,0.0,0.0,0.0,0.0,0.0,0.0,0.0,0.0,0.0,0.0,0.0,0.0,0.0,0.0,0.0,0.0,0.0,0.0,0.0,0.0,1.0,0.0,0.0,0.0,1,29,0
0.42857142857142855,0.5454545454545454,0.3333333333333333,0.125,0.42857142857142855,0.33333333333333337,0.0,0.5666666666666667,0.0,0.0,0.0,1.0,0.8809523809523682,0.782608695652174,0.8260869565217391,0.0,0.0,0.0,1.0,0.0,0.0,0.0,0.0,0.0,0.0,0.0,0.0,0.0,0.0,0.0,0.0,0.0,0.0,0.0,0.0,0.0,0.0,0.0,0.0,0.0,0.0,0.0,0.0,0.0,0.0,0.0,0.0,0.0,1.0,0.0,0.0,0.0,1,29,0
0.42857142857142855,0.5454545454545454,0.6666666666666666,0.125,0.42857142857142855,0.6666666666666666,0.0,0.0,0.0,0.25,0.0,1.0,0.8571428571428448,0.8260869565217391,0.8695652173913043,0.0,0.0,0.0,1.0,0.0,0.0,0.0,0.0,0.0,0.0,0.0,0.0,0.0,0.0,0.0,0.0,0.0,0.0,0.0,0.0,0.0,0.0,0.0,0.0,0.0,0.0,0.0,0.0,0.0,0.0,0.0,0.0,0.0,1.0,0.0,0.0,0.0,0,29,0
0.42857142857142855,0.5454545454545454,0.6666666666666666,0.125,0.7142857142857142,0.6666666666666666,0.16666666666666666,0.0,0.0,0.0,0.0,1.0,0.8571428571428447,0.9130434782608696,0.9565217391304348,0.0,0.0,1.0,0.0,0.0,1.0,0.0,0.0,0.0,0.0,0.0,0.0,0.0,0.0,0.0,0.0,0.0,0.0,0.0,0.0,0.0,0.0,0.0,0.0,0.0,0.0,0.0,0.0,0.0,0.0,0.0,0.0,0.0,0.0,0.0,0.0,0.0,0,1,0
0.42857142857142855,0.45454545454545453,0.3333333333333333,0.125,0.2857142857142857,0.33333333333333337,0.0,0.5,0.0,0.0,0.0,1.0,0.8809523809523674,0.9565217391304348,1.0,0.0,0.0,1.0,0.0,0.0,0.0,0.0,0.0,0.0,0.0,0.0,0.0,0.0,0.0,0.0,1.0,0.0,0.0,0.0,0.0,0.0,0.0,0.0,0.0,0.0,0.0,0.0,0.0,0.0,0.0,0.0,0.0,0.0,0.0,0.0,0.0,0.0,1,11,0
0.42857142857142855,0.45454545454545453,0.3333333333333333,0.125,0.2857142857142857,0.16666666666666666,0.0,0.3333333333333333,0.0,0.0,0.0,1.0,0.9107142857142732,1.0,0.0,0.0,0.0,1.0,0.0,0.0,0.0,0.0,0.0,0.0,0.0,0.0,0.0,0.0,0.0,0.0,0.0,0.0,0.0,0.0,0.0,1.0,0.0,0.0,0.0,0.0,0.0,0.0,0.0,0.0,0.0,0.0,0.0,0.0,0.0,0.0,0.0,0.0,1,16,0
0.42857142857142855,0.45454545454545453,0.3333333333333333,0.125,0.2857142857142857,0.16666666666666666,0.0,0.3333333333333333,0.0,0.0,0.0,0.0,0.8214285714285595,1.0,0.0,0.0,0.0,1.0,0.0,0.0,0.0,0.0,0.0,0.0,0.0,0.0,0.0,0.0,0.0,0.0,1.0,0.0,0.0,0.0,0.0,0.0,0.0,0.0,0.0,0.0,0.0,0.0,0.0,0.0,0.0,0.0,0.0,0.0,0.0,0.0,0.0,0.0,1,11,0
0.5714285714285714,0.45454545454545453,0.3333333333333333,0.125,0.14285714285714285,0.16666666666666666,0.0,0.16666666666666666,0.0,0.0,0.0,1.0,0.9107142857142798,0.0,0.043478260869565216,0.0,0.0,1.0,0.0,0.0,0.0,0.0,0.0,0.0,0.0,0.0,0.0,0.0,0.0,0.0,0.0,0.0,0.0,0.0,0.0,1.0,0.0,0.0,0.0,0.0,0.0,0.0,0.0,0.0,0.0,0.0,0.0,0.0,0.0,0.0,0.0,0.0,1,16,0
0.5714285714285714,0.45454545454545453,0.3333333333333333,0.125,0.14285714285714285,0.16666666666666666,0.0,0.16666666666666666,0.0,0.0,0.0,0.0,0.8214285714285595,0.0,0.043478260869565216,0.0,0.0,1.0,0.0,0.0,0.0,0.0,0.0,0.0,0.0,0.0,0.0,0.0,0.0,0.0,1.0,0.0,0.0,0.0,0.0,0.0,0.0,0.0,0.0,0.0,0.0,0.0,0.0,0.0,0.0,0.0,0.0,0.0,0.0,0.0,0.0,0.0,1,11,0
0.5714285714285714,0.45454545454545453,0.3333333333333333,0.125,0.14285714285714285,0.16666666666666666,0.0,0.3333333333333333,0.0,0.0,0.0,0.0,0.8214285714285595,0.0,0.043478260869565216,0.0,0.0,1.0,0.0,0.0,0.0,0.0,0.0,0.0,0.0,0.0,1.0,0.0,0.0,0.0,0.0,0.0,0.0,0.0,0.0,0.0,0.0,0.0,0.0,0.0,0.0,0.0,0.0,0.0,0.0,0.0,0.0,0.0,0.0,0.0,0.0,0.0,1,7,0
0.5714285714285714,0.45454545454545453,0.3333333333333333,0.125,0.2857142857142857,0.16666666666666666,0.16666666666666666,0.0,0.0,0.0,0.0,0.0,0.8214285714285595,0.06521739130434782,0.08695652173913043,0.0,0.0,1.0,0.0,0.0,1.0,0.0,0.0,0.0,0.0,0.0,0.0,0.0,0.0,0.0,0.0,0.0,0.0,0.0,0.0,0.0,0.0,0.0,0.0,0.0,0.0,0.0,0.0,0.0,0.0,0.0,0.0,0.0,0.0,0.0,0.0,0.0,0,1,0
0.5714285714285714,0.45454545454545453,0.3333333333333333,0.125,0.2857142857142857,0.16666666666666666,0.5,0.0,0.0,0.0,0.0,1.0,0.9107142857142798,0.08695652173913043,0.13043478260869565,0.0,0.0,1.0,0.0,0.0,0.0,0.0,0.0,0.0,0.0,0.0,0.0,0.0,0.0,0.0,0.0,0.0,0.0,0.0,0.0,1.0,0.0,0.0,0.0,0.0,0.0,0.0,0.0,0.0,0.0,0.0,0.0,0.0,0.0,0.0,0.0,0.0,0,16,0
0.5714285714285714,0.45454545454545453,0.3333333333333333,0.125,0.2857142857142857,0.16666666666666666,0.0,0.16666666666666666,0.0,0.0,0.0,0.0,0.8214285714285595,0.08695652173913043,0.13043478260869565,0.0,0.0,1.0,0.0,0.0,0.0,0.0,0.0,0.0,0.0,0.0,0.0,0.0,0.0,0.0,1.0,0.0,0.0,0.0,0.0,0.0,0.0,0.0,0.0,0.0,0.0,0.0,0.0,0.0,0.0,0.0,0.0,0.0,0.0,0.0,0.0,0.0,1,11,0
0.5714285714285714,0.45454545454545453,0.3333333333333333,0.125,0.7142857142857142,0.6666666666666666,0.0,0.16666666666666666,0.0,0.0,0.0,1.0,0.8571428571428477,0.13043478260869565,0.17391304347826086,0.0,0.0,1.0,0.0,0.0,0.0,0.0,0.0,0.0,0.0,0.0,0.0,0.0,0.0,0.0,0.0,0.0,0.0,0.0,0.0,1.0,0.0,0.0,0.0,0.0,0.0,0.0,0.0,0.0,0.0,0.0,0.0,0.0,0.0,0.0,0.0,0.0,1,16,0
0.5714285714285714,0.45454545454545453,0.3333333333333333,0.125,0.5714285714285714,0.5,0.0,0.16666666666666666,0.0,0.0,0.0,1.0,0.8660714285714087,0.17391304347826086,0.21739130434782608,0.0,0.0,1.0,0.0,0.0,0.0,0.0,0.0,0.0,0.0,0.0,0.0,0.0,0.0,0.0,0.0,0.0,0.0,0.0,0.0,1.0,0.0,0.0,0.0,0.0,0.0,0.0,0.0,0.0,0.0,0.0,0.0,0.0,0.0,0.0,0.0,0.0,1,16,0
0.5714285714285714,0.6363636363636365,0.3333333333333333,0.5,0.5714285714285714,0.5,0.0,0.0,0.0,0.25,0.0,1.0,0.8660714285714161,0.21739130434782608,0.2608695652173913,0.0,1.0,0.0,0.0,0.0,0.0,0.0,0.0,0.0,0.0,0.0,0.0,0.0,0.0,0.0,0.0,0.0,0.0,0.0,0.0,0.0,0.0,0.0,0.0,0.0,0.0,0.0,0.0,0.0,0.0,0.0,0.0,0.0,0.0,0.0,0.0,0.0,0,33,0
0.5714285714285714,0.6363636363636365,0.3333333333333333,0.5,0.5714285714285714,0.5,0.0,0.13333333333333333,0.0,0.0,0.0,0.0,0.8214285714285595,0.21739130434782608,0.2608695652173913,0.0,1.0,0.0,0.0,0.0,0.0,0.0,0.0,0.0,0.0,0.0,0.0,0.0,0.0,0.0,0.0,0.0,0.0,0.0,1.0,0.0,0.0,0.0,0.0,0.0,0.0,0.0,0.0,0.0,0.0,0.0,0.0,0.0,0.0,0.0,0.0,0.0,1,15,0
0.5714285714285714,0.6363636363636365,0.3333333333333333,1.0,0.5714285714285714,0.5,0.0,0.3333333333333333,0.0,0.0,0.0,1.0,0.866071428571416,0.30434782608695654,0.34782608695652173,0.0,1.0,0.0,0.0,0.0,0.0,0.0,0.0,0.0,0.0,0.0,0.0,0.0,0.0,1.0,0.0,0.0,0.0,0.0,0.0,0.0,0.0,0.0,0.0,0.0,0.0,0.0,0.0,0.0,0.0,0.0,0.0,0.0,0.0,0.0,0.0,0.0,1,10,0
0.5714285714285714,0.6363636363636365,0.3333333333333333,1.0,0.5714285714285714,0.5,0.0,0.13333333333333333,0.0,0.0,0.0,0.0,0.8214285714285595,0.30434782608695654,0.34782608695652173,0.0,1.0,0.0,0.0,0.0,0.0,0.0,0.0,0.0,0.0,0.0,0.0,0.0,0.0,1.0,0.0,0.0,0.0,0.0,0.0,0.0,0.0,0.0,0.0,0.0,0.0,0.0,0.0,0.0,0.0,0.0,0.0,0.0,0.0,0.0,0.0,0.0,1,10,0
0.5714285714285714,0.6363636363636365,0.3333333333333333,1.0,0.5714285714285714,0.5,0.0,0.25,0.0,0.0,0.0,1.0,0.8660714285714161,0.34782608695652173,0.391304347826087,0.0,1.0,0.0,0.0,0.0,0.0,0.0,0.0,0.0,0.0,0.0,0.0,0.0,0.0,0.0,0.0,0.0,1.0,0.0,0.0,0.0,0.0,0.0,0.0,0.0,0.0,0.0,0.0,0.0,0.0,0.0,0.0,0.0,0.0,0.0,0.0,0.0,1,13,0
0.5714285714285714,0.6363636363636365,0.3333333333333333,1.0,0.5714285714285714,0.5,0.0,0.16666666666666666,0.0,0.0,0.0,0.0,0.8214285714285595,0.34782608695652173,0.391304347826087,0.0,1.0,0.0,0.0,0.0,0.0,0.0,0.0,0.0,0.0,0.0,0.0,0.0,0.0,0.0,0.0,0.0,0.0,0.0,0.0,0.0,0.0,0.0,0.0,0.0,0.0,0.0,0.0,0.0,0.0,0.0,0.0,0.0,0.0,0.0,0.0,0.0,1,33,0
0.5714285714285714,0.6363636363636365,0.3333333333333333,1.0,0.7142857142857142,0.6666666666666666,0.0,0.13333333333333333,0.0,0.0,0.0,1.0,0.8571428571428447,0.43478260869565216,0.4782608695652174,0.0,1.0,0.0,0.0,0.0,0.0,0.0,0.0,0.0,0.0,0.0,0.0,0.0,0.0,0.0,1.0,0.0,0.0,0.0,0.0,0.0,0.0,0.0,0.0,0.0,0.0,0.0,0.0,0.0,0.0,0.0,0.0,0.0,0.0,0.0,0.0,0.0,1,11,0
0.5714285714285714,0.6363636363636365,0.3333333333333333,1.0,0.7142857142857142,0.6666666666666666,0.0,0.16666666666666666,0.0,0.0,0.0,0.0,0.8214285714285595,0.43478260869565216,0.4782608695652174,0.0,1.0,0.0,0.0,0.0,0.0,0.0,0.0,0.0,0.0,0.0,0.0,0.0,0.0,0.0,0.0,0.0,0.0,0.0,0.0,0.0,0.0,0.0,0.0,0.0,0.0,0.0,0.0,0.0,0.0,0.0,0.0,0.0,1.0,0.0,0.0,0.0,1,29,0
0.5714285714285714,0.6363636363636365,0.3333333333333333,1.0,0.7142857142857142,0.6666666666666666,0.0,0.25,0.0,0.0,0.0,1.0,0.8571428571428448,0.4782608695652174,0.5217391304347826,0.0,1.0,0.0,0.0,0.0,0.0,0.0,0.0,0.0,0.0,0.0,0.0,0.0,0.0,0.0,1.0,0.0,0.0,0.0,0.0,0.0,0.0,0.0,0.0,0.0,0.0,0.0,0.0,0.0,0.0,0.0,0.0,0.0,0.0,0.0,0.0,0.0,1,11,0
0.5714285714285714,0.6363636363636365,0.3333333333333333,1.0,0.7142857142857142,0.6666666666666666,0.0,0.26666666666666666,0.0,0.0,0.0,1.0,0.8571428571428447,0.5217391304347826,0.5652173913043478,0.0,1.0,0.0,0.0,0.0,0.0,0.0,0.0,0.0,0.0,0.0,0.0,0.0,0.0,1.0,0.0,0.0,0.0,0.0,0.0,0.0,0.0,0.0,0.0,0.0,0.0,0.0,0.0,0.0,0.0,0.0,0.0,0.0,0.0,0.0,0.0,0.0,1,10,0
0.5714285714285714,0.5454545454545454,0.3333333333333333,1.0,0.7142857142857142,0.6666666666666666,0.0,0.11666666666666667,0.0,0.0,0.0,1.0,0.8571428571428448,0.5652173913043478,0.6086956521739131,0.0,0.0,0.0,1.0,0.0,0.0,0.0,0.0,0.0,0.0,0.0,0.0,0.0,0.0,0.0,1.0,0.0,0.0,0.0,0.0,0.0,0.0,0.0,0.0,0.0,0.0,0.0,0.0,0.0,0.0,0.0,0.0,0.0,0.0,0.0,0.0,0.0,1,11,0
0.5714285714285714,0.5454545454545454,0.3333333333333333,1.0,0.7142857142857142,0.6666666666666666,0.0,0.0,0.0,0.16666666666666666,0.0,0.0,0.8214285714285595,0.5652173913043478,0.6086956521739131,0.0,0.0,0.0,1.0,0.0,0.0,0.0,0.0,0.0,0.0,0.0,0.0,0.0,0.0,0.0,0.0,0.0,0.0,0.0,0.0,0.0,0.0,0.0,0.0,0.0,0.0,0.0,0.0,0.0,0.0,0.0,0.0,0.0,0.0,0.0,0.0,0.0,0,33,0
0.5714285714285714,0.5454545454545454,0.3333333333333333,1.0,0.5714285714285714,0.5,0.0,0.0,0.0,0.16666666666666666,0.0,1.0,0.866071428571416,0.6086956521739131,0.6521739130434783,0.0,0.0,0.0,1.0,0.0,0.0,0.0,1.0,0.0,0.0,0.0,0.0,0.0,0.0,0.0,0.0,0.0,0.0,0.0,0.0,0.0,0.0,0.0,0.0,0.0,0.0,0.0,0.0,0.0,0.0,0.0,0.0,0.0,0.0,0.0,0.0,0.0,0,3,0
0.5714285714285714,0.5454545454545454,0.3333333333333333,1.0,0.42857142857142855,0.5,0.0,0.0,0.0,0.3333333333333333,0.0,1.0,0.866071428571416,0.6521739130434783,0.6956521739130435,0.0,0.0,0.0,1.0,0.0,0.0,0.0,0.0,0.0,0.0,0.0,0.0,0.0,0.0,0.0,0.0,0.0,0.0,0.0,0.0,0.0,0.0,0.0,0.0,0.0,0.0,0.0,0.0,0.0,0.0,0.0,0.0,0.0,0.0,1.0,0.0,0.0,0,30,0
0.5714285714285714,0.5454545454545454,0.3333333333333333,1.0,0.42857142857142855,0.5,0.0,0.0,0.0,0.1,0.0,0.0,0.8214285714285595,0.6521739130434783,0.6956521739130435,0.0,0.0,0.0,1.0,0.0,0.0,0.0,1.0,0.0,0.0,0.0,0.0,0.0,0.0,0.0,0.0,0.0,0.0,0.0,0.0,0.0,0.0,0.0,0.0,0.0,0.0,0.0,0.0,0.0,0.0,0.0,0.0,0.0,0.0,0.0,0.0,0.0,0,3,0
0.5714285714285714,0.5454545454545454,0.6666666666666666,1.0,0.14285714285714285,0.33333333333333337,0.0,0.0,0.0,0.5,0.0,1.0,0.8809523809523683,0.6956521739130435,0.7391304347826088,0.0,0.0,0.0,1.0,0.0,0.0,0.0,0.0,0.0,0.0,0.0,0.0,0.0,0.0,0.0,0.0,0.0,0.0,0.0,0.0,0.0,0.0,0.0,0.0,0.0,0.0,0.0,0.0,0.0,0.0,0.0,0.0,1.0,0.0,0.0,0.0,0.0,0,28,0
0.5714285714285714,0.5454545454545454,0.6666666666666666,1.0,0.0,0.33333333333333337,0.0,0.0,0.0,0.5,0.0,1.0,0.8214285714285595,0.7608695652173914,0.782608695652174,0.0,0.0,0.0,1.0,0.0,0.0,0.0,0.0,0.0,0.0,0.0,0.0,0.0,0.0,0.0,0.0,0.0,0.0,0.0,0.0,0.0,0.0,0.0,0.0,0.0,0.0,0.0,0.0,0.0,0.0,0.0,0.0,1.0,0.0,0.0,0.0,0.0,0,28,0
0.5714285714285714,0.5454545454545454,0.6666666666666666,1.0,0.14285714285714285,0.0,0.0,0.0,0.0,0.8333333333333334,0.0,1.0,0.9999999999999853,0.782608695652174,0.8260869565217391,0.0,0.0,0.0,1.0,0.0,0.0,0.0,0.0,0.0,0.0,0.0,0.0,0.0,0.0,0.0,0.0,0.0,0.0,0.0,0.0,0.0,0.0,0.0,0.0,0.0,0.0,0.0,0.0,0.0,0.0,0.0,0.0,1.0,0.0,0.0,0.0,0.0,0,28,0
0.5714285714285714,0.5454545454545454,0.3333333333333333,1.0,0.5714285714285714,0.6666666666666666,0.0,0.16666666666666666,0.0,0.0,0.0,1.0,0.8571428571428448,0.8260869565217391,0.8695652173913043,0.0,0.0,0.0,1.0,0.0,0.0,0.0,0.0,0.0,0.0,0.0,0.0,0.0,0.0,0.0,1.0,0.0,0.0,0.0,0.0,0.0,0.0,0.0,0.0,0.0,0.0,0.0,0.0,0.0,0.0,0.0,0.0,0.0,0.0,0.0,0.0,0.0,1,11,0
0.5714285714285714,0.5454545454545454,0.3333333333333333,1.0,0.5714285714285714,0.6666666666666666,0.0,0.0,0.0,0.08333333333333333,0.0,0.0,0.8214285714285595,0.8260869565217391,0.8695652173913043,0.0,0.0,0.0,1.0,0.0,0.0,0.0,1.0,0.0,0.0,0.0,0.0,0.0,0.0,0.0,0.0,0.0,0.0,0.0,0.0,0.0,0.0,0.0,0.0,0.0,0.0,0.0,0.0,0.0,0.0,0.0,0.0,0.0,0.0,0.0,0.0,0.0,0,3,0
0.5714285714285714,0.5454545454545454,0.3333333333333333,1.0,0.5714285714285714,0.5,0.0,0.16666666666666666,0.0,0.0,0.0,1.0,0.866071428571416,0.8695652173913043,0.9130434782608696,0.0,0.0,0.0,1.0,0.0,0.0,0.0,0.0,0.0,0.0,0.0,0.0,0.0,0.0,0.0,0.0,0.0,0.0,0.0,0.0,0.0,0.0,0.0,0.0,0.0,1.0,0.0,0.0,0.0,0.0,0.0,0.0,0.0,0.0,0.0,0.0,0.0,1,21,0
0.5714285714285714,0.5454545454545454,0.3333333333333333,1.0,0.5714285714285714,0.5,0.0,0.25,0.0,0.0,0.0,0.0,0.8214285714285595,0.8695652173913043,0.9130434782608696,0.0,0.0,0.0,1.0,0.0,0.0,0.0,0.0,0.0,0.0,0.0,0.0,0.0,0.0,0.0,0.0,0.0,0.0,0.0,0.0,0.0,0.0,0.0,0.0,0.0,0.0,0.0,0.0,0.0,0.0,0.0,0.0,1.0,0.0,0.0,0.0,0.0,1,28,0
0.5714285714285714,0.5454545454545454,0.3333333333333333,1.0,0.2857142857142857,0.16666666666666666,0.0,0.0,0.0,0.16666666666666666,0.0,1.0,0.9107142857142725,0.9130434782608696,0.9565217391304348,0.0,0.0,1.0,0.0,0.0,0.0,0.0,0.0,0.0,0.0,0.0,0.0,0.0,0.0,0.0,0.0,0.0,0.0,0.0,0.0,0.0,0.0,0.0,0.0,0.0,0.0,0.0,0.0,0.0,0.0,0.0,0.0,0.0,0.0,0.0,0.0,0.0,0,33,0
0.5714285714285714,0.5454545454545454,0.3333333333333333,1.0,0.2857142857142857,0.16666666666666666,0.0,0.5,0.0,0.0,0.0,0.0,0.8214285714285595,0.9130434782608696,0.9565217391304348,0.0,0.0,1.0,0.0,0.0,0.0,0.0,0.0,0.0,0.0,0.0,0.0,0.0,0.0,0.0,0.0,0.0,0.0,0.0,0.0,0.0,0.0,0.0,0.0,0.0,0.0,0.0,0.0,0.0,0.0,0.0,0.0,1.0,0.0,0.0,0.0,0.0,1,28,0
0.5714285714285714,0.5454545454545454,0.3333333333333333,1.0,0.14285714285714285,0.0,0.0,0.8333333333333334,0.0,0.0,0.0,1.0,0.9999999999999829,0.9565217391304348,1.0,0.0,0.0,1.0,0.0,0.0,0.0,0.0,0.0,0.0,0.0,0.0,0.0,0.0,0.0,0.0,0.0,0.0,0.0,0.0,0.0,0.0,0.0,0.0,0.0,0.0,0.0,0.0,0.0,0.0,0.0,0.0,0.0,0.0,0.0,0.0,0.0,0.0,1,33,0
0.5714285714285714,0.3636363636363636,0.3333333333333333,1.0,0.14285714285714285,0.0,0.0,1.0,0.0,0.0,0.0,1.0,0.8214285714285595,1.0,0.0,0.0,0.0,1.0,0.0,0.0,0.0,0.0,0.0,0.0,0.0,0.0,0.0,0.0,0.0,0.0,0.0,0.0,0.0,0.0,0.0,0.0,0.0,0.0,0.0,0.0,0.0,0.0,0.0,0.0,0.0,0.0,0.0,0.0,0.0,0.0,0.0,0.0,1,33,0
0.7142857142857142,0.3636363636363636,0.3333333333333333,1.0,0.14285714285714285,0.0,0.0,1.0,0.0,0.0,0.0,1.0,0.8214285714285595,0.0,0.043478260869565216,0.0,0.0,1.0,0.0,0.0,0.0,0.0,0.0,0.0,0.0,0.0,0.0,0.0,0.0,0.0,0.0,0.0,0.0,0.0,0.0,0.0,0.0,0.0,0.0,0.0,0.0,0.0,0.0,0.0,0.0,0.0,0.0,0.0,0.0,0.0,0.0,0.0,1,33,0
0.7142857142857142,0.3636363636363636,0.3333333333333333,1.0,0.14285714285714285,0.0,0.0,1.0,0.0,0.0,0.0,1.0,0.8214285714285595,0.06521739130434782,0.08695652173913043,0.0,0.0,1.0,0.0,0.0,0.0,0.0,0.0,0.0,0.0,0.0,0.0,0.0,0.0,0.0,0.0,0.0,0.0,0.0,0.0,0.0,0.0,0.0,0.0,0.0,0.0,0.0,0.0,0.0,0.0,0.0,0.0,0.0,0.0,0.0,0.0,0.0,1,33,0
0.7142857142857142,0.3636363636363636,0.3333333333333333,1.0,0.14285714285714285,0.0,0.0,1.0,0.0,0.0,0.0,1.0,0.8214285714285595,0.08695652173913043,0.13043478260869565,0.0,0.0,1.0,0.0,0.0,0.0,0.0,0.0,0.0,0.0,0.0,0.0,0.0,0.0,0.0,0.0,0.0,0.0,0.0,0.0,0.0,0.0,0.0,0.0,0.0,0.0,0.0,0.0,0.0,0.0,0.0,0.0,0.0,0.0,0.0,0.0,0.0,1,33,0
0.7142857142857142,0.3636363636363636,0.3333333333333333,1.0,0.14285714285714285,0.0,0.0,1.0,0.0,0.0,0.0,1.0,0.8214285714285595,0.13043478260869565,0.17391304347826086,0.0,0.0,1.0,0.0,0.0,0.0,0.0,0.0,0.0,0.0,0.0,0.0,0.0,0.0,0.0,0.0,0.0,0.0,0.0,0.0,0.0,0.0,0.0,0.0,0.0,0.0,0.0,0.0,0.0,0.0,0.0,0.0,0.0,0.0,0.0,0.0,0.0,1,33,0
0.7142857142857142,0.3636363636363636,0.3333333333333333,1.0,0.14285714285714285,0.0,0.0,1.0,0.0,0.0,0.0,1.0,0.8214285714285595,0.17391304347826086,0.21739130434782608,0.0,0.0,1.0,0.0,0.0,0.0,0.0,0.0,0.0,0.0,0.0,0.0,0.0,0.0,0.0,0.0,0.0,0.0,0.0,0.0,0.0,0.0,0.0,0.0,0.0,0.0,0.0,0.0,0.0,0.0,0.0,0.0,1.0,0.0,0.0,0.0,0.0,1,28,0
0.7142857142857142,0.6363636363636365,0.3333333333333333,1.0,0.14285714285714285,0.0,0.0,1.0,0.0,0.0,0.0,1.0,0.8214285714285595,0.21739130434782608,0.2608695652173913,0.0,1.0,0.0,0.0,0.0,0.0,0.0,0.0,0.0,0.0,0.0,0.0,0.0,0.0,0.0,0.0,0.0,0.0,0.0,0.0,0.0,0.0,0.0,0.0,0.0,0.0,0.0,0.0,0.0,0.0,0.0,0.0,1.0,0.0,0.0,0.0,0.0,1,28,0
0.7142857142857142,0.6363636363636365,0.3333333333333333,1.0,0.14285714285714285,0.0,0.0,1.0,0.0,0.0,0.0,1.0,0.8214285714285595,0.2608695652173913,0.30434782608695654,0.0,1.0,0.0,0.0,0.0,0.0,0.0,0.0,0.0,0.0,0.0,0.0,0.0,0.0,0.0,0.0,0.0,0.0,0.0,0.0,0.0,0.0,0.0,0.0,0.0,0.0,0.0,0.0,0.0,0.0,0.0,0.0,1.0,0.0,0.0,0.0,0.0,1,28,0
0.7142857142857142,0.27272727272727276,0.3333333333333333,1.0,0.14285714285714285,0.0,0.0,1.0,0.0,0.0,0.0,1.0,0.8214285714285595,0.30434782608695654,0.34782608695652173,0.0,1.0,0.0,0.0,0.0,0.0,0.0,0.0,0.0,0.0,0.0,0.0,0.0,0.0,0.0,0.0,0.0,0.0,0.0,0.0,0.0,0.0,0.0,0.0,0.0,0.0,0.0,0.0,0.0,0.0,0.0,0.0,1.0,0.0,0.0,0.0,0.0,1,28,0
0.7142857142857142,0.27272727272727276,0.3333333333333333,1.0,0.14285714285714285,0.0,0.0,1.0,0.0,0.0,0.0,1.0,0.8214285714285595,0.34782608695652173,0.391304347826087,0.0,1.0,0.0,0.0,0.0,0.0,0.0,0.0,0.0,0.0,0.0,0.0,0.0,0.0,0.0,0.0,0.0,0.0,0.0,0.0,0.0,0.0,0.0,0.0,0.0,0.0,0.0,0.0,0.0,0.0,0.0,0.0,1.0,0.0,0.0,0.0,0.0,1,28,0
0.7142857142857142,0.27272727272727276,0.3333333333333333,1.0,0.14285714285714285,0.0,0.0,0.5,0.0,0.0,0.0,1.0,0.8214285714285595,0.41304347826086957,0.43478260869565216,0.0,1.0,0.0,0.0,0.0,0.0,0.0,0.0,0.0,0.0,0.0,0.0,0.0,0.0,0.0,0.0,0.0,0.0,0.0,0.0,0.0,0.0,0.0,0.0,0.0,0.0,0.0,0.0,0.0,0.0,0.0,0.0,1.0,0.0,0.0,0.0,0.0,1,28,0
0.7142857142857142,0.27272727272727276,0.3333333333333333,1.0,0.14285714285714285,0.0,0.0,1.0,0.0,0.0,0.0,1.0,0.8214285714285595,0.43478260869565216,0.4782608695652174,0.0,1.0,0.0,0.0,0.0,0.0,0.0,0.0,0.0,0.0,0.0,0.0,0.0,0.0,0.0,0.0,0.0,0.0,0.0,0.0,0.0,0.0,0.0,0.0,0.0,0.0,0.0,0.0,0.0,0.0,0.0,0.0,1.0,0.0,0.0,0.0,0.0,1,28,0
0.7142857142857142,0.27272727272727276,0.3333333333333333,1.0,0.14285714285714285,0.0,0.0,1.0,0.0,0.0,0.0,1.0,0.8214285714285595,0.4782608695652174,0.5217391304347826,0.0,1.0,0.0,0.0,0.0,0.0,0.0,0.0,0.0,0.0,0.0,0.0,0.0,0.0,0.0,0.0,0.0,0.0,0.0,0.0,0.0,0.0,0.0,0.0,0.0,0.0,0.0,0.0,0.0,0.0,0.0,0.0,1.0,0.0,0.0,0.0,0.0,1,28,0
0.7142857142857142,0.27272727272727276,0.3333333333333333,1.0,0.14285714285714285,0.0,0.0,1.0,0.0,0.0,0.0,1.0,0.8214285714285595,0.5217391304347826,0.5652173913043478,0.0,1.0,0.0,0.0,0.0,0.0,0.0,0.0,0.0,0.0,0.0,0.0,0.0,0.0,0.0,0.0,0.0,0.0,0.0,0.0,0.0,0.0,0.0,0.0,0.0,0.0,0.0,0.0,0.0,0.0,0.0,0.0,1.0,0.0,0.0,0.0,0.0,1,28,0
0.7142857142857142,0.5454545454545454,0.3333333333333333,1.0,0.14285714285714285,0.0,0.0,1.0,0.0,0.0,0.0,1.0,0.8214285714285595,0.5652173913043478,0.6086956521739131,0.0,0.0,0.0,1.0,0.0,0.0,0.0,0.0,0.0,0.0,0.0,0.0,0.0,0.0,0.0,0.0,0.0,0.0,0.0,0.0,0.0,0.0,0.0,0.0,0.0,0.0,0.0,0.0,0.0,0.0,0.0,0.0,1.0,0.0,0.0,0.0,0.0,1,28,0
0.7142857142857142,0.5454545454545454,0.3333333333333333,1.0,0.14285714285714285,0.0,0.0,1.0,0.0,0.0,0.0,1.0,0.8214285714285595,0.6086956521739131,0.6521739130434783,0.0,0.0,0.0,1.0,0.0,0.0,0.0,0.0,0.0,0.0,0.0,0.0,0.0,0.0,0.0,0.0,0.0,0.0,0.0,0.0,0.0,0.0,0.0,0.0,0.0,0.0,0.0,0.0,0.0,0.0,0.0,0.0,1.0,0.0,0.0,0.0,0.0,1,28,0
0.7142857142857142,0.5454545454545454,0.3333333333333333,1.0,0.14285714285714285,0.0,0.0,0.85,0.0,0.0,0.0,1.0,0.9999999999999853,0.6521739130434783,0.6956521739130435,0.0,0.0,0.0,1.0,0.0,0.0,0.0,0.0,0.0,0.0,0.0,0.0,0.0,0.0,0.0,0.0,0.0,0.0,0.0,0.0,0.0,0.0,0.0,0.0,0.0,0.0,0.0,0.0,0.0,0.0,0.0,0.0,1.0,0.0,0.0,0.0,0.0,1,28,0
0.7142857142857142,0.5454545454545454,0.3333333333333333,1.0,0.14285714285714285,0.0,0.0,0.85,0.0,0.0,0.0,1.0,0.9999999999999858,0.6956521739130435,0.7391304347826088,0.0,0.0,0.0,1.0,0.0,0.0,0.0,0.0,0.0,0.0,0.0,0.0,0.0,0.0,0.0,0.0,0.0,0.0,0.0,0.0,0.0,0.0,0.0,0.0,0.0,0.0,0.0,0.0,0.0,0.0,0.0,0.0,1.0,0.0,0.0,0.0,0.0,1,28,0
0.7142857142857142,0.5454545454545454,0.3333333333333333,1.0,0.2857142857142857,0.16666666666666666,0.0,0.7,0.0,0.0,0.0,1.0,0.9107142857142725,0.782608695652174,0.8260869565217391,0.0,0.0,0.0,1.0,0.0,0.0,0.0,0.0,0.0,0.0,0.0,0.0,0.0,0.0,0.0,0.0,0.0,0.0,0.0,0.0,0.0,0.0,0.0,0.0,0.0,0.0,0.0,0.0,0.0,0.0,0.0,0.0,1.0,0.0,0.0,0.0,0.0,1,28,0
0.7142857142857142,0.5454545454545454,0.3333333333333333,1.0,0.2857142857142857,0.16666666666666666,0.0,0.7,0.0,0.0,0.0,1.0,0.9107142857142727,0.8260869565217391,0.8695652173913043,0.0,0.0,0.0,1.0,0.0,0.0,0.0,0.0,0.0,0.0,0.0,0.0,0.0,0.0,0.0,0.0,0.0,0.0,0.0,0.0,0.0,0.0,0.0,0.0,0.0,0.0,0.0,0.0,0.0,0.0,0.0,0.0,1.0,0.0,0.0,0.0,0.0,1,28,0
0.7142857142857142,0.5454545454545454,0.3333333333333333,1.0,0.2857142857142857,0.16666666666666666,0.0,0.7,0.0,0.0,0.0,1.0,0.9107142857142725,0.8695652173913043,0.9130434782608696,0.0,0.0,0.0,1.0,0.0,0.0,0.0,0.0,0.0,0.0,0.0,0.0,0.0,0.0,0.0,0.0,0.0,0.0,0.0,0.0,0.0,0.0,0.0,0.0,0.0,0.0,0.0,0.0,0.0,0.0,0.0,0.0,1.0,0.0,0.0,0.0,0.0,1,28,0
1.0,0.3636363636363636,0.3333333333333333,1.0,0.14285714285714285,0.0,0.0,0.0,0.0,0.16666666666666666,0.0,1.0,0.9999999999999853,0.9130434782608696,0.9565217391304348,0.0,0.0,1.0,0.0,0.0,0.0,0.0,0.0,0.0,0.0,0.0,0.0,0.0,0.0,0.0,0.0,0.0,0.0,0.0,0.0,0.0,0.0,0.0,0.0,0.0,0.0,0.0,0.0,0.0,0.0,0.0,0.0,0.0,0.0,0.0,0.0,0.0,0,33,0
1.0,0.3636363636363636,0.3333333333333333,1.0,0.14285714285714285,0.0,0.0,0.5,0.0,0.0,0.0,0.0,0.8214285714285595,0.9130434782608696,0.9565217391304348,0.0,0.0,1.0,0.0,0.0,0.0,0.0,0.0,0.0,0.0,0.0,0.0,0.0,0.0,0.0,0.0,0.0,0.0,0.0,0.0,0.0,0.0,0.0,0.0,0.0,0.0,0.0,0.0,0.0,0.0,0.0,0.0,1.0,0.0,0.0,0.0,0.0,1,28,0
1.0,0.3636363636363636,0.3333333333333333,0.25,0.14285714285714285,0.16666666666666666,0.0,0.6666666666666666,0.0,0.0,0.0,1.0,0.9107142857142727,0.9565217391304348,1.0,0.0,0.0,1.0,0.0,0.0,0.0,0.0,0.0,0.0,0.0,0.0,0.0,0.0,0.0,0.0,0.0,0.0,0.0,0.0,0.0,0.0,0.0,0.0,0.0,0.0,0.0,0.0,0.0,0.0,0.0,0.0,0.0,1.0,0.0,0.0,0.0,0.0,1,28,0
1.0,0.3636363636363636,0.3333333333333333,0.375,0.14285714285714285,0.33333333333333337,0.0,0.5,0.0,0.0,0.0,1.0,0.8809523809523682,1.0,0.0,0.0,0.0,1.0,0.0,0.0,0.0,0.0,0.0,0.0,0.0,0.0,0.0,0.0,0.0,0.0,0.0,0.0,0.0,0.0,0.0,0.0,0.0,0.0,0.0,0.0,0.0,0.0,0.0,0.0,0.0,0.0,0.0,1.0,0.0,0.0,0.0,0.0,1,28,0
0.14285714285714285,0.3636363636363636,0.3333333333333333,0.625,0.14285714285714285,0.6666666666666666,0.0,0.16666666666666666,0.0,0.0,0.0,1.0,0.8571428571428448,0.0,0.043478260869565216,0.0,0.0,1.0,0.0,0.0,0.0,0.0,0.0,0.0,0.0,0.0,0.0,0.0,0.0,0.0,0.0,0.0,0.0,0.0,0.0,0.0,0.0,0.0,0.0,0.0,0.0,0.0,0.0,0.0,0.0,0.0,0.0,1.0,0.0,0.0,0.0,0.0,1,28,0
0.14285714285714285,0.3636363636363636,0.3333333333333333,0.625,0.14285714285714285,0.6666666666666666,0.0,0.08333333333333333,0.0,0.0,0.0,0.0,0.8214285714285595,0.0,0.043478260869565216,0.0,0.0,1.0,0.0,0.0,0.0,0.0,0.0,0.0,0.0,1.0,0.0,0.0,0.0,0.0,0.0,0.0,0.0,0.0,0.0,0.0,0.0,0.0,0.0,0.0,0.0,0.0,0.0,0.0,0.0,0.0,0.0,0.0,0.0,0.0,0.0,0.0,1,6,0
0.14285714285714285,0.3636363636363636,0.3333333333333333,0.625,0.14285714285714285,0.6666666666666666,0.0,0.08333333333333333,0.0,0.0,0.0,1.0,0.8571428571428448,0.08695652173913043,0.13043478260869565,0.0,0.0,1.0,0.0,0.0,0.0,0.0,0.0,0.0,0.0,0.0,0.0,0.0,0.0,0.0,0.0,0.0,0.0,0.0,0.0,0.0,0.0,0.0,0.0,0.0,0.0,0.0,0.0,0.0,0.0,0.0,0.0,1.0,0.0,0.0,0.0,0.0,1,28,0
0.14285714285714285,0.3636363636363636,0.3333333333333333,0.625,0.14285714285714285,0.6666666666666666,0.0,0.13333333333333333,0.0,0.0,0.0,0.0,0.8214285714285595,0.08695652173913043,0.13043478260869565,0.0,0.0,1.0,0.0,0.0,0.0,0.0,0.0,0.0,0.0,1.0,0.0,0.0,0.0,0.0,0.0,0.0,0.0,0.0,0.0,0.0,0.0,0.0,0.0,0.0,0.0,0.0,0.0,0.0,0.0,0.0,0.0,0.0,0.0,0.0,0.0,0.0,1,6,0
0.14285714285714285,0.3636363636363636,0.3333333333333333,0.625,0.42857142857142855,0.33333333333333337,0.6666666666666666,0.0,0.0,0.0,0.0,1.0,0.8809523809523682,0.13043478260869565,0.17391304347826086,0.0,0.0,1.0,0.0,0.0,1.0,0.0,0.0,0.0,0.0,0.0,0.0,0.0,0.0,0.0,0.0,0.0,0.0,0.0,0.0,0.0,0.0,0.0,0.0,0.0,0.0,0.0,0.0,0.0,0.0,0.0,0.0,0.0,0.0,0.0,0.0,0.0,0,1,0
0.14285714285714285,0.3636363636363636,0.3333333333333333,0.625,0.42857142857142855,0.33333333333333337,0.0,0.25,0.0,0.0,0.0,1.0,0.8809523809523682,0.17391304347826086,0.21739130434782608,0.0,0.0,1.0,0.0,0.0,0.0,0.0,0.0,0.0,0.0,0.0,0.0,0.0,0.0,0.0,0.0,0.0,0.0,0.0,0.0,0.0,0.0,0.0,0.0,0.0,0.0,0.0,0.0,0.0,0.0,0.0,0.0,1.0,0.0,0.0,0.0,0.0,1,28,0
0.14285714285714285,0.3636363636363636,0.3333333333333333,0.625,0.42857142857142855,0.33333333333333337,0.0,0.2,0.0,0.0,0.0,0.0,0.8214285714285595,0.17391304347826086,0.21739130434782608,0.0,0.0,1.0,0.0,0.0,0.0,0.0,1.0,0.0,0.0,0.0,0.0,0.0,0.0,0.0,0.0,0.0,0.0,0.0,0.0,0.0,0.0,0.0,0.0,0.0,0.0,0.0,0.0,0.0,0.0,0.0,0.0,0.0,0.0,0.0,0.0,0.0,1,3,0
0.14285714285714285,0.3636363636363636,0.3333333333333333,0.625,0.7142857142857142,0.6666666666666666,0.0,0.0,0.0,0.16666666666666666,0.0,1.0,0.8571428571428448,0.21739130434782608,0.2608695652173913,0.0,1.0,0.0,0.0,0.0,0.0,0.0,0.0,0.0,0.0,0.0,0.0,0.0,0.0,0.0,0.0,0.0,0.0,0.0,0.0,0.0,0.0,0.0,0.0,0.0,0.0,0.0,0.0,0.0,0.0,0.0,0.0,0.0,0.0,0.0,0.0,0.0,0,33,0
0.14285714285714285,0.3636363636363636,0.3333333333333333,0.625,0.7142857142857142,0.6666666666666666,0.0,0.08333333333333333,0.0,0.0,0.0,0.0,0.8214285714285595,0.21739130434782608,0.2608695652173913,0.0,1.0,0.0,0.0,0.0,0.0,0.0,0.0,0.0,0.0,0.0,0.0,0.0,0.0,0.0,0.0,0.0,0.0,0.0,0.0,0.0,0.0,0.0,0.0,0.0,0.0,0.0,0.0,0.0,0.0,0.0,0.0,1.0,0.0,0.0,0.0,0.0,1,28,0
0.14285714285714285,0.3636363636363636,0.3333333333333333,0.625,0.8571428571428571,0.8333333333333334,0.0,0.08333333333333333,0.0,0.0,0.0,1.0,0.8511904761904638,0.2608695652173913,0.30434782608695654,0.0,1.0,0.0,0.0,0.0,0.0,0.0,1.0,0.0,0.0,0.0,0.0,0.0,0.0,0.0,0.0,0.0,0.0,0.0,0.0,0.0,0.0,0.0,0.0,0.0,0.0,0.0,0.0,0.0,0.0,0.0,0.0,0.0,0.0,0.0,0.0,0.0,1,3,0
0.14285714285714285,0.3636363636363636,0.3333333333333333,0.625,0.8571428571428571,0.8333333333333334,0.0,0.06666666666666667,0.0,0.0,0.0,1.0,0.8511904761904638,0.34782608695652173,0.391304347826087,0.0,1.0,0.0,0.0,0.0,0.0,0.0,0.0,0.0,0.0,0.0,0.0,0.0,0.0,0.0,0.0,0.0,0.0,0.0,0.0,0.0,0.0,0.0,0.0,0.0,0.0,0.0,0.0,0.0,0.0,0.0,0.0,0.0,1.0,0.0,0.0,0.0,1,29,0
0.14285714285714285,0.3636363636363636,0.3333333333333333,0.625,0.8571428571428571,0.8333333333333334,0.0,0.08333333333333333,0.0,0.0,0.0,0.0,0.8214285714285595,0.34782608695652173,0.391304347826087,0.0,1.0,0.0,0.0,0.0,0.0,0.0,0.0,0.0,0.0,0.0,0.0,0.0,0.0,0.0,0.0,0.0,0.0,0.0,0.0,0.0,0.0,0.0,0.0,0.0,0.0,0.0,0.0,0.0,0.0,0.0,0.0,1.0,0.0,0.0,0.0,0.0,1,28,0
0.14285714285714285,0.45454545454545453,0.3333333333333333,0.625,0.42857142857142855,0.33333333333333337,0.0,0.06666666666666667,0.0,0.0,0.0,1.0,0.851190476190464,0.41304347826086957,0.43478260869565216,0.0,1.0,0.0,0.0,0.0,0.0,0.0,1.0,0.0,0.0,0.0,0.0,0.0,0.0,0.0,0.0,0.0,0.0,0.0,0.0,0.0,0.0,0.0,0.0,0.0,0.0,0.0,0.0,0.0,0.0,0.0,0.0,0.0,0.0,0.0,0.0,0.0,1,3,0
0.14285714285714285,0.45454545454545453,0.3333333333333333,0.625,0.8571428571428571,0.8333333333333334,0.0,0.1,0.0,0.0,0.0,1.0,0.8511904761904638,0.4782608695652174,0.5217391304347826,0.0,1.0,0.0,0.0,0.0,0.0,0.0,0.0,0.0,0.0,0.0,0.0,0.0,0.0,0.0,0.0,0.0,0.0,0.0,0.0,0.0,0.0,0.0,0.0,0.0,0.0,0.0,0.0,0.0,0.0,0.0,0.0,0.0,0.0,1.0,0.0,0.0,1,30,0
0.14285714285714285,0.45454545454545453,0.3333333333333333,0.625,0.8571428571428571,0.8333333333333334,0.0,0.05,0.0,0.0,0.0,0.0,0.8214285714285595,0.4782608695652174,0.5217391304347826,0.0,1.0,0.0,0.0,0.0,0.0,0.0,1.0,0.0,0.0,0.0,0.0,0.0,0.0,0.0,0.0,0.0,0.0,0.0,0.0,0.0,0.0,0.0,0.0,0.0,0.0,0.0,0.0,0.0,0.0,0.0,0.0,0.0,0.0,0.0,0.0,0.0,1,3,0
0.14285714285714285,0.45454545454545453,0.3333333333333333,0.625,0.8571428571428571,0.8333333333333334,0.16666666666666666,0.0,0.0,0.0,0.0,1.0,0.851190476190464,0.5652173913043478,0.6086956521739131,0.0,0.0,0.0,1.0,0.0,1.0,0.0,0.0,0.0,0.0,0.0,0.0,0.0,0.0,0.0,0.0,0.0,0.0,0.0,0.0,0.0,0.0,0.0,0.0,0.0,0.0,0.0,0.0,0.0,0.0,0.0,0.0,0.0,0.0,0.0,0.0,0.0,0,1,0
0.14285714285714285,0.3636363636363636,0.3333333333333333,0.625,0.5714285714285714,0.5,0.0,0.25,0.0,0.0,0.0,1.0,0.8660714285714164,0.6086956521739131,0.6521739130434783,0.0,0.0,0.0,1.0,0.0,0.0,0.0,0.0,0.0,0.0,0.0,0.0,0.0,0.0,0.0,0.0,0.0,0.0,0.0,0.0,0.0,0.0,0.0,0.0,0.0,0.0,0.0,0.0,0.0,0.0,0.0,0.0,1.0,0.0,0.0,0.0,0.0,1,28,0
0.14285714285714285,0.3636363636363636,0.3333333333333333,0.625,0.5714285714285714,0.5,0.16666666666666666,0.0,0.0,0.0,0.0,0.0,0.8214285714285595,0.6086956521739131,0.6521739130434783,0.0,0.0,0.0,1.0,0.0,1.0,0.0,0.0,0.0,0.0,0.0,0.0,0.0,0.0,0.0,0.0,0.0,0.0,0.0,0.0,0.0,0.0,0.0,0.0,0.0,0.0,0.0,0.0,0.0,0.0,0.0,0.0,0.0,0.0,0.0,0.0,0.0,0,1,0
0.14285714285714285,0.45454545454545453,0.3333333333333333,0.625,0.8571428571428571,0.8333333333333334,0.0,0.25,0.0,0.0,0.0,1.0,0.8511904761904641,0.6521739130434783,0.6956521739130435,0.0,0.0,0.0,1.0,0.0,0.0,0.0,0.0,0.0,0.0,0.0,0.0,0.0,0.0,0.0,0.0,0.0,0.0,0.0,0.0,0.0,0.0,0.0,0.0,0.0,0.0,0.0,0.0,0.0,0.0,0.0,0.0,1.0,0.0,0.0,0.0,0.0,1,28,0
0.14285714285714285,0.45454545454545453,0.3333333333333333,0.625,0.42857142857142855,0.33333333333333337,0.0,0.16666666666666666,0.0,0.0,0.0,1.0,0.8809523809523674,0.6956521739130435,0.7391304347826088,0.0,0.0,0.0,1.0,0.0,0.0,0.0,0.0,0.0,0.0,0.0,0.0,0.0,0.0,0.0,0.0,0.0,0.0,0.0,0.0,0.0,0.0,0.0,0.0,0.0,0.0,0.0,0.0,0.0,0.0,0.0,0.0,0.0,0.0,1.0,0.0,0.0,1,30,0
0.14285714285714285,0.45454545454545453,0.3333333333333333,0.625,0.42857142857142855,0.33333333333333337,0.0,0.16666666666666666,0.0,0.0,0.0,0.0,0.8214285714285595,0.6956521739130435,0.7391304347826088,0.0,0.0,0.0,1.0,0.0,0.0,0.0,0.0,0.0,0.0,0.0,0.0,0.0,0.0,0.0,1.0,0.0,0.0,0.0,0.0,0.0,0.0,0.0,0.0,0.0,0.0,0.0,0.0,0.0,0.0,0.0,0.0,0.0,0.0,0.0,0.0,0.0,1,11,0
0.14285714285714285,0.45454545454545453,0.3333333333333333,0.625,0.42857142857142855,0.33333333333333337,0.0,0.16666666666666666,0.0,0.0,0.0,0.0,0.8214285714285595,0.6956521739130435,0.7391304347826088,0.0,0.0,0.0,1.0,0.0,0.0,0.0,0.0,0.0,0.0,0.0,0.0,0.0,0.0,0.0,0.0,0.0,0.0,0.0,0.0,1.0,0.0,0.0,0.0,0.0,0.0,0.0,0.0,0.0,0.0,0.0,0.0,0.0,0.0,0.0,0.0,0.0,1,16,0
0.14285714285714285,0.45454545454545453,0.3333333333333333,0.625,0.2857142857142857,0.16666666666666666,0.0,0.16666666666666666,0.0,0.0,0.0,1.0,0.8660714285714161,0.7608695652173914,0.782608695652174,0.0,0.0,0.0,1.0,0.0,0.0,0.0,0.0,0.0,0.0,0.0,0.0,0.0,0.0,0.0,0.0,0.0,0.0,0.0,0.0,0.0,0.0,0.0,0.0,0.0,0.0,0.0,0.0,0.0,0.0,0.0,0.0,0.0,0.0,1.0,0.0,0.0,1,30,0
0.14285714285714285,0.45454545454545453,0.3333333333333333,0.625,0.42857142857142855,0.33333333333333337,0.0,0.18333333333333332,0.0,0.0,0.0,1.0,0.8809523809523686,0.782608695652174,0.8260869565217391,0.0,0.0,0.0,1.0,0.0,0.0,0.0,0.0,0.0,0.0,0.0,0.0,0.0,0.0,0.0,0.0,0.0,0.0,0.0,0.0,0.0,0.0,0.0,0.0,0.0,0.0,0.0,0.0,0.0,0.0,0.0,0.0,0.0,0.0,1.0,0.0,0.0,1,30,0
0.14285714285714285,0.45454545454545453,0.3333333333333333,0.625,0.42857142857142855,0.33333333333333337,0.0,0.18333333333333332,0.0,0.0,0.0,0.0,0.8214285714285595,0.782608695652174,0.8260869565217391,0.0,0.0,0.0,1.0,0.0,0.0,0.0,0.0,0.0,0.0,0.0,0.0,0.0,0.0,0.0,0.0,0.0,0.0,0.0,0.0,1.0,0.0,0.0,0.0,0.0,0.0,0.0,0.0,0.0,0.0,0.0,0.0,0.0,0.0,0.0,0.0,0.0,1,16,0
0.14285714285714285,0.45454545454545453,0.3333333333333333,0.625,0.42857142857142855,0.33333333333333337,0.0,0.18333333333333332,0.0,0.0,0.0,0.0,0.8214285714285595,0.782608695652174,0.8260869565217391,0.0,0.0,0.0,1.0,0.0,0.0,0.0,0.0,0.0,0.0,0.0,0.0,0.0,0.0,0.0,1.0,0.0,0.0,0.0,0.0,0.0,0.0,0.0,0.0,0.0,0.0,0.0,0.0,0.0,0.0,0.0,0.0,0.0,0.0,0.0,0.0,0.0,1,11,0
0.14285714285714285,0.45454545454545453,0.3333333333333333,0.625,0.42857142857142855,0.33333333333333337,0.0,0.18333333333333332,0.0,0.0,0.0,1.0,0.8809523809523674,0.8260869565217391,0.8695652173913043,0.0,0.0,0.0,1.0,0.0,0.0,0.0,0.0,0.0,0.0,0.0,0.0,0.0,0.0,0.0,0.0,0.0,0.0,0.0,0.0,0.0,0.0,0.0,0.0,0.0,0.0,0.0,0.0,0.0,0.0,0.0,0.0,0.0,0.0,0.0,0.0,0.0,1,33,0
0.14285714285714285,0.45454545454545453,0.3333333333333333,0.625,0.42857142857142855,0.33333333333333337,0.0,0.18333333333333332,0.0,0.0,0.0,0.0,0.8214285714285595,0.8260869565217391,0.8695652173913043,0.0,0.0,0.0,1.0,0.0,0.0,0.0,0.0,0.0,0.0,0.0,0.0,0.0,0.0,0.0,0.0,0.0,0.0,0.0,0.0,1.0,0.0,0.0,0.0,0.0,0.0,0.0,0.0,0.0,0.0,0.0,0.0,0.0,0.0,0.0,0.0,0.0,1,16,0
0.14285714285714285,0.45454545454545453,0.3333333333333333,0.625,0.42857142857142855,0.33333333333333337,0.0,0.18333333333333332,0.0,0.0,0.0,0.0,0.8214285714285595,0.8260869565217391,0.8695652173913043,0.0,0.0,0.0,1.0,0.0,0.0,0.0,0.0,0.0,0.0,0.0,0.0,0.0,0.0,0.0,1.0,0.0,0.0,0.0,0.0,0.0,0.0,0.0,0.0,0.0,0.0,0.0,0.0,0.0,0.0,0.0,0.0,0.0,0.0,0.0,0.0,0.0,1,11,0
0.14285714285714285,0.45454545454545453,0.3333333333333333,0.625,0.42857142857142855,0.33333333333333337,0.0,0.18333333333333332,0.0,0.0,0.0,1.0,0.8809523809523686,0.8695652173913043,0.9130434782608696,0.0,0.0,0.0,1.0,0.0,0.0,0.0,0.0,0.0,0.0,0.0,0.0,0.0,0.0,0.0,0.0,0.0,0.0,0.0,0.0,0.0,0.0,0.0,0.0,0.0,0.0,0.0,0.0,0.0,0.0,0.0,0.0,0.0,0.0,0.0,0.0,0.0,1,33,0
0.14285714285714285,0.45454545454545453,0.3333333333333333,0.625,0.42857142857142855,0.33333333333333337,0.0,0.18333333333333332,0.0,0.0,0.0,0.0,0.8214285714285595,0.8695652173913043,0.9130434782608696,0.0,0.0,0.0,1.0,0.0,0.0,0.0,0.0,0.0,0.0,0.0,0.0,0.0,0.0,0.0,0.0,0.0,0.0,0.0,0.0,1.0,0.0,0.0,0.0,0.0,0.0,0.0,0.0,0.0,0.0,0.0,0.0,0.0,0.0,0.0,0.0,0.0,1,16,0
0.14285714285714285,0.45454545454545453,0.3333333333333333,0.625,0.42857142857142855,0.33333333333333337,0.0,0.18333333333333332,0.0,0.0,0.0,0.0,0.8214285714285595,0.8695652173913043,0.9130434782608696,0.0,0.0,0.0,1.0,0.0,0.0,0.0,0.0,0.0,0.0,0.0,0.0,0.0,0.0,0.0,1.0,0.0,0.0,0.0,0.0,0.0,0.0,0.0,0.0,0.0,0.0,0.0,0.0,0.0,0.0,0.0,0.0,0.0,0.0,0.0,0.0,0.0,1,11,0
0.14285714285714285,0.3636363636363636,0.3333333333333333,0.625,0.2857142857142857,0.16666666666666666,0.0,0.0,0.0,0.25,0.0,1.0,0.9107142857142725,0.9130434782608696,0.9565217391304348,0.0,0.0,1.0,0.0,0.0,0.0,0.0,0.0,0.0,0.0,0.0,0.0,0.0,0.0,0.0,0.0,0.0,0.0,0.0,0.0,0.0,0.0,0.0,0.0,0.0,0.0,0.0,0.0,0.0,0.0,0.0,0.0,0.0,0.0,0.0,0.0,0.0,0,33,0
0.14285714285714285,0.3636363636363636,0.3333333333333333,0.625,0.2857142857142857,0.16666666666666666,0.0,0.16666666666666666,0.0,0.0,0.0,0.0,0.8214285714285595,0.9130434782608696,0.9565217391304348,0.0,0.0,1.0,0.0,0.0,0.0,0.0,0.0,0.0,0.0,0.0,0.0,0.0,0.0,0.0,0.0,0.0,0.0,0.0,0.0,0.0,0.0,0.0,0.0,0.0,0.0,0.0,0.0,0.0,0.0,0.0,0.0,1.0,0.0,0.0,0.0,0.0,1,28,0
0.14285714285714285,0.3636363636363636,0.3333333333333333,0.625,0.2857142857142857,0.16666666666666666,0.0,0.25,0.0,0.0,0.0,1.0,0.9107142857142727,0.9565217391304348,1.0,0.0,0.0,1.0,0.0,0.0,0.0,0.0,0.0,0.0,0.0,0.0,0.0,0.0,0.0,0.0,0.0,0.0,0.0,0.0,0.0,0.0,0.0,0.0,0.0,0.0,0.0,0.0,0.0,0.0,0.0,0.0,0.0,0.0,0.0,1.0,0.0,0.0,1,30,0
0.14285714285714285,0.3636363636363636,0.3333333333333333,0.625,0.2857142857142857,0.16666666666666666,0.0,0.2,0.0,0.0,0.0,0.0,0.8214285714285595,0.9565217391304348,1.0,0.0,0.0,1.0,0.0,0.0,0.0,0.0,0.0,0.0,0.0,0.0,0.0,0.0,0.0,0.0,0.0,0.0,0.0,0.0,0.0,0.0,0.0,0.0,0.0,0.0,0.0,0.0,0.0,0.0,0.0,0.0,0.0,1.0,0.0,0.0,0.0,0.0,1,28,0
0.14285714285714285,0.3636363636363636,0.3333333333333333,0.625,0.42857142857142855,0.33333333333333337,0.0,0.16666666666666666,0.0,0.0,0.0,1.0,0.8809523809523682,1.0,0.0,0.0,0.0,1.0,0.0,0.0,0.0,0.0,0.0,0.0,0.0,0.0,0.0,0.0,0.0,0.0,0.0,0.0,0.0,0.0,0.0,0.0,0.0,0.0,0.0,0.0,0.0,0.0,0.0,0.0,0.0,0.0,0.0,0.0,0.0,1.0,0.0,0.0,1,30,0
0.14285714285714285,0.3636363636363636,0.3333333333333333,0.625,0.42857142857142855,0.33333333333333337,0.0,0.3333333333333333,0.0,0.0,0.0,0.0,0.8214285714285595,1.0,0.0,0.0,0.0,1.0,0.0,0.0,0.0,0.0,0.0,0.0,0.0,0.0,0.0,0.0,0.0,0.0,0.0,0.0,0.0,0.0,0.0,0.0,0.0,0.0,0.0,0.0,0.0,0.0,0.0,0.0,0.0,0.0,0.0,0.0,0.0,1.0,0.0,0.0,1,30,0
0.2857142857142857,0.3636363636363636,0.3333333333333333,0.625,0.7142857142857142,0.6666666666666666,0.0,0.21666666666666667,0.0,0.0,0.0,0.0,0.8214285714285595,0.0,0.043478260869565216,0.0,0.0,1.0,0.0,0.0,0.0,0.0,0.0,0.0,0.0,0.0,0.0,0.0,0.0,0.0,0.0,0.0,0.0,0.0,0.0,0.0,0.0,0.0,0.0,0.0,0.0,0.0,0.0,0.0,0.0,0.0,0.0,1.0,0.0,0.0,0.0,0.0,1,28,0
0.2857142857142857,0.3636363636363636,0.3333333333333333,0.625,0.14285714285714285,0.0,0.0,0.21666666666666667,0.0,0.0,0.0,0.0,0.8214285714285595,0.06521739130434782,0.08695652173913043,0.0,0.0,1.0,0.0,0.0,0.0,0.0,0.0,0.0,0.0,0.0,0.0,0.0,0.0,0.0,0.0,0.0,0.0,0.0,0.0,0.0,0.0,0.0,0.0,0.0,0.0,0.0,0.0,0.0,0.0,0.0,0.0,0.0,0.0,1.0,0.0,0.0,1,30,0
0.2857142857142857,0.3636363636363636,0.3333333333333333,0.625,0.14285714285714285,0.0,0.0,0.13333333333333333,0.0,0.0,0.0,0.0,0.8214285714285595,0.06521739130434782,0.08695652173913043,0.0,0.0,1.0,0.0,0.0,0.0,0.0,0.0,0.0,0.0,0.0,0.0,0.0,0.0,0.0,0.0,0.0,0.0,0.0,0.0,0.0,0.0,0.0,0.0,0.0,0.0,0.0,0.0,0.0,0.0,0.0,0.0,1.0,0.0,0.0,0.0,0.0,1,28,0
0.2857142857142857,0.3636363636363636,0.3333333333333333,0.625,0.7142857142857142,0.6666666666666666,0.0,0.13333333333333333,0.0,0.0,0.0,1.0,0.8571428571428448,0.08695652173913043,0.13043478260869565,0.0,0.0,1.0,0.0,0.0,0.0,0.0,0.0,0.0,0.0,0.0,0.0,0.0,0.0,0.0,0.0,0.0,0.0,0.0,0.0,0.0,0.0,0.0,0.0,0.0,0.0,0.0,0.0,0.0,0.0,0.0,0.0,0.0,0.0,1.0,0.0,0.0,1,30,0
0.2857142857142857,0.3636363636363636,0.3333333333333333,0.625,0.7142857142857142,0.6666666666666666,0.0,0.08333333333333333,0.0,0.0,0.0,0.0,0.8214285714285595,0.08695652173913043,0.13043478260869565,0.0,0.0,1.0,0.0,0.0,0.0,0.0,0.0,0.0,0.0,0.0,0.0,0.0,0.0,0.0,0.0,0.0,0.0,0.0,0.0,0.0,0.0,0.0,0.0,0.0,0.0,0.0,0.0,0.0,0.0,0.0,0.0,0.0,0.0,1.0,0.0,0.0,1,30,0
0.2857142857142857,0.3636363636363636,0.3333333333333333,0.625,0.5714285714285714,0.5,0.0,0.15,0.0,0.0,0.0,1.0,0.8660714285714161,0.13043478260869565,0.17391304347826086,0.0,0.0,1.0,0.0,0.0,0.0,0.0,0.0,0.0,0.0,0.0,0.0,0.0,0.0,0.0,0.0,0.0,0.0,0.0,0.0,0.0,0.0,0.0,0.0,0.0,0.0,0.0,0.0,0.0,0.0,0.0,0.0,0.0,0.0,1.0,0.0,0.0,1,30,0
0.2857142857142857,0.3636363636363636,0.3333333333333333,0.625,0.5714285714285714,0.5,0.0,0.1,0.0,0.0,0.0,0.0,0.8214285714285595,0.13043478260869565,0.17391304347826086,0.0,0.0,1.0,0.0,0.0,0.0,0.0,0.0,0.0,0.0,0.0,0.0,0.0,0.0,0.0,0.0,0.0,0.0,0.0,0.0,0.0,0.0,0.0,0.0,0.0,0.0,0.0,0.0,0.0,0.0,0.0,0.0,1.0,0.0,0.0,0.0,0.0,1,28,0
0.2857142857142857,0.3636363636363636,0.3333333333333333,0.625,0.5714285714285714,0.5,0.0,0.13333333333333333,0.0,0.0,0.0,0.0,0.8214285714285595,0.13043478260869565,0.17391304347826086,0.0,0.0,1.0,0.0,0.0,0.0,0.0,0.0,0.0,0.0,0.0,0.0,0.0,0.0,0.0,0.0,0.0,0.0,0.0,0.0,0.0,0.0,0.0,0.0,0.0,0.0,0.0,0.0,0.0,0.0,0.0,0.0,0.0,0.0,1.0,0.0,0.0,1,30,0
0.2857142857142857,0.3636363636363636,0.3333333333333333,0.5,0.5714285714285714,0.5,0.0,0.15,0.0,0.0,0.0,1.0,0.8660714285714161,0.17391304347826086,0.21739130434782608,0.0,0.0,1.0,0.0,0.0,0.0,0.0,0.0,0.0,0.0,0.0,0.0,0.0,0.0,0.0,0.0,0.0,0.0,0.0,0.0,0.0,0.0,0.0,0.0,0.0,0.0,0.0,0.0,0.0,0.0,0.0,0.0,0.0,0.0,1.0,0.0,0.0,1,30,0
0.2857142857142857,0.3636363636363636,0.3333333333333333,0.5,0.5714285714285714,0.5,0.0,0.13333333333333333,0.0,0.0,0.0,0.0,0.8214285714285595,0.17391304347826086,0.21739130434782608,0.0,0.0,1.0,0.0,0.0,0.0,0.0,0.0,0.0,0.0,0.0,0.0,0.0,0.0,0.0,0.0,0.0,0.0,0.0,0.0,0.0,0.0,0.0,0.0,0.0,0.0,0.0,0.0,0.0,0.0,0.0,0.0,1.0,0.0,0.0,0.0,0.0,1,28,0
0.2857142857142857,0.3636363636363636,0.3333333333333333,0.375,0.2857142857142857,0.6666666666666666,0.0,0.0,0.0,0.16666666666666666,0.0,1.0,0.8571428571428448,0.21739130434782608,0.2608695652173913,0.0,1.0,0.0,0.0,0.0,0.0,0.0,0.0,0.0,0.0,0.0,0.0,0.0,0.0,0.0,0.0,0.0,0.0,0.0,0.0,0.0,0.0,0.0,0.0,0.0,0.0,0.0,0.0,0.0,0.0,0.0,0.0,0.0,0.0,0.0,0.0,0.0,0,33,0
0.2857142857142857,0.3636363636363636,0.3333333333333333,0.375,0.2857142857142857,0.6666666666666666,0.0,0.06666666666666667,0.0,0.0,0.0,0.0,0.8214285714285595,0.21739130434782608,0.2608695652173913,0.0,1.0,0.0,0.0,0.0,0.0,0.0,0.0,0.0,0.0,0.0,0.0,0.0,0.0,0.0,0.0,0.0,0.0,0.0,0.0,0.0,0.0,0.0,0.0,0.0,0.0,0.0,0.0,0.0,0.0,0.0,0.0,0.0,0.0,1.0,0.0,0.0,1,30,0
0.2857142857142857,0.45454545454545453,0.3333333333333333,0.375,0.7142857142857142,0.6666666666666666,0.0,0.16666666666666666,0.0,0.0,0.0,0.0,0.8214285714285595,0.2608695652173913,0.30434782608695654,0.0,1.0,0.0,0.0,0.0,0.0,0.0,0.0,0.0,0.0,0.0,0.0,0.0,0.0,0.0,0.0,0.0,0.0,0.0,0.0,0.0,0.0,0.0,0.0,0.0,1.0,0.0,0.0,0.0,0.0,0.0,0.0,0.0,0.0,0.0,0.0,0.0,1,21,0
0.2857142857142857,0.45454545454545453,0.3333333333333333,0.375,0.7142857142857142,0.6666666666666666,0.0,0.08333333333333333,0.0,0.0,0.0,1.0,0.8571428571428447,0.30434782608695654,0.34782608695652173,0.0,1.0,0.0,0.0,0.0,0.0,0.0,0.0,0.0,0.0,0.0,0.0,0.0,0.0,0.0,0.0,0.0,0.0,0.0,0.0,0.0,0.0,0.0,0.0,0.0,0.0,0.0,0.0,0.0,0.0,0.0,0.0,0.0,1.0,0.0,0.0,0.0,1,29,0
0.2857142857142857,0.45454545454545453,0.3333333333333333,0.375,0.7142857142857142,0.6666666666666666,0.0,0.0,0.0,0.05,0.0,0.0,0.8214285714285595,0.30434782608695654,0.34782608695652173,0.0,1.0,0.0,0.0,0.0,0.0,0.0,1.0,0.0,0.0,0.0,0.0,0.0,0.0,0.0,0.0,0.0,0.0,0.0,0.0,0.0,0.0,0.0,0.0,0.0,0.0,0.0,0.0,0.0,0.0,0.0,0.0,0.0,0.0,0.0,0.0,0.0,0,3,0
0.2857142857142857,0.45454545454545453,0.3333333333333333,0.375,0.8571428571428571,0.8333333333333334,0.0,0.0,0.0,0.0,0.03333333333333333,1.0,0.8511904761904638,0.34782608695652173,0.391304347826087,0.0,1.0,0.0,0.0,0.0,0.0,0.0,1.0,0.0,0.0,0.0,0.0,0.0,0.0,0.0,0.0,0.0,0.0,0.0,0.0,0.0,0.0,0.0,0.0,0.0,0.0,0.0,0.0,0.0,0.0,0.0,0.0,0.0,0.0,0.0,0.0,0.0,0,3,0
0.2857142857142857,0.45454545454545453,0.3333333333333333,0.375,0.8571428571428571,0.8333333333333334,0.0,0.1,0.0,0.0,0.0,0.0,0.8214285714285595,0.34782608695652173,0.391304347826087,0.0,1.0,0.0,0.0,0.0,0.0,0.0,0.0,0.0,0.0,0.0,0.0,0.0,0.0,0.0,0.0,0.0,0.0,0.0,0.0,0.0,0.0,0.0,0.0,0.0,0.0,0.0,0.0,0.0,0.0,0.0,0.0,1.0,0.0,0.0,0.0,0.0,1,28,0
0.2857142857142857,0.45454545454545453,0.3333333333333333,0.375,0.5714285714285714,0.5,0.0,0.0,0.0,0.16666666666666666,0.0,1.0,0.866071428571416,0.43478260869565216,0.4782608695652174,0.0,1.0,0.0,0.0,0.0,0.0,0.0,0.0,0.0,0.0,0.0,0.0,0.0,0.0,0.0,0.0,0.0,0.0,0.0,0.0,0.0,0.0,0.0,0.0,0.0,0.0,0.0,0.0,0.0,0.0,0.0,0.0,0.0,0.0,1.0,0.0,0.0,0,30,0
0.2857142857142857,0.45454545454545453,0.3333333333333333,0.375,0.5714285714285714,0.5,0.0,0.0,0.0,0.16666666666666666,0.0,0.0,0.8214285714285595,0.43478260869565216,0.4782608695652174,0.0,1.0,0.0,0.0,0.0,0.0,0.0,0.0,0.0,0.0,0.0,0.0,0.0,0.0,0.0,0.0,0.0,0.0,0.0,0.0,0.0,0.0,0.0,0.0,0.0,0.0,0.0,0.0,0.0,0.0,0.0,0.0,0.0,1.0,0.0,0.0,0.0,0,29,0
0.2857142857142857,0.45454545454545453,0.3333333333333333,0.375,0.42857142857142855,0.33333333333333337,0.16666666666666666,0.0,0.0,0.0,0.0,1.0,0.8809523809523683,0.5652173913043478,0.6086956521739131,0.0,0.0,0.0,1.0,0.0,1.0,0.0,0.0,0.0,0.0,0.0,0.0,0.0,0.0,0.0,0.0,0.0,0.0,0.0,0.0,0.0,0.0,0.0,0.0,0.0,0.0,0.0,0.0,0.0,0.0,0.0,0.0,0.0,0.0,0.0,0.0,0.0,0,1,0
0.2857142857142857,0.45454545454545453,0.3333333333333333,0.375,0.0,0.33333333333333337,0.0,0.0,0.0,0.5,0.0,1.0,0.8214285714285595,0.6086956521739131,0.6521739130434783,0.0,0.0,0.0,1.0,0.0,0.0,0.0,0.0,0.0,0.0,0.0,0.0,0.0,0.0,0.0,0.0,0.0,0.0,0.0,0.0,0.0,0.0,0.0,0.0,0.0,0.0,0.0,0.0,0.0,0.0,0.0,0.0,0.0,0.0,1.0,0.0,0.0,0,30,0
0.2857142857142857,0.45454545454545453,0.3333333333333333,0.375,0.0,0.33333333333333337,0.0,0.0,0.0,0.5,0.0,0.0,0.8214285714285595,0.6086956521739131,0.6521739130434783,0.0,0.0,0.0,1.0,0.0,0.0,0.0,0.0,0.0,0.0,0.0,0.0,0.0,0.0,0.0,0.0,0.0,0.0,0.0,0.0,0.0,0.0,0.0,0.0,0.0,0.0,0.0,0.0,0.0,0.0,0.0,0.0,0.0,1.0,0.0,0.0,0.0,0,29,0
0.2857142857142857,0.45454545454545453,0.3333333333333333,0.375,0.14285714285714285,0.0,0.0,0.3333333333333333,0.0,0.0,0.0,1.0,0.9999999999999868,0.6521739130434783,0.6956521739130435,0.0,0.0,0.0,1.0,0.0,0.0,0.0,0.0,0.0,0.0,0.0,0.0,0.0,0.0,0.0,0.0,0.0,0.0,0.0,0.0,0.0,0.0,0.0,0.0,0.0,1.0,0.0,0.0,0.0,0.0,0.0,0.0,0.0,0.0,0.0,0.0,0.0,1,21,0
0.2857142857142857,0.45454545454545453,0.3333333333333333,0.375,0.14285714285714285,0.0,0.0,0.16666666666666666,0.0,0.0,0.0,0.0,0.8214285714285595,0.6521739130434783,0.6956521739130435,0.0,0.0,0.0,1.0,0.0,0.0,0.0,0.0,0.0,0.0,0.0,0.0,0.0,0.0,0.0,0.0,0.0,0.0,0.0,0.0,0.0,0.0,0.0,0.0,0.0,0.0,0.0,0.0,0.0,0.0,0.0,0.0,0.0,1.0,0.0,0.0,0.0,1,29,0
0.2857142857142857,0.6363636363636365,0.3333333333333333,0.375,0.2857142857142857,0.16666666666666666,0.0,0.5,0.0,0.0,0.0,1.0,0.9107142857142713,0.6956521739130435,0.7391304347826088,0.0,0.0,0.0,1.0,0.0,0.0,0.0,0.0,0.0,0.0,0.0,0.0,0.0,0.0,0.0,0.0,0.0,0.0,0.0,0.0,0.0,0.0,0.0,0.0,0.0,1.0,0.0,0.0,0.0,0.0,0.0,0.0,0.0,0.0,0.0,0.0,0.0,1,21,0
0.2857142857142857,0.6363636363636365,0.3333333333333333,0.375,0.42857142857142855,0.33333333333333337,0.0,0.5,0.0,0.0,0.0,1.0,0.8809523809523686,0.782608695652174,0.8260869565217391,0.0,0.0,0.0,1.0,0.0,0.0,0.0,0.0,0.0,0.0,0.0,0.0,0.0,0.0,0.0,0.0,0.0,0.0,0.0,0.0,0.0,0.0,0.0,0.0,0.0,0.0,0.0,0.0,0.0,0.0,1.0,0.0,0.0,0.0,0.0,0.0,0.0,1,26,0
0.2857142857142857,0.6363636363636365,0.3333333333333333,0.375,0.42857142857142855,0.33333333333333337,0.0,0.08333333333333333,0.0,0.0,0.0,0.0,0.8214285714285595,0.782608695652174,0.8260869565217391,0.0,0.0,0.0,1.0,0.0,0.0,0.0,0.0,0.0,0.0,0.0,0.0,0.0,0.0,0.0,0.0,0.0,0.0,0.0,0.0,0.0,0.0,0.0,0.0,0.0,0.0,0.0,0.0,0.0,0.0,0.0,0.0,0.0,1.0,0.0,0.0,0.0,1,29,0
0.2857142857142857,0.6363636363636365,0.3333333333333333,0.375,0.7142857142857142,0.8333333333333334,0.0,0.08333333333333333,0.0,0.0,0.08333333333333333,1.0,0.8511904761904641,0.8695652173913043,0.9130434782608696,0.0,0.0,0.0,1.0,0.0,0.0,0.0,0.0,0.0,0.0,0.0,0.0,0.0,0.0,0.0,0.0,0.0,0.0,0.0,0.0,0.0,0.0,0.0,0.0,0.0,0.0,0.0,0.0,0.0,0.0,0.0,0.0,0.0,0.0,0.0,0.0,0.0,1,33,0
0.2857142857142857,0.45454545454545453,0.3333333333333333,0.875,0.7142857142857142,0.9999999999999999,0.0,0.13333333333333333,0.0,0.0,0.0,1.0,0.8214285714285595,0.9565217391304348,1.0,0.0,0.0,1.0,0.0,0.0,0.0,0.0,0.0,0.0,0.0,0.0,0.0,0.0,0.0,0.0,0.0,0.0,0.0,0.0,0.0,0.0,0.0,0.0,0.0,0.0,0.0,0.0,0.0,0.0,0.0,0.0,0.0,0.0,0.0,1.0,0.0,0.0,1,30,0
0.2857142857142857,0.45454545454545453,0.3333333333333333,0.875,0.7142857142857142,0.9999999999999999,0.0,0.75,0.0,0.0,0.0,0.0,0.8214285714285595,0.9565217391304348,1.0,0.0,0.0,1.0,0.0,0.0,0.0,0.0,0.0,0.0,0.0,0.0,0.0,0.0,0.0,0.0,0.0,0.0,0.0,0.0,0.0,0.0,0.0,0.0,0.0,0.0,0.0,0.0,0.0,0.0,0.0,0.0,0.0,0.0,0.0,1.0,0.0,0.0,1,30,0
0.2857142857142857,0.45454545454545453,0.3333333333333333,0.125,0.7142857142857142,0.0,0.0,0.13333333333333333,0.0,0.0,0.0,1.0,0.9999999999999853,1.0,0.0,0.0,0.0,1.0,0.0,0.0,0.0,0.0,0.0,0.0,0.0,0.0,0.0,0.0,0.0,0.0,0.0,0.0,0.0,0.0,0.0,0.0,0.0,0.0,0.0,0.0,0.0,0.0,0.0,0.0,0.0,0.0,0.0,0.0,0.0,1.0,0.0,0.0,1,30,0
0.2857142857142857,0.45454545454545453,0.3333333333333333,0.125,0.7142857142857142,0.0,0.0,0.5,0.0,0.0,0.0,0.0,0.8214285714285595,1.0,0.0,0.0,0.0,1.0,0.0,0.0,0.0,0.0,0.0,0.0,0.0,0.0,0.0,0.0,0.0,0.0,0.0,0.0,0.0,0.0,0.0,0.0,0.0,0.0,0.0,0.0,0.0,0.0,0.0,0.0,0.0,0.0,0.0,0.0,0.0,1.0,0.0,0.0,1,30,0
0.42857142857142855,0.45454545454545453,0.3333333333333333,0.5,0.7142857142857142,0.5,0.0,0.16666666666666666,0.0,0.0,0.0,1.0,0.8660714285714161,0.0,0.043478260869565216,0.0,0.0,1.0,0.0,0.0,0.0,0.0,0.0,0.0,0.0,0.0,0.0,0.0,0.0,0.0,0.0,0.0,0.0,0.0,0.0,0.0,0.0,0.0,0.0,0.0,0.0,0.0,0.0,0.0,0.0,0.0,0.0,0.0,0.0,1.0,0.0,0.0,1,30,0
0.42857142857142855,0.45454545454545453,0.3333333333333333,0.5,0.7142857142857142,0.5,0.0,0.25,0.0,0.0,0.0,0.0,0.8214285714285595,0.0,0.043478260869565216,0.0,0.0,1.0,0.0,0.0,0.0,0.0,0.0,0.0,0.0,0.0,0.0,0.0,0.0,0.0,0.0,0.0,0.0,0.0,0.0,0.0,0.0,0.0,0.0,0.0,0.0,0.0,0.0,0.0,0.0,0.0,0.0,0.0,0.0,1.0,0.0,0.0,1,30,0
0.42857142857142855,0.45454545454545453,0.3333333333333333,0.25,0.7142857142857142,0.16666666666666666,0.0,0.2,0.0,0.0,0.0,1.0,0.8660714285714161,0.06521739130434782,0.08695652173913043,0.0,0.0,1.0,0.0,0.0,0.0,0.0,0.0,0.0,0.0,0.0,0.0,0.0,0.0,0.0,0.0,0.0,0.0,0.0,0.0,0.0,0.0,0.0,0.0,0.0,0.0,0.0,0.0,0.0,0.0,0.0,0.0,0.0,0.0,1.0,0.0,0.0,1,30,0
0.42857142857142855,0.45454545454545453,0.3333333333333333,0.5,0.7142857142857142,0.6666666666666666,0.0,0.2833333333333333,0.0,0.0,0.0,0.0,0.8214285714285595,0.08695652173913043,0.13043478260869565,0.0,0.0,1.0,0.0,0.0,0.0,0.0,0.0,0.0,0.0,0.0,0.0,0.0,0.0,0.0,0.0,0.0,0.0,0.0,0.0,0.0,0.0,0.0,0.0,0.0,0.0,0.0,0.0,0.0,0.0,0.0,0.0,0.0,0.0,1.0,0.0,0.0,1,30,0
0.42857142857142855,0.45454545454545453,0.3333333333333333,0.5,0.2857142857142857,0.16666666666666666,0.0,0.2,0.0,0.0,0.0,1.0,0.9107142857142725,0.13043478260869565,0.17391304347826086,0.0,0.0,1.0,0.0,0.0,0.0,0.0,0.0,0.0,0.0,0.0,0.0,0.0,0.0,0.0,0.0,0.0,0.0,0.0,0.0,0.0,0.0,0.0,0.0,0.0,0.0,0.0,0.0,0.0,0.0,0.0,0.0,0.0,1.0,0.0,0.0,0.0,1,29,0
0.42857142857142855,0.45454545454545453,0.3333333333333333,0.5,0.2857142857142857,0.16666666666666666,0.0,0.4166666666666667,0.0,0.0,0.0,0.0,0.8214285714285595,0.13043478260869565,0.17391304347826086,0.0,0.0,1.0,0.0,0.0,0.0,0.0,0.0,0.0,0.0,0.0,0.0,0.0,0.0,0.0,0.0,0.0,0.0,0.0,0.0,0.0,0.0,0.0,0.0,0.0,0.0,0.0,0.0,0.0,0.0,0.0,0.0,0.0,1.0,0.0,0.0,0.0,1,29,0
0.42857142857142855,0.45454545454545453,0.3333333333333333,0.5,0.7142857142857142,0.6666666666666666,0.0,0.25,0.0,0.0,0.0,0.0,0.8214285714285595,0.17391304347826086,0.21739130434782608,0.0,0.0,1.0,0.0,0.0,0.0,0.0,0.0,0.0,0.0,0.0,0.0,0.0,0.0,0.0,0.0,0.0,0.0,0.0,0.0,0.0,0.0,0.0,0.0,0.0,0.0,0.0,0.0,0.0,0.0,0.0,0.0,0.0,0.0,0.0,0.0,0.0,1,33,0
0.42857142857142855,0.6363636363636365,0.3333333333333333,0.5,0.8571428571428571,0.8333333333333334,0.0,0.0,0.0,0.16666666666666666,0.0,1.0,0.8511904761904638,0.21739130434782608,0.2608695652173913,0.0,1.0,0.0,0.0,0.0,0.0,0.0,0.0,0.0,0.0,0.0,0.0,0.0,0.0,0.0,0.0,0.0,0.0,0.0,0.0,0.0,0.0,0.0,0.0,0.0,0.0,0.0,0.0,0.0,0.0,0.0,0.0,0.0,0.0,0.0,0.0,0.0,0,33,0
0.42857142857142855,0.6363636363636365,0.3333333333333333,0.5,0.8571428571428571,0.8333333333333334,0.0,0.0,0.0,0.0,0.08333333333333333,1.0,0.8511904761904638,0.30434782608695654,0.34782608695652173,0.0,1.0,0.0,0.0,0.0,0.0,0.0,0.0,0.0,0.0,0.0,0.0,0.0,0.0,0.0,0.0,0.0,0.0,0.0,0.0,0.0,0.0,0.0,0.0,0.0,0.0,0.0,0.0,0.0,0.0,0.0,0.0,0.0,0.0,0.0,0.0,0.0,0,33,0
0.42857142857142855,0.6363636363636365,0.3333333333333333,0.5,0.8571428571428571,0.8333333333333334,0.0,0.08333333333333333,0.0,0.0,0.0,0.0,0.8214285714285595,0.30434782608695654,0.34782608695652173,0.0,1.0,0.0,0.0,0.0,0.0,0.0,0.0,0.0,0.0,0.0,0.0,0.0,0.0,0.0,0.0,0.0,0.0,0.0,0.0,0.0,0.0,0.0,0.0,0.0,0.0,0.0,0.0,0.0,0.0,0.0,0.0,0.0,0.0,1.0,0.0,0.0,1,30,0
0.42857142857142855,0.6363636363636365,0.3333333333333333,0.125,0.5714285714285714,0.8333333333333334,0.0,0.16666666666666666,0.0,0.0,0.0,1.0,0.8511904761904638,0.34782608695652173,0.391304347826087,0.0,1.0,0.0,0.0,0.0,0.0,0.0,0.0,0.0,0.0,0.0,0.0,0.0,0.0,0.0,0.0,0.0,0.0,0.0,0.0,0.0,0.0,0.0,0.0,0.0,0.0,0.0,0.0,0.0,0.0,0.0,0.0,0.0,0.0,1.0,0.0,0.0,1,30,0
0.42857142857142855,0.6363636363636365,0.3333333333333333,0.125,0.42857142857142855,0.33333333333333337,0.0,0.0,0.0,0.05,0.0,1.0,0.851190476190464,0.41304347826086957,0.43478260869565216,0.0,1.0,0.0,0.0,0.0,0.0,0.0,1.0,0.0,0.0,0.0,0.0,0.0,0.0,0.0,0.0,0.0,0.0,0.0,0.0,0.0,0.0,0.0,0.0,0.0,0.0,0.0,0.0,0.0,0.0,0.0,0.0,0.0,0.0,0.0,0.0,0.0,0,3,0
0.42857142857142855,0.45454545454545453,0.3333333333333333,0.125,0.8571428571428571,0.8333333333333334,0.25,0.0,0.0,0.0,0.0,1.0,0.8511904761904638,0.43478260869565216,0.4782608695652174,0.0,1.0,0.0,0.0,0.0,0.0,0.0,1.0,0.0,0.0,0.0,0.0,0.0,0.0,0.0,0.0,0.0,0.0,0.0,0.0,0.0,0.0,0.0,0.0,0.0,0.0,0.0,0.0,0.0,0.0,0.0,0.0,0.0,0.0,0.0,0.0,0.0,0,3,0
0.42857142857142855,0.5454545454545454,0.3333333333333333,0.125,0.8571428571428571,0.8333333333333334,0.0,0.16666666666666666,0.0,0.0,0.0,1.0,0.8511904761904641,0.6521739130434783,0.6956521739130435,0.0,0.0,0.0,1.0,0.0,0.0,0.0,0.0,0.0,0.0,0.0,0.0,0.0,0.0,0.0,0.0,0.0,0.0,0.0,0.0,0.0,0.0,0.0,0.0,0.0,0.0,0.0,0.0,0.0,0.0,0.0,0.0,1.0,0.0,0.0,0.0,0.0,1,28,0
0.42857142857142855,0.5454545454545454,0.3333333333333333,0.125,0.8571428571428571,0.8333333333333334,0.0,0.0,0.0,0.16666666666666666,0.0,0.0,0.8214285714285595,0.6521739130434783,0.6956521739130435,0.0,0.0,0.0,1.0,0.0,0.0,0.0,0.0,0.0,0.0,0.0,0.0,0.0,0.0,0.0,0.0,0.0,0.0,0.0,0.0,0.0,0.0,0.0,0.0,0.0,0.0,0.0,1.0,0.0,0.0,0.0,0.0,0.0,0.0,0.0,0.0,0.0,0,23,0
0.42857142857142855,0.5454545454545454,0.3333333333333333,0.5,0.8571428571428571,0.6666666666666666,0.0,0.25,0.0,0.0,0.0,1.0,0.857142857142845,0.782608695652174,0.8260869565217391,0.0,0.0,0.0,1.0,0.0,0.0,0.0,0.0,0.0,0.0,0.0,0.0,0.0,0.0,0.0,0.0,0.0,0.0,0.0,0.0,0.0,0.0,0.0,0.0,0.0,0.0,0.0,0.0,0.0,0.0,0.0,0.0,0.0,0.0,0.0,0.0,0.0,1,33,0
0.42857142857142855,0.5454545454545454,0.3333333333333333,0.625,0.8571428571428571,0.8333333333333334,0.0,0.16666666666666666,0.0,0.0,0.0,1.0,0.8511904761904641,0.8695652173913043,0.9130434782608696,0.0,0.0,0.0,1.0,0.0,0.0,0.0,0.0,0.0,0.0,0.0,0.0,0.0,0.0,0.0,0.0,0.0,0.0,0.0,0.0,0.0,0.0,0.0,0.0,0.0,0.0,0.0,0.0,0.0,0.0,0.0,0.0,0.0,0.0,0.0,0.0,0.0,1,33,0
0.42857142857142855,0.3636363636363636,0.3333333333333333,0.625,0.8571428571428571,0.8333333333333334,0.0,0.0,0.0,0.16666666666666666,0.0,1.0,0.8511904761904638,0.9130434782608696,0.9565217391304348,0.0,0.0,1.0,0.0,0.0,0.0,0.0,0.0,0.0,0.0,0.0,0.0,0.0,0.0,0.0,0.0,0.0,0.0,0.0,0.0,0.0,0.0,0.0,0.0,0.0,0.0,0.0,0.0,0.0,0.0,0.0,0.0,0.0,0.0,0.0,0.0,0.0,0,33,0
0.5714285714285714,0.3636363636363636,0.3333333333333333,0.625,0.7142857142857142,0.6666666666666666,0.0,0.13333333333333333,0.0,0.0,0.0,1.0,0.8571428571428448,0.0,0.043478260869565216,0.0,0.0,1.0,0.0,0.0,0.0,0.0,0.0,0.0,0.0,0.0,0.0,0.0,0.0,0.0,0.0,0.0,0.0,0.0,0.0,0.0,0.0,0.0,0.0,0.0,0.0,0.0,0.0,0.0,0.0,0.0,0.0,1.0,0.0,0.0,0.0,0.0,1,28,0
0.5714285714285714,0.3636363636363636,0.3333333333333333,0.625,0.7142857142857142,0.6666666666666666,0.0,0.1,0.0,0.0,0.0,0.0,0.8214285714285595,0.0,0.043478260869565216,0.0,0.0,1.0,0.0,0.0,0.0,0.0,0.0,0.0,1.0,0.0,0.0,0.0,0.0,0.0,0.0,0.0,0.0,0.0,0.0,0.0,0.0,0.0,0.0,0.0,0.0,0.0,0.0,0.0,0.0,0.0,0.0,0.0,0.0,0.0,0.0,0.0,1,5,0
0.5714285714285714,0.3636363636363636,0.3333333333333333,0.625,0.5714285714285714,0.5,0.0,0.15,0.0,0.0,0.0,1.0,0.8660714285714161,0.13043478260869565,0.17391304347826086,0.0,0.0,1.0,0.0,0.0,0.0,0.0,0.0,0.0,1.0,0.0,0.0,0.0,0.0,0.0,0.0,0.0,0.0,0.0,0.0,0.0,0.0,0.0,0.0,0.0,0.0,0.0,0.0,0.0,0.0,0.0,0.0,0.0,0.0,0.0,0.0,0.0,1,5,0
0.5714285714285714,0.3636363636363636,0.3333333333333333,0.625,0.5714285714285714,0.5,0.0,0.21666666666666667,0.0,0.0,0.0,0.0,0.8214285714285595,0.13043478260869565,0.17391304347826086,0.0,0.0,1.0,0.0,0.0,0.0,0.0,0.0,0.0,0.0,0.0,0.0,0.0,0.0,0.0,0.0,0.0,0.0,0.0,0.0,0.0,0.0,0.0,0.0,0.0,0.0,0.0,0.0,0.0,0.0,0.0,0.0,1.0,0.0,0.0,0.0,0.0,1,28,0
0.5714285714285714,0.3636363636363636,0.3333333333333333,0.625,0.5714285714285714,0.5,0.0,0.25,0.0,0.0,0.0,1.0,0.8660714285714161,0.17391304347826086,0.21739130434782608,0.0,0.0,1.0,0.0,0.0,0.0,0.0,0.0,0.0,0.0,0.0,0.0,0.0,0.0,0.0,0.0,0.0,0.0,0.0,0.0,0.0,0.0,0.0,0.0,0.0,0.0,0.0,0.0,0.0,0.0,0.0,0.0,1.0,0.0,0.0,0.0,0.0,1,28,0
0.5714285714285714,0.3636363636363636,0.3333333333333333,0.625,0.5714285714285714,0.5,0.0,0.15,0.0,0.0,0.0,0.0,0.8214285714285595,0.17391304347826086,0.21739130434782608,0.0,0.0,1.0,0.0,0.0,0.0,0.0,0.0,0.0,0.0,0.0,0.0,0.0,0.0,0.0,0.0,0.0,0.0,0.0,0.0,0.0,0.0,0.0,0.0,0.0,0.0,0.0,0.0,0.0,0.0,0.0,0.0,0.0,0.0,0.0,0.0,0.0,1,33,0
0.5714285714285714,0.3636363636363636,0.3333333333333333,0.625,0.8571428571428571,0.8333333333333334,0.0,0.0,0.0,0.16666666666666666,0.0,1.0,0.8511904761904638,0.21739130434782608,0.2608695652173913,0.0,1.0,0.0,0.0,0.0,0.0,0.0,0.0,0.0,0.0,0.0,0.0,0.0,0.0,0.0,0.0,0.0,0.0,0.0,0.0,0.0,0.0,0.0,0.0,0.0,0.0,0.0,0.0,0.0,0.0,0.0,0.0,0.0,0.0,0.0,0.0,0.0,0,33,0
0.5714285714285714,0.45454545454545453,0.3333333333333333,0.625,0.2857142857142857,0.9999999999999999,0.0,0.016666666666666666,0.0,0.0,0.0,1.0,0.8469387755101918,0.30434782608695654,0.34782608695652173,0.0,1.0,0.0,0.0,0.0,0.0,0.0,0.0,0.0,0.0,0.0,0.0,0.0,0.0,0.0,0.0,0.0,0.0,0.0,0.0,0.0,1.0,0.0,0.0,0.0,0.0,0.0,0.0,0.0,0.0,0.0,0.0,0.0,0.0,0.0,0.0,0.0,1,17,0
0.5714285714285714,0.45454545454545453,0.3333333333333333,0.625,0.14285714285714285,0.8333333333333334,0.0,0.0,0.0,0.0,0.08333333333333333,1.0,0.8511904761904638,0.34782608695652173,0.391304347826087,0.0,1.0,0.0,0.0,0.0,0.0,0.0,1.0,0.0,0.0,0.0,0.0,0.0,0.0,0.0,0.0,0.0,0.0,0.0,0.0,0.0,0.0,0.0,0.0,0.0,0.0,0.0,0.0,0.0,0.0,0.0,0.0,0.0,0.0,0.0,0.0,0.0,0,3,0
0.5714285714285714,0.45454545454545453,0.3333333333333333,0.625,0.14285714285714285,0.8333333333333334,0.0,0.0,0.0,0.06666666666666667,0.0,0.0,0.8214285714285595,0.34782608695652173,0.391304347826087,0.0,1.0,0.0,0.0,0.0,0.0,0.0,0.0,0.0,0.0,0.0,0.0,0.0,0.0,0.0,0.0,0.0,0.0,0.0,0.0,1.0,0.0,0.0,0.0,0.0,0.0,0.0,0.0,0.0,0.0,0.0,0.0,0.0,0.0,0.0,0.0,0.0,0,16,0
0.5714285714285714,0.45454545454545453,0.3333333333333333,0.875,0.14285714285714285,0.9999999999999999,0.06666666666666667,0.0,0.0,0.0,0.0,1.0,0.8469387755101918,0.43478260869565216,0.4782608695652174,0.0,1.0,0.0,0.0,0.0,0.0,0.0,1.0,0.0,0.0,0.0,0.0,0.0,0.0,0.0,0.0,0.0,0.0,0.0,0.0,0.0,0.0,0.0,0.0,0.0,0.0,0.0,0.0,0.0,0.0,0.0,0.0,0.0,0.0,0.0,0.0,0.0,0,3,0
0.5714285714285714,0.45454545454545453,0.3333333333333333,0.125,0.8571428571428571,0.8333333333333334,0.13333333333333333,0.0,0.0,0.0,0.0,1.0,0.8511904761904638,0.5217391304347826,0.5652173913043478,0.0,1.0,0.0,0.0,0.0,0.0,0.0,1.0,0.0,0.0,0.0,0.0,0.0,0.0,0.0,0.0,0.0,0.0,0.0,0.0,0.0,0.0,0.0,0.0,0.0,0.0,0.0,0.0,0.0,0.0,0.0,0.0,0.0,0.0,0.0,0.0,0.0,0,3,0
0.5714285714285714,0.45454545454545453,0.3333333333333333,0.125,0.7142857142857142,0.6666666666666666,0.16666666666666666,0.0,0.0,0.0,0.0,1.0,0.8571428571428448,0.5652173913043478,0.6086956521739131,0.0,0.0,0.0,1.0,0.0,1.0,0.0,0.0,0.0,0.0,0.0,0.0,0.0,0.0,0.0,0.0,0.0,0.0,0.0,0.0,0.0,0.0,0.0,0.0,0.0,0.0,0.0,0.0,0.0,0.0,0.0,0.0,0.0,0.0,0.0,0.0,0.0,0,1,0
0.5714285714285714,0.45454545454545453,0.3333333333333333,0.5,0.7142857142857142,0.5,0.0,0.25,0.0,0.0,0.0,1.0,0.8660714285714164,0.6086956521739131,0.6521739130434783,0.0,0.0,0.0,1.0,0.0,0.0,0.0,1.0,0.0,0.0,0.0,0.0,0.0,0.0,0.0,0.0,0.0,0.0,0.0,0.0,0.0,0.0,0.0,0.0,0.0,0.0,0.0,0.0,0.0,0.0,0.0,0.0,0.0,0.0,0.0,0.0,0.0,1,3,0
0.5714285714285714,0.45454545454545453,0.3333333333333333,0.5,0.7142857142857142,0.5,0.0,0.08333333333333333,0.0,0.0,0.0,0.0,0.8214285714285595,0.6086956521739131,0.6521739130434783,0.0,0.0,0.0,1.0,0.0,0.0,0.0,0.0,0.0,0.0,0.0,0.0,0.0,0.0,0.0,0.0,0.0,0.0,0.0,0.0,0.0,0.0,0.0,0.0,0.0,0.0,0.0,0.0,0.0,0.0,0.0,0.0,0.0,0.0,1.0,0.0,0.0,1,30,0
0.5714285714285714,0.45454545454545453,0.3333333333333333,0.5,0.7142857142857142,0.5,0.0,0.16666666666666666,0.0,0.0,0.0,1.0,0.8660714285714164,0.6521739130434783,0.6956521739130435,0.0,0.0,0.0,1.0,0.0,0.0,0.0,0.0,0.0,0.0,0.0,0.0,0.0,0.0,0.0,0.0,0.0,0.0,0.0,0.0,0.0,0.0,0.0,0.0,0.0,0.0,0.0,0.0,0.0,0.0,0.0,0.0,0.0,1.0,0.0,0.0,0.0,1,29,0
0.5714285714285714,0.45454545454545453,0.3333333333333333,0.5,0.7142857142857142,0.5,0.0,0.16666666666666666,0.0,0.0,0.0,0.0,0.8214285714285595,0.6521739130434783,0.6956521739130435,0.0,0.0,0.0,1.0,0.0,0.0,0.0,1.0,0.0,0.0,0.0,0.0,0.0,0.0,0.0,0.0,0.0,0.0,0.0,0.0,0.0,0.0,0.0,0.0,0.0,0.0,0.0,0.0,0.0,0.0,0.0,0.0,0.0,0.0,0.0,0.0,0.0,1,3,0
0.5714285714285714,0.45454545454545453,0.3333333333333333,0.5,0.7142857142857142,0.5,0.0,0.08333333333333333,0.0,0.0,0.0,0.0,0.8214285714285595,0.6521739130434783,0.6956521739130435,0.0,0.0,0.0,1.0,0.0,0.0,0.0,1.0,0.0,0.0,0.0,0.0,0.0,0.0,0.0,0.0,0.0,0.0,0.0,0.0,0.0,0.0,0.0,0.0,0.0,0.0,0.0,0.0,0.0,0.0,0.0,0.0,0.0,0.0,0.0,0.0,0.0,1,3,0
0.5714285714285714,0.45454545454545453,0.3333333333333333,0.5,0.7142857142857142,0.5,0.0,0.16666666666666666,0.0,0.0,0.0,1.0,0.8660714285714154,0.6956521739130435,0.7391304347826088,0.0,0.0,0.0,1.0,0.0,0.0,0.0,0.0,0.0,0.0,0.0,0.0,0.0,0.0,0.0,0.0,0.0,0.0,0.0,0.0,0.0,0.0,0.0,0.0,0.0,0.0,0.0,0.0,0.0,0.0,0.0,0.0,1.0,0.0,0.0,0.0,0.0,1,28,0
0.5714285714285714,0.45454545454545453,0.3333333333333333,0.5,0.7142857142857142,0.5,0.0,0.08333333333333333,0.0,0.0,0.0,0.0,0.8214285714285595,0.6956521739130435,0.7391304347826088,0.0,0.0,0.0,1.0,0.0,0.0,0.0,0.0,0.0,0.0,0.0,0.0,0.0,0.0,0.0,0.0,0.0,0.0,0.0,0.0,0.0,0.0,0.0,0.0,0.0,0.0,0.0,0.0,0.0,0.0,0.0,0.0,0.0,1.0,0.0,0.0,0.0,1,29,0
0.5714285714285714,0.5454545454545454,0.3333333333333333,0.5,0.2857142857142857,0.16666666666666666,0.16666666666666666,0.0,0.0,0.0,0.0,1.0,0.8660714285714161,0.7608695652173914,0.782608695652174,0.0,0.0,0.0,1.0,0.0,1.0,0.0,0.0,0.0,0.0,0.0,0.0,0.0,0.0,0.0,0.0,0.0,0.0,0.0,0.0,0.0,0.0,0.0,0.0,0.0,0.0,0.0,0.0,0.0,0.0,0.0,0.0,0.0,0.0,0.0,0.0,0.0,0,1,0
0.5714285714285714,0.5454545454545454,0.3333333333333333,0.5,0.8571428571428571,0.8333333333333334,0.0,0.16666666666666666,0.0,0.0,0.0,0.0,0.8214285714285595,0.782608695652174,0.8260869565217391,0.0,0.0,0.0,1.0,0.0,0.0,0.0,0.0,0.0,0.0,0.0,0.0,0.0,0.0,0.0,0.0,0.0,0.0,0.0,0.0,0.0,0.0,0.0,0.0,0.0,0.0,0.0,0.0,0.0,0.0,0.0,0.0,0.0,1.0,0.0,0.0,0.0,1,29,0
0.5714285714285714,0.5454545454545454,0.3333333333333333,0.5,0.8571428571428571,0.5,0.0,0.08333333333333333,0.0,0.0,0.0,1.0,0.8660714285714164,0.8695652173913043,0.9130434782608696,0.0,0.0,0.0,1.0,0.0,0.0,0.0,0.0,0.0,0.0,0.0,0.0,0.0,0.0,0.0,0.0,0.0,0.0,0.0,0.0,0.0,0.0,0.0,0.0,0.0,0.0,0.0,0.0,0.0,0.0,0.0,0.0,0.0,0.0,0.0,0.0,0.0,1,33,0
0.5714285714285714,0.5454545454545454,0.3333333333333333,0.5,0.8571428571428571,0.5,0.0,0.25,0.0,0.0,0.0,0.0,0.8214285714285595,0.8695652173913043,0.9130434782608696,0.0,0.0,0.0,1.0,0.0,0.0,0.0,1.0,0.0,0.0,0.0,0.0,0.0,0.0,0.0,0.0,0.0,0.0,0.0,0.0,0.0,0.0,0.0,0.0,0.0,0.0,0.0,0.0,0.0,0.0,0.0,0.0,0.0,0.0,0.0,0.0,0.0,1,3,0
0.5714285714285714,0.3636363636363636,0.3333333333333333,0.25,0.2857142857142857,0.6666666666666666,0.0,0.0,0.0,0.21666666666666667,0.0,1.0,0.8571428571428447,0.9130434782608696,0.9565217391304348,0.0,0.0,1.0,0.0,0.0,0.0,0.0,0.0,0.0,0.0,0.0,0.0,0.0,0.0,0.0,0.0,0.0,0.0,0.0,0.0,0.0,0.0,0.0,0.0,0.0,0.0,0.0,0.0,0.0,0.0,0.0,0.0,0.0,0.0,0.0,0.0,0.0,0,33,0
0.5714285714285714,0.3636363636363636,0.3333333333333333,0.25,0.8571428571428571,0.8333333333333334,0.0,0.13333333333333333,0.0,0.0,0.0,1.0,0.8511904761904638,1.0,0.0,0.0,0.0,1.0,0.0,0.0,0.0,0.0,0.0,0.0,0.0,0.0,0.0,0.0,0.0,0.0,0.0,0.0,0.0,0.0,0.0,0.0,0.0,0.0,0.0,0.0,0.0,0.0,0.0,0.0,0.0,0.0,0.0,0.0,0.0,0.0,0.0,0.0,1,33,0
0.7142857142857142,0.3636363636363636,0.3333333333333333,0.25,0.8571428571428571,0.8333333333333334,0.16666666666666666,0.0,0.0,0.0,0.0,1.0,0.8511904761904638,0.0,0.043478260869565216,0.0,0.0,1.0,0.0,0.0,1.0,0.0,0.0,0.0,0.0,0.0,0.0,0.0,0.0,0.0,0.0,0.0,0.0,0.0,0.0,0.0,0.0,0.0,0.0,0.0,0.0,0.0,0.0,0.0,0.0,0.0,0.0,0.0,0.0,0.0,0.0,0.0,0,1,0
0.7142857142857142,0.45454545454545453,0.3333333333333333,0.25,0.8571428571428571,0.8333333333333334,0.0,0.0,0.0,0.16666666666666666,0.0,1.0,0.8511904761904638,0.21739130434782608,0.2608695652173913,0.0,1.0,0.0,0.0,0.0,0.0,0.0,0.0,0.0,0.0,0.0,0.0,0.0,0.0,0.0,0.0,0.0,0.0,0.0,0.0,0.0,0.0,0.0,0.0,0.0,0.0,0.0,0.0,0.0,0.0,0.0,0.0,0.0,0.0,0.0,0.0,0.0,0,33,0
0.7142857142857142,0.45454545454545453,0.3333333333333333,0.25,1.0,0.9999999999999999,0.16666666666666666,0.0,0.0,0.0,0.0,1.0,0.8469387755101918,0.2608695652173913,0.30434782608695654,0.0,1.0,0.0,0.0,0.0,1.0,0.0,0.0,0.0,0.0,0.0,0.0,0.0,0.0,0.0,0.0,0.0,0.0,0.0,0.0,0.0,0.0,0.0,0.0,0.0,0.0,0.0,0.0,0.0,0.0,0.0,0.0,0.0,0.0,0.0,0.0,0.0,0,1,0
0.7142857142857142,0.45454545454545453,0.3333333333333333,0.25,0.8571428571428571,0.8333333333333334,0.25,0.0,0.0,0.0,0.0,1.0,0.8511904761904638,0.5217391304347826,0.5652173913043478,0.0,1.0,0.0,0.0,0.0,1.0,0.0,0.0,0.0,0.0,0.0,0.0,0.0,0.0,0.0,0.0,0.0,0.0,0.0,0.0,0.0,0.0,0.0,0.0,0.0,0.0,0.0,0.0,0.0,0.0,0.0,0.0,0.0,0.0,0.0,0.0,0.0,0,1,0
0.7142857142857142,0.3636363636363636,0.3333333333333333,0.25,0.7142857142857142,0.6666666666666666,0.0,0.16666666666666666,0.0,0.0,0.0,0.0,0.8214285714285595,0.5652173913043478,0.6086956521739131,0.0,0.0,0.0,1.0,0.0,0.0,0.0,0.0,0.0,0.0,0.0,1.0,0.0,0.0,0.0,0.0,0.0,0.0,0.0,0.0,0.0,0.0,0.0,0.0,0.0,0.0,0.0,0.0,0.0,0.0,0.0,0.0,0.0,0.0,0.0,0.0,0.0,1,7,0
0.7142857142857142,0.3636363636363636,0.3333333333333333,0.25,0.7142857142857142,0.6666666666666666,0.0,0.25,0.0,0.0,0.0,1.0,0.857142857142845,0.6086956521739131,0.6521739130434783,0.0,0.0,0.0,1.0,0.0,0.0,0.0,0.0,0.0,0.0,0.0,1.0,0.0,0.0,0.0,0.0,0.0,0.0,0.0,0.0,0.0,0.0,0.0,0.0,0.0,0.0,0.0,0.0,0.0,0.0,0.0,0.0,0.0,0.0,0.0,0.0,0.0,1,7,0
0.7142857142857142,0.3636363636363636,0.3333333333333333,0.25,1.0,0.9999999999999999,0.0,0.16666666666666666,0.0,0.0,0.0,1.0,0.846938775510192,0.6521739130434783,0.6956521739130435,0.0,0.0,0.0,1.0,0.0,0.0,0.0,0.0,0.0,0.0,0.0,0.0,0.0,0.0,0.0,0.0,0.0,0.0,0.0,0.0,0.0,0.0,0.0,0.0,0.0,0.0,0.0,0.0,0.0,0.0,0.0,0.0,0.0,1.0,0.0,0.0,0.0,1,29,0
0.7142857142857142,0.45454545454545453,0.3333333333333333,0.5,0.8571428571428571,0.8333333333333334,0.0,0.0,0.0,0.16666666666666666,0.0,1.0,0.8511904761904638,0.9130434782608696,0.9565217391304348,0.0,0.0,1.0,0.0,0.0,0.0,0.0,0.0,0.0,0.0,0.0,0.0,0.0,0.0,0.0,0.0,0.0,0.0,0.0,0.0,0.0,0.0,0.0,0.0,0.0,0.0,0.0,0.0,0.0,0.0,0.0,0.0,0.0,0.0,0.0,0.0,0.0,0,33,0
0.8571428571428571,0.45454545454545453,0.3333333333333333,0.5,0.7142857142857142,0.6666666666666666,0.0,0.13333333333333333,0.0,0.0,0.0,1.0,0.8571428571428448,0.17391304347826086,0.21739130434782608,0.0,0.0,1.0,0.0,0.0,0.0,0.0,0.0,0.0,0.0,0.0,0.0,0.0,0.0,0.0,0.0,0.0,0.0,0.0,0.0,0.0,0.0,0.0,0.0,0.0,0.0,0.0,0.0,0.0,0.0,0.0,0.0,0.0,0.0,1.0,0.0,0.0,1,30,0
0.8571428571428571,0.45454545454545453,0.3333333333333333,0.5,0.7142857142857142,0.6666666666666666,0.0,0.16666666666666666,0.0,0.0,0.0,0.0,0.8214285714285595,0.17391304347826086,0.21739130434782608,0.0,0.0,1.0,0.0,0.0,0.0,0.0,0.0,0.0,0.0,0.0,0.0,0.0,0.0,0.0,0.0,0.0,0.0,0.0,0.0,0.0,0.0,0.0,0.0,0.0,1.0,0.0,0.0,0.0,0.0,0.0,0.0,0.0,0.0,0.0,0.0,0.0,1,21,0
0.8571428571428571,0.3636363636363636,0.3333333333333333,0.5,0.8571428571428571,0.8333333333333334,0.0,0.0,0.0,0.16666666666666666,0.0,1.0,0.8511904761904638,0.21739130434782608,0.2608695652173913,0.0,1.0,0.0,0.0,0.0,0.0,0.0,0.0,0.0,0.0,0.0,0.0,0.0,0.0,0.0,0.0,0.0,0.0,0.0,0.0,0.0,0.0,0.0,0.0,0.0,0.0,0.0,0.0,0.0,0.0,0.0,0.0,0.0,0.0,0.0,0.0,0.0,0,33,0
0.8571428571428571,0.3636363636363636,0.3333333333333333,0.5,0.8571428571428571,0.8333333333333334,0.0,0.08333333333333333,0.0,0.0,0.0,1.0,0.8511904761904638,0.2608695652173913,0.30434782608695654,0.0,1.0,0.0,0.0,0.0,0.0,0.0,0.0,0.0,0.0,0.0,0.0,0.0,0.0,0.0,0.0,0.0,0.0,0.0,0.0,0.0,0.0,0.0,0.0,0.0,0.0,0.0,0.0,0.0,0.0,0.0,0.0,1.0,0.0,0.0,0.0,0.0,1,28,0
0.8571428571428571,0.3636363636363636,0.3333333333333333,0.5,0.8571428571428571,0.8333333333333334,0.0,0.08333333333333333,0.0,0.0,0.0,0.0,0.8214285714285595,0.2608695652173913,0.30434782608695654,0.0,1.0,0.0,0.0,0.0,0.0,0.0,0.0,0.0,0.0,0.0,0.0,0.0,0.0,0.0,0.0,0.0,0.0,0.0,0.0,0.0,0.0,0.0,0.0,0.0,1.0,0.0,0.0,0.0,0.0,0.0,0.0,0.0,0.0,0.0,0.0,0.0,1,21,0
0.8571428571428571,0.3636363636363636,0.3333333333333333,0.5,0.7142857142857142,0.6666666666666666,0.0,0.08333333333333333,0.0,0.0,0.0,1.0,0.8571428571428447,0.30434782608695654,0.34782608695652173,0.0,1.0,0.0,0.0,0.0,0.0,0.0,0.0,0.0,0.0,0.0,0.0,0.0,0.0,0.0,0.0,0.0,0.0,0.0,0.0,0.0,0.0,0.0,0.0,0.0,0.0,0.0,0.0,0.0,0.0,0.0,0.0,1.0,0.0,0.0,0.0,0.0,1,28,0
0.8571428571428571,0.3636363636363636,0.3333333333333333,0.5,0.7142857142857142,0.6666666666666666,0.0,0.08333333333333333,0.0,0.0,0.0,0.0,0.8214285714285595,0.30434782608695654,0.34782608695652173,0.0,1.0,0.0,0.0,0.0,0.0,0.0,0.0,0.0,0.0,0.0,0.0,0.0,0.0,0.0,0.0,0.0,0.0,0.0,0.0,0.0,0.0,0.0,0.0,0.0,1.0,0.0,0.0,0.0,0.0,0.0,0.0,0.0,0.0,0.0,0.0,0.0,1,21,0
0.8571428571428571,0.3636363636363636,0.3333333333333333,0.5,0.7142857142857142,0.6666666666666666,0.0,0.1,0.0,0.0,0.0,0.0,0.8214285714285595,0.30434782608695654,0.34782608695652173,0.0,1.0,0.0,0.0,0.0,0.0,0.0,0.0,0.0,0.0,0.0,0.0,0.0,0.0,0.0,0.0,0.0,0.0,0.0,0.0,0.0,0.0,0.0,0.0,0.0,0.0,0.0,0.0,0.0,0.0,0.0,0.0,0.0,1.0,0.0,0.0,0.0,1,29,0
0.8571428571428571,0.3636363636363636,0.3333333333333333,0.5,0.0,0.6666666666666666,0.0,1.0,0.0,0.0,0.0,1.0,0.8214285714285595,0.34782608695652173,0.391304347826087,0.0,1.0,0.0,0.0,0.0,0.0,0.0,0.0,0.0,0.0,0.0,0.0,0.0,0.0,0.0,0.0,0.0,0.0,0.0,0.0,0.0,0.0,0.0,0.0,0.0,0.0,0.0,0.0,0.0,0.0,0.0,0.0,0.0,1.0,0.0,0.0,0.0,1,29,0
0.8571428571428571,0.3636363636363636,0.3333333333333333,0.5,0.7142857142857142,0.6666666666666666,0.0,0.08333333333333333,0.0,0.0,0.0,1.0,0.8571428571428447,0.43478260869565216,0.4782608695652174,0.0,1.0,0.0,0.0,0.0,0.0,0.0,0.0,0.0,0.0,0.0,0.0,0.0,0.0,0.0,0.0,0.0,0.0,0.0,0.0,0.0,0.0,0.0,0.0,0.0,0.0,0.0,0.0,0.0,0.0,0.0,0.0,1.0,0.0,0.0,0.0,0.0,1,28,0
0.8571428571428571,0.3636363636363636,0.3333333333333333,0.5,0.7142857142857142,0.6666666666666666,0.0,0.08333333333333333,0.0,0.0,0.0,0.0,0.8214285714285595,0.43478260869565216,0.4782608695652174,0.0,1.0,0.0,0.0,0.0,0.0,0.0,0.0,0.0,0.0,0.0,0.0,0.0,0.0,0.0,0.0,0.0,0.0,0.0,0.0,0.0,0.0,0.0,0.0,0.0,0.0,0.0,0.0,0.0,0.0,0.0,0.0,0.0,0.0,1.0,0.0,0.0,1,30,0
0.8571428571428571,0.3636363636363636,0.3333333333333333,0.5,0.8571428571428571,0.8333333333333334,0.0,0.08333333333333333,0.0,0.0,0.0,1.0,0.8511904761904638,0.4782608695652174,0.5217391304347826,0.0,1.0,0.0,0.0,0.0,0.0,0.0,0.0,0.0,0.0,0.0,0.0,0.0,0.0,0.0,0.0,0.0,0.0,0.0,0.0,0.0,0.0,0.0,0.0,0.0,0.0,0.0,0.0,0.0,0.0,0.0,0.0,1.0,0.0,0.0,0.0,0.0,1,28,0
0.8571428571428571,0.3636363636363636,0.3333333333333333,0.5,0.8571428571428571,0.8333333333333334,0.0,0.08333333333333333,0.0,0.0,0.0,0.0,0.8214285714285595,0.4782608695652174,0.5217391304347826,0.0,1.0,0.0,0.0,0.0,0.0,0.0,0.0,0.0,0.0,0.0,0.0,0.0,0.0,0.0,0.0,0.0,0.0,0.0,0.0,0.0,0.0,0.0,0.0,0.0,0.0,0.0,0.0,0.0,0.0,0.0,0.0,0.0,0.0,1.0,0.0,0.0,1,30,0
0.8571428571428571,0.3636363636363636,0.3333333333333333,0.5,0.5714285714285714,0.5,0.0,0.08333333333333333,0.0,0.0,0.0,1.0,0.866071428571416,0.5217391304347826,0.5652173913043478,0.0,1.0,0.0,0.0,0.0,0.0,0.0,0.0,0.0,0.0,0.0,0.0,0.0,0.0,0.0,0.0,0.0,0.0,0.0,0.0,0.0,0.0,0.0,0.0,0.0,0.0,0.0,0.0,0.0,0.0,0.0,0.0,1.0,0.0,0.0,0.0,0.0,1,28,0
0.8571428571428571,0.3636363636363636,0.3333333333333333,0.5,0.5714285714285714,0.5,0.0,0.08333333333333333,0.0,0.0,0.0,0.0,0.8214285714285595,0.5217391304347826,0.5652173913043478,0.0,1.0,0.0,0.0,0.0,0.0,0.0,0.0,0.0,0.0,0.0,0.0,0.0,0.0,0.0,0.0,0.0,0.0,0.0,0.0,0.0,0.0,0.0,0.0,0.0,0.0,0.0,0.0,0.0,0.0,0.0,0.0,0.0,0.0,1.0,0.0,0.0,1,30,0
0.8571428571428571,0.3636363636363636,0.3333333333333333,0.5,0.5714285714285714,0.5,0.0,0.0,0.0,0.25,0.0,0.0,0.8214285714285595,0.5217391304347826,0.5652173913043478,0.0,1.0,0.0,0.0,0.0,0.0,0.0,0.0,0.0,0.0,0.0,0.0,0.0,0.0,0.0,0.0,0.0,0.0,0.0,0.0,0.0,0.0,0.0,0.0,0.0,0.0,0.0,0.0,0.0,0.0,0.0,0.0,0.0,0.0,0.0,0.0,0.0,0,33,0
1.0,0.3636363636363636,0.3333333333333333,0.5,0.5714285714285714,0.5,0.0,0.0,0.0,0.25,0.0,1.0,0.866071428571416,0.9130434782608696,0.9565217391304348,0.0,0.0,1.0,0.0,0.0,0.0,0.0,0.0,0.0,0.0,0.0,0.0,0.0,0.0,0.0,0.0,0.0,0.0,0.0,0.0,0.0,0.0,0.0,0.0,0.0,0.0,0.0,0.0,0.0,0.0,0.0,0.0,0.0,0.0,0.0,0.0,0.0,0,33,0
1.0,0.3636363636363636,0.3333333333333333,0.5,0.2857142857142857,0.8333333333333334,0.0,0.08333333333333333,0.0,0.0,0.0,1.0,0.851190476190464,0.9565217391304348,1.0,0.0,0.0,1.0,0.0,0.0,0.0,0.0,0.0,0.0,0.0,0.0,0.0,0.0,0.0,0.0,0.0,0.0,0.0,0.0,0.0,0.0,0.0,0.0,0.0,0.0,0.0,0.0,0.0,0.0,0.0,0.0,0.0,1.0,0.0,0.0,0.0,0.0,1,28,0
1.0,0.3636363636363636,0.3333333333333333,0.25,0.42857142857142855,0.6666666666666666,0.0,0.08333333333333333,0.0,0.0,0.0,1.0,0.8571428571428447,1.0,0.0,0.0,0.0,1.0,0.0,0.0,0.0,0.0,0.0,0.0,0.0,0.0,0.0,0.0,0.0,0.0,0.0,0.0,0.0,0.0,0.0,0.0,0.0,0.0,0.0,0.0,0.0,0.0,0.0,0.0,0.0,0.0,0.0,1.0,0.0,0.0,0.0,0.0,1,28,0
1.0,0.3636363636363636,0.3333333333333333,0.25,0.42857142857142855,0.6666666666666666,0.0,0.16666666666666666,0.0,0.0,0.0,0.0,0.8214285714285595,1.0,0.0,0.0,0.0,1.0,0.0,0.0,0.0,0.0,1.0,0.0,0.0,0.0,0.0,0.0,0.0,0.0,0.0,0.0,0.0,0.0,0.0,0.0,0.0,0.0,0.0,0.0,0.0,0.0,0.0,0.0,0.0,0.0,0.0,0.0,0.0,0.0,0.0,0.0,1,3,0
0.14285714285714285,0.3636363636363636,0.3333333333333333,0.25,0.5714285714285714,0.5,0.0,0.08333333333333333,0.0,0.0,0.0,1.0,0.8660714285714161,0.0,0.043478260869565216,0.0,0.0,1.0,0.0,0.0,0.0,0.0,0.0,0.0,0.0,0.0,0.0,0.0,0.0,0.0,0.0,0.0,0.0,0.0,0.0,0.0,0.0,0.0,0.0,0.0,0.0,0.0,0.0,0.0,0.0,0.0,0.0,1.0,0.0,0.0,0.0,0.0,1,28,0
0.14285714285714285,0.3636363636363636,0.3333333333333333,0.25,0.5714285714285714,0.5,0.0,0.16666666666666666,0.0,0.0,0.0,0.0,0.8214285714285595,0.0,0.043478260869565216,0.0,0.0,1.0,0.0,0.0,0.0,0.0,0.0,0.0,0.0,0.0,0.0,0.0,0.0,0.0,0.0,0.0,0.0,0.0,0.0,0.0,0.0,0.0,0.0,0.0,0.0,0.0,0.0,0.0,0.0,0.0,0.0,0.0,1.0,0.0,0.0,0.0,1,29,0
0.14285714285714285,0.3636363636363636,0.3333333333333333,0.25,0.5714285714285714,0.5,0.0,0.16666666666666666,0.0,0.0,0.0,0.0,0.8214285714285595,0.0,0.043478260869565216,0.0,0.0,1.0,0.0,0.0,0.0,0.0,1.0,0.0,0.0,0.0,0.0,0.0,0.0,0.0,0.0,0.0,0.0,0.0,0.0,0.0,0.0,0.0,0.0,0.0,0.0,0.0,0.0,0.0,0.0,0.0,0.0,0.0,0.0,0.0,0.0,0.0,1,3,0
0.14285714285714285,0.3636363636363636,0.3333333333333333,0.25,0.2857142857142857,0.16666666666666666,0.0,0.08333333333333333,0.0,0.0,0.0,1.0,0.8660714285714161,0.06521739130434782,0.08695652173913043,0.0,0.0,1.0,0.0,0.0,0.0,0.0,0.0,0.0,0.0,0.0,0.0,0.0,0.0,0.0,0.0,0.0,0.0,0.0,0.0,0.0,0.0,0.0,0.0,0.0,0.0,0.0,0.0,0.0,0.0,0.0,0.0,1.0,0.0,0.0,0.0,0.0,1,28,0
0.14285714285714285,0.3636363636363636,0.3333333333333333,0.25,0.2857142857142857,0.16666666666666666,0.0,0.1,0.0,0.0,0.0,0.0,0.8214285714285595,0.06521739130434782,0.08695652173913043,0.0,0.0,1.0,0.0,0.0,0.0,0.0,1.0,0.0,0.0,0.0,0.0,0.0,0.0,0.0,0.0,0.0,0.0,0.0,0.0,0.0,0.0,0.0,0.0,0.0,0.0,0.0,0.0,0.0,0.0,0.0,0.0,0.0,0.0,0.0,0.0,0.0,1,3,0
0.14285714285714285,0.3636363636363636,0.3333333333333333,0.25,0.5714285714285714,0.5,0.0,0.08333333333333333,0.0,0.0,0.0,1.0,0.8660714285714161,0.08695652173913043,0.13043478260869565,0.0,0.0,1.0,0.0,0.0,0.0,0.0,0.0,0.0,0.0,0.0,0.0,0.0,0.0,0.0,0.0,0.0,0.0,0.0,0.0,0.0,0.0,0.0,0.0,0.0,0.0,0.0,0.0,0.0,0.0,0.0,0.0,1.0,0.0,0.0,0.0,0.0,1,28,0
0.14285714285714285,0.3636363636363636,0.3333333333333333,0.25,0.5714285714285714,0.5,0.0,0.25,0.0,0.0,0.0,0.0,0.8214285714285595,0.08695652173913043,0.13043478260869565,0.0,0.0,1.0,0.0,0.0,0.0,0.0,0.0,0.0,0.0,0.0,0.0,0.0,0.0,0.0,0.0,0.0,0.0,0.0,0.0,0.0,0.0,0.0,0.0,0.0,0.0,0.0,0.0,0.0,0.0,0.0,0.0,0.0,1.0,0.0,0.0,0.0,1,29,0
0.14285714285714285,0.3636363636363636,0.3333333333333333,0.25,0.5714285714285714,0.5,0.0,0.08333333333333333,0.0,0.0,0.0,0.0,0.8214285714285595,0.08695652173913043,0.13043478260869565,0.0,0.0,1.0,0.0,0.0,0.0,0.0,1.0,0.0,0.0,0.0,0.0,0.0,0.0,0.0,0.0,0.0,0.0,0.0,0.0,0.0,0.0,0.0,0.0,0.0,0.0,0.0,0.0,0.0,0.0,0.0,0.0,0.0,0.0,0.0,0.0,0.0,1,3,0
0.14285714285714285,0.3636363636363636,0.3333333333333333,0.5,0.5714285714285714,0.5,0.0,0.08333333333333333,0.0,0.0,0.0,1.0,0.8660714285714161,0.13043478260869565,0.17391304347826086,0.0,0.0,1.0,0.0,0.0,0.0,0.0,0.0,0.0,0.0,0.0,0.0,0.0,0.0,0.0,0.0,0.0,0.0,0.0,0.0,0.0,0.0,0.0,0.0,0.0,0.0,0.0,0.0,0.0,0.0,0.0,0.0,1.0,0.0,0.0,0.0,0.0,1,28,0
0.14285714285714285,0.3636363636363636,0.3333333333333333,0.5,0.5714285714285714,0.5,0.0,0.13333333333333333,0.0,0.0,0.0,0.0,0.8214285714285595,0.13043478260869565,0.17391304347826086,0.0,0.0,1.0,0.0,0.0,0.0,0.0,0.0,0.0,0.0,0.0,0.0,0.0,0.0,0.0,0.0,0.0,0.0,0.0,0.0,0.0,0.0,0.0,0.0,0.0,0.0,0.0,0.0,0.0,0.0,0.0,0.0,0.0,1.0,0.0,0.0,0.0,1,29,0
0.14285714285714285,0.3636363636363636,0.3333333333333333,0.5,0.5714285714285714,0.5,0.0,0.08333333333333333,0.0,0.0,0.0,0.0,0.8214285714285595,0.13043478260869565,0.17391304347826086,0.0,0.0,1.0,0.0,0.0,0.0,0.0,1.0,0.0,0.0,0.0,0.0,0.0,0.0,0.0,0.0,0.0,0.0,0.0,0.0,0.0,0.0,0.0,0.0,0.0,0.0,0.0,0.0,0.0,0.0,0.0,0.0,0.0,0.0,0.0,0.0,0.0,1,3,0
0.14285714285714285,0.3636363636363636,0.3333333333333333,0.5,0.42857142857142855,0.33333333333333337,0.0,0.08333333333333333,0.0,0.0,0.0,1.0,0.8809523809523682,0.17391304347826086,0.21739130434782608,0.0,0.0,1.0,0.0,0.0,0.0,0.0,0.0,0.0,0.0,0.0,0.0,0.0,0.0,0.0,0.0,0.0,0.0,0.0,0.0,0.0,0.0,0.0,0.0,0.0,0.0,0.0,0.0,0.0,0.0,0.0,0.0,1.0,0.0,0.0,0.0,0.0,1,28,0
0.14285714285714285,0.3636363636363636,0.3333333333333333,0.5,0.42857142857142855,0.33333333333333337,0.0,0.13333333333333333,0.0,0.0,0.0,0.0,0.8214285714285595,0.17391304347826086,0.21739130434782608,0.0,0.0,1.0,0.0,0.0,0.0,0.0,0.0,0.0,0.0,0.0,0.0,0.0,0.0,0.0,0.0,0.0,0.0,0.0,0.0,0.0,0.0,0.0,0.0,0.0,0.0,0.0,0.0,0.0,0.0,0.0,0.0,0.0,1.0,0.0,0.0,0.0,1,29,0
0.14285714285714285,0.3636363636363636,0.3333333333333333,0.5,0.42857142857142855,0.33333333333333337,0.0,0.16666666666666666,0.0,0.0,0.0,0.0,0.8214285714285595,0.17391304347826086,0.21739130434782608,0.0,0.0,1.0,0.0,0.0,0.0,0.0,1.0,0.0,0.0,0.0,0.0,0.0,0.0,0.0,0.0,0.0,0.0,0.0,0.0,0.0,0.0,0.0,0.0,0.0,0.0,0.0,0.0,0.0,0.0,0.0,0.0,0.0,0.0,0.0,0.0,0.0,1,3,0
0.14285714285714285,0.45454545454545453,0.3333333333333333,0.5,0.5714285714285714,0.5,0.0,0.0,0.0,0.25,0.0,1.0,0.8660714285714161,0.21739130434782608,0.2608695652173913,0.0,1.0,0.0,0.0,0.0,0.0,0.0,0.0,0.0,0.0,0.0,0.0,0.0,0.0,0.0,0.0,0.0,0.0,0.0,0.0,0.0,0.0,0.0,0.0,0.0,0.0,0.0,0.0,0.0,0.0,0.0,0.0,0.0,0.0,0.0,0.0,0.0,0,33,0
0.14285714285714285,0.45454545454545453,0.3333333333333333,0.5,0.5714285714285714,0.5,0.16666666666666666,0.0,0.0,0.0,0.0,0.0,0.8214285714285595,0.21739130434782608,0.2608695652173913,0.0,1.0,0.0,0.0,0.0,1.0,0.0,0.0,0.0,0.0,0.0,0.0,0.0,0.0,0.0,0.0,0.0,0.0,0.0,0.0,0.0,0.0,0.0,0.0,0.0,0.0,0.0,0.0,0.0,0.0,0.0,0.0,0.0,0.0,0.0,0.0,0.0,0,1,0
0.14285714285714285,0.45454545454545453,0.3333333333333333,0.5,0.5714285714285714,0.5,0.0,0.08333333333333333,0.0,0.0,0.0,0.0,0.8214285714285595,0.21739130434782608,0.2608695652173913,0.0,1.0,0.0,0.0,0.0,0.0,0.0,0.0,0.0,0.0,0.0,0.0,0.0,0.0,0.0,0.0,0.0,0.0,0.0,0.0,0.0,0.0,0.0,0.0,0.0,0.0,0.0,0.0,0.0,0.0,0.0,0.0,0.0,1.0,0.0,0.0,0.0,1,29,0
0.14285714285714285,0.45454545454545453,0.3333333333333333,0.5,0.42857142857142855,0.33333333333333337,0.0,0.25,0.0,0.0,0.0,1.0,0.8809523809523682,0.2608695652173913,0.30434782608695654,0.0,1.0,0.0,0.0,0.0,0.0,0.0,0.0,0.0,0.0,0.0,0.0,0.0,0.0,0.0,0.0,0.0,0.0,0.0,0.0,0.0,0.0,0.0,0.0,0.0,0.0,0.0,0.0,0.0,0.0,0.0,0.0,1.0,0.0,0.0,0.0,0.0,1,28,0
0.14285714285714285,0.45454545454545453,0.3333333333333333,0.5,0.8571428571428571,0.8333333333333334,0.0,0.0,0.0,0.13333333333333333,0.0,1.0,0.8511904761904638,0.30434782608695654,0.34782608695652173,0.0,1.0,0.0,0.0,0.0,0.0,0.0,0.0,0.0,0.0,0.0,0.0,0.0,0.0,0.0,0.0,0.0,0.0,0.0,0.0,0.0,0.0,0.0,0.0,0.0,1.0,0.0,0.0,0.0,0.0,0.0,0.0,0.0,0.0,0.0,0.0,0.0,0,21,0
0.14285714285714285,0.45454545454545453,0.3333333333333333,0.5,0.8571428571428571,0.8333333333333334,0.0,0.0,0.0,0.16666666666666666,0.0,1.0,0.8511904761904638,0.34782608695652173,0.391304347826087,0.0,1.0,0.0,0.0,0.0,0.0,0.0,0.0,0.0,0.0,0.0,0.0,0.0,0.0,0.0,0.0,0.0,0.0,0.0,0.0,0.0,0.0,0.0,0.0,0.0,0.0,0.0,0.0,0.0,0.0,0.0,0.0,0.0,1.0,0.0,0.0,0.0,0,29,0
0.14285714285714285,0.45454545454545453,0.3333333333333333,0.5,0.2857142857142857,0.16666666666666666,0.0,0.0,0.0,0.16666666666666666,0.0,1.0,0.8660714285714161,0.41304347826086957,0.43478260869565216,0.0,1.0,0.0,0.0,0.0,0.0,0.0,0.0,0.0,0.0,0.0,0.0,0.0,0.0,0.0,0.0,0.0,0.0,0.0,0.0,0.0,0.0,0.0,0.0,0.0,0.0,0.0,0.0,0.0,0.0,0.0,0.0,0.0,0.0,0.0,0.0,0.0,0,0,0
0.14285714285714285,0.45454545454545453,0.3333333333333333,0.5,0.0,0.16666666666666666,0.0,0.0,0.0,1.0,0.0,1.0,0.8214285714285595,0.43478260869565216,0.4782608695652174,0.0,1.0,0.0,0.0,0.0,0.0,0.0,0.0,0.0,0.0,0.0,0.0,0.0,0.0,0.0,0.0,0.0,0.0,0.0,0.0,0.0,0.0,0.0,0.0,0.0,0.0,0.0,0.0,0.0,0.0,0.0,0.0,0.0,0.0,0.0,0.0,0.0,0,0,0
0.14285714285714285,0.45454545454545453,0.3333333333333333,0.5,0.42857142857142855,0.33333333333333337,0.0,0.0,0.0,0.5,0.0,1.0,0.8809523809523682,0.4782608695652174,0.5217391304347826,0.0,1.0,0.0,0.0,0.0,0.0,0.0,0.0,0.0,0.0,0.0,0.0,0.0,0.0,0.0,0.0,0.0,0.0,0.0,0.0,0.0,0.0,0.0,0.0,0.0,0.0,0.0,0.0,0.0,0.0,0.0,0.0,0.0,0.0,0.0,0.0,0.0,0,0,0
0.14285714285714285,0.45454545454545453,0.3333333333333333,0.5,0.42857142857142855,0.33333333333333337,0.0,0.0,0.0,0.16666666666666666,0.0,0.0,0.8214285714285595,0.4782608695652174,0.5217391304347826,0.0,1.0,0.0,0.0,0.0,0.0,0.0,0.0,0.0,0.0,0.0,0.0,0.0,0.0,0.0,0.0,0.0,0.0,0.0,0.0,0.0,0.0,0.0,0.0,0.0,0.0,0.0,1.0,0.0,0.0,0.0,0.0,0.0,0.0,0.0,0.0,0.0,0,23,0
0.14285714285714285,0.45454545454545453,0.3333333333333333,0.5,0.42857142857142855,0.33333333333333337,0.0,0.0,0.0,0.25,0.0,1.0,0.8809523809523682,0.5217391304347826,0.5652173913043478,0.0,1.0,0.0,0.0,0.0,0.0,0.0,0.0,0.0,0.0,0.0,0.0,0.0,0.0,0.0,0.0,0.0,0.0,0.0,0.0,0.0,0.0,0.0,0.0,0.0,0.0,0.0,0.0,0.0,0.0,0.0,0.0,0.0,0.0,0.0,1.0,0.0,0,31,0
0.14285714285714285,0.45454545454545453,0.3333333333333333,0.5,0.8571428571428571,0.8333333333333334,0.0,0.0,0.0,0.16666666666666666,0.0,1.0,0.851190476190464,0.5652173913043478,0.6086956521739131,0.0,0.0,0.0,1.0,0.0,0.0,0.0,0.0,0.0,0.0,0.0,0.0,0.0,0.0,0.0,0.0,0.0,0.0,0.0,0.0,0.0,0.0,0.0,0.0,0.0,0.0,0.0,0.0,0.0,0.0,0.0,0.0,0.0,0.0,0.0,0.0,0.0,0,33,0
0.14285714285714285,0.45454545454545453,0.3333333333333333,0.5,0.8571428571428571,0.8333333333333334,0.0,0.08333333333333333,0.0,0.0,0.0,1.0,0.8511904761904641,0.6086956521739131,0.6521739130434783,0.0,0.0,0.0,1.0,0.0,0.0,0.0,0.0,0.0,0.0,0.0,0.0,0.0,0.0,0.0,0.0,0.0,0.0,0.0,0.0,0.0,0.0,0.0,0.0,0.0,0.0,0.0,0.0,0.0,0.0,0.0,0.0,0.0,1.0,0.0,0.0,0.0,1,29,0
0.14285714285714285,0.45454545454545453,0.3333333333333333,0.5,0.8571428571428571,0.8333333333333334,0.0,0.08333333333333333,0.0,0.0,0.0,0.0,0.8214285714285595,0.6086956521739131,0.6521739130434783,0.0,0.0,0.0,1.0,0.0,0.0,0.0,0.0,0.0,0.0,0.0,0.0,0.0,0.0,0.0,0.0,0.0,0.0,0.0,0.0,0.0,0.0,0.0,0.0,0.0,1.0,0.0,0.0,0.0,0.0,0.0,0.0,0.0,0.0,0.0,0.0,0.0,1,21,0
0.14285714285714285,0.45454545454545453,0.3333333333333333,0.5,0.7142857142857142,0.6666666666666666,0.0,0.16666666666666666,0.0,0.0,0.0,1.0,0.857142857142845,0.6521739130434783,0.6956521739130435,0.0,0.0,0.0,1.0,0.0,0.0,0.0,0.0,0.0,0.0,0.0,0.0,0.0,0.0,0.0,0.0,0.0,0.0,0.0,0.0,0.0,0.0,0.0,0.0,0.0,0.0,0.0,0.0,0.0,0.0,0.0,0.0,0.0,1.0,0.0,0.0,0.0,1,29,0
0.14285714285714285,0.45454545454545453,0.3333333333333333,0.5,0.7142857142857142,0.6666666666666666,0.0,0.08333333333333333,0.0,0.0,0.0,0.0,0.8214285714285595,0.6521739130434783,0.6956521739130435,0.0,0.0,0.0,1.0,0.0,0.0,0.0,0.0,0.0,0.0,0.0,0.0,0.0,0.0,0.0,0.0,0.0,0.0,0.0,0.0,0.0,0.0,0.0,0.0,0.0,1.0,0.0,0.0,0.0,0.0,0.0,0.0,0.0,0.0,0.0,0.0,0.0,1,21,0
0.14285714285714285,0.5454545454545454,0.3333333333333333,0.5,0.8571428571428571,0.8333333333333334,0.0,0.1,0.0,0.0,0.0,1.0,0.8511904761904634,0.6956521739130435,0.7391304347826088,0.0,0.0,0.0,1.0,0.0,0.0,0.0,0.0,0.0,0.0,0.0,0.0,0.0,0.0,0.0,0.0,0.0,0.0,0.0,0.0,0.0,0.0,0.0,0.0,0.0,0.0,0.0,0.0,0.0,0.0,0.0,0.0,0.0,1.0,0.0,0.0,0.0,1,29,0
0.14285714285714285,0.5454545454545454,0.3333333333333333,0.5,0.7142857142857142,0.6666666666666666,0.0,0.16666666666666666,0.0,0.0,0.0,0.0,0.8214285714285595,0.782608695652174,0.8260869565217391,0.0,0.0,0.0,1.0,0.0,0.0,0.0,0.0,0.0,0.0,0.0,0.0,0.0,0.0,0.0,0.0,0.0,0.0,0.0,0.0,0.0,0.0,0.0,0.0,0.0,0.0,0.0,0.0,0.0,0.0,0.0,0.0,0.0,1.0,0.0,0.0,0.0,1,29,0
0.14285714285714285,0.5454545454545454,0.3333333333333333,0.5,0.8571428571428571,0.8333333333333334,0.0,0.11666666666666667,0.0,0.0,0.0,1.0,0.8511904761904634,0.8260869565217391,0.8695652173913043,0.0,0.0,0.0,1.0,0.0,0.0,0.0,0.0,0.0,0.0,0.0,0.0,0.0,0.0,0.0,0.0,0.0,0.0,0.0,0.0,0.0,0.0,0.0,0.0,0.0,0.0,0.0,0.0,0.0,0.0,0.0,0.0,0.0,0.0,0.0,0.0,0.0,1,33,0
0.14285714285714285,0.5454545454545454,0.3333333333333333,0.5,0.5714285714285714,0.5,0.0,0.16666666666666666,0.0,0.0,0.0,1.0,0.8660714285714164,0.8695652173913043,0.9130434782608696,0.0,0.0,0.0,1.0,0.0,0.0,0.0,0.0,0.0,0.0,0.0,0.0,0.0,0.0,0.0,0.0,0.0,0.0,0.0,0.0,0.0,0.0,0.0,0.0,0.0,0.0,0.0,0.0,0.0,0.0,0.0,0.0,0.0,0.0,1.0,0.0,0.0,1,30,0
0.14285714285714285,0.5454545454545454,0.3333333333333333,0.5,0.5714285714285714,0.5,0.0,0.21666666666666667,0.0,0.0,0.0,0.0,0.8214285714285595,0.8695652173913043,0.9130434782608696,0.0,0.0,0.0,1.0,0.0,0.0,0.0,1.0,0.0,0.0,0.0,0.0,0.0,0.0,0.0,0.0,0.0,0.0,0.0,0.0,0.0,0.0,0.0,0.0,0.0,0.0,0.0,0.0,0.0,0.0,0.0,0.0,0.0,0.0,0.0,0.0,0.0,1,3,0
0.14285714285714285,0.45454545454545453,0.3333333333333333,0.5,0.8571428571428571,0.8333333333333334,0.0,0.0,0.0,0.16666666666666666,0.0,1.0,0.8511904761904638,0.9130434782608696,0.9565217391304348,0.0,0.0,1.0,0.0,0.0,0.0,0.0,0.0,0.0,0.0,0.0,0.0,0.0,0.0,0.0,0.0,0.0,0.0,0.0,0.0,0.0,0.0,0.0,0.0,0.0,0.0,0.0,0.0,0.0,0.0,0.0,0.0,0.0,0.0,0.0,0.0,0.0,0,33,0
0.2857142857142857,0.45454545454545453,0.3333333333333333,0.25,0.7142857142857142,0.6666666666666666,0.0,0.08333333333333333,0.0,0.0,0.0,1.0,0.8571428571428448,0.0,0.043478260869565216,0.0,0.0,1.0,0.0,0.0,0.0,0.0,0.0,0.0,0.0,0.0,0.0,0.0,0.0,0.0,0.0,0.0,0.0,0.0,0.0,0.0,0.0,0.0,0.0,0.0,0.0,0.0,0.0,0.0,0.0,0.0,0.0,0.0,1.0,0.0,0.0,0.0,1,29,0
0.2857142857142857,0.45454545454545453,0.3333333333333333,0.25,0.7142857142857142,0.6666666666666666,0.0,0.16666666666666666,0.0,0.0,0.0,0.0,0.8214285714285595,0.0,0.043478260869565216,0.0,0.0,1.0,0.0,0.0,0.0,0.0,1.0,0.0,0.0,0.0,0.0,0.0,0.0,0.0,0.0,0.0,0.0,0.0,0.0,0.0,0.0,0.0,0.0,0.0,0.0,0.0,0.0,0.0,0.0,0.0,0.0,0.0,0.0,0.0,0.0,0.0,1,3,0
0.2857142857142857,0.45454545454545453,0.3333333333333333,0.25,0.5714285714285714,0.5,0.0,0.08333333333333333,0.0,0.0,0.0,1.0,0.8660714285714161,0.08695652173913043,0.13043478260869565,0.0,0.0,1.0,0.0,0.0,0.0,0.0,0.0,0.0,0.0,0.0,0.0,0.0,0.0,0.0,0.0,0.0,0.0,0.0,0.0,0.0,0.0,0.0,0.0,0.0,0.0,0.0,0.0,0.0,0.0,0.0,0.0,0.0,1.0,0.0,0.0,0.0,1,29,0
0.2857142857142857,0.45454545454545453,0.3333333333333333,0.25,0.5714285714285714,0.5,0.0,0.16666666666666666,0.0,0.0,0.0,0.0,0.8214285714285595,0.08695652173913043,0.13043478260869565,0.0,0.0,1.0,0.0,0.0,0.0,0.0,0.0,0.0,0.0,0.0,0.0,0.0,0.0,0.0,0.0,0.0,0.0,0.0,0.0,0.0,0.0,0.0,0.0,0.0,0.0,0.0,0.0,0.0,0.0,0.0,0.0,0.0,0.0,1.0,0.0,0.0,1,30,0
0.2857142857142857,0.45454545454545453,0.3333333333333333,0.25,0.5714285714285714,0.5,0.0,0.16666666666666666,0.0,0.0,0.0,0.0,0.8214285714285595,0.08695652173913043,0.13043478260869565,0.0,0.0,1.0,0.0,0.0,0.0,0.0,1.0,0.0,0.0,0.0,0.0,0.0,0.0,0.0,0.0,0.0,0.0,0.0,0.0,0.0,0.0,0.0,0.0,0.0,0.0,0.0,0.0,0.0,0.0,0.0,0.0,0.0,0.0,0.0,0.0,0.0,1,3,0
0.2857142857142857,0.45454545454545453,0.3333333333333333,0.25,0.8571428571428571,0.8333333333333334,0.0,0.08333333333333333,0.0,0.0,0.0,1.0,0.8511904761904638,0.13043478260869565,0.17391304347826086,0.0,0.0,1.0,0.0,0.0,0.0,0.0,0.0,0.0,0.0,0.0,0.0,0.0,0.0,0.0,0.0,0.0,0.0,0.0,0.0,0.0,0.0,0.0,0.0,0.0,0.0,0.0,0.0,0.0,0.0,0.0,0.0,0.0,1.0,0.0,0.0,0.0,1,29,0
0.2857142857142857,0.45454545454545453,0.3333333333333333,0.25,0.8571428571428571,0.8333333333333334,0.0,0.08333333333333333,0.0,0.0,0.0,1.0,0.8511904761904638,0.17391304347826086,0.21739130434782608,0.0,0.0,1.0,0.0,0.0,0.0,0.0,0.0,0.0,0.0,0.0,0.0,0.0,0.0,0.0,0.0,0.0,0.0,0.0,0.0,0.0,0.0,0.0,0.0,0.0,0.0,0.0,0.0,0.0,0.0,0.0,0.0,0.0,1.0,0.0,0.0,0.0,1,29,0
0.2857142857142857,0.3636363636363636,0.3333333333333333,0.25,0.42857142857142855,0.33333333333333337,0.0,0.0,0.0,0.16666666666666666,0.0,1.0,0.8809523809523682,0.21739130434782608,0.2608695652173913,0.0,1.0,0.0,0.0,0.0,0.0,0.0,0.0,0.0,0.0,0.0,0.0,0.0,0.0,0.0,0.0,0.0,0.0,0.0,0.0,0.0,0.0,0.0,0.0,0.0,0.0,0.0,0.0,0.0,0.0,0.0,0.0,0.0,0.0,0.0,0.0,0.0,0,33,0
0.2857142857142857,0.3636363636363636,0.3333333333333333,0.25,0.42857142857142855,0.33333333333333337,0.0,0.08333333333333333,0.0,0.0,0.0,0.0,0.8214285714285595,0.21739130434782608,0.2608695652173913,0.0,1.0,0.0,0.0,0.0,0.0,0.0,0.0,0.0,0.0,0.0,0.0,0.0,0.0,0.0,0.0,0.0,0.0,0.0,0.0,0.0,0.0,0.0,0.0,0.0,0.0,0.0,0.0,0.0,0.0,0.0,0.0,0.0,1.0,0.0,0.0,0.0,1,29,0
0.2857142857142857,0.3636363636363636,0.3333333333333333,0.25,0.42857142857142855,0.33333333333333337,0.0,0.08333333333333333,0.0,0.0,0.0,0.0,0.8214285714285595,0.21739130434782608,0.2608695652173913,0.0,1.0,0.0,0.0,0.0,0.0,0.0,1.0,0.0,0.0,0.0,0.0,0.0,0.0,0.0,0.0,0.0,0.0,0.0,0.0,0.0,0.0,0.0,0.0,0.0,0.0,0.0,0.0,0.0,0.0,0.0,0.0,0.0,0.0,0.0,0.0,0.0,1,3,0
0.2857142857142857,0.3636363636363636,0.3333333333333333,0.25,0.8571428571428571,0.8333333333333334,0.0,0.08333333333333333,0.0,0.0,0.0,1.0,0.8511904761904638,0.2608695652173913,0.30434782608695654,0.0,1.0,0.0,0.0,0.0,0.0,0.0,0.0,0.0,0.0,0.0,0.0,0.0,0.0,0.0,0.0,0.0,0.0,0.0,0.0,0.0,0.0,0.0,0.0,0.0,0.0,0.0,0.0,0.0,0.0,0.0,0.0,1.0,0.0,0.0,0.0,0.0,1,28,0
0.2857142857142857,0.3636363636363636,0.3333333333333333,0.25,0.8571428571428571,0.8333333333333334,0.0,0.1,0.0,0.0,0.0,1.0,0.8511904761904638,0.30434782608695654,0.34782608695652173,0.0,1.0,0.0,0.0,0.0,0.0,0.0,0.0,0.0,0.0,0.0,0.0,0.0,0.0,0.0,0.0,0.0,0.0,0.0,0.0,0.0,0.0,0.0,0.0,0.0,1.0,0.0,0.0,0.0,0.0,0.0,0.0,0.0,0.0,0.0,0.0,0.0,1,21,0
0.2857142857142857,0.3636363636363636,0.3333333333333333,0.25,0.5714285714285714,0.5,0.0,0.16666666666666666,0.0,0.0,0.0,1.0,0.8660714285714161,0.34782608695652173,0.391304347826087,0.0,1.0,0.0,0.0,0.0,0.0,0.0,0.0,0.0,0.0,0.0,0.0,0.0,0.0,0.0,0.0,0.0,0.0,0.0,0.0,0.0,0.0,0.0,0.0,0.0,0.0,0.0,0.0,0.0,0.0,0.0,0.0,1.0,0.0,0.0,0.0,0.0,1,28,0
0.2857142857142857,0.3636363636363636,0.3333333333333333,0.25,0.5714285714285714,0.5,0.0,0.16666666666666666,0.0,0.0,0.0,0.0,0.8214285714285595,0.34782608695652173,0.391304347826087,0.0,1.0,0.0,0.0,0.0,0.0,0.0,0.0,0.0,0.0,0.0,0.0,0.0,0.0,0.0,0.0,0.0,0.0,0.0,0.0,0.0,0.0,1.0,0.0,0.0,0.0,0.0,0.0,0.0,0.0,0.0,0.0,0.0,0.0,0.0,0.0,0.0,1,18,0
0.2857142857142857,0.3636363636363636,0.3333333333333333,0.25,0.42857142857142855,0.33333333333333337,0.0,0.03333333333333333,0.0,0.0,0.0,1.0,0.851190476190464,0.41304347826086957,0.43478260869565216,0.0,1.0,0.0,0.0,0.0,0.0,0.0,0.0,0.0,0.0,0.0,0.0,0.0,0.0,0.0,0.0,0.0,0.0,0.0,0.0,0.0,0.0,0.0,0.0,0.0,0.0,0.0,0.0,0.0,0.0,0.0,0.0,1.0,0.0,0.0,0.0,0.0,1,28,0
0.2857142857142857,0.45454545454545453,0.3333333333333333,0.625,0.14285714285714285,0.8333333333333334,0.0,0.13333333333333333,0.0,0.0,0.0,1.0,0.8511904761904641,0.6086956521739131,0.6521739130434783,0.0,0.0,0.0,1.0,0.0,0.0,0.0,0.0,0.0,0.0,0.0,0.0,0.0,0.0,0.0,0.0,0.0,0.0,0.0,0.0,0.0,0.0,0.0,0.0,0.0,0.0,0.0,0.0,0.0,0.0,0.0,0.0,0.0,1.0,0.0,0.0,0.0,1,29,0
0.2857142857142857,0.45454545454545453,0.3333333333333333,0.625,0.8571428571428571,0.8333333333333334,0.0,0.11666666666666667,0.0,0.0,0.0,0.0,0.8214285714285595,0.6956521739130435,0.7391304347826088,0.0,0.0,0.0,1.0,0.0,0.0,0.0,0.0,0.0,0.0,0.0,0.0,0.0,0.0,0.0,0.0,0.0,0.0,0.0,0.0,0.0,0.0,0.0,0.0,0.0,0.0,0.0,0.0,0.0,0.0,0.0,0.0,0.0,1.0,0.0,0.0,0.0,1,29,0
0.2857142857142857,0.45454545454545453,0.3333333333333333,0.625,0.8571428571428571,0.8333333333333334,0.0,0.11666666666666667,0.0,0.0,0.0,1.0,0.8511904761904641,0.782608695652174,0.8260869565217391,0.0,0.0,0.0,1.0,0.0,0.0,0.0,1.0,0.0,0.0,0.0,0.0,0.0,0.0,0.0,0.0,0.0,0.0,0.0,0.0,0.0,0.0,0.0,0.0,0.0,0.0,0.0,0.0,0.0,0.0,0.0,0.0,0.0,0.0,0.0,0.0,0.0,1,3,0
0.2857142857142857,0.45454545454545453,0.3333333333333333,0.625,0.42857142857142855,0.33333333333333337,0.0,0.3,0.0,0.0,0.0,1.0,0.8809523809523686,0.8695652173913043,0.9130434782608696,0.0,0.0,0.0,1.0,0.0,0.0,0.0,0.0,0.0,0.0,0.0,0.0,0.0,0.0,0.0,0.0,0.0,0.0,0.0,0.0,0.0,0.0,0.0,0.0,0.0,0.0,0.0,0.0,0.0,0.0,0.0,0.0,1.0,0.0,0.0,0.0,0.0,1,28,0
0.2857142857142857,0.45454545454545453,0.3333333333333333,0.625,0.42857142857142855,0.33333333333333337,0.0,0.16666666666666666,0.0,0.0,0.0,0.0,0.8214285714285595,0.8695652173913043,0.9130434782608696,0.0,0.0,0.0,1.0,0.0,0.0,0.0,1.0,0.0,0.0,0.0,0.0,0.0,0.0,0.0,0.0,0.0,0.0,0.0,0.0,0.0,0.0,0.0,0.0,0.0,0.0,0.0,0.0,0.0,0.0,0.0,0.0,0.0,0.0,0.0,0.0,0.0,1,3,0
0.2857142857142857,0.27272727272727276,0.3333333333333333,0.625,0.7142857142857142,0.6666666666666666,0.0,0.0,0.0,0.16666666666666666,0.0,1.0,0.8571428571428447,0.9130434782608696,0.9565217391304348,0.0,0.0,1.0,0.0,0.0,0.0,0.0,0.0,0.0,0.0,0.0,0.0,0.0,0.0,0.0,0.0,0.0,0.0,0.0,0.0,0.0,0.0,0.0,0.0,0.0,0.0,0.0,0.0,0.0,0.0,0.0,0.0,0.0,0.0,0.0,0.0,0.0,0,33,0
0.2857142857142857,0.27272727272727276,0.3333333333333333,0.625,0.5714285714285714,0.5,0.0,0.11666666666666667,0.0,0.0,0.0,1.0,0.8660714285714161,0.9565217391304348,1.0,0.0,0.0,1.0,0.0,0.0,0.0,0.0,0.0,0.0,0.0,0.0,0.0,0.0,0.0,0.0,0.0,0.0,0.0,0.0,0.0,0.0,0.0,0.0,0.0,0.0,0.0,0.0,0.0,0.0,0.0,0.0,0.0,0.0,1.0,0.0,0.0,0.0,1,29,0
0.2857142857142857,0.27272727272727276,0.3333333333333333,0.625,0.5714285714285714,0.5,0.0,0.16666666666666666,0.0,0.0,0.0,0.0,0.8214285714285595,0.9565217391304348,1.0,0.0,0.0,1.0,0.0,0.0,0.0,0.0,1.0,0.0,0.0,0.0,0.0,0.0,0.0,0.0,0.0,0.0,0.0,0.0,0.0,0.0,0.0,0.0,0.0,0.0,0.0,0.0,0.0,0.0,0.0,0.0,0.0,0.0,0.0,0.0,0.0,0.0,1,3,0
0.42857142857142855,0.27272727272727276,0.3333333333333333,0.5,0.5714285714285714,0.5,0.0,0.13333333333333333,0.0,0.0,0.0,1.0,0.8660714285714161,0.0,0.043478260869565216,0.0,0.0,1.0,0.0,0.0,0.0,0.0,0.0,0.0,0.0,0.0,0.0,0.0,0.0,0.0,0.0,0.0,0.0,0.0,0.0,0.0,1.0,0.0,0.0,0.0,0.0,0.0,0.0,0.0,0.0,0.0,0.0,0.0,0.0,0.0,0.0,0.0,1,17,0
0.42857142857142855,0.27272727272727276,0.3333333333333333,0.5,0.5714285714285714,0.5,0.0,0.16666666666666666,0.0,0.0,0.0,0.0,0.8214285714285595,0.0,0.043478260869565216,0.0,0.0,1.0,0.0,0.0,0.0,0.0,1.0,0.0,0.0,0.0,0.0,0.0,0.0,0.0,0.0,0.0,0.0,0.0,0.0,0.0,0.0,0.0,0.0,0.0,0.0,0.0,0.0,0.0,0.0,0.0,0.0,0.0,0.0,0.0,0.0,0.0,1,3,0
0.42857142857142855,0.27272727272727276,0.3333333333333333,0.375,0.5714285714285714,0.33333333333333337,0.0,0.3333333333333333,0.0,0.0,0.0,1.0,0.8809523809523682,0.13043478260869565,0.17391304347826086,0.0,0.0,1.0,0.0,0.0,0.0,0.0,0.0,0.0,0.0,0.0,0.0,0.0,0.0,0.0,0.0,0.0,0.0,0.0,0.0,0.0,0.0,0.0,0.0,0.0,0.0,0.0,0.0,0.0,0.0,0.0,0.0,0.0,1.0,0.0,0.0,0.0,1,29,0
0.42857142857142855,0.27272727272727276,0.3333333333333333,0.375,0.5714285714285714,0.33333333333333337,0.0,0.16666666666666666,0.0,0.0,0.0,0.0,0.8214285714285595,0.13043478260869565,0.17391304347826086,0.0,0.0,1.0,0.0,0.0,0.0,0.0,1.0,0.0,0.0,0.0,0.0,0.0,0.0,0.0,0.0,0.0,0.0,0.0,0.0,0.0,0.0,0.0,0.0,0.0,0.0,0.0,0.0,0.0,0.0,0.0,0.0,0.0,0.0,0.0,0.0,0.0,1,3,0
0.42857142857142855,0.27272727272727276,0.3333333333333333,0.375,0.2857142857142857,0.6666666666666666,0.0,0.16666666666666666,0.0,0.0,0.0,1.0,0.8571428571428448,0.17391304347826086,0.21739130434782608,0.0,0.0,1.0,0.0,0.0,0.0,0.0,1.0,0.0,0.0,0.0,0.0,0.0,0.0,0.0,0.0,0.0,0.0,0.0,0.0,0.0,0.0,0.0,0.0,0.0,0.0,0.0,0.0,0.0,0.0,0.0,0.0,0.0,0.0,0.0,0.0,0.0,1,3,0
0.42857142857142855,0.3636363636363636,0.3333333333333333,0.375,0.14285714285714285,0.0,0.0,0.5,0.0,0.0,0.0,1.0,0.9999999999999856,0.34782608695652173,0.391304347826087,0.0,1.0,0.0,0.0,0.0,0.0,0.0,0.0,0.0,0.0,0.0,0.0,0.0,0.0,0.0,0.0,0.0,0.0,0.0,0.0,1.0,0.0,0.0,0.0,0.0,0.0,0.0,0.0,0.0,0.0,0.0,0.0,0.0,0.0,0.0,0.0,0.0,1,16,0
0.42857142857142855,0.3636363636363636,0.3333333333333333,0.375,0.14285714285714285,0.0,0.0,0.16666666666666666,0.0,0.0,0.0,0.0,0.8214285714285595,0.34782608695652173,0.391304347826087,0.0,1.0,0.0,0.0,0.0,0.0,0.0,0.0,0.0,0.0,0.0,0.0,0.0,0.0,0.0,0.0,0.0,0.0,0.0,0.0,0.0,0.0,0.0,0.0,0.0,0.0,0.0,0.0,0.0,0.0,0.0,0.0,0.0,1.0,0.0,0.0,0.0,1,29,0
0.42857142857142855,0.3636363636363636,0.3333333333333333,0.375,0.14285714285714285,0.0,0.0,0.16666666666666666,0.0,0.0,0.0,0.0,0.8214285714285595,0.34782608695652173,0.391304347826087,0.0,1.0,0.0,0.0,0.0,0.0,0.0,1.0,0.0,0.0,0.0,0.0,0.0,0.0,0.0,0.0,0.0,0.0,0.0,0.0,0.0,0.0,0.0,0.0,0.0,0.0,0.0,0.0,0.0,0.0,0.0,0.0,0.0,0.0,0.0,0.0,0.0,1,3,0
0.42857142857142855,0.3636363636363636,0.3333333333333333,0.375,0.7142857142857142,0.6666666666666666,0.0,0.16666666666666666,0.0,0.0,0.0,1.0,0.8571428571428447,0.43478260869565216,0.4782608695652174,0.0,1.0,0.0,0.0,0.0,0.0,0.0,0.0,0.0,0.0,0.0,0.0,0.0,0.0,0.0,0.0,0.0,0.0,0.0,0.0,0.0,0.0,0.0,0.0,0.0,0.0,0.0,0.0,0.0,0.0,0.0,0.0,0.0,1.0,0.0,0.0,0.0,1,29,0
0.42857142857142855,0.5454545454545454,0.3333333333333333,0.375,0.8571428571428571,0.8333333333333334,0.0,0.0,0.0,0.16666666666666666,0.0,1.0,0.851190476190464,0.5652173913043478,0.6086956521739131,0.0,0.0,0.0,1.0,0.0,0.0,0.0,0.0,0.0,0.0,0.0,0.0,0.0,0.0,0.0,0.0,0.0,0.0,0.0,0.0,0.0,0.0,0.0,0.0,0.0,0.0,0.0,0.0,0.0,0.0,0.0,0.0,0.0,0.0,0.0,0.0,0.0,0,33,0
0.42857142857142855,0.5454545454545454,0.3333333333333333,0.375,0.8571428571428571,0.8333333333333334,0.0,0.13333333333333333,0.0,0.0,0.0,0.0,0.8214285714285595,0.6086956521739131,0.6521739130434783,0.0,0.0,0.0,1.0,0.0,0.0,0.0,0.0,0.0,0.0,0.0,0.0,0.0,0.0,0.0,0.0,0.0,0.0,0.0,0.0,0.0,0.0,0.0,0.0,0.0,0.0,0.0,0.0,0.0,0.0,0.0,0.0,0.0,0.0,0.0,0.0,0.0,1,33,0
0.42857142857142855,0.5454545454545454,0.3333333333333333,0.375,0.7142857142857142,0.6666666666666666,0.0,0.18333333333333332,0.0,0.0,0.0,0.0,0.8214285714285595,0.6521739130434783,0.6956521739130435,0.0,0.0,0.0,1.0,0.0,0.0,0.0,0.0,0.0,0.0,0.0,0.0,0.0,0.0,0.0,0.0,0.0,0.0,0.0,0.0,0.0,0.0,0.0,0.0,0.0,0.0,0.0,0.0,0.0,0.0,0.0,0.0,0.0,1.0,0.0,0.0,0.0,1,29,0
0.42857142857142855,0.5454545454545454,0.3333333333333333,0.375,0.8571428571428571,0.8333333333333334,0.0,0.0,0.0,0.0,0.16666666666666666,0.0,0.8214285714285595,0.6956521739130435,0.7391304347826088,0.0,0.0,0.0,1.0,0.0,0.0,0.0,1.0,0.0,0.0,0.0,0.0,0.0,0.0,0.0,0.0,0.0,0.0,0.0,0.0,0.0,0.0,0.0,0.0,0.0,0.0,0.0,0.0,0.0,0.0,0.0,0.0,0.0,0.0,0.0,0.0,0.0,0,3,0
0.42857142857142855,0.5454545454545454,0.3333333333333333,0.75,0.5714285714285714,0.8333333333333334,0.0,0.08333333333333333,0.0,0.0,0.0,1.0,0.8511904761904641,0.8695652173913043,0.9130434782608696,0.0,0.0,0.0,1.0,0.0,0.0,0.0,0.0,0.0,0.0,0.0,0.0,0.0,0.0,0.0,0.0,0.0,0.0,0.0,0.0,0.0,0.0,0.0,0.0,0.0,0.0,0.0,0.0,0.0,0.0,0.0,0.0,0.0,1.0,0.0,0.0,0.0,1,29,0
0.42857142857142855,0.5454545454545454,0.3333333333333333,0.75,0.5714285714285714,0.8333333333333334,0.0,0.1,0.0,0.0,0.0,0.0,0.8214285714285595,0.8695652173913043,0.9130434782608696,0.0,0.0,0.0,1.0,0.0,0.0,0.0,0.0,0.0,0.0,0.0,0.0,0.0,0.0,0.0,0.0,0.0,0.0,0.0,0.0,0.0,0.0,0.0,0.0,0.0,0.0,0.0,0.0,0.0,0.0,0.0,0.0,0.0,0.0,1.0,0.0,0.0,1,30,0
0.42857142857142855,0.3636363636363636,0.3333333333333333,0.75,0.8571428571428571,0.8333333333333334,0.0,0.0,0.0,0.16666666666666666,0.0,1.0,0.8511904761904638,0.9130434782608696,0.9565217391304348,0.0,0.0,1.0,0.0,0.0,0.0,0.0,0.0,0.0,0.0,0.0,0.0,0.0,0.0,0.0,0.0,0.0,0.0,0.0,0.0,0.0,0.0,0.0,0.0,0.0,0.0,0.0,0.0,0.0,0.0,0.0,0.0,0.0,0.0,0.0,0.0,0.0,0,33,0
0.42857142857142855,0.3636363636363636,0.3333333333333333,0.75,0.7142857142857142,0.6666666666666666,0.0,0.18333333333333332,0.0,0.0,0.0,1.0,0.8571428571428447,1.0,0.0,0.0,0.0,1.0,0.0,0.0,0.0,0.0,0.0,0.0,0.0,0.0,0.0,0.0,0.0,0.0,0.0,0.0,0.0,0.0,0.0,0.0,0.0,0.0,0.0,0.0,0.0,0.0,0.0,0.0,0.0,0.0,0.0,0.0,1.0,0.0,0.0,0.0,1,29,0
0.42857142857142855,0.3636363636363636,0.3333333333333333,0.75,0.7142857142857142,0.6666666666666666,0.0,0.1,0.0,0.0,0.0,0.0,0.8214285714285595,1.0,0.0,0.0,0.0,1.0,0.0,0.0,0.0,0.0,1.0,0.0,0.0,0.0,0.0,0.0,0.0,0.0,0.0,0.0,0.0,0.0,0.0,0.0,0.0,0.0,0.0,0.0,0.0,0.0,0.0,0.0,0.0,0.0,0.0,0.0,0.0,0.0,0.0,0.0,1,3,0
0.5714285714285714,0.3636363636363636,0.3333333333333333,0.75,0.7142857142857142,0.6666666666666666,0.0,0.18333333333333332,0.0,0.0,0.0,1.0,0.8571428571428448,0.0,0.043478260869565216,0.0,0.0,1.0,0.0,0.0,0.0,0.0,0.0,0.0,0.0,0.0,0.0,0.0,0.0,0.0,0.0,0.0,0.0,0.0,0.0,0.0,0.0,0.0,0.0,0.0,0.0,0.0,0.0,0.0,0.0,0.0,0.0,0.0,1.0,0.0,0.0,0.0,1,29,0
0.5714285714285714,0.3636363636363636,0.3333333333333333,0.75,0.7142857142857142,0.6666666666666666,0.0,0.08333333333333333,0.0,0.0,0.0,0.0,0.8214285714285595,0.0,0.043478260869565216,0.0,0.0,1.0,0.0,0.0,0.0,0.0,0.0,0.0,0.0,0.0,0.0,0.0,0.0,0.0,0.0,0.0,0.0,0.0,0.0,0.0,0.0,0.0,0.0,0.0,0.0,0.0,0.0,0.0,0.0,0.0,0.0,0.0,0.0,0.0,0.0,0.0,1,33,0
0.5714285714285714,0.3636363636363636,0.3333333333333333,0.75,0.7142857142857142,0.6666666666666666,0.0,0.0,0.0,0.13333333333333333,0.0,1.0,0.8571428571428448,0.08695652173913043,0.13043478260869565,0.0,0.0,1.0,0.0,0.0,0.0,0.0,0.0,0.0,0.0,0.0,0.0,0.0,0.0,0.0,0.0,0.0,0.0,0.0,0.0,0.0,0.0,0.0,0.0,0.0,0.0,0.0,0.0,0.0,0.0,0.0,0.0,0.0,0.0,0.0,0.0,0.0,0,33,0
0.5714285714285714,0.3636363636363636,0.3333333333333333,0.75,0.7142857142857142,0.6666666666666666,0.0,0.13333333333333333,0.0,0.0,0.0,0.0,0.8214285714285595,0.08695652173913043,0.13043478260869565,0.0,0.0,1.0,0.0,0.0,0.0,0.0,0.0,0.0,0.0,0.0,0.0,0.0,0.0,0.0,0.0,0.0,0.0,0.0,0.0,0.0,0.0,0.0,0.0,0.0,0.0,0.0,0.0,0.0,0.0,0.0,0.0,0.0,0.0,0.0,0.0,0.0,1,33,0
0.5714285714285714,0.3636363636363636,0.3333333333333333,0.125,0.42857142857142855,0.6666666666666666,0.0,0.18333333333333332,0.0,0.0,0.0,1.0,0.8571428571428448,0.13043478260869565,0.17391304347826086,0.0,0.0,1.0,0.0,0.0,0.0,0.0,0.0,0.0,0.0,0.0,0.0,0.0,0.0,0.0,0.0,0.0,0.0,0.0,0.0,0.0,0.0,0.0,0.0,0.0,0.0,0.0,0.0,0.0,0.0,0.0,0.0,0.0,1.0,0.0,0.0,0.0,1,29,0
0.5714285714285714,0.3636363636363636,0.3333333333333333,0.125,0.42857142857142855,0.6666666666666666,0.0,0.11666666666666667,0.0,0.0,0.0,0.0,0.8214285714285595,0.13043478260869565,0.17391304347826086,0.0,0.0,1.0,0.0,0.0,0.0,0.0,1.0,0.0,0.0,0.0,0.0,0.0,0.0,0.0,0.0,0.0,0.0,0.0,0.0,0.0,0.0,0.0,0.0,0.0,0.0,0.0,0.0,0.0,0.0,0.0,0.0,0.0,0.0,0.0,0.0,0.0,1,3,0
0.5714285714285714,0.3636363636363636,0.3333333333333333,0.375,0.42857142857142855,0.5,0.0,0.25,0.0,0.0,0.0,1.0,0.8660714285714161,0.17391304347826086,0.21739130434782608,0.0,0.0,1.0,0.0,0.0,0.0,0.0,0.0,0.0,0.0,0.0,0.0,0.0,0.0,0.0,0.0,0.0,0.0,0.0,0.0,0.0,0.0,0.0,0.0,0.0,0.0,0.0,0.0,0.0,0.0,0.0,0.0,0.0,1.0,0.0,0.0,0.0,1,29,0
0.5714285714285714,0.3636363636363636,0.3333333333333333,0.375,0.42857142857142855,0.5,0.0,0.0,0.0,0.0,0.08333333333333333,0.0,0.8214285714285595,0.17391304347826086,0.21739130434782608,0.0,0.0,1.0,0.0,0.0,0.0,0.0,0.0,0.0,0.0,0.0,0.0,0.0,0.0,0.0,0.0,0.0,0.0,0.0,0.0,0.0,0.0,0.0,0.0,0.0,0.0,0.0,0.0,0.0,0.0,0.0,0.0,0.0,0.0,0.0,0.0,0.0,0,33,0
0.5714285714285714,0.3636363636363636,0.3333333333333333,0.375,0.42857142857142855,0.33333333333333337,0.0,0.0,0.0,0.16666666666666666,0.0,1.0,0.8809523809523682,0.21739130434782608,0.2608695652173913,0.0,1.0,0.0,0.0,0.0,0.0,0.0,0.0,0.0,0.0,0.0,0.0,0.0,0.0,0.0,0.0,0.0,0.0,0.0,0.0,0.0,0.0,0.0,0.0,0.0,0.0,0.0,0.0,0.0,0.0,0.0,0.0,0.0,0.0,0.0,0.0,0.0,0,33,0
0.5714285714285714,0.3636363636363636,0.3333333333333333,0.375,0.42857142857142855,0.33333333333333337,0.0,0.23333333333333334,0.0,0.0,0.0,0.0,0.8214285714285595,0.21739130434782608,0.2608695652173913,0.0,1.0,0.0,0.0,0.0,0.0,0.0,0.0,0.0,0.0,0.0,0.0,0.0,0.0,0.0,0.0,0.0,0.0,0.0,0.0,0.0,0.0,0.0,0.0,0.0,0.0,0.0,0.0,0.0,0.0,0.0,0.0,0.0,1.0,0.0,0.0,0.0,1,29,0
0.5714285714285714,0.3636363636363636,0.3333333333333333,0.25,0.42857142857142855,0.16666666666666666,0.0,0.7,0.0,0.0,0.0,1.0,0.9107142857142725,0.2608695652173913,0.30434782608695654,0.0,1.0,0.0,0.0,0.0,0.0,0.0,0.0,0.0,0.0,0.0,0.0,0.0,0.0,0.0,0.0,0.0,0.0,0.0,0.0,0.0,0.0,0.0,0.0,0.0,0.0,0.0,0.0,0.0,0.0,0.0,0.0,1.0,0.0,0.0,0.0,0.0,1,28,0
0.5714285714285714,0.3636363636363636,0.3333333333333333,0.25,0.42857142857142855,0.16666666666666666,0.0,1.0,0.0,0.0,0.0,1.0,0.8214285714285595,0.30434782608695654,0.34782608695652173,0.0,1.0,0.0,0.0,0.0,0.0,0.0,0.0,0.0,0.0,0.0,0.0,0.0,0.0,0.0,0.0,0.0,0.0,0.0,0.0,0.0,0.0,0.0,0.0,0.0,0.0,0.0,0.0,0.0,0.0,0.0,0.0,1.0,0.0,0.0,0.0,0.0,1,28,0
0.5714285714285714,0.3636363636363636,0.3333333333333333,0.5,0.42857142857142855,0.5,0.0,0.3333333333333333,0.0,0.0,0.0,1.0,0.8660714285714161,0.34782608695652173,0.391304347826087,0.0,1.0,0.0,0.0,0.0,0.0,0.0,0.0,0.0,0.0,0.0,0.0,0.0,0.0,0.0,0.0,0.0,0.0,0.0,0.0,0.0,0.0,0.0,0.0,0.0,0.0,0.0,0.0,0.0,0.0,0.0,0.0,1.0,0.0,0.0,0.0,0.0,1,28,0
0.5714285714285714,0.3636363636363636,0.3333333333333333,0.5,0.42857142857142855,0.5,0.0,0.0,0.0,0.5833333333333334,0.0,1.0,0.8660714285714161,0.4782608695652174,0.5217391304347826,0.0,1.0,0.0,0.0,0.0,0.0,0.0,0.0,0.0,0.0,0.0,0.0,0.0,0.0,0.0,0.0,0.0,0.0,0.0,0.0,0.0,0.0,0.0,0.0,0.0,0.0,0.0,0.0,0.0,0.0,1.0,0.0,0.0,0.0,0.0,0.0,0.0,0,26,0
0.5714285714285714,0.5454545454545454,0.3333333333333333,0.5,1.0,0.9999999999999999,0.0,0.0,0.0,0.16666666666666666,0.0,1.0,0.846938775510192,0.6086956521739131,0.6521739130434783,0.0,0.0,0.0,1.0,0.0,0.0,0.0,0.0,0.0,0.0,0.0,0.0,0.0,0.0,0.0,0.0,0.0,0.0,0.0,0.0,0.0,0.0,0.0,0.0,0.0,0.0,0.0,0.0,0.0,0.0,0.0,0.0,0.0,0.0,0.0,0.0,0.0,0,33,0
0.5714285714285714,0.5454545454545454,0.3333333333333333,0.5,0.5714285714285714,0.5,0.0,0.3333333333333333,0.0,0.0,0.0,0.0,0.8214285714285595,0.8695652173913043,0.9130434782608696,0.0,0.0,0.0,1.0,0.0,0.0,0.0,0.0,0.0,0.0,0.0,0.0,0.0,0.0,0.0,0.0,0.0,0.0,0.0,0.0,0.0,0.0,0.0,0.0,0.0,0.0,0.0,1.0,0.0,0.0,0.0,0.0,0.0,0.0,0.0,0.0,0.0,1,23,0
0.5714285714285714,0.3636363636363636,0.3333333333333333,0.75,0.5714285714285714,0.8333333333333334,0.0,0.08333333333333333,0.0,0.0,0.0,1.0,0.8511904761904638,0.9130434782608696,0.9565217391304348,0.0,0.0,1.0,0.0,0.0,0.0,0.0,0.0,0.0,0.0,0.0,0.0,0.0,0.0,0.0,0.0,0.0,0.0,0.0,0.0,0.0,0.0,0.0,0.0,0.0,0.0,0.0,0.0,0.0,0.0,0.0,0.0,0.0,0.0,1.0,0.0,0.0,1,30,0
0.5714285714285714,0.3636363636363636,0.3333333333333333,0.625,0.5714285714285714,0.6666666666666666,0.0,0.08333333333333333,0.0,0.0,0.0,1.0,0.8571428571428448,0.9565217391304348,1.0,0.0,0.0,1.0,0.0,0.0,0.0,0.0,0.0,0.0,0.0,0.0,0.0,0.0,0.0,0.0,0.0,0.0,0.0,0.0,0.0,0.0,0.0,0.0,0.0,0.0,0.0,0.0,0.0,0.0,0.0,0.0,0.0,0.0,0.0,1.0,0.0,0.0,1,30,0
0.5714285714285714,0.3636363636363636,0.3333333333333333,0.25,0.5714285714285714,0.16666666666666666,0.0,0.5,0.0,0.0,0.0,1.0,0.9107142857142725,1.0,0.0,0.0,0.0,1.0,0.0,0.0,0.0,0.0,0.0,0.0,0.0,0.0,0.0,0.0,0.0,0.0,0.0,0.0,0.0,0.0,0.0,0.0,0.0,0.0,0.0,0.0,0.0,0.0,0.0,0.0,0.0,0.0,0.0,0.0,0.0,1.0,0.0,0.0,1,30,0
0.5714285714285714,0.3636363636363636,0.3333333333333333,0.25,0.5714285714285714,0.16666666666666666,0.0,0.16666666666666666,0.0,0.0,0.0,0.0,0.8214285714285595,1.0,0.0,0.0,0.0,1.0,0.0,0.0,0.0,0.0,1.0,0.0,0.0,0.0,0.0,0.0,0.0,0.0,0.0,0.0,0.0,0.0,0.0,0.0,0.0,0.0,0.0,0.0,0.0,0.0,0.0,0.0,0.0,0.0,0.0,0.0,0.0,0.0,0.0,0.0,1,3,0
0.7142857142857142,0.3636363636363636,0.3333333333333333,0.25,0.14285714285714285,0.0,0.0,0.16666666666666666,0.0,0.0,0.0,1.0,0.9107142857142725,0.06521739130434782,0.08695652173913043,0.0,0.0,1.0,0.0,0.0,0.0,0.0,1.0,0.0,0.0,0.0,0.0,0.0,0.0,0.0,0.0,0.0,0.0,0.0,0.0,0.0,0.0,0.0,0.0,0.0,0.0,0.0,0.0,0.0,0.0,0.0,0.0,0.0,0.0,0.0,0.0,0.0,1,3,0
0.7142857142857142,0.3636363636363636,0.3333333333333333,0.25,0.14285714285714285,0.0,0.0,0.0,0.0,0.16666666666666666,0.0,0.0,0.8214285714285595,0.06521739130434782,0.08695652173913043,0.0,0.0,1.0,0.0,0.0,0.0,0.0,0.0,0.0,0.0,0.0,0.0,0.0,0.0,0.0,0.0,0.0,0.0,0.0,0.0,0.0,0.0,0.0,0.0,0.0,0.0,0.0,0.0,0.0,0.0,0.0,0.0,0.0,0.0,0.0,0.0,0.0,0,33,0
0.7142857142857142,0.3636363636363636,0.3333333333333333,0.25,0.5714285714285714,0.5,0.0,0.25,0.0,0.0,0.0,1.0,0.8660714285714161,0.08695652173913043,0.13043478260869565,0.0,0.0,1.0,0.0,0.0,0.0,0.0,0.0,0.0,0.0,0.0,0.0,0.0,0.0,0.0,0.0,0.0,0.0,0.0,0.0,0.0,0.0,0.0,0.0,0.0,0.0,0.0,0.0,0.0,0.0,0.0,0.0,0.0,1.0,0.0,0.0,0.0,1,29,0
0.7142857142857142,0.3636363636363636,0.3333333333333333,0.25,0.5714285714285714,0.5,0.0,0.16666666666666666,0.0,0.0,0.0,0.0,0.8214285714285595,0.08695652173913043,0.13043478260869565,0.0,0.0,1.0,0.0,0.0,0.0,0.0,1.0,0.0,0.0,0.0,0.0,0.0,0.0,0.0,0.0,0.0,0.0,0.0,0.0,0.0,0.0,0.0,0.0,0.0,0.0,0.0,0.0,0.0,0.0,0.0,0.0,0.0,0.0,0.0,0.0,0.0,1,3,0
0.7142857142857142,0.3636363636363636,0.3333333333333333,0.25,0.7142857142857142,0.6666666666666666,0.0,0.08333333333333333,0.0,0.0,0.0,1.0,0.8571428571428448,0.13043478260869565,0.17391304347826086,0.0,0.0,1.0,0.0,0.0,0.0,0.0,0.0,0.0,0.0,0.0,0.0,0.0,0.0,0.0,0.0,0.0,0.0,0.0,0.0,0.0,0.0,0.0,0.0,0.0,0.0,0.0,0.0,0.0,0.0,0.0,0.0,0.0,0.0,1.0,0.0,0.0,1,30,0
0.7142857142857142,0.3636363636363636,0.3333333333333333,0.25,0.7142857142857142,0.6666666666666666,0.0,0.16666666666666666,0.0,0.0,0.0,0.0,0.8214285714285595,0.13043478260869565,0.17391304347826086,0.0,0.0,1.0,0.0,0.0,0.0,0.0,1.0,0.0,0.0,0.0,0.0,0.0,0.0,0.0,0.0,0.0,0.0,0.0,0.0,0.0,0.0,0.0,0.0,0.0,0.0,0.0,0.0,0.0,0.0,0.0,0.0,0.0,0.0,0.0,0.0,0.0,1,3,0
0.7142857142857142,0.3636363636363636,0.3333333333333333,0.25,0.7142857142857142,0.6666666666666666,0.0,0.08333333333333333,0.0,0.0,0.0,1.0,0.8571428571428448,0.17391304347826086,0.21739130434782608,0.0,0.0,1.0,0.0,0.0,0.0,0.0,0.0,0.0,0.0,0.0,0.0,0.0,0.0,0.0,0.0,0.0,0.0,0.0,0.0,0.0,0.0,0.0,0.0,0.0,0.0,0.0,0.0,0.0,0.0,0.0,0.0,0.0,0.0,1.0,0.0,0.0,1,30,0
0.7142857142857142,0.3636363636363636,0.3333333333333333,0.25,0.7142857142857142,0.6666666666666666,0.0,0.16666666666666666,0.0,0.0,0.0,0.0,0.8214285714285595,0.17391304347826086,0.21739130434782608,0.0,0.0,1.0,0.0,0.0,0.0,0.0,1.0,0.0,0.0,0.0,0.0,0.0,0.0,0.0,0.0,0.0,0.0,0.0,0.0,0.0,0.0,0.0,0.0,0.0,0.0,0.0,0.0,0.0,0.0,0.0,0.0,0.0,0.0,0.0,0.0,0.0,1,3,0
0.7142857142857142,0.3636363636363636,0.3333333333333333,0.25,0.7142857142857142,0.6666666666666666,0.0,0.0,0.0,0.16666666666666666,0.0,1.0,0.8571428571428448,0.21739130434782608,0.2608695652173913,0.0,1.0,0.0,0.0,0.0,0.0,0.0,0.0,0.0,0.0,0.0,0.0,0.0,0.0,0.0,0.0,0.0,0.0,0.0,0.0,0.0,0.0,0.0,0.0,0.0,0.0,0.0,0.0,0.0,0.0,0.0,0.0,0.0,0.0,0.0,0.0,0.0,0,33,0
0.7142857142857142,0.3636363636363636,0.3333333333333333,0.25,0.7142857142857142,0.6666666666666666,0.0,0.08333333333333333,0.0,0.0,0.0,0.0,0.8214285714285595,0.21739130434782608,0.2608695652173913,0.0,1.0,0.0,0.0,0.0,0.0,0.0,0.0,0.0,0.0,0.0,0.0,0.0,0.0,0.0,0.0,0.0,0.0,0.0,0.0,0.0,0.0,0.0,0.0,0.0,0.0,0.0,0.0,0.0,0.0,0.0,0.0,0.0,0.0,1.0,0.0,0.0,1,30,0
0.7142857142857142,0.3636363636363636,0.3333333333333333,0.25,0.5714285714285714,0.5,0.0,0.16666666666666666,0.0,0.0,0.0,1.0,0.8660714285714161,0.2608695652173913,0.30434782608695654,0.0,1.0,0.0,0.0,0.0,0.0,0.0,0.0,0.0,0.0,0.0,0.0,0.0,0.0,0.0,0.0,0.0,0.0,0.0,0.0,0.0,0.0,0.0,0.0,0.0,0.0,0.0,0.0,0.0,0.0,0.0,0.0,0.0,0.0,0.0,0.0,0.0,1,33,0
0.7142857142857142,0.3636363636363636,0.3333333333333333,0.25,0.5714285714285714,0.5,0.0,0.08333333333333333,0.0,0.0,0.0,0.0,0.8214285714285595,0.2608695652173913,0.30434782608695654,0.0,1.0,0.0,0.0,0.0,0.0,0.0,0.0,0.0,0.0,0.0,0.0,0.0,0.0,0.0,0.0,0.0,0.0,0.0,0.0,0.0,0.0,0.0,0.0,0.0,0.0,0.0,0.0,0.0,0.0,0.0,0.0,0.0,0.0,1.0,0.0,0.0,1,30,0
0.7142857142857142,0.3636363636363636,0.3333333333333333,0.375,0.14285714285714285,0.5,0.0,0.25,0.0,0.0,0.0,1.0,0.866071428571416,0.30434782608695654,0.34782608695652173,0.0,1.0,0.0,0.0,0.0,0.0,0.0,0.0,0.0,0.0,0.0,0.0,0.0,0.0,0.0,0.0,0.0,0.0,0.0,0.0,1.0,0.0,0.0,0.0,0.0,0.0,0.0,0.0,0.0,0.0,0.0,0.0,0.0,0.0,0.0,0.0,0.0,1,16,0
0.7142857142857142,0.3636363636363636,0.3333333333333333,0.375,0.14285714285714285,0.5,0.0,0.13333333333333333,0.0,0.0,0.0,0.0,0.8214285714285595,0.30434782608695654,0.34782608695652173,0.0,1.0,0.0,0.0,0.0,0.0,0.0,0.0,0.0,0.0,0.0,0.0,0.0,1.0,0.0,0.0,0.0,0.0,0.0,0.0,0.0,0.0,0.0,0.0,0.0,0.0,0.0,0.0,0.0,0.0,0.0,0.0,0.0,0.0,0.0,0.0,0.0,1,9,0
0.7142857142857142,0.3636363636363636,0.3333333333333333,0.5,0.14285714285714285,0.5,0.0,0.0,0.0,0.0,0.3333333333333333,0.0,0.8214285714285595,0.34782608695652173,0.391304347826087,0.0,1.0,0.0,0.0,0.0,0.0,0.0,0.0,0.0,0.0,0.0,0.0,0.0,0.0,0.0,0.0,0.0,0.0,0.0,0.0,0.0,0.0,0.0,0.0,0.0,0.0,0.0,0.0,0.0,0.0,0.0,0.0,0.0,0.0,0.0,0.0,0.0,0,33,0
0.7142857142857142,0.3636363636363636,0.3333333333333333,0.25,0.14285714285714285,0.33333333333333337,0.0,0.0,0.0,0.0,0.08333333333333333,1.0,0.851190476190464,0.41304347826086957,0.43478260869565216,0.0,1.0,0.0,0.0,0.0,0.0,0.0,0.0,0.0,0.0,0.0,0.0,0.0,0.0,0.0,0.0,0.0,0.0,0.0,0.0,0.0,0.0,0.0,0.0,0.0,0.0,0.0,0.0,0.0,0.0,0.0,0.0,0.0,0.0,0.0,0.0,0.0,0,33,0
0.7142857142857142,0.3636363636363636,0.3333333333333333,0.125,0.7142857142857142,0.8333333333333334,0.0,0.0,0.0,0.0,0.16666666666666666,1.0,0.8511904761904638,0.43478260869565216,0.4782608695652174,0.0,1.0,0.0,0.0,0.0,0.0,0.0,0.0,0.0,0.0,0.0,0.0,0.0,0.0,0.0,0.0,0.0,0.0,0.0,0.0,0.0,0.0,0.0,0.0,0.0,0.0,0.0,0.0,0.0,0.0,0.0,0.0,0.0,0.0,0.0,0.0,0.0,0,33,0
0.7142857142857142,0.45454545454545453,0.3333333333333333,0.25,0.5714285714285714,0.8333333333333334,0.0,0.0,0.0,0.0,0.13333333333333333,1.0,0.8511904761904638,0.4782608695652174,0.5217391304347826,0.0,1.0,0.0,0.0,0.0,0.0,0.0,0.0,0.0,0.0,0.0,0.0,0.0,0.0,0.0,0.0,0.0,0.0,0.0,0.0,0.0,0.0,0.0,0.0,0.0,0.0,0.0,0.0,0.0,0.0,0.0,0.0,0.0,0.0,0.0,0.0,0.0,0,33,0
0.7142857142857142,0.45454545454545453,0.3333333333333333,0.25,0.7142857142857142,0.6666666666666666,0.0,0.0,0.0,0.3333333333333333,0.0,1.0,0.8571428571428447,0.5217391304347826,0.5652173913043478,0.0,1.0,0.0,0.0,0.0,0.0,0.0,0.0,0.0,0.0,0.0,0.0,0.0,0.0,0.0,0.0,0.0,0.0,0.0,0.0,0.0,0.0,0.0,0.0,0.0,0.0,0.0,0.0,0.0,0.0,0.0,0.0,0.0,1.0,0.0,0.0,0.0,0,29,0
0.7142857142857142,0.6363636363636365,0.3333333333333333,0.25,0.8571428571428571,0.8333333333333334,0.0,0.0,0.0,0.16666666666666666,0.0,1.0,0.851190476190464,0.5652173913043478,0.6086956521739131,0.0,0.0,0.0,1.0,0.0,0.0,0.0,0.0,0.0,0.0,0.0,0.0,0.0,0.0,0.0,0.0,0.0,0.0,0.0,0.0,0.0,0.0,0.0,0.0,0.0,0.0,0.0,0.0,0.0,0.0,0.0,0.0,0.0,0.0,0.0,0.0,0.0,0,33,0
0.7142857142857142,0.6363636363636365,0.3333333333333333,0.25,0.7142857142857142,0.6666666666666666,0.0,0.11666666666666667,0.0,0.0,0.0,1.0,0.857142857142845,0.6086956521739131,0.6521739130434783,0.0,0.0,0.0,1.0,0.0,0.0,0.0,0.0,0.0,0.0,0.0,0.0,0.0,0.0,0.0,0.0,0.0,0.0,0.0,0.0,0.0,0.0,0.0,0.0,0.0,0.0,0.0,0.0,0.0,0.0,0.0,0.0,0.0,0.0,1.0,0.0,0.0,1,30,0
0.7142857142857142,0.6363636363636365,0.3333333333333333,0.25,0.7142857142857142,0.6666666666666666,0.0,0.13333333333333333,0.0,0.0,0.0,0.0,0.8214285714285595,0.6086956521739131,0.6521739130434783,0.0,0.0,0.0,1.0,0.0,0.0,0.0,0.0,0.0,0.0,0.0,0.0,0.0,0.0,0.0,0.0,0.0,0.0,0.0,0.0,0.0,0.0,0.0,0.0,0.0,0.0,0.0,0.0,0.0,0.0,0.0,0.0,0.0,0.0,1.0,0.0,0.0,1,30,0
0.7142857142857142,0.6363636363636365,0.3333333333333333,0.25,0.8571428571428571,0.8333333333333334,0.0,0.11666666666666667,0.0,0.0,0.0,1.0,0.8511904761904641,0.6521739130434783,0.6956521739130435,0.0,0.0,0.0,1.0,0.0,0.0,0.0,0.0,0.0,0.0,0.0,0.0,0.0,0.0,0.0,0.0,0.0,0.0,0.0,0.0,0.0,0.0,0.0,0.0,0.0,0.0,0.0,0.0,0.0,0.0,0.0,0.0,0.0,0.0,1.0,0.0,0.0,1,30,0
0.7142857142857142,0.6363636363636365,0.3333333333333333,0.25,0.5714285714285714,0.5,0.0,0.3833333333333333,0.0,0.0,0.0,0.0,0.8214285714285595,0.6956521739130435,0.7391304347826088,0.0,0.0,0.0,1.0,0.0,0.0,0.0,0.0,0.0,0.0,0.0,0.0,0.0,0.0,0.0,0.0,0.0,0.0,0.0,0.0,0.0,0.0,0.0,0.0,0.0,0.0,0.0,1.0,0.0,0.0,0.0,0.0,0.0,0.0,0.0,0.0,0.0,1,23,0
0.7142857142857142,0.6363636363636365,0.3333333333333333,0.25,0.5714285714285714,0.5,0.0,0.16666666666666666,0.0,0.0,0.0,1.0,0.8437499999999878,0.7608695652173914,0.782608695652174,0.0,0.0,0.0,1.0,0.0,0.0,0.0,0.0,0.0,0.0,0.0,0.0,0.0,0.0,0.0,0.0,0.0,0.0,0.0,0.0,0.0,0.0,0.0,0.0,0.0,0.0,0.0,0.0,0.0,0.0,0.0,0.0,0.0,1.0,0.0,0.0,0.0,1,29,0
0.7142857142857142,0.6363636363636365,0.3333333333333333,0.25,0.5714285714285714,0.5,0.0,0.16666666666666666,0.0,0.0,0.0,0.0,0.8214285714285595,0.7608695652173914,0.782608695652174,0.0,0.0,0.0,1.0,0.0,0.0,0.0,0.0,0.0,0.0,0.0,0.0,0.0,0.0,0.0,0.0,0.0,0.0,0.0,0.0,0.0,0.0,0.0,0.0,0.0,0.0,0.0,0.0,0.0,0.0,0.0,0.0,0.0,0.0,1.0,0.0,0.0,1,30,0
0.7142857142857142,0.6363636363636365,0.3333333333333333,0.25,0.7142857142857142,0.6666666666666666,0.0,0.15,0.0,0.0,0.0,0.0,0.8214285714285595,0.782608695652174,0.8260869565217391,0.0,0.0,0.0,1.0,0.0,0.0,0.0,0.0,0.0,0.0,0.0,0.0,0.0,0.0,0.0,0.0,0.0,0.0,0.0,0.0,0.0,0.0,0.0,0.0,0.0,0.0,0.0,0.0,0.0,0.0,0.0,0.0,0.0,0.0,1.0,0.0,0.0,1,30,0
0.7142857142857142,0.6363636363636365,0.3333333333333333,0.25,0.7142857142857142,0.6666666666666666,0.0,0.0,0.0,0.16666666666666666,0.0,0.0,0.8214285714285595,0.8260869565217391,0.8695652173913043,0.0,0.0,0.0,1.0,0.0,0.0,0.0,0.0,0.0,0.0,0.0,0.0,0.0,0.0,0.0,0.0,0.0,0.0,0.0,0.0,0.0,0.0,0.0,0.0,0.0,0.0,0.0,0.0,0.0,0.0,0.0,0.0,0.0,0.0,1.0,0.0,0.0,0,30,0
0.7142857142857142,0.6363636363636365,0.3333333333333333,0.25,0.5714285714285714,0.5,0.0,0.0,0.0,0.16666666666666666,0.0,1.0,0.8660714285714164,0.8695652173913043,0.9130434782608696,0.0,0.0,0.0,1.0,0.0,0.0,0.0,0.0,0.0,0.0,0.0,0.0,0.0,0.0,0.0,0.0,0.0,0.0,0.0,0.0,0.0,0.0,0.0,0.0,0.0,0.0,0.0,0.0,0.0,0.0,0.0,0.0,0.0,0.0,1.0,0.0,0.0,0,30,0
0.7142857142857142,0.3636363636363636,0.3333333333333333,0.25,0.5714285714285714,0.5,0.0,0.0,0.0,0.16666666666666666,0.0,1.0,0.866071428571416,0.9130434782608696,0.9565217391304348,0.0,0.0,1.0,0.0,0.0,0.0,0.0,0.0,0.0,0.0,0.0,0.0,0.0,0.0,0.0,0.0,0.0,0.0,0.0,0.0,0.0,0.0,0.0,0.0,0.0,0.0,0.0,0.0,0.0,0.0,0.0,0.0,0.0,0.0,0.0,0.0,0.0,0,33,0
0.7142857142857142,0.3636363636363636,0.3333333333333333,0.25,0.7142857142857142,0.6666666666666666,0.0,0.16666666666666666,0.0,0.0,0.0,1.0,0.8571428571428447,1.0,0.0,0.0,0.0,1.0,0.0,0.0,0.0,0.0,0.0,0.0,0.0,0.0,0.0,0.0,0.0,0.0,0.0,0.0,0.0,0.0,0.0,0.0,0.0,0.0,0.0,0.0,0.0,0.0,0.0,0.0,0.0,0.0,0.0,0.0,1.0,0.0,0.0,0.0,1,29,0
0.8571428571428571,0.3636363636363636,0.3333333333333333,0.5,0.7142857142857142,0.5,0.0,0.16666666666666666,0.0,0.0,0.0,1.0,0.8660714285714161,0.0,0.043478260869565216,0.0,0.0,1.0,0.0,0.0,0.0,0.0,0.0,0.0,0.0,0.0,0.0,0.0,0.0,0.0,0.0,0.0,0.0,0.0,0.0,0.0,0.0,0.0,0.0,0.0,0.0,0.0,0.0,0.0,0.0,0.0,0.0,0.0,1.0,0.0,0.0,0.0,1,29,0
0.8571428571428571,0.3636363636363636,0.3333333333333333,0.5,0.7142857142857142,0.5,0.0,0.16666666666666666,0.0,0.0,0.0,0.0,0.8214285714285595,0.0,0.043478260869565216,0.0,0.0,1.0,0.0,0.0,0.0,0.0,1.0,0.0,0.0,0.0,0.0,0.0,0.0,0.0,0.0,0.0,0.0,0.0,0.0,0.0,0.0,0.0,0.0,0.0,0.0,0.0,0.0,0.0,0.0,0.0,0.0,0.0,0.0,0.0,0.0,0.0,1,3,0
0.8571428571428571,0.3636363636363636,0.3333333333333333,0.125,0.7142857142857142,0.6666666666666666,0.0,0.16666666666666666,0.0,0.0,0.0,1.0,0.8571428571428448,0.08695652173913043,0.13043478260869565,0.0,0.0,1.0,0.0,0.0,0.0,0.0,0.0,0.0,0.0,0.0,0.0,0.0,0.0,0.0,0.0,0.0,0.0,0.0,0.0,0.0,0.0,0.0,0.0,0.0,0.0,0.0,0.0,0.0,0.0,0.0,0.0,0.0,1.0,0.0,0.0,0.0,1,29,0
0.8571428571428571,0.3636363636363636,0.3333333333333333,0.125,0.7142857142857142,0.6666666666666666,0.0,0.16666666666666666,0.0,0.0,0.0,1.0,0.8571428571428448,0.13043478260869565,0.17391304347826086,0.0,0.0,1.0,0.0,0.0,0.0,0.0,0.0,0.0,0.0,0.0,0.0,0.0,0.0,0.0,0.0,0.0,0.0,0.0,0.0,0.0,0.0,0.0,0.0,0.0,0.0,0.0,0.0,0.0,0.0,0.0,0.0,0.0,1.0,0.0,0.0,0.0,1,29,0
0.8571428571428571,0.3636363636363636,0.3333333333333333,0.125,0.5714285714285714,0.5,0.0,0.16666666666666666,0.0,0.0,0.0,1.0,0.8660714285714161,0.17391304347826086,0.21739130434782608,0.0,0.0,1.0,0.0,0.0,0.0,0.0,0.0,0.0,0.0,0.0,0.0,0.0,0.0,0.0,0.0,0.0,0.0,0.0,0.0,0.0,0.0,0.0,0.0,0.0,0.0,0.0,0.0,0.0,0.0,0.0,0.0,0.0,1.0,0.0,0.0,0.0,1,29,0
0.8571428571428571,0.3636363636363636,0.3333333333333333,0.125,0.42857142857142855,0.33333333333333337,0.16666666666666666,0.0,0.0,0.0,0.0,1.0,0.8809523809523682,0.21739130434782608,0.2608695652173913,0.0,1.0,0.0,0.0,0.0,1.0,0.0,0.0,0.0,0.0,0.0,0.0,0.0,0.0,0.0,0.0,0.0,0.0,0.0,0.0,0.0,0.0,0.0,0.0,0.0,0.0,0.0,0.0,0.0,0.0,0.0,0.0,0.0,0.0,0.0,0.0,0.0,0,1,0
0.8571428571428571,0.3636363636363636,0.3333333333333333,0.0,0.0,0.33333333333333337,0.0,1.0,0.0,0.0,0.0,1.0,0.8214285714285595,0.2608695652173913,0.30434782608695654,0.0,1.0,0.0,0.0,0.0,0.0,0.0,0.0,0.0,0.0,0.0,0.0,0.0,0.0,0.0,0.0,0.0,0.0,0.0,0.0,0.0,0.0,0.0,0.0,0.0,0.0,0.0,0.0,0.0,0.0,0.0,0.0,0.0,0.0,0.0,0.0,0.0,1,33,0
0.8571428571428571,0.3636363636363636,0.3333333333333333,0.0,0.2857142857142857,0.16666666666666666,0.0,0.5,0.0,0.0,0.0,1.0,0.9107142857142709,0.30434782608695654,0.34782608695652173,0.0,1.0,0.0,0.0,0.0,0.0,0.0,0.0,0.0,0.0,0.0,0.0,0.0,0.0,0.0,0.0,0.0,0.0,0.0,0.0,0.0,0.0,0.0,0.0,0.0,0.0,0.0,0.0,0.0,0.0,0.0,0.0,0.0,0.0,0.0,0.0,0.0,1,33,0
0.8571428571428571,0.3636363636363636,0.3333333333333333,0.0,0.8571428571428571,0.8333333333333334,0.0,0.16666666666666666,0.0,0.0,0.0,1.0,0.8511904761904641,0.34782608695652173,0.391304347826087,0.0,1.0,0.0,0.0,0.0,0.0,0.0,0.0,0.0,0.0,0.0,0.0,0.0,0.0,0.0,0.0,0.0,0.0,0.0,0.0,0.0,0.0,0.0,0.0,0.0,0.0,0.0,0.0,0.0,0.0,0.0,0.0,0.0,0.0,0.0,0.0,0.0,1,33,0
0.8571428571428571,0.3636363636363636,0.3333333333333333,0.0,0.2857142857142857,0.16666666666666666,0.0,0.16666666666666666,0.0,0.0,0.0,1.0,0.8660714285714168,0.41304347826086957,0.43478260869565216,0.0,1.0,0.0,0.0,0.0,0.0,0.0,0.0,0.0,0.0,0.0,0.0,0.0,0.0,0.0,0.0,0.0,0.0,0.0,0.0,0.0,0.0,0.0,0.0,0.0,0.0,0.0,0.0,0.0,0.0,0.0,0.0,0.0,0.0,0.0,0.0,0.0,1,33,0
0.8571428571428571,0.3636363636363636,0.3333333333333333,0.0,0.7142857142857142,0.6666666666666666,0.0,0.16666666666666666,0.0,0.0,0.0,1.0,0.8571428571428441,0.43478260869565216,0.4782608695652174,0.0,1.0,0.0,0.0,0.0,0.0,0.0,0.0,0.0,0.0,0.0,0.0,0.0,0.0,0.0,0.0,0.0,0.0,0.0,0.0,0.0,0.0,0.0,0.0,0.0,0.0,0.0,0.0,0.0,0.0,0.0,0.0,0.0,0.0,0.0,0.0,0.0,1,33,0
0.8571428571428571,0.3636363636363636,0.3333333333333333,0.0,0.7142857142857142,0.6666666666666666,0.0,0.16666666666666666,0.0,0.0,0.0,1.0,0.8214285714285595,0.4782608695652174,0.5217391304347826,0.0,1.0,0.0,0.0,0.0,0.0,0.0,0.0,0.0,0.0,0.0,0.0,0.0,0.0,0.0,0.0,0.0,0.0,0.0,0.0,0.0,0.0,0.0,0.0,0.0,0.0,0.0,0.0,0.0,0.0,0.0,0.0,0.0,0.0,0.0,0.0,0.0,1,33,0
1.0,0.45454545454545453,0.3333333333333333,0.0,0.8571428571428571,0.8333333333333334,0.16666666666666666,0.0,0.0,0.0,0.0,1.0,0.8511904761904638,0.9130434782608696,0.9565217391304348,0.0,0.0,1.0,0.0,0.0,1.0,0.0,0.0,0.0,0.0,0.0,0.0,0.0,0.0,0.0,0.0,0.0,0.0,0.0,0.0,0.0,0.0,0.0,0.0,0.0,0.0,0.0,0.0,0.0,0.0,0.0,0.0,0.0,0.0,0.0,0.0,0.0,0,1,0
1.0,0.45454545454545453,0.3333333333333333,0.0,0.8571428571428571,0.8333333333333334,0.0,0.08333333333333333,0.0,0.0,0.0,1.0,0.8511904761904634,0.9565217391304348,1.0,0.0,0.0,1.0,0.0,0.0,0.0,0.0,1.0,0.0,0.0,0.0,0.0,0.0,0.0,0.0,0.0,0.0,0.0,0.0,0.0,0.0,0.0,0.0,0.0,0.0,0.0,0.0,0.0,0.0,0.0,0.0,0.0,0.0,0.0,0.0,0.0,0.0,1,3,0
1.0,0.45454545454545453,0.3333333333333333,0.0,0.8571428571428571,0.8333333333333334,0.0,0.08333333333333333,0.0,0.0,0.0,1.0,0.8511904761904641,1.0,0.0,0.0,0.0,1.0,0.0,0.0,0.0,0.0,0.0,0.0,0.0,0.0,0.0,0.0,0.0,0.0,0.0,0.0,0.0,0.0,0.0,0.0,0.0,0.0,0.0,0.0,0.0,0.0,0.0,0.0,0.0,0.0,0.0,0.0,1.0,0.0,0.0,0.0,1,29,0
0.14285714285714285,0.45454545454545453,0.3333333333333333,0.0,0.8571428571428571,0.8333333333333334,0.0,0.16666666666666666,0.0,0.0,0.0,1.0,0.8511904761904663,0.08695652173913043,0.13043478260869565,0.0,0.0,1.0,0.0,0.0,0.0,0.0,0.0,0.0,0.0,0.0,0.0,0.0,0.0,0.0,0.0,0.0,0.0,0.0,0.0,0.0,0.0,0.0,0.0,0.0,0.0,0.0,0.0,0.0,0.0,0.0,0.0,0.0,0.0,1.0,0.0,0.0,1,30,0
0.14285714285714285,0.45454545454545453,0.3333333333333333,0.0,0.14285714285714285,0.0,0.0,0.16666666666666666,0.0,0.0,0.0,1.0,1.0,0.13043478260869565,0.17391304347826086,0.0,0.0,1.0,0.0,0.0,0.0,0.0,0.0,0.0,0.0,0.0,0.0,0.0,0.0,0.0,0.0,0.0,0.0,0.0,0.0,0.0,0.0,0.0,0.0,0.0,0.0,0.0,0.0,0.0,0.0,0.0,0.0,0.0,0.0,1.0,0.0,0.0,1,30,0
0.14285714285714285,0.45454545454545453,0.3333333333333333,0.0,0.14285714285714285,0.0,0.6666666666666666,0.0,0.0,0.0,0.0,0.0,0.8214285714285595,0.13043478260869565,0.17391304347826086,0.0,0.0,1.0,0.0,0.0,1.0,0.0,0.0,0.0,0.0,0.0,0.0,0.0,0.0,0.0,0.0,0.0,0.0,0.0,0.0,0.0,0.0,0.0,0.0,0.0,0.0,0.0,0.0,0.0,0.0,0.0,0.0,0.0,0.0,0.0,0.0,0.0,0,1,0
0.14285714285714285,0.45454545454545453,0.3333333333333333,0.0,0.14285714285714285,0.0,1.0,0.0,0.0,0.0,0.0,1.0,0.8214285714285595,0.17391304347826086,0.21739130434782608,0.0,0.0,1.0,0.0,0.0,1.0,0.0,0.0,0.0,0.0,0.0,0.0,0.0,0.0,0.0,0.0,0.0,0.0,0.0,0.0,0.0,0.0,0.0,0.0,0.0,0.0,0.0,0.0,0.0,0.0,0.0,0.0,0.0,0.0,0.0,0.0,0.0,0,1,0
0.14285714285714285,0.3636363636363636,0.3333333333333333,0.0,0.14285714285714285,0.0,1.0,0.0,0.0,0.0,0.0,1.0,0.8214285714285595,0.21739130434782608,0.2608695652173913,0.0,1.0,0.0,0.0,0.0,1.0,0.0,0.0,0.0,0.0,0.0,0.0,0.0,0.0,0.0,0.0,0.0,0.0,0.0,0.0,0.0,0.0,0.0,0.0,0.0,0.0,0.0,0.0,0.0,0.0,0.0,0.0,0.0,0.0,0.0,0.0,0.0,0,1,0
0.14285714285714285,0.3636363636363636,0.3333333333333333,0.0,0.14285714285714285,0.0,0.0,0.0,0.0,1.0,0.0,1.0,0.8214285714285595,0.2608695652173913,0.30434782608695654,0.0,1.0,0.0,0.0,0.0,0.0,0.0,0.0,0.0,0.0,0.0,0.0,0.0,0.0,0.0,0.0,0.0,0.0,0.0,0.0,0.0,0.0,0.0,0.0,0.0,0.0,0.0,0.0,0.0,0.0,0.0,0.0,0.0,0.0,0.0,0.0,0.0,0,33,0
0.14285714285714285,0.3636363636363636,0.3333333333333333,0.0,0.42857142857142855,0.33333333333333337,0.0,0.0,0.0,0.5,0.0,1.0,0.8809523809523672,0.30434782608695654,0.34782608695652173,0.0,1.0,0.0,0.0,0.0,0.0,0.0,0.0,0.0,0.0,0.0,0.0,0.0,0.0,0.0,0.0,0.0,0.0,0.0,0.0,0.0,0.0,0.0,0.0,0.0,0.0,0.0,0.0,0.0,0.0,0.0,0.0,0.0,0.0,0.0,0.0,0.0,0,33,0
0.14285714285714285,0.5454545454545454,0.3333333333333333,0.0,0.42857142857142855,0.33333333333333337,0.16666666666666666,0.0,0.0,0.0,0.0,1.0,0.8511904761904644,0.41304347826086957,0.43478260869565216,0.0,1.0,0.0,0.0,0.0,1.0,0.0,0.0,0.0,0.0,0.0,0.0,0.0,0.0,0.0,0.0,0.0,0.0,0.0,0.0,0.0,0.0,0.0,0.0,0.0,0.0,0.0,0.0,0.0,0.0,0.0,0.0,0.0,0.0,0.0,0.0,0.0,0,1,0
0.14285714285714285,0.5454545454545454,0.3333333333333333,0.25,0.42857142857142855,0.6666666666666666,0.0,0.25,0.0,0.0,0.0,1.0,0.857142857142845,0.5217391304347826,0.5652173913043478,0.0,1.0,0.0,0.0,0.0,0.0,0.0,0.0,0.0,0.0,0.0,0.0,0.0,0.0,0.0,0.0,0.0,0.0,0.0,0.0,0.0,0.0,0.0,0.0,0.0,0.0,0.0,0.0,0.0,0.0,0.0,0.0,0.0,0.0,0.0,0.0,0.0,1,33,0
0.14285714285714285,0.3636363636363636,0.3333333333333333,0.25,0.8571428571428571,0.8333333333333334,0.16666666666666666,0.0,0.0,0.0,0.0,1.0,0.851190476190464,0.5652173913043478,0.6086956521739131,0.0,0.0,0.0,1.0,0.0,1.0,0.0,0.0,0.0,0.0,0.0,0.0,0.0,0.0,0.0,0.0,0.0,0.0,0.0,0.0,0.0,0.0,0.0,0.0,0.0,0.0,0.0,0.0,0.0,0.0,0.0,0.0,0.0,0.0,0.0,0.0,0.0,0,1,0
0.14285714285714285,0.3636363636363636,0.3333333333333333,0.25,0.7142857142857142,0.6666666666666666,0.0,0.2833333333333333,0.0,0.0,0.0,1.0,0.857142857142845,0.6086956521739131,0.6521739130434783,0.0,0.0,0.0,1.0,0.0,0.0,0.0,0.0,0.0,0.0,0.0,0.0,0.0,0.0,0.0,0.0,0.0,0.0,0.0,0.0,0.0,0.0,0.0,0.0,0.0,0.0,0.0,0.0,0.0,0.0,0.0,0.0,0.0,0.0,1.0,0.0,0.0,1,30,0
0.14285714285714285,0.3636363636363636,0.3333333333333333,0.25,0.5714285714285714,0.5,0.0,0.13333333333333333,0.0,0.0,0.0,1.0,0.8660714285714164,0.6521739130434783,0.6956521739130435,0.0,0.0,0.0,1.0,0.0,0.0,0.0,0.0,0.0,0.0,0.0,0.0,0.0,0.0,0.0,0.0,0.0,0.0,0.0,0.0,0.0,0.0,0.0,0.0,0.0,0.0,0.0,0.0,0.0,0.0,0.0,0.0,0.0,0.0,1.0,0.0,0.0,1,30,0
0.14285714285714285,0.3636363636363636,0.3333333333333333,0.25,0.5714285714285714,0.5,0.0,0.0,0.0,0.25,0.0,0.0,0.8214285714285595,0.6521739130434783,0.6956521739130435,0.0,0.0,0.0,1.0,0.0,0.0,0.0,0.0,0.0,0.0,0.0,0.0,0.0,0.0,0.0,0.0,0.0,0.0,0.0,0.0,0.0,0.0,0.0,0.0,0.0,0.0,0.0,0.0,0.0,0.0,0.0,0.0,0.0,0.0,0.0,0.0,0.0,0,33,0
0.14285714285714285,0.3636363636363636,0.3333333333333333,0.25,0.42857142857142855,0.5,0.0,0.13333333333333333,0.0,0.0,0.0,1.0,0.8660714285714154,0.6956521739130435,0.7391304347826088,0.0,0.0,0.0,1.0,0.0,0.0,0.0,0.0,0.0,0.0,0.0,0.0,0.0,0.0,0.0,0.0,0.0,0.0,0.0,0.0,0.0,0.0,0.0,0.0,0.0,0.0,0.0,0.0,0.0,0.0,0.0,0.0,0.0,0.0,1.0,0.0,0.0,1,30,0
0.14285714285714285,0.3636363636363636,0.3333333333333333,0.25,0.42857142857142855,0.5,0.0,0.16666666666666666,0.0,0.0,0.0,0.0,0.8214285714285595,0.6956521739130435,0.7391304347826088,0.0,0.0,0.0,1.0,0.0,0.0,0.0,1.0,0.0,0.0,0.0,0.0,0.0,0.0,0.0,0.0,0.0,0.0,0.0,0.0,0.0,0.0,0.0,0.0,0.0,0.0,0.0,0.0,0.0,0.0,0.0,0.0,0.0,0.0,0.0,0.0,0.0,1,3,0
0.14285714285714285,0.5454545454545454,0.3333333333333333,0.25,0.7142857142857142,0.6666666666666666,0.0,0.3333333333333333,0.0,0.0,0.0,0.0,0.8214285714285595,0.9565217391304348,1.0,0.0,0.0,1.0,0.0,0.0,0.0,0.0,0.0,0.0,0.0,0.0,0.0,0.0,0.0,0.0,0.0,0.0,0.0,0.0,0.0,0.0,1.0,0.0,0.0,0.0,0.0,0.0,0.0,0.0,0.0,0.0,0.0,0.0,0.0,0.0,0.0,0.0,1,17,0
0.14285714285714285,0.5454545454545454,0.3333333333333333,0.25,0.7142857142857142,0.33333333333333337,0.0,0.5,0.0,0.0,0.0,1.0,0.8809523809523686,1.0,0.0,0.0,0.0,1.0,0.0,0.0,0.0,0.0,0.0,0.0,0.0,0.0,0.0,0.0,0.0,0.0,0.0,0.0,0.0,0.0,0.0,0.0,1.0,0.0,0.0,0.0,0.0,0.0,0.0,0.0,0.0,0.0,0.0,0.0,0.0,0.0,0.0,0.0,1,17,0
0.2857142857142857,0.5454545454545454,1.0,0.25,0.7142857142857142,0.6666666666666666,0.0,0.16666666666666666,0.0,0.0,0.0,1.0,0.8571428571428477,0.0,0.043478260869565216,0.0,0.0,1.0,0.0,0.0,0.0,0.0,0.0,0.0,0.0,0.0,0.0,0.0,0.0,0.0,0.0,0.0,0.0,0.0,0.0,0.0,0.0,0.0,0.0,0.0,0.0,0.0,0.0,0.0,0.0,0.0,0.0,0.0,0.0,0.0,0.0,0.0,1,33,0
0.2857142857142857,0.5454545454545454,1.0,0.25,1.0,0.9999999999999999,0.0,0.0,0.0,0.13333333333333333,0.0,1.0,0.8469387755101918,0.21739130434782608,0.2608695652173913,0.0,1.0,0.0,0.0,0.0,0.0,0.0,0.0,0.0,0.0,0.0,0.0,0.0,0.0,0.0,0.0,0.0,0.0,0.0,0.0,0.0,0.0,0.0,0.0,0.0,0.0,0.0,0.0,0.0,0.0,0.0,0.0,0.0,0.0,0.0,0.0,0.0,0,33,0
0.2857142857142857,0.5454545454545454,1.0,0.25,0.42857142857142855,0.6666666666666666,0.0,0.13333333333333333,0.0,0.0,0.0,0.0,0.8214285714285595,0.30434782608695654,0.34782608695652173,0.0,1.0,0.0,0.0,0.0,0.0,0.0,0.0,0.0,0.0,0.0,0.0,0.0,0.0,0.0,0.0,0.0,0.0,0.0,0.0,0.0,0.0,0.0,0.0,0.0,0.0,0.0,0.0,0.0,0.0,0.0,0.0,0.0,0.0,0.0,0.0,0.0,1,33,0
0.2857142857142857,0.5454545454545454,1.0,0.25,0.42857142857142855,0.6666666666666666,0.0,0.11666666666666667,0.0,0.0,0.0,0.0,0.8214285714285595,0.30434782608695654,0.34782608695652173,0.0,1.0,0.0,0.0,0.0,0.0,0.0,0.0,0.0,0.0,0.0,0.0,0.0,0.0,0.0,0.0,0.0,0.0,0.0,0.0,0.0,0.0,0.0,0.0,0.0,0.0,0.0,0.0,0.0,0.0,0.0,0.0,0.0,1.0,0.0,0.0,0.0,1,29,0
0.2857142857142857,0.5454545454545454,1.0,0.5,0.2857142857142857,0.8333333333333334,0.0,0.1,0.0,0.0,0.0,1.0,0.8511904761904641,0.34782608695652173,0.391304347826087,0.0,1.0,0.0,0.0,0.0,0.0,0.0,0.0,0.0,0.0,0.0,0.0,0.0,0.0,0.0,0.0,0.0,0.0,0.0,0.0,0.0,0.0,0.0,0.0,0.0,0.0,0.0,0.0,0.0,0.0,0.0,0.0,0.0,0.0,0.0,0.0,0.0,1,33,0
0.2857142857142857,0.5454545454545454,1.0,0.5,0.42857142857142855,0.33333333333333337,0.0,0.05,0.0,0.0,0.0,0.0,0.8214285714285595,0.41304347826086957,0.43478260869565216,0.0,1.0,0.0,0.0,0.0,0.0,0.0,0.0,0.0,0.0,0.0,0.0,0.0,0.0,0.0,0.0,0.0,0.0,0.0,0.0,0.0,0.0,0.0,0.0,0.0,0.0,0.0,0.0,0.0,0.0,1.0,0.0,0.0,0.0,0.0,0.0,0.0,1,26,0
0.2857142857142857,0.5454545454545454,1.0,0.5,0.8571428571428571,0.8333333333333334,0.0,0.0,0.0,0.16666666666666666,0.0,1.0,0.8511904761904641,0.4782608695652174,0.5217391304347826,0.0,1.0,0.0,0.0,0.0,0.0,0.0,0.0,0.0,0.0,0.0,0.0,0.0,0.0,0.0,0.0,0.0,0.0,0.0,0.0,0.0,0.0,0.0,0.0,0.0,0.0,0.0,0.0,0.0,0.0,0.0,0.0,0.0,0.0,0.0,0.0,0.0,0,33,0
0.2857142857142857,0.5454545454545454,1.0,0.5,0.8571428571428571,0.8333333333333334,0.0,0.08333333333333333,0.0,0.0,0.0,0.0,0.8214285714285595,0.4782608695652174,0.5217391304347826,0.0,1.0,0.0,0.0,0.0,0.0,0.0,0.0,0.0,0.0,0.0,0.0,0.0,0.0,0.0,0.0,0.0,0.0,0.0,0.0,0.0,0.0,0.0,0.0,0.0,0.0,0.0,0.0,0.0,0.0,0.0,0.0,0.0,0.0,0.0,0.0,1.0,1,32,0
0.2857142857142857,0.45454545454545453,1.0,0.5,0.8571428571428571,0.8333333333333334,0.0,0.0,0.0,0.16666666666666666,0.0,1.0,0.851190476190464,0.5652173913043478,0.6086956521739131,0.0,0.0,0.0,1.0,0.0,0.0,0.0,0.0,0.0,0.0,0.0,0.0,0.0,0.0,0.0,0.0,0.0,0.0,0.0,0.0,0.0,0.0,0.0,0.0,0.0,0.0,0.0,0.0,0.0,0.0,0.0,0.0,0.0,0.0,0.0,0.0,0.0,0,33,0
0.2857142857142857,0.45454545454545453,1.0,0.5,0.5714285714285714,0.5,0.0,0.4166666666666667,0.0,0.0,0.0,1.0,0.8660714285714154,0.6956521739130435,0.7391304347826088,0.0,0.0,0.0,1.0,0.0,0.0,0.0,0.0,0.0,0.0,0.0,0.0,0.0,0.0,0.0,0.0,0.0,0.0,0.0,0.0,0.0,0.0,0.0,0.0,0.0,0.0,0.0,0.0,0.0,0.0,0.0,0.0,0.0,1.0,0.0,0.0,0.0,1,29,0
0.2857142857142857,0.45454545454545453,1.0,0.5,0.14285714285714285,0.0,0.0,0.08333333333333333,0.0,0.0,0.0,1.0,0.9107142857142727,0.7608695652173914,0.782608695652174,0.0,0.0,0.0,1.0,0.0,0.0,0.0,1.0,0.0,0.0,0.0,0.0,0.0,0.0,0.0,0.0,0.0,0.0,0.0,0.0,0.0,0.0,0.0,0.0,0.0,0.0,0.0,0.0,0.0,0.0,0.0,0.0,0.0,0.0,0.0,0.0,0.0,1,3,0
0.2857142857142857,0.45454545454545453,1.0,0.5,0.14285714285714285,0.0,0.0,0.0,0.0,0.25,0.0,0.0,0.8214285714285595,0.7608695652173914,0.782608695652174,0.0,0.0,0.0,1.0,0.0,0.0,0.0,0.0,0.0,0.0,0.0,0.0,0.0,0.0,0.0,0.0,0.0,0.0,0.0,0.0,0.0,0.0,0.0,0.0,0.0,0.0,0.0,0.0,0.0,0.0,0.0,0.0,0.0,0.0,0.0,0.0,0.0,0,33,0
0.2857142857142857,0.45454545454545453,1.0,0.5,0.5714285714285714,0.5,0.0,0.16666666666666666,0.0,0.0,0.0,1.0,0.8660714285714164,0.8695652173913043,0.9130434782608696,0.0,0.0,0.0,1.0,0.0,0.0,0.0,0.0,0.0,0.0,0.0,0.0,0.0,0.0,0.0,0.0,0.0,0.0,0.0,0.0,0.0,0.0,0.0,0.0,0.0,0.0,0.0,0.0,0.0,0.0,0.0,0.0,0.0,1.0,0.0,0.0,0.0,1,29,0
0.2857142857142857,0.45454545454545453,1.0,0.5,0.5714285714285714,0.5,0.0,0.16666666666666666,0.0,0.0,0.0,0.0,0.8214285714285595,0.8695652173913043,0.9130434782608696,0.0,0.0,0.0,1.0,0.0,0.0,0.0,1.0,0.0,0.0,0.0,0.0,0.0,0.0,0.0,0.0,0.0,0.0,0.0,0.0,0.0,0.0,0.0,0.0,0.0,0.0,0.0,0.0,0.0,0.0,0.0,0.0,0.0,0.0,0.0,0.0,0.0,1,3,0
0.42857142857142855,0.27272727272727276,1.0,0.375,0.7142857142857142,0.6666666666666666,0.0,0.16666666666666666,0.0,0.0,0.0,0.0,0.8214285714285595,0.08695652173913043,0.13043478260869565,0.0,0.0,1.0,0.0,0.0,0.0,0.0,0.0,0.0,0.0,0.0,0.0,0.0,0.0,0.0,0.0,0.0,0.0,0.0,0.0,0.0,0.0,0.0,0.0,0.0,0.0,0.0,0.0,0.0,0.0,0.0,0.0,0.0,1.0,0.0,0.0,0.0,1,29,0
0.42857142857142855,0.27272727272727276,1.0,0.375,0.7142857142857142,0.6666666666666666,0.0,0.0,0.0,0.25,0.0,1.0,0.8571428571428477,0.13043478260869565,0.17391304347826086,0.0,0.0,1.0,0.0,0.0,0.0,0.0,1.0,0.0,0.0,0.0,0.0,0.0,0.0,0.0,0.0,0.0,0.0,0.0,0.0,0.0,0.0,0.0,0.0,0.0,0.0,0.0,0.0,0.0,0.0,0.0,0.0,0.0,0.0,0.0,0.0,0.0,0,3,0
0.42857142857142855,0.27272727272727276,1.0,0.375,0.42857142857142855,0.33333333333333337,0.0,0.0,0.0,0.3333333333333333,0.0,1.0,0.8809523809523585,0.17391304347826086,0.21739130434782608,0.0,0.0,1.0,0.0,0.0,0.0,0.0,1.0,0.0,0.0,0.0,0.0,0.0,0.0,0.0,0.0,0.0,0.0,0.0,0.0,0.0,0.0,0.0,0.0,0.0,0.0,0.0,0.0,0.0,0.0,0.0,0.0,0.0,0.0,0.0,0.0,0.0,0,3,0
0.42857142857142855,0.27272727272727276,1.0,0.375,0.42857142857142855,0.33333333333333337,0.0,0.0,0.0,0.16666666666666666,0.0,0.0,0.8214285714285595,0.17391304347826086,0.21739130434782608,0.0,0.0,1.0,0.0,0.0,0.0,0.0,0.0,0.0,0.0,0.0,0.0,0.0,0.0,0.0,0.0,0.0,0.0,0.0,0.0,0.0,0.0,0.0,0.0,0.0,0.0,0.0,0.0,0.0,0.0,0.0,0.0,0.0,0.0,1.0,0.0,0.0,0,30,0
0.42857142857142855,0.3636363636363636,1.0,0.375,0.8571428571428571,0.8333333333333334,0.0,0.0,0.0,0.16666666666666666,0.0,1.0,0.8511904761904638,0.21739130434782608,0.2608695652173913,0.0,1.0,0.0,0.0,0.0,0.0,0.0,0.0,0.0,0.0,0.0,0.0,0.0,0.0,0.0,0.0,0.0,0.0,0.0,0.0,0.0,0.0,0.0,0.0,0.0,0.0,0.0,0.0,0.0,0.0,0.0,0.0,0.0,0.0,0.0,0.0,0.0,0,33,0
0.42857142857142855,0.3636363636363636,1.0,0.375,0.42857142857142855,0.33333333333333337,0.0,0.0,0.0,0.5,0.0,1.0,0.8809523809523672,0.30434782608695654,0.34782608695652173,0.0,1.0,0.0,0.0,0.0,0.0,0.0,0.0,0.0,0.0,0.0,0.0,0.0,0.0,0.0,0.0,0.0,0.0,0.0,0.0,0.0,0.0,0.0,0.0,0.0,0.0,0.0,0.0,0.0,0.0,0.0,0.0,0.0,0.0,0.0,0.0,0.0,0,33,0
0.42857142857142855,0.3636363636363636,0.3333333333333333,0.75,0.42857142857142855,0.5,0.0,0.0,0.0,0.3333333333333333,0.0,1.0,0.8660714285714164,0.4782608695652174,0.5217391304347826,0.0,1.0,0.0,0.0,0.0,0.0,0.0,0.0,0.0,0.0,0.0,0.0,0.0,0.0,0.0,0.0,0.0,0.0,0.0,0.0,0.0,0.0,0.0,0.0,0.0,0.0,0.0,0.0,0.0,0.0,0.0,0.0,0.0,0.0,0.0,0.0,0.0,0,33,0
0.42857142857142855,0.3636363636363636,0.3333333333333333,0.75,0.42857142857142855,0.5,0.0,0.11666666666666667,0.0,0.0,0.0,0.0,0.8214285714285595,0.4782608695652174,0.5217391304347826,0.0,1.0,0.0,0.0,0.0,0.0,0.0,0.0,0.0,0.0,0.0,0.0,0.0,0.0,0.0,0.0,0.0,0.0,0.0,0.0,0.0,0.0,0.0,0.0,0.0,0.0,0.0,0.0,0.0,0.0,0.0,0.0,0.0,1.0,0.0,0.0,0.0,1,29,0
0.42857142857142855,0.3636363636363636,0.3333333333333333,0.375,0.42857142857142855,0.33333333333333337,0.0,0.0,0.0,0.25,0.0,1.0,0.8809523809523686,0.5217391304347826,0.5652173913043478,0.0,1.0,0.0,0.0,0.0,0.0,0.0,0.0,0.0,0.0,0.0,0.0,0.0,0.0,0.0,0.0,0.0,0.0,0.0,0.0,0.0,0.0,0.0,0.0,0.0,0.0,0.0,0.0,0.0,0.0,0.0,0.0,0.0,0.0,0.0,0.0,0.0,0,33,0
0.42857142857142855,0.3636363636363636,0.3333333333333333,0.375,0.42857142857142855,0.33333333333333337,0.0,0.13333333333333333,0.0,0.0,0.0,0.0,0.8214285714285595,0.5217391304347826,0.5652173913043478,0.0,1.0,0.0,0.0,0.0,0.0,0.0,0.0,0.0,0.0,0.0,0.0,0.0,0.0,0.0,0.0,0.0,0.0,0.0,0.0,0.0,0.0,0.0,0.0,0.0,0.0,0.0,0.0,0.0,0.0,0.0,0.0,0.0,0.0,0.0,0.0,0.0,1,33,0
0.42857142857142855,0.45454545454545453,0.3333333333333333,0.5,0.42857142857142855,0.5,0.0,0.0,0.0,0.16666666666666666,0.0,1.0,0.8660714285714161,0.5652173913043478,0.6086956521739131,0.0,0.0,0.0,1.0,0.0,0.0,0.0,0.0,0.0,0.0,0.0,0.0,0.0,0.0,0.0,0.0,0.0,0.0,0.0,0.0,0.0,0.0,0.0,0.0,0.0,0.0,0.0,0.0,0.0,0.0,0.0,0.0,0.0,0.0,0.0,0.0,0.0,0,33,0
0.42857142857142855,0.45454545454545453,0.3333333333333333,0.5,0.42857142857142855,0.5,0.0,0.25,0.0,0.0,0.0,0.0,0.8214285714285595,0.5652173913043478,0.6086956521739131,0.0,0.0,0.0,1.0,0.0,0.0,0.0,0.0,0.0,0.0,0.0,0.0,0.0,0.0,0.0,0.0,0.0,0.0,0.0,0.0,0.0,0.0,0.0,0.0,0.0,0.0,0.0,0.0,0.0,0.0,0.0,0.0,0.0,1.0,0.0,0.0,0.0,1,29,0
0.42857142857142855,0.45454545454545453,0.3333333333333333,0.25,0.2857142857142857,0.5,0.0,0.13333333333333333,0.0,0.0,0.0,1.0,0.8660714285714164,0.6086956521739131,0.6521739130434783,0.0,0.0,0.0,1.0,0.0,0.0,0.0,0.0,0.0,0.0,0.0,0.0,0.0,0.0,0.0,1.0,0.0,0.0,0.0,0.0,0.0,0.0,0.0,0.0,0.0,0.0,0.0,0.0,0.0,0.0,0.0,0.0,0.0,0.0,0.0,0.0,0.0,1,11,0
0.42857142857142855,0.45454545454545453,0.3333333333333333,0.25,0.2857142857142857,0.5,0.0,0.08333333333333333,0.0,0.0,0.0,0.0,0.8214285714285595,0.6086956521739131,0.6521739130434783,0.0,0.0,0.0,1.0,0.0,0.0,0.0,0.0,0.0,0.0,0.0,0.0,0.0,0.0,0.0,0.0,0.0,0.0,0.0,0.0,0.0,0.0,0.0,0.0,0.0,0.0,0.0,0.0,0.0,0.0,0.0,0.0,0.0,1.0,0.0,0.0,0.0,1,29,0
0.42857142857142855,0.45454545454545453,0.3333333333333333,0.625,0.2857142857142857,0.6666666666666666,0.0,0.0,0.0,0.0,0.26666666666666666,1.0,0.857142857142845,0.6521739130434783,0.6956521739130435,0.0,0.0,0.0,1.0,0.0,0.0,0.0,1.0,0.0,0.0,0.0,0.0,0.0,0.0,0.0,0.0,0.0,0.0,0.0,0.0,0.0,0.0,0.0,0.0,0.0,0.0,0.0,0.0,0.0,0.0,0.0,0.0,0.0,0.0,0.0,0.0,0.0,0,3,0
0.42857142857142855,0.45454545454545453,0.3333333333333333,0.5,0.42857142857142855,0.33333333333333337,0.0,0.06666666666666667,0.0,0.0,0.0,0.0,0.8214285714285595,0.7608695652173914,0.782608695652174,0.0,0.0,0.0,1.0,0.0,0.0,0.0,0.0,0.0,0.0,0.0,0.0,0.0,0.0,0.0,0.0,0.0,0.0,0.0,0.0,0.0,0.0,0.0,0.0,0.0,0.0,0.0,0.0,0.0,0.0,0.0,0.0,0.0,1.0,0.0,0.0,0.0,1,29,0
0.42857142857142855,0.45454545454545453,0.3333333333333333,0.5,0.7142857142857142,0.6666666666666666,0.0,0.08333333333333333,0.0,0.0,0.0,1.0,0.857142857142845,0.782608695652174,0.8260869565217391,0.0,0.0,0.0,1.0,0.0,0.0,0.0,0.0,0.0,0.0,0.0,0.0,0.0,0.0,0.0,0.0,0.0,0.0,0.0,0.0,0.0,0.0,0.0,0.0,0.0,0.0,0.0,0.0,0.0,0.0,0.0,0.0,0.0,1.0,0.0,0.0,0.0,1,29,0
0.42857142857142855,0.45454545454545453,0.3333333333333333,0.5,0.7142857142857142,0.6666666666666666,0.0,0.16666666666666666,0.6666666666666666,0.0,0.0,0.0,0.8214285714285595,0.782608695652174,0.8260869565217391,0.0,0.0,0.0,1.0,0.0,0.0,0.0,1.0,0.0,0.0,0.0,0.0,0.0,0.0,0.0,0.0,0.0,0.0,0.0,0.0,0.0,0.0,0.0,0.0,0.0,0.0,0.0,0.0,0.0,0.0,0.0,0.0,0.0,0.0,0.0,0.0,0.0,1,3,1
0.42857142857142855,0.3636363636363636,0.3333333333333333,0.5,0.42857142857142855,0.33333333333333337,0.16666666666666666,0.0,0.0,0.0,0.0,1.0,0.8809523809523682,0.9130434782608696,0.9565217391304348,0.0,0.0,1.0,0.0,0.0,1.0,0.0,0.0,0.0,0.0,0.0,0.0,0.0,0.0,0.0,0.0,0.0,0.0,0.0,0.0,0.0,0.0,0.0,0.0,0.0,0.0,0.0,0.0,0.0,0.0,0.0,0.0,0.0,0.0,0.0,0.0,0.0,0,1,0
0.42857142857142855,0.3636363636363636,0.3333333333333333,0.5,0.42857142857142855,0.33333333333333337,0.25,0.0,0.0,0.0,0.0,0.0,0.8214285714285595,0.9130434782608696,0.9565217391304348,0.0,0.0,1.0,0.0,0.0,1.0,0.0,0.0,0.0,0.0,0.0,0.0,0.0,0.0,0.0,0.0,0.0,0.0,0.0,0.0,0.0,0.0,0.0,0.0,0.0,0.0,0.0,0.0,0.0,0.0,0.0,0.0,0.0,0.0,0.0,0.0,0.0,0,1,0
0.5714285714285714,0.45454545454545453,0.3333333333333333,0.125,0.42857142857142855,0.5,0.0,0.0,0.0,0.16666666666666666,0.0,1.0,0.8660714285714164,0.2608695652173913,0.30434782608695654,0.0,1.0,0.0,0.0,0.0,0.0,0.0,0.0,0.0,0.0,0.0,0.0,0.0,0.0,0.0,0.0,0.0,0.0,0.0,0.0,0.0,0.0,0.0,0.0,0.0,0.0,0.0,0.0,0.0,0.0,0.0,0.0,0.0,0.0,0.0,0.0,0.0,0,33,0
0.5714285714285714,0.45454545454545453,0.3333333333333333,0.125,0.42857142857142855,0.5,0.0,0.0,0.0,0.0,0.2,0.0,0.8214285714285595,0.2608695652173913,0.30434782608695654,0.0,1.0,0.0,0.0,0.0,0.0,0.0,0.0,0.0,0.0,0.0,0.0,0.0,0.0,0.0,0.0,0.0,0.0,0.0,0.0,0.0,0.0,0.0,0.0,0.0,0.0,0.0,0.0,0.0,0.0,0.0,0.0,0.0,0.0,0.0,0.0,0.0,0,33,0
0.5714285714285714,0.6363636363636365,0.3333333333333333,0.25,0.7142857142857142,0.9999999999999999,0.0,0.13333333333333333,0.0,0.0,0.0,1.0,0.846938775510192,0.34782608695652173,0.391304347826087,0.0,1.0,0.0,0.0,0.0,0.0,0.0,0.0,0.0,0.0,0.0,0.0,0.0,0.0,0.0,0.0,0.0,0.0,0.0,0.0,1.0,0.0,0.0,0.0,0.0,0.0,0.0,0.0,0.0,0.0,0.0,0.0,0.0,0.0,0.0,0.0,0.0,1,16,0
0.5714285714285714,0.6363636363636365,0.3333333333333333,0.25,0.8571428571428571,0.8333333333333334,0.0,0.11666666666666667,0.0,0.0,0.0,0.0,0.8214285714285595,0.5217391304347826,0.5652173913043478,0.0,1.0,0.0,0.0,0.0,0.0,0.0,1.0,0.0,0.0,0.0,0.0,0.0,0.0,0.0,0.0,0.0,0.0,0.0,0.0,0.0,0.0,0.0,0.0,0.0,0.0,0.0,0.0,0.0,0.0,0.0,0.0,0.0,0.0,0.0,0.0,0.0,1,3,0
0.5714285714285714,0.45454545454545453,0.3333333333333333,0.25,0.7142857142857142,0.6666666666666666,0.0,0.0,0.0,0.16666666666666666,0.0,1.0,0.8571428571428448,0.5652173913043478,0.6086956521739131,0.0,0.0,0.0,1.0,0.0,0.0,0.0,0.0,0.0,0.0,0.0,0.0,0.0,0.0,0.0,0.0,0.0,0.0,0.0,0.0,0.0,0.0,0.0,0.0,0.0,0.0,0.0,0.0,0.0,0.0,0.0,0.0,0.0,0.0,0.0,0.0,0.0,0,33,0
0.5714285714285714,0.45454545454545453,0.3333333333333333,0.25,0.42857142857142855,0.33333333333333337,0.25,0.0,0.0,0.0,0.0,1.0,0.8809523809523686,0.6521739130434783,0.6956521739130435,0.0,0.0,0.0,1.0,0.0,1.0,0.0,0.0,0.0,0.0,0.0,0.0,0.0,0.0,0.0,0.0,0.0,0.0,0.0,0.0,0.0,0.0,0.0,0.0,0.0,0.0,0.0,0.0,0.0,0.0,0.0,0.0,0.0,0.0,0.0,0.0,0.0,0,1,0
0.5714285714285714,0.45454545454545453,0.3333333333333333,0.25,0.42857142857142855,0.33333333333333337,0.0,0.11666666666666667,0.0,0.0,0.0,0.0,0.8214285714285595,0.6521739130434783,0.6956521739130435,0.0,0.0,0.0,1.0,0.0,0.0,0.0,1.0,0.0,0.0,0.0,0.0,0.0,0.0,0.0,0.0,0.0,0.0,0.0,0.0,0.0,0.0,0.0,0.0,0.0,0.0,0.0,0.0,0.0,0.0,0.0,0.0,0.0,0.0,0.0,0.0,0.0,1,3,0
0.5714285714285714,0.45454545454545453,0.3333333333333333,0.25,0.42857142857142855,0.33333333333333337,0.0,0.2,0.0,0.0,0.0,0.0,0.8214285714285595,0.6521739130434783,0.6956521739130435,0.0,0.0,0.0,1.0,0.0,0.0,0.0,0.0,0.0,0.0,0.0,0.0,0.0,0.0,0.0,0.0,0.0,0.0,0.0,0.0,0.0,0.0,0.0,0.0,0.0,0.0,0.0,0.0,0.0,0.0,0.0,0.0,1.0,0.0,0.0,0.0,0.0,1,28,0
0.5714285714285714,0.45454545454545453,0.3333333333333333,0.25,0.42857142857142855,0.33333333333333337,0.0,0.0,0.0,0.0,0.3333333333333333,1.0,0.8809523809523674,0.6956521739130435,0.7391304347826088,0.0,0.0,0.0,1.0,0.0,0.0,0.0,1.0,0.0,0.0,0.0,0.0,0.0,0.0,0.0,0.0,0.0,0.0,0.0,0.0,0.0,0.0,0.0,0.0,0.0,0.0,0.0,0.0,0.0,0.0,0.0,0.0,0.0,0.0,0.0,0.0,0.0,0,3,0
0.5714285714285714,0.45454545454545453,0.3333333333333333,0.25,0.42857142857142855,0.33333333333333337,0.0,0.0,0.0,0.0,0.3333333333333333,1.0,0.8809523809523686,0.782608695652174,0.8260869565217391,0.0,0.0,0.0,1.0,0.0,0.0,0.0,1.0,0.0,0.0,0.0,0.0,0.0,0.0,0.0,0.0,0.0,0.0,0.0,0.0,0.0,0.0,0.0,0.0,0.0,0.0,0.0,0.0,0.0,0.0,0.0,0.0,0.0,0.0,0.0,0.0,0.0,0,3,0
0.5714285714285714,0.6363636363636365,0.3333333333333333,0.25,0.5714285714285714,0.5,0.25,0.0,0.0,0.0,0.0,1.0,0.866071428571416,0.9130434782608696,0.9565217391304348,0.0,0.0,1.0,0.0,0.0,1.0,0.0,0.0,0.0,0.0,0.0,0.0,0.0,0.0,0.0,0.0,0.0,0.0,0.0,0.0,0.0,0.0,0.0,0.0,0.0,0.0,0.0,0.0,0.0,0.0,0.0,0.0,0.0,0.0,0.0,0.0,0.0,0,1,0
0.5714285714285714,0.6363636363636365,0.3333333333333333,0.25,0.42857142857142855,0.33333333333333337,0.0,0.08333333333333333,0.0,0.0,0.08333333333333333,1.0,0.8809523809523674,0.9565217391304348,1.0,0.0,0.0,1.0,0.0,0.0,0.0,0.0,0.0,0.0,0.0,0.0,0.0,0.0,0.0,0.0,0.0,0.0,0.0,0.0,0.0,0.0,0.0,0.0,0.0,0.0,0.0,0.0,0.0,0.0,0.0,0.0,0.0,0.0,0.0,0.0,0.0,0.0,1,33,0
0.5714285714285714,0.6363636363636365,0.3333333333333333,0.25,0.42857142857142855,0.33333333333333337,0.0,0.25,0.0,0.0,0.0,0.0,0.8214285714285595,0.9565217391304348,1.0,0.0,0.0,1.0,0.0,0.0,0.0,0.0,0.0,0.0,0.0,0.0,0.0,0.0,0.0,0.0,0.0,0.0,0.0,0.0,0.0,0.0,0.0,0.0,0.0,0.0,0.0,0.0,0.0,0.0,0.0,0.0,0.0,0.0,0.0,1.0,0.0,0.0,1,30,0
0.7142857142857142,0.6363636363636365,0.3333333333333333,0.25,0.42857142857142855,0.33333333333333337,0.0,0.5,0.0,0.0,0.0,1.0,0.880952380952373,0.13043478260869565,0.17391304347826086,0.0,0.0,1.0,0.0,0.0,0.0,0.0,0.0,0.0,0.0,0.0,0.0,0.0,0.0,0.0,0.0,0.0,0.0,0.0,0.0,0.0,0.0,0.0,0.0,0.0,0.0,0.0,0.0,0.0,0.0,0.0,0.0,1.0,0.0,0.0,0.0,0.0,1,28,0
0.7142857142857142,0.6363636363636365,0.3333333333333333,0.25,0.2857142857142857,0.16666666666666666,0.0,0.3333333333333333,0.0,0.0,0.0,1.0,0.9107142857142579,0.17391304347826086,0.21739130434782608,0.0,0.0,1.0,0.0,0.0,0.0,0.0,0.0,0.0,0.0,0.0,0.0,0.0,0.0,0.0,0.0,0.0,0.0,0.0,0.0,0.0,0.0,0.0,0.0,0.0,0.0,0.0,0.0,0.0,0.0,0.0,0.0,1.0,0.0,0.0,0.0,0.0,1,28,0
0.7142857142857142,0.6363636363636365,0.3333333333333333,0.25,0.2857142857142857,0.16666666666666666,0.0,0.08333333333333333,0.0,0.0,0.08333333333333333,0.0,0.8214285714285595,0.17391304347826086,0.21739130434782608,0.0,0.0,1.0,0.0,0.0,0.0,0.0,1.0,0.0,0.0,0.0,0.0,0.0,0.0,0.0,0.0,0.0,0.0,0.0,0.0,0.0,0.0,0.0,0.0,0.0,0.0,0.0,0.0,0.0,0.0,0.0,0.0,0.0,0.0,0.0,0.0,0.0,1,3,0
0.7142857142857142,0.6363636363636365,0.3333333333333333,0.25,0.2857142857142857,0.16666666666666666,0.0,0.16666666666666666,0.0,0.0,0.0,0.0,0.8214285714285595,0.17391304347826086,0.21739130434782608,0.0,0.0,1.0,0.0,0.0,0.0,0.0,0.0,0.0,0.0,0.0,0.0,0.0,0.0,0.0,0.0,0.0,0.0,0.0,0.0,0.0,0.0,0.0,0.0,0.0,0.0,0.0,0.0,0.0,0.0,0.0,0.0,0.0,0.0,1.0,0.0,0.0,1,30,0
0.7142857142857142,0.45454545454545453,0.3333333333333333,0.25,0.5714285714285714,0.5,0.0,0.0,0.0,0.25,0.0,1.0,0.8660714285714161,0.21739130434782608,0.2608695652173913,0.0,1.0,0.0,0.0,0.0,0.0,0.0,0.0,0.0,0.0,0.0,0.0,0.0,0.0,0.0,0.0,0.0,0.0,0.0,0.0,0.0,0.0,0.0,0.0,0.0,0.0,0.0,0.0,0.0,0.0,0.0,0.0,0.0,0.0,0.0,0.0,0.0,0,33,0
0.7142857142857142,0.45454545454545453,0.3333333333333333,0.625,0.5714285714285714,0.6666666666666666,0.0,0.08333333333333333,0.0,0.0,0.08333333333333333,0.0,0.8214285714285595,0.2608695652173913,0.30434782608695654,0.0,1.0,0.0,0.0,0.0,0.0,0.0,1.0,0.0,0.0,0.0,0.0,0.0,0.0,0.0,0.0,0.0,0.0,0.0,0.0,0.0,0.0,0.0,0.0,0.0,0.0,0.0,0.0,0.0,0.0,0.0,0.0,0.0,0.0,0.0,0.0,0.0,1,3,0
0.7142857142857142,0.45454545454545453,0.3333333333333333,0.5,0.5714285714285714,0.5,0.0,0.3,0.0,0.0,0.0,1.0,0.8660714285714153,0.30434782608695654,0.34782608695652173,0.0,1.0,0.0,0.0,0.0,0.0,0.0,0.0,0.0,0.0,0.0,0.0,1.0,0.0,0.0,0.0,0.0,0.0,0.0,0.0,0.0,0.0,0.0,0.0,0.0,0.0,0.0,0.0,0.0,0.0,0.0,0.0,0.0,0.0,0.0,0.0,0.0,1,8,0
0.7142857142857142,0.45454545454545453,0.3333333333333333,0.5,0.5714285714285714,0.5,0.0,0.13333333333333333,0.0,0.0,0.0,0.0,0.8214285714285595,0.30434782608695654,0.34782608695652173,0.0,1.0,0.0,0.0,0.0,0.0,0.0,0.0,0.0,0.0,0.0,0.0,0.0,0.0,0.0,0.0,0.0,0.0,0.0,0.0,0.0,1.0,0.0,0.0,0.0,0.0,0.0,0.0,0.0,0.0,0.0,0.0,0.0,0.0,0.0,0.0,0.0,1,17,0
0.7142857142857142,0.45454545454545453,0.3333333333333333,0.5,0.8571428571428571,0.8333333333333334,0.0,0.11666666666666667,0.0,0.0,0.0,1.0,0.8511904761904641,0.34782608695652173,0.391304347826087,0.0,1.0,0.0,0.0,0.0,0.0,0.0,0.0,0.0,0.0,0.0,0.0,0.0,0.0,0.0,0.0,0.0,0.0,0.0,0.0,0.0,0.0,0.0,0.0,0.0,0.0,0.0,0.0,0.0,0.0,0.0,0.0,0.0,0.0,1.0,0.0,0.0,1,30,0
0.7142857142857142,0.45454545454545453,0.3333333333333333,0.5,0.14285714285714285,0.0,0.0,0.05,0.0,0.0,0.08333333333333333,1.0,0.9107142857142727,0.7608695652173914,0.782608695652174,0.0,0.0,0.0,1.0,0.0,0.0,0.0,1.0,0.0,0.0,0.0,0.0,0.0,0.0,0.0,0.0,0.0,0.0,0.0,0.0,0.0,0.0,0.0,0.0,0.0,0.0,0.0,0.0,0.0,0.0,0.0,0.0,0.0,0.0,0.0,0.0,0.0,1,3,0
0.7142857142857142,0.45454545454545453,0.3333333333333333,0.5,0.5714285714285714,0.5,0.0,0.0,0.0,0.25,0.0,0.0,0.8214285714285595,0.8695652173913043,0.9130434782608696,0.0,0.0,0.0,1.0,0.0,0.0,0.0,0.0,0.0,0.0,0.0,0.0,0.0,0.0,0.0,0.0,0.0,0.0,0.0,0.0,0.0,0.0,0.0,0.0,0.0,0.0,0.0,0.0,0.0,0.0,0.0,0.0,0.0,0.0,0.0,0.0,0.0,0,33,0
1.0,0.3636363636363636,0.3333333333333333,0.5,0.5714285714285714,0.5,0.0,0.0,0.0,0.2,0.0,1.0,0.866071428571416,0.9130434782608696,0.9565217391304348,0.0,0.0,1.0,0.0,0.0,0.0,0.0,0.0,0.0,0.0,0.0,0.0,0.0,0.0,0.0,0.0,0.0,0.0,0.0,0.0,0.0,0.0,0.0,0.0,0.0,0.0,0.0,0.0,0.0,0.0,0.0,0.0,0.0,0.0,0.0,0.0,0.0,0,33,0
1.0,0.3636363636363636,0.3333333333333333,0.5,0.5714285714285714,0.5,0.0,0.05,0.0,0.0,0.08333333333333333,0.0,0.8214285714285595,0.9130434782608696,0.9565217391304348,0.0,0.0,1.0,0.0,0.0,0.0,0.0,1.0,0.0,0.0,0.0,0.0,0.0,0.0,0.0,0.0,0.0,0.0,0.0,0.0,0.0,0.0,0.0,0.0,0.0,0.0,0.0,0.0,0.0,0.0,0.0,0.0,0.0,0.0,0.0,0.0,0.0,1,3,0
1.0,0.3636363636363636,0.3333333333333333,0.125,0.2857142857142857,0.5,0.0,0.05,0.0,0.0,0.08333333333333333,1.0,0.8660714285714164,1.0,0.0,0.0,0.0,1.0,0.0,0.0,0.0,0.0,1.0,0.0,0.0,0.0,0.0,0.0,0.0,0.0,0.0,0.0,0.0,0.0,0.0,0.0,0.0,0.0,0.0,0.0,0.0,0.0,0.0,0.0,0.0,0.0,0.0,0.0,0.0,0.0,0.0,0.0,1,3,0
0.14285714285714285,0.45454545454545453,0.3333333333333333,0.125,0.8571428571428571,0.8333333333333334,0.0,0.0,0.0,0.16666666666666666,0.0,1.0,0.8511904761904638,0.21739130434782608,0.2608695652173913,0.0,1.0,0.0,0.0,0.0,0.0,0.0,0.0,0.0,0.0,0.0,0.0,0.0,0.0,0.0,0.0,0.0,0.0,0.0,0.0,0.0,0.0,0.0,0.0,0.0,0.0,0.0,0.0,0.0,0.0,0.0,0.0,0.0,0.0,0.0,0.0,0.0,0,33,0
0.14285714285714285,0.45454545454545453,0.3333333333333333,0.125,0.7142857142857142,0.6666666666666666,0.0,0.05,0.0,0.0,0.08333333333333333,0.0,0.8214285714285595,0.2608695652173913,0.30434782608695654,0.0,1.0,0.0,0.0,0.0,0.0,0.0,1.0,0.0,0.0,0.0,0.0,0.0,0.0,0.0,0.0,0.0,0.0,0.0,0.0,0.0,0.0,0.0,0.0,0.0,0.0,0.0,0.0,0.0,0.0,0.0,0.0,0.0,0.0,0.0,0.0,0.0,1,3,0
0.14285714285714285,0.45454545454545453,0.3333333333333333,0.125,0.8571428571428571,0.8333333333333334,0.0,0.08333333333333333,0.0,0.0,0.0,1.0,0.8511904761904634,0.43478260869565216,0.4782608695652174,0.0,1.0,0.0,0.0,0.0,0.0,0.0,0.0,0.0,0.0,0.0,0.0,0.0,0.0,0.0,1.0,0.0,0.0,0.0,0.0,0.0,0.0,0.0,0.0,0.0,0.0,0.0,0.0,0.0,0.0,0.0,0.0,0.0,0.0,0.0,0.0,0.0,1,11,0
0.14285714285714285,0.45454545454545453,0.3333333333333333,0.125,0.5714285714285714,0.5,0.0,0.4166666666666667,0.0,0.0,0.0,1.0,0.8660714285714164,0.6086956521739131,0.6521739130434783,0.0,0.0,0.0,1.0,0.0,0.0,0.0,0.0,0.0,0.0,0.0,0.0,0.0,0.0,0.0,0.0,0.0,0.0,0.0,0.0,0.0,0.0,0.0,0.0,0.0,0.0,0.0,0.0,0.0,0.0,1.0,0.0,0.0,0.0,0.0,0.0,0.0,1,26,0
0.14285714285714285,0.45454545454545453,0.3333333333333333,0.125,0.5714285714285714,0.5,0.0,0.16666666666666666,0.0,0.0,0.0,1.0,0.8660714285714164,0.6521739130434783,0.6956521739130435,0.0,0.0,0.0,1.0,0.0,0.0,0.0,0.0,0.0,0.0,0.0,0.0,0.0,0.0,0.0,0.0,0.0,0.0,0.0,0.0,0.0,0.0,0.0,0.0,0.0,0.0,0.0,0.0,0.0,0.0,0.0,0.0,0.0,0.0,0.0,0.0,0.0,1,33,0
0.14285714285714285,0.45454545454545453,0.3333333333333333,0.625,0.5714285714285714,0.6666666666666666,0.0,0.0,0.0,0.25,0.0,1.0,0.857142857142845,0.782608695652174,0.8260869565217391,0.0,0.0,0.0,1.0,0.0,0.0,0.0,0.0,0.0,0.0,0.0,0.0,0.0,0.0,0.0,0.0,0.0,0.0,0.0,0.0,0.0,0.0,0.0,0.0,0.0,0.0,0.0,0.0,0.0,0.0,0.0,0.0,0.0,0.0,0.0,0.0,0.0,0,33,0
0.14285714285714285,0.45454545454545453,0.3333333333333333,0.625,0.8571428571428571,0.8333333333333334,0.0,0.0,0.0,0.0,0.16666666666666666,1.0,0.8511904761904634,0.8260869565217391,0.8695652173913043,0.0,0.0,0.0,1.0,0.0,0.0,0.0,0.0,0.0,0.0,0.0,0.0,0.0,0.0,0.0,0.0,0.0,0.0,0.0,0.0,0.0,0.0,0.0,0.0,0.0,0.0,0.0,0.0,0.0,0.0,0.0,0.0,0.0,0.0,0.0,0.0,0.0,0,33,0
0.14285714285714285,0.3636363636363636,0.3333333333333333,0.625,0.7142857142857142,0.6666666666666666,0.0,0.0,0.0,0.16666666666666666,0.0,1.0,0.8571428571428447,0.9130434782608696,0.9565217391304348,0.0,0.0,1.0,0.0,0.0,0.0,0.0,0.0,0.0,0.0,0.0,0.0,0.0,0.0,0.0,0.0,0.0,0.0,0.0,0.0,0.0,0.0,0.0,0.0,0.0,0.0,0.0,0.0,0.0,0.0,0.0,0.0,0.0,0.0,0.0,0.0,0.0,0,33,0
0.14285714285714285,0.3636363636363636,0.3333333333333333,0.625,0.7142857142857142,0.6666666666666666,0.0,0.16666666666666666,0.0,0.0,0.0,0.0,0.8214285714285595,0.9565217391304348,1.0,0.0,0.0,1.0,0.0,0.0,0.0,0.0,0.0,0.0,0.0,0.0,0.0,0.0,0.0,0.0,0.0,0.0,0.0,0.0,0.0,0.0,0.0,0.0,0.0,0.0,0.0,0.0,0.0,0.0,0.0,0.0,0.0,0.0,0.0,0.0,0.0,0.0,1,33,0
0.2857142857142857,0.3636363636363636,0.3333333333333333,0.125,0.7142857142857142,0.6666666666666666,0.0,0.16666666666666666,0.0,0.0,0.0,1.0,0.8571428571428477,0.13043478260869565,0.17391304347826086,0.0,0.0,1.0,0.0,0.0,0.0,0.0,0.0,0.0,0.0,0.0,0.0,0.0,0.0,0.0,0.0,0.0,0.0,0.0,0.0,0.0,0.0,0.0,0.0,0.0,0.0,0.0,0.0,0.0,0.0,0.0,0.0,0.0,0.0,0.0,0.0,0.0,1,33,0
0.2857142857142857,0.45454545454545453,0.3333333333333333,0.125,0.8571428571428571,0.8333333333333334,0.0,0.0,0.0,0.16666666666666666,0.0,1.0,0.8511904761904638,0.21739130434782608,0.2608695652173913,0.0,1.0,0.0,0.0,0.0,0.0,0.0,0.0,0.0,0.0,0.0,0.0,0.0,0.0,0.0,0.0,0.0,0.0,0.0,0.0,0.0,0.0,0.0,0.0,0.0,0.0,0.0,0.0,0.0,0.0,0.0,0.0,0.0,0.0,0.0,0.0,0.0,0,33,0
0.2857142857142857,0.45454545454545453,0.3333333333333333,0.125,0.7142857142857142,0.6666666666666666,0.0,0.0,0.0,0.0,0.13333333333333333,1.0,0.857142857142845,0.34782608695652173,0.391304347826087,0.0,1.0,0.0,0.0,0.0,0.0,0.0,1.0,0.0,0.0,0.0,0.0,0.0,0.0,0.0,0.0,0.0,0.0,0.0,0.0,0.0,0.0,0.0,0.0,0.0,0.0,0.0,0.0,0.0,0.0,0.0,0.0,0.0,0.0,0.0,0.0,0.0,0,3,0
0.2857142857142857,0.45454545454545453,0.3333333333333333,0.125,0.7142857142857142,0.6666666666666666,0.0,0.05,0.0,0.0,0.08333333333333333,0.0,0.8214285714285595,0.34782608695652173,0.391304347826087,0.0,1.0,0.0,0.0,0.0,0.0,0.0,1.0,0.0,0.0,0.0,0.0,0.0,0.0,0.0,0.0,0.0,0.0,0.0,0.0,0.0,0.0,0.0,0.0,0.0,0.0,0.0,0.0,0.0,0.0,0.0,0.0,0.0,0.0,0.0,0.0,0.0,1,3,0
0.2857142857142857,0.5454545454545454,0.3333333333333333,0.125,0.8571428571428571,0.8333333333333334,0.13333333333333333,0.0,0.0,0.0,0.0,1.0,0.851190476190464,0.5652173913043478,0.6086956521739131,0.0,0.0,0.0,1.0,0.0,1.0,0.0,0.0,0.0,0.0,0.0,0.0,0.0,0.0,0.0,0.0,0.0,0.0,0.0,0.0,0.0,0.0,0.0,0.0,0.0,0.0,0.0,0.0,0.0,0.0,0.0,0.0,0.0,0.0,0.0,0.0,0.0,0,1,0
0.2857142857142857,0.5454545454545454,0.3333333333333333,0.125,0.8571428571428571,0.8333333333333334,0.0,0.16666666666666666,0.0,0.0,0.0,0.0,0.8214285714285595,0.5652173913043478,0.6086956521739131,0.0,0.0,0.0,1.0,0.0,0.0,0.0,0.0,0.0,0.0,0.0,0.0,0.0,0.0,0.0,0.0,0.0,0.0,0.0,0.0,0.0,0.0,0.0,0.0,0.0,0.0,0.0,0.0,0.0,0.0,0.0,0.0,0.0,0.0,0.0,0.0,0.0,1,33,0
0.2857142857142857,0.5454545454545454,0.3333333333333333,0.5,0.42857142857142855,0.6666666666666666,0.0,0.16666666666666666,0.0,0.0,0.0,1.0,0.857142857142845,0.782608695652174,0.8260869565217391,0.0,0.0,0.0,1.0,0.0,0.0,0.0,0.0,0.0,0.0,0.0,0.0,0.0,0.0,0.0,1.0,0.0,0.0,0.0,0.0,0.0,0.0,0.0,0.0,0.0,0.0,0.0,0.0,0.0,0.0,0.0,0.0,0.0,0.0,0.0,0.0,0.0,1,11,0
0.2857142857142857,0.5454545454545454,0.3333333333333333,0.5,0.42857142857142855,0.6666666666666666,0.0,0.16666666666666666,0.0,0.0,0.0,0.0,0.8214285714285595,0.782608695652174,0.8260869565217391,0.0,0.0,0.0,1.0,0.0,0.0,0.0,0.0,0.0,0.0,0.0,0.0,0.0,0.0,0.0,0.0,0.0,0.0,0.0,0.0,0.0,0.0,0.0,0.0,0.0,0.0,0.0,0.0,0.0,0.0,0.0,0.0,0.0,0.0,0.0,0.0,0.0,1,33,0
0.2857142857142857,0.5454545454545454,0.3333333333333333,0.5,0.42857142857142855,0.5,0.0,0.25,0.0,0.0,0.0,1.0,0.8660714285714154,0.8260869565217391,0.8695652173913043,0.0,0.0,0.0,1.0,0.0,0.0,0.0,0.0,0.0,0.0,0.0,0.0,0.0,0.0,0.0,1.0,0.0,0.0,0.0,0.0,0.0,0.0,0.0,0.0,0.0,0.0,0.0,0.0,0.0,0.0,0.0,0.0,0.0,0.0,0.0,0.0,0.0,1,11,0
0.2857142857142857,0.5454545454545454,0.3333333333333333,0.625,0.42857142857142855,0.8333333333333334,0.0,0.16666666666666666,0.0,0.0,0.0,0.0,0.8214285714285595,0.8695652173913043,0.9130434782608696,0.0,0.0,0.0,1.0,0.0,0.0,0.0,0.0,0.0,0.0,0.0,0.0,0.0,0.0,0.0,0.0,0.0,0.0,0.0,0.0,0.0,0.0,0.0,0.0,0.0,0.0,0.0,0.0,0.0,0.0,0.0,0.0,0.0,0.0,0.0,0.0,0.0,1,33,0
0.2857142857142857,0.3636363636363636,0.3333333333333333,0.25,0.42857142857142855,0.6666666666666666,0.0,0.0,0.0,0.16666666666666666,0.0,1.0,0.8571428571428447,0.9130434782608696,0.9565217391304348,0.0,0.0,1.0,0.0,0.0,0.0,0.0,0.0,0.0,0.0,0.0,0.0,0.0,0.0,0.0,0.0,0.0,0.0,0.0,0.0,0.0,0.0,0.0,0.0,0.0,0.0,0.0,0.0,0.0,0.0,0.0,0.0,0.0,0.0,0.0,0.0,0.0,0,33,0
0.2857142857142857,0.3636363636363636,0.3333333333333333,0.625,0.42857142857142855,0.8333333333333334,0.0,0.2,0.0,0.0,0.0,1.0,0.8511904761904634,0.9565217391304348,1.0,0.0,0.0,1.0,0.0,0.0,0.0,0.0,0.0,0.0,0.0,0.0,0.0,0.0,0.0,0.0,0.0,0.0,0.0,0.0,0.0,0.0,0.0,0.0,0.0,0.0,0.0,0.0,0.0,0.0,0.0,0.0,0.0,0.0,0.0,0.0,0.0,0.0,1,33,0
0.2857142857142857,0.3636363636363636,0.3333333333333333,0.625,0.7142857142857142,0.6666666666666666,0.0,0.15,0.0,0.0,0.0,0.0,0.8214285714285595,1.0,0.0,0.0,0.0,1.0,0.0,0.0,0.0,0.0,0.0,0.0,0.0,0.0,0.0,0.0,0.0,0.0,0.0,0.0,0.0,0.0,0.0,0.0,0.0,0.0,0.0,0.0,0.0,0.0,0.0,0.0,0.0,0.0,0.0,0.0,0.0,0.0,0.0,0.0,1,33,0
0.42857142857142855,0.3636363636363636,0.3333333333333333,0.375,0.7142857142857142,0.6666666666666666,0.0,0.15,0.0,0.0,0.0,0.0,0.8214285714285595,0.13043478260869565,0.17391304347826086,0.0,0.0,1.0,0.0,0.0,0.0,0.0,0.0,0.0,0.0,0.0,0.0,0.0,0.0,0.0,0.0,0.0,0.0,0.0,0.0,0.0,0.0,0.0,0.0,0.0,0.0,0.0,0.0,0.0,0.0,0.0,0.0,0.0,0.0,0.0,0.0,0.0,1,33,0
0.42857142857142855,0.45454545454545453,0.3333333333333333,0.375,0.7142857142857142,0.6666666666666666,0.0,0.0,0.0,0.16666666666666666,0.0,1.0,0.8571428571428448,0.21739130434782608,0.2608695652173913,0.0,1.0,0.0,0.0,0.0,0.0,0.0,0.0,0.0,0.0,0.0,0.0,0.0,0.0,0.0,0.0,0.0,0.0,0.0,0.0,0.0,0.0,0.0,0.0,0.0,0.0,0.0,0.0,0.0,0.0,0.0,0.0,0.0,0.0,0.0,0.0,0.0,0,33,0
0.42857142857142855,0.45454545454545453,0.3333333333333333,0.375,0.5714285714285714,0.5,0.0,0.13333333333333333,0.0,0.0,0.0,1.0,0.8660714285714153,0.30434782608695654,0.34782608695652173,0.0,1.0,0.0,0.0,0.0,0.0,0.0,0.0,0.0,0.0,0.0,0.0,0.0,0.0,0.0,0.0,0.0,0.0,0.0,0.0,0.0,0.0,0.0,0.0,0.0,0.0,0.0,0.0,0.0,0.0,0.0,1.0,0.0,0.0,0.0,0.0,0.0,1,27,0
0.42857142857142855,0.45454545454545453,0.3333333333333333,0.375,0.5714285714285714,0.5,0.0,0.1,0.0,0.0,0.0,0.0,0.8214285714285595,0.30434782608695654,0.34782608695652173,0.0,1.0,0.0,0.0,0.0,0.0,0.0,0.0,0.0,0.0,0.0,0.0,0.0,0.0,0.0,0.0,0.0,0.0,0.0,0.0,0.0,0.0,0.0,0.0,0.0,0.0,0.0,0.0,0.0,0.0,0.0,0.0,0.0,1.0,0.0,0.0,0.0,1,29,0
0.42857142857142855,0.45454545454545453,0.3333333333333333,0.375,0.5714285714285714,0.5,0.0,0.16666666666666666,0.0,0.0,0.0,0.0,0.8214285714285595,0.30434782608695654,0.34782608695652173,0.0,1.0,0.0,0.0,0.0,0.0,0.0,0.0,0.0,0.0,0.0,0.0,0.0,0.0,0.0,0.0,0.0,0.0,0.0,0.0,0.0,0.0,0.0,0.0,0.0,0.0,0.0,0.0,0.0,0.0,0.0,0.0,1.0,0.0,0.0,0.0,0.0,1,28,0
0.42857142857142855,0.45454545454545453,0.3333333333333333,0.375,0.42857142857142855,0.5,0.0,0.25,0.0,0.0,0.0,1.0,0.8660714285714164,0.34782608695652173,0.391304347826087,0.0,1.0,0.0,0.0,0.0,0.0,0.0,0.0,0.0,0.0,0.0,0.0,0.0,0.0,0.0,0.0,0.0,0.0,0.0,0.0,0.0,0.0,0.0,0.0,0.0,0.0,0.0,0.0,0.0,0.0,0.0,0.0,1.0,0.0,0.0,0.0,0.0,1,28,0
0.42857142857142855,0.45454545454545453,0.3333333333333333,0.375,0.42857142857142855,0.5,0.0,0.16666666666666666,0.0,0.0,0.0,0.0,0.8214285714285595,0.34782608695652173,0.391304347826087,0.0,1.0,0.0,0.0,0.0,0.0,0.0,0.0,0.0,0.0,0.0,0.0,0.0,0.0,0.0,0.0,0.0,0.0,0.0,0.0,1.0,0.0,0.0,0.0,0.0,0.0,0.0,0.0,0.0,0.0,0.0,0.0,0.0,0.0,0.0,0.0,0.0,1,16,0
0.42857142857142855,0.45454545454545453,0.3333333333333333,0.375,0.2857142857142857,0.16666666666666666,0.0,0.16666666666666666,0.0,0.0,0.0,1.0,0.8660714285714168,0.41304347826086957,0.43478260869565216,0.0,1.0,0.0,0.0,0.0,0.0,0.0,0.0,0.0,0.0,1.0,0.0,0.0,0.0,0.0,0.0,0.0,0.0,0.0,0.0,0.0,0.0,0.0,0.0,0.0,0.0,0.0,0.0,0.0,0.0,0.0,0.0,0.0,0.0,0.0,0.0,0.0,1,6,0
0.42857142857142855,0.45454545454545453,0.3333333333333333,0.375,0.5714285714285714,0.5,0.0,0.0,1.0,0.0,0.08333333333333333,1.0,0.8660714285714153,0.43478260869565216,0.4782608695652174,0.0,1.0,0.0,0.0,0.0,0.0,0.0,0.0,0.0,1.0,0.0,0.0,0.0,0.0,0.0,0.0,0.0,0.0,0.0,0.0,0.0,0.0,0.0,0.0,0.0,0.0,0.0,0.0,0.0,0.0,0.0,0.0,0.0,0.0,0.0,0.0,0.0,0,5,2
0.42857142857142855,0.5454545454545454,0.6666666666666666,0.375,0.42857142857142855,0.6666666666666666,0.3333333333333333,0.0,0.0,0.0,0.0,1.0,0.8571428571428448,0.5652173913043478,0.6086956521739131,0.0,0.0,0.0,1.0,0.0,1.0,0.0,0.0,0.0,0.0,0.0,0.0,0.0,0.0,0.0,0.0,0.0,0.0,0.0,0.0,0.0,0.0,0.0,0.0,0.0,0.0,0.0,0.0,0.0,0.0,0.0,0.0,0.0,0.0,0.0,0.0,0.0,0,1,0
0.42857142857142855,0.5454545454545454,0.6666666666666666,0.375,0.5714285714285714,0.5,0.3333333333333333,0.0,0.0,0.0,0.0,1.0,0.8660714285714164,0.6086956521739131,0.6521739130434783,0.0,0.0,0.0,1.0,0.0,1.0,0.0,0.0,0.0,0.0,0.0,0.0,0.0,0.0,0.0,0.0,0.0,0.0,0.0,0.0,0.0,0.0,0.0,0.0,0.0,0.0,0.0,0.0,0.0,0.0,0.0,0.0,0.0,0.0,0.0,0.0,0.0,0,1,0
0.42857142857142855,0.5454545454545454,0.3333333333333333,0.375,0.42857142857142855,0.5,0.0,0.25,0.0,0.0,0.0,0.0,0.8214285714285595,0.6956521739130435,0.7391304347826088,0.0,0.0,0.0,1.0,0.0,0.0,0.0,0.0,0.0,0.0,0.0,0.0,0.0,0.0,0.0,0.0,0.0,0.0,0.0,0.0,1.0,0.0,0.0,0.0,0.0,0.0,0.0,0.0,0.0,0.0,0.0,0.0,0.0,0.0,0.0,0.0,0.0,1,16,0
0.42857142857142855,0.09090909090909088,0.6666666666666666,0.375,0.5714285714285714,0.8333333333333334,0.0,0.0,0.0,0.5,0.0,1.0,0.8214285714285595,0.9130434782608696,0.9565217391304348,0.0,0.0,1.0,0.0,0.0,0.0,0.0,0.0,0.0,0.0,0.0,0.0,0.0,0.0,0.0,0.0,0.0,0.0,0.0,0.0,0.0,0.0,0.0,0.0,0.0,0.0,0.0,0.0,0.0,0.0,0.0,0.0,0.0,1.0,0.0,0.0,0.0,0,29,0
0.42857142857142855,0.09090909090909088,0.6666666666666666,0.375,0.5714285714285714,0.8333333333333334,0.0,0.0,0.0,0.5,0.0,0.0,0.8214285714285595,0.9130434782608696,0.9565217391304348,0.0,0.0,1.0,0.0,0.0,0.0,0.0,0.0,0.0,0.0,0.0,0.0,0.0,0.0,0.0,0.0,0.0,0.0,0.0,0.0,0.0,0.0,0.0,0.0,0.0,0.0,0.0,0.0,0.0,0.0,0.0,0.0,0.0,0.0,0.0,0.0,0.0,0,33,0
0.42857142857142855,0.09090909090909088,0.6666666666666666,0.375,0.5714285714285714,0.8333333333333334,0.0,0.0,0.0,1.0,0.0,0.0,0.8214285714285595,0.9565217391304348,1.0,0.0,0.0,1.0,0.0,0.0,0.0,0.0,0.0,0.0,0.0,0.0,0.0,0.0,0.0,0.0,0.0,0.0,0.0,0.0,0.0,0.0,0.0,0.0,0.0,0.0,0.0,0.0,0.0,0.0,0.0,0.0,0.0,0.0,0.0,0.0,0.0,0.0,0,33,0
0.42857142857142855,0.09090909090909088,0.6666666666666666,0.375,0.5714285714285714,0.8333333333333334,0.0,0.0,0.0,1.0,0.0,0.0,0.8214285714285595,1.0,0.0,0.0,0.0,1.0,0.0,0.0,0.0,0.0,0.0,0.0,0.0,0.0,0.0,0.0,0.0,0.0,0.0,0.0,0.0,0.0,0.0,0.0,0.0,0.0,0.0,0.0,0.0,0.0,0.0,0.0,0.0,0.0,0.0,0.0,0.0,0.0,0.0,0.0,0,33,0
0.5714285714285714,0.09090909090909088,0.6666666666666666,0.375,0.5714285714285714,0.8333333333333334,0.0,0.0,0.0,1.0,0.0,0.0,0.8214285714285595,0.0,0.043478260869565216,0.0,0.0,1.0,0.0,0.0,0.0,0.0,0.0,0.0,0.0,0.0,0.0,0.0,0.0,0.0,0.0,0.0,0.0,0.0,0.0,0.0,0.0,0.0,0.0,0.0,0.0,0.0,0.0,0.0,0.0,0.0,0.0,0.0,0.0,0.0,0.0,0.0,0,33,0
0.5714285714285714,0.09090909090909088,0.6666666666666666,0.375,0.5714285714285714,0.8333333333333334,0.0,0.0,0.0,0.5,0.0,0.0,0.8214285714285595,0.06521739130434782,0.08695652173913043,0.0,0.0,1.0,0.0,0.0,0.0,0.0,0.0,0.0,0.0,0.0,0.0,0.0,0.0,0.0,0.0,0.0,0.0,0.0,0.0,0.0,0.0,0.0,0.0,0.0,0.0,0.0,0.0,0.0,0.0,0.0,0.0,0.0,0.0,0.0,0.0,0.0,0,33,0
0.5714285714285714,0.09090909090909088,0.6666666666666666,0.375,0.5714285714285714,0.8333333333333334,0.0,0.0,0.0,1.0,0.0,0.0,0.8214285714285595,0.08695652173913043,0.13043478260869565,0.0,0.0,1.0,0.0,0.0,0.0,0.0,0.0,0.0,0.0,0.0,0.0,0.0,0.0,0.0,0.0,0.0,0.0,0.0,0.0,0.0,0.0,0.0,0.0,0.0,0.0,0.0,0.0,0.0,0.0,0.0,0.0,0.0,0.0,0.0,0.0,0.0,0,33,0
0.5714285714285714,0.0,0.6666666666666666,0.375,0.5714285714285714,0.8333333333333334,0.0,0.0,0.0,1.0,0.0,1.0,0.8214285714285595,0.13043478260869565,0.17391304347826086,0.0,0.0,1.0,0.0,0.0,0.0,0.0,0.0,0.0,0.0,0.0,0.0,0.0,0.0,0.0,0.0,0.0,0.0,0.0,0.0,0.0,0.0,0.0,0.0,0.0,0.0,0.0,0.0,0.0,0.0,0.0,0.0,0.0,0.0,0.0,0.0,0.0,0,33,0
0.5714285714285714,0.0,0.6666666666666666,0.375,0.5714285714285714,0.8333333333333334,0.0,0.0,0.0,1.0,0.0,1.0,0.8214285714285595,0.17391304347826086,0.21739130434782608,0.0,0.0,1.0,0.0,0.0,0.0,0.0,0.0,0.0,0.0,0.0,0.0,0.0,0.0,0.0,0.0,0.0,0.0,0.0,0.0,0.0,0.0,0.0,0.0,0.0,0.0,0.0,0.0,0.0,0.0,0.0,0.0,0.0,0.0,0.0,0.0,0.0,0,33,0
0.5714285714285714,0.45454545454545453,0.6666666666666666,0.375,0.8571428571428571,0.8333333333333334,0.0,0.0,0.0,0.16666666666666666,0.0,1.0,0.8511904761904638,0.21739130434782608,0.2608695652173913,0.0,1.0,0.0,0.0,0.0,0.0,0.0,0.0,0.0,0.0,0.0,0.0,0.0,0.0,0.0,0.0,0.0,0.0,0.0,0.0,0.0,0.0,0.0,0.0,0.0,0.0,0.0,0.0,0.0,0.0,0.0,0.0,0.0,0.0,0.0,0.0,0.0,0,33,0
0.5714285714285714,0.45454545454545453,0.3333333333333333,0.375,0.8571428571428571,0.8333333333333334,0.0,0.06666666666666667,0.0,0.0,0.0,1.0,0.8511904761904641,0.34782608695652173,0.391304347826087,0.0,1.0,0.0,0.0,0.0,0.0,0.0,1.0,0.0,0.0,0.0,0.0,0.0,0.0,0.0,0.0,0.0,0.0,0.0,0.0,0.0,0.0,0.0,0.0,0.0,0.0,0.0,0.0,0.0,0.0,0.0,0.0,0.0,0.0,0.0,0.0,0.0,1,3,0
0.5714285714285714,0.45454545454545453,0.3333333333333333,0.375,0.8571428571428571,0.8333333333333334,0.0,0.06666666666666667,0.0,0.0,0.0,0.0,0.8214285714285595,0.34782608695652173,0.391304347826087,0.0,1.0,0.0,0.0,0.0,0.0,0.0,0.0,0.0,0.0,0.0,0.0,0.0,0.0,0.0,0.0,0.0,0.0,0.0,0.0,0.0,0.0,0.0,0.0,0.0,0.0,0.0,0.0,0.0,0.0,0.0,0.0,0.0,1.0,0.0,0.0,0.0,1,29,0
0.5714285714285714,0.45454545454545453,0.3333333333333333,0.375,0.2857142857142857,0.8333333333333334,0.15,0.0,0.0,0.0,0.0,1.0,0.8511904761904641,0.4782608695652174,0.5217391304347826,0.0,1.0,0.0,0.0,0.0,1.0,0.0,0.0,0.0,0.0,0.0,0.0,0.0,0.0,0.0,0.0,0.0,0.0,0.0,0.0,0.0,0.0,0.0,0.0,0.0,0.0,0.0,0.0,0.0,0.0,0.0,0.0,0.0,0.0,0.0,0.0,0.0,0,1,0
0.5714285714285714,0.45454545454545453,0.3333333333333333,0.375,0.5714285714285714,0.5,0.0,0.0,0.0,0.25,0.0,1.0,0.8660714285714164,0.5217391304347826,0.5652173913043478,0.0,1.0,0.0,0.0,0.0,0.0,0.0,0.0,0.0,0.0,0.0,0.0,0.0,0.0,0.0,0.0,0.0,0.0,0.0,0.0,0.0,0.0,0.0,0.0,0.0,0.0,0.0,0.0,0.0,0.0,0.0,0.0,0.0,0.0,0.0,0.0,0.0,0,33,0
0.5714285714285714,0.5454545454545454,0.3333333333333333,0.375,0.8571428571428571,0.8333333333333334,0.16666666666666666,0.0,0.0,0.0,0.0,1.0,0.851190476190464,0.5652173913043478,0.6086956521739131,0.0,0.0,0.0,1.0,0.0,1.0,0.0,0.0,0.0,0.0,0.0,0.0,0.0,0.0,0.0,0.0,0.0,0.0,0.0,0.0,0.0,0.0,0.0,0.0,0.0,0.0,0.0,0.0,0.0,0.0,0.0,0.0,0.0,0.0,0.0,0.0,0.0,0,1,0
0.5714285714285714,0.5454545454545454,0.3333333333333333,0.375,0.8571428571428571,0.8333333333333334,0.0,0.16666666666666666,0.0,0.0,0.0,1.0,0.8511904761904641,0.6086956521739131,0.6521739130434783,0.0,0.0,0.0,1.0,0.0,0.0,0.0,0.0,0.0,0.0,0.0,0.0,0.0,0.0,0.0,0.0,0.0,0.0,0.0,0.0,0.0,0.0,0.0,0.0,0.0,0.0,0.0,0.0,0.0,0.0,0.0,0.0,0.0,0.0,1.0,0.0,0.0,1,30,0
0.5714285714285714,0.5454545454545454,0.3333333333333333,0.375,0.42857142857142855,0.33333333333333337,0.16666666666666666,0.0,0.0,0.0,0.0,1.0,0.8809523809523686,0.8695652173913043,0.9130434782608696,0.0,0.0,0.0,1.0,0.0,1.0,0.0,0.0,0.0,0.0,0.0,0.0,0.0,0.0,0.0,0.0,0.0,0.0,0.0,0.0,0.0,0.0,0.0,0.0,0.0,0.0,0.0,0.0,0.0,0.0,0.0,0.0,0.0,0.0,0.0,0.0,0.0,0,1,0
0.5714285714285714,0.5454545454545454,0.3333333333333333,0.375,0.42857142857142855,0.33333333333333337,0.0,0.16666666666666666,0.0,0.0,0.0,0.0,0.8214285714285595,0.8695652173913043,0.9130434782608696,0.0,0.0,0.0,1.0,0.0,0.0,0.0,0.0,0.0,0.0,0.0,0.0,0.0,0.0,0.0,0.0,0.0,0.0,0.0,0.0,0.0,0.0,0.0,0.0,0.0,0.0,0.0,0.0,0.0,0.0,1.0,0.0,0.0,0.0,0.0,0.0,0.0,1,26,0
0.5714285714285714,0.5454545454545454,0.3333333333333333,0.375,0.42857142857142855,0.33333333333333337,0.0,0.16666666666666666,0.0,0.0,0.0,0.0,0.8214285714285595,0.8695652173913043,0.9130434782608696,0.0,0.0,0.0,1.0,0.0,0.0,0.0,0.0,0.0,0.0,0.0,0.0,0.0,0.0,0.0,0.0,0.0,0.0,0.0,0.0,1.0,0.0,0.0,0.0,0.0,0.0,0.0,0.0,0.0,0.0,0.0,0.0,0.0,0.0,0.0,0.0,0.0,1,16,0
0.7142857142857142,0.18181818181818182,0.3333333333333333,0.375,0.2857142857142857,0.16666666666666666,0.0,0.16666666666666666,0.0,0.0,0.0,0.0,0.8214285714285595,0.21739130434782608,0.2608695652173913,0.0,1.0,0.0,0.0,0.0,0.0,0.0,0.0,0.0,0.0,0.0,0.0,0.0,0.0,0.0,0.0,0.0,0.0,0.0,0.0,0.0,0.0,0.0,0.0,0.0,0.0,0.0,0.0,0.0,0.0,0.0,0.0,0.0,0.0,0.0,0.0,0.0,1,33,0
1.0,0.5454545454545454,0.3333333333333333,0.375,0.42857142857142855,0.33333333333333337,0.16666666666666666,0.0,0.0,0.0,0.0,1.0,0.8809523809523682,0.9130434782608696,0.9565217391304348,0.0,0.0,1.0,0.0,0.0,1.0,0.0,0.0,0.0,0.0,0.0,0.0,0.0,0.0,0.0,0.0,0.0,0.0,0.0,0.0,0.0,0.0,0.0,0.0,0.0,0.0,0.0,0.0,0.0,0.0,0.0,0.0,0.0,0.0,0.0,0.0,0.0,0,1,0
1.0,0.5454545454545454,0.3333333333333333,0.375,0.42857142857142855,0.33333333333333337,0.0,0.3333333333333333,0.0,0.0,0.0,0.0,0.8214285714285595,0.9130434782608696,0.9565217391304348,0.0,0.0,1.0,0.0,0.0,0.0,0.0,1.0,0.0,0.0,0.0,0.0,0.0,0.0,0.0,0.0,0.0,0.0,0.0,0.0,0.0,0.0,0.0,0.0,0.0,0.0,0.0,0.0,0.0,0.0,0.0,0.0,0.0,0.0,0.0,0.0,0.0,1,3,0
1.0,0.5454545454545454,0.3333333333333333,0.625,0.14285714285714285,0.8333333333333334,0.0,0.0,0.0,0.0,0.06666666666666667,1.0,0.8511904761904634,0.9565217391304348,1.0,0.0,0.0,1.0,0.0,0.0,0.0,0.0,0.0,0.0,0.0,0.0,0.0,0.0,0.0,0.0,0.0,0.0,0.0,0.0,0.0,0.0,0.0,0.0,0.0,0.0,0.0,0.0,0.0,0.0,0.0,0.0,0.0,0.0,0.0,0.0,0.0,0.0,0,33,0
0.14285714285714285,0.5454545454545454,0.3333333333333333,0.625,0.14285714285714285,0.6666666666666666,0.0,0.08333333333333333,0.0,0.0,0.0,0.0,0.8214285714285595,0.0,0.043478260869565216,0.0,0.0,1.0,0.0,0.0,0.0,0.0,0.0,0.0,0.0,0.0,0.0,0.0,0.0,0.0,0.0,0.0,0.0,0.0,0.0,0.0,0.0,0.0,0.0,0.0,0.0,0.0,0.0,0.0,0.0,0.0,0.0,1.0,0.0,0.0,0.0,0.0,1,28,0
0.14285714285714285,0.5454545454545454,0.3333333333333333,0.625,0.14285714285714285,0.6666666666666666,0.0,0.08333333333333333,0.0,0.0,0.0,0.0,0.8214285714285595,0.0,0.043478260869565216,0.0,0.0,1.0,0.0,0.0,0.0,0.0,0.0,0.0,0.0,0.0,0.0,0.0,0.0,0.0,0.0,0.0,0.0,0.0,0.0,0.0,0.0,0.0,0.0,0.0,0.0,0.0,0.0,0.0,0.0,0.0,0.0,0.0,0.0,1.0,0.0,0.0,1,30,0
0.14285714285714285,0.5454545454545454,0.3333333333333333,0.375,0.14285714285714285,0.33333333333333337,0.0,0.0,0.0,0.0,0.08333333333333333,0.0,0.8214285714285595,0.06521739130434782,0.08695652173913043,0.0,0.0,1.0,0.0,0.0,0.0,0.0,1.0,0.0,0.0,0.0,0.0,0.0,0.0,0.0,0.0,0.0,0.0,0.0,0.0,0.0,0.0,0.0,0.0,0.0,0.0,0.0,0.0,0.0,0.0,0.0,0.0,0.0,0.0,0.0,0.0,0.0,0,3,0
0.14285714285714285,0.5454545454545454,0.6666666666666666,0.5,0.14285714285714285,0.8333333333333334,0.0,0.08333333333333333,0.0,0.0,0.0,0.0,0.8214285714285595,0.08695652173913043,0.13043478260869565,0.0,0.0,1.0,0.0,0.0,0.0,0.0,0.0,0.0,0.0,0.0,0.0,0.0,0.0,0.0,0.0,0.0,0.0,0.0,0.0,0.0,0.0,0.0,0.0,0.0,0.0,0.0,0.0,0.0,1.0,0.0,0.0,0.0,0.0,0.0,0.0,0.0,1,25,0
0.14285714285714285,0.5454545454545454,0.6666666666666666,0.25,0.14285714285714285,0.16666666666666666,0.0,0.25,0.0,0.0,0.0,0.0,0.8214285714285595,0.17391304347826086,0.21739130434782608,0.0,0.0,1.0,0.0,0.0,0.0,0.0,0.0,0.0,0.0,0.0,0.0,0.0,0.0,0.0,0.0,0.0,0.0,0.0,0.0,0.0,0.0,0.0,0.0,0.0,0.0,0.0,0.0,0.0,0.0,0.0,0.0,0.0,0.0,0.0,0.0,0.0,1,33,0
0.14285714285714285,0.45454545454545453,0.6666666666666666,0.375,0.14285714285714285,0.33333333333333337,0.25,0.0,0.0,0.0,0.0,1.0,0.8809523809523682,0.21739130434782608,0.2608695652173913,0.0,1.0,0.0,0.0,0.0,1.0,0.0,0.0,0.0,0.0,0.0,0.0,0.0,0.0,0.0,0.0,0.0,0.0,0.0,0.0,0.0,0.0,0.0,0.0,0.0,0.0,0.0,0.0,0.0,0.0,0.0,0.0,0.0,0.0,0.0,0.0,0.0,0,1,0
0.14285714285714285,0.45454545454545453,0.6666666666666666,0.375,0.14285714285714285,0.33333333333333337,0.0,0.11666666666666667,0.0,0.0,0.0,0.0,0.8214285714285595,0.21739130434782608,0.2608695652173913,0.0,1.0,0.0,0.0,0.0,0.0,0.0,0.0,0.0,0.0,0.0,0.0,0.0,0.0,0.0,0.0,0.0,0.0,0.0,0.0,0.0,0.0,0.0,0.0,0.0,0.0,0.0,0.0,0.0,0.0,0.0,0.0,0.0,0.0,1.0,0.0,0.0,1,30,0
0.14285714285714285,0.45454545454545453,0.6666666666666666,0.375,0.14285714285714285,0.33333333333333337,0.0,0.11666666666666667,0.0,0.0,0.0,0.0,0.8214285714285595,0.21739130434782608,0.2608695652173913,0.0,1.0,0.0,0.0,0.0,0.0,0.0,0.0,0.0,0.0,0.0,0.0,0.0,0.0,0.0,0.0,0.0,0.0,0.0,0.0,0.0,0.0,0.0,0.0,0.0,0.0,0.0,0.0,0.0,0.0,0.0,0.0,0.0,1.0,0.0,0.0,0.0,1,29,0
0.14285714285714285,0.45454545454545453,0.6666666666666666,0.375,0.7142857142857142,0.6666666666666666,0.0,0.0,0.0,0.0,0.16666666666666666,1.0,0.857142857142845,0.34782608695652173,0.391304347826087,0.0,1.0,0.0,0.0,0.0,0.0,0.0,0.0,0.0,0.0,0.0,0.0,0.0,0.0,0.0,0.0,0.0,0.0,0.0,0.0,0.0,0.0,0.0,0.0,0.0,0.0,0.0,0.0,0.0,0.0,0.0,0.0,0.0,0.0,0.0,0.0,0.0,0,33,0
0.14285714285714285,0.45454545454545453,0.6666666666666666,0.375,0.7142857142857142,0.6666666666666666,0.25,0.0,0.0,0.0,0.0,0.0,0.8214285714285595,0.34782608695652173,0.391304347826087,0.0,1.0,0.0,0.0,0.0,1.0,0.0,0.0,0.0,0.0,0.0,0.0,0.0,0.0,0.0,0.0,0.0,0.0,0.0,0.0,0.0,0.0,0.0,0.0,0.0,0.0,0.0,0.0,0.0,0.0,0.0,0.0,0.0,0.0,0.0,0.0,0.0,0,1,0
0.14285714285714285,0.3636363636363636,0.6666666666666666,0.375,0.2857142857142857,0.16666666666666666,0.0,0.0,0.0,0.0,0.16666666666666666,1.0,0.8660714285714168,0.41304347826086957,0.43478260869565216,0.0,1.0,0.0,0.0,0.0,0.0,0.0,0.0,0.0,0.0,0.0,0.0,0.0,0.0,0.0,0.0,0.0,0.0,0.0,0.0,0.0,0.0,0.0,0.0,0.0,0.0,0.0,0.0,0.0,0.0,0.0,0.0,0.0,0.0,0.0,0.0,0.0,0,33,0
0.14285714285714285,0.3636363636363636,0.3333333333333333,0.375,0.7142857142857142,0.6666666666666666,0.0,0.25,0.0,0.0,0.0,0.0,0.8214285714285595,0.5217391304347826,0.5652173913043478,0.0,1.0,0.0,0.0,0.0,0.0,0.0,0.0,0.0,0.0,0.0,0.0,0.0,0.0,0.0,0.0,0.0,0.0,0.0,0.0,0.0,0.0,0.0,0.0,0.0,0.0,0.0,0.0,0.0,0.0,0.0,0.0,0.0,1.0,0.0,0.0,0.0,1,29,0
0.14285714285714285,0.3636363636363636,0.3333333333333333,0.375,0.7142857142857142,0.6666666666666666,0.0,0.0,0.0,0.16666666666666666,0.0,1.0,0.8571428571428448,0.5652173913043478,0.6086956521739131,0.0,0.0,0.0,1.0,0.0,0.0,0.0,0.0,0.0,0.0,0.0,0.0,0.0,0.0,0.0,0.0,0.0,0.0,0.0,0.0,0.0,0.0,0.0,0.0,0.0,0.0,0.0,0.0,0.0,0.0,0.0,0.0,0.0,0.0,0.0,0.0,0.0,0,33,0
0.14285714285714285,0.3636363636363636,0.3333333333333333,0.125,0.5714285714285714,0.5,0.0,0.06666666666666667,0.0,0.0,0.06666666666666667,1.0,0.8660714285714164,0.782608695652174,0.8260869565217391,0.0,0.0,0.0,1.0,0.0,0.0,0.0,1.0,0.0,0.0,0.0,0.0,0.0,0.0,0.0,0.0,0.0,0.0,0.0,0.0,0.0,0.0,0.0,0.0,0.0,0.0,0.0,0.0,0.0,0.0,0.0,0.0,0.0,0.0,0.0,0.0,0.0,1,3,0
0.14285714285714285,0.5454545454545454,0.3333333333333333,0.125,0.7142857142857142,0.6666666666666666,0.0,0.0,0.0,0.08333333333333333,0.0,1.0,0.8571428571428447,0.9130434782608696,0.9565217391304348,0.0,0.0,1.0,0.0,0.0,0.0,0.0,0.0,0.0,0.0,0.0,0.0,0.0,0.0,0.0,0.0,0.0,0.0,0.0,0.0,0.0,0.0,0.0,0.0,0.0,0.0,0.0,0.0,0.0,0.0,0.0,0.0,0.0,0.0,0.0,0.0,0.0,0,33,0
0.14285714285714285,0.5454545454545454,0.3333333333333333,0.125,0.7142857142857142,0.6666666666666666,0.0,0.21666666666666667,0.0,0.0,0.0,0.0,0.8214285714285595,0.9130434782608696,0.9565217391304348,0.0,0.0,1.0,0.0,0.0,0.0,0.0,0.0,0.0,0.0,0.0,0.0,0.0,0.0,0.0,0.0,0.0,0.0,0.0,0.0,0.0,0.0,0.0,0.0,0.0,0.0,0.0,0.0,0.0,0.0,0.0,0.0,0.0,1.0,0.0,0.0,0.0,1,29,0
0.2857142857142857,0.5454545454545454,0.3333333333333333,0.125,0.7142857142857142,0.8333333333333334,0.0,0.06666666666666667,0.0,0.0,0.06666666666666667,1.0,0.8511904761904663,0.0,0.043478260869565216,0.0,0.0,1.0,0.0,0.0,0.0,0.0,1.0,0.0,0.0,0.0,0.0,0.0,0.0,0.0,0.0,0.0,0.0,0.0,0.0,0.0,0.0,0.0,0.0,0.0,0.0,0.0,0.0,0.0,0.0,0.0,0.0,0.0,0.0,0.0,0.0,0.0,1,3,0
0.2857142857142857,0.5454545454545454,0.3333333333333333,0.25,0.8571428571428571,0.8333333333333334,0.0,0.06666666666666667,0.0,0.0,0.0,1.0,0.851190476190459,0.17391304347826086,0.21739130434782608,0.0,0.0,1.0,0.0,0.0,0.0,0.0,1.0,0.0,0.0,0.0,0.0,0.0,0.0,0.0,0.0,0.0,0.0,0.0,0.0,0.0,0.0,0.0,0.0,0.0,0.0,0.0,0.0,0.0,0.0,0.0,0.0,0.0,0.0,0.0,0.0,0.0,1,3,0
0.2857142857142857,0.45454545454545453,0.3333333333333333,0.25,0.5714285714285714,0.6666666666666666,0.0,0.0,0.0,0.0,0.25,0.0,0.8214285714285595,0.2608695652173913,0.30434782608695654,0.0,1.0,0.0,0.0,0.0,0.0,0.0,0.0,0.0,0.0,0.0,0.0,0.0,0.0,0.0,0.0,0.0,0.0,0.0,0.0,0.0,0.0,0.0,0.0,0.0,0.0,0.0,0.0,0.0,0.0,0.0,0.0,0.0,0.0,0.0,0.0,0.0,0,33,0
0.2857142857142857,0.45454545454545453,0.3333333333333333,0.25,0.5714285714285714,0.5,0.0,0.0,0.0,0.0,0.5,0.0,0.8214285714285595,0.30434782608695654,0.34782608695652173,0.0,1.0,0.0,0.0,0.0,0.0,0.0,0.0,0.0,0.0,0.0,0.0,0.0,0.0,0.0,0.0,0.0,0.0,0.0,0.0,0.0,0.0,0.0,0.0,0.0,0.0,0.0,0.0,0.0,0.0,0.0,0.0,0.0,0.0,0.0,0.0,0.0,0,33,0
0.2857142857142857,0.45454545454545453,0.3333333333333333,0.25,0.2857142857142857,0.16666666666666666,0.0,0.0,0.0,0.0,0.5,0.0,0.8214285714285595,0.34782608695652173,0.391304347826087,0.0,1.0,0.0,0.0,0.0,0.0,0.0,0.0,0.0,0.0,0.0,0.0,0.0,0.0,0.0,0.0,0.0,0.0,0.0,0.0,0.0,0.0,0.0,0.0,0.0,0.0,0.0,0.0,0.0,0.0,0.0,0.0,0.0,0.0,0.0,0.0,0.0,0,33,0
0.2857142857142857,0.45454545454545453,0.3333333333333333,0.25,0.14285714285714285,0.0,0.0,0.0,0.0,0.3333333333333333,0.0,0.0,0.8214285714285595,0.41304347826086957,0.43478260869565216,0.0,1.0,0.0,0.0,0.0,0.0,0.0,0.0,0.0,0.0,0.0,1.0,0.0,0.0,0.0,0.0,0.0,0.0,0.0,0.0,0.0,0.0,0.0,0.0,0.0,0.0,0.0,0.0,0.0,0.0,0.0,0.0,0.0,0.0,0.0,0.0,0.0,0,7,0
0.2857142857142857,0.45454545454545453,0.3333333333333333,0.375,0.7142857142857142,0.6666666666666666,0.0,0.3333333333333333,0.0,0.0,0.0,0.0,0.8214285714285595,0.5217391304347826,0.5652173913043478,0.0,1.0,0.0,0.0,0.0,0.0,0.0,0.0,0.0,0.0,0.0,0.0,0.0,0.0,0.0,0.0,0.0,0.0,0.0,0.0,0.0,0.0,0.0,0.0,0.0,0.0,0.0,0.0,0.0,0.0,0.0,0.0,0.0,0.0,1.0,0.0,0.0,1,30,0
0.2857142857142857,0.3636363636363636,0.3333333333333333,0.375,0.7142857142857142,0.6666666666666666,0.0,0.0,0.0,0.16666666666666666,0.0,1.0,0.8571428571428448,0.5652173913043478,0.6086956521739131,0.0,0.0,0.0,1.0,0.0,0.0,0.0,0.0,0.0,0.0,0.0,0.0,0.0,0.0,0.0,0.0,0.0,0.0,0.0,0.0,0.0,0.0,0.0,0.0,0.0,0.0,0.0,0.0,0.0,0.0,0.0,0.0,0.0,0.0,0.0,0.0,0.0,0,33,0
0.2857142857142857,0.3636363636363636,0.3333333333333333,0.5,0.7142857142857142,0.6666666666666666,0.0,0.13333333333333333,0.0,0.0,0.0,1.0,0.857142857142845,0.6086956521739131,0.6521739130434783,0.0,0.0,0.0,1.0,0.0,0.0,0.0,0.0,0.0,0.0,0.0,0.0,0.0,0.0,0.0,0.0,0.0,0.0,0.0,0.0,0.0,0.0,0.0,0.0,0.0,0.0,0.0,0.0,0.0,0.0,0.0,0.0,0.0,1.0,0.0,0.0,0.0,1,29,0
0.2857142857142857,0.3636363636363636,0.3333333333333333,0.375,0.2857142857142857,0.6666666666666666,0.0,0.15,0.0,0.0,0.0,0.0,0.8214285714285595,0.6521739130434783,0.6956521739130435,0.0,0.0,0.0,1.0,0.0,0.0,0.0,0.0,0.0,0.0,0.0,0.0,0.0,0.0,0.0,0.0,0.0,0.0,0.0,0.0,0.0,0.0,0.0,0.0,0.0,0.0,0.0,0.0,0.0,0.0,0.0,0.0,0.0,0.0,0.0,0.0,0.0,1,33,0
0.2857142857142857,0.3636363636363636,0.3333333333333333,0.375,0.5714285714285714,0.5,0.0,0.0,0.0,0.0,0.25,1.0,0.8660714285714154,0.6956521739130435,0.7391304347826088,0.0,0.0,0.0,1.0,0.0,0.0,0.0,0.0,0.0,0.0,0.0,0.0,0.0,0.0,0.0,0.0,0.0,0.0,0.0,0.0,0.0,0.0,0.0,0.0,0.0,0.0,0.0,0.0,0.0,0.0,0.0,0.0,0.0,0.0,0.0,0.0,0.0,0,33,0
0.2857142857142857,0.3636363636363636,0.3333333333333333,0.625,0.42857142857142855,0.6666666666666666,0.0,0.1,0.0,0.0,0.0,1.0,0.857142857142845,0.782608695652174,0.8260869565217391,0.0,0.0,0.0,1.0,0.0,0.0,0.0,0.0,0.0,0.0,0.0,0.0,0.0,0.0,0.0,0.0,0.0,0.0,0.0,0.0,0.0,0.0,0.0,0.0,0.0,0.0,0.0,0.0,0.0,0.0,0.0,0.0,0.0,0.0,0.0,0.0,0.0,1,33,0
0.2857142857142857,0.3636363636363636,0.3333333333333333,0.625,0.42857142857142855,0.6666666666666666,0.0,0.08333333333333333,0.0,0.0,0.0,0.0,0.8214285714285595,0.782608695652174,0.8260869565217391,0.0,0.0,0.0,1.0,0.0,0.0,0.0,0.0,0.0,0.0,0.0,0.0,0.0,0.0,0.0,0.0,1.0,0.0,0.0,0.0,0.0,0.0,0.0,0.0,0.0,0.0,0.0,0.0,0.0,0.0,0.0,0.0,0.0,0.0,0.0,0.0,0.0,1,12,0
0.2857142857142857,0.3636363636363636,0.3333333333333333,0.25,0.2857142857142857,0.5,0.0,0.0,0.0,0.0,0.08333333333333333,0.0,0.8214285714285595,0.8260869565217391,0.8695652173913043,0.0,0.0,0.0,1.0,0.0,0.0,0.0,0.0,0.0,0.0,0.0,0.0,0.0,0.0,0.0,0.0,0.0,0.0,0.0,0.0,0.0,0.0,0.0,0.0,0.0,0.0,0.0,0.0,0.0,0.0,0.0,0.0,0.0,0.0,0.0,0.0,0.0,0,33,0
0.2857142857142857,0.3636363636363636,0.3333333333333333,0.25,0.42857142857142855,0.33333333333333337,0.0,0.0,0.0,0.0,0.3,1.0,0.8809523809523686,0.8695652173913043,0.9130434782608696,0.0,0.0,0.0,1.0,0.0,0.0,0.0,0.0,0.0,0.0,0.0,0.0,0.0,0.0,0.0,0.0,0.0,0.0,0.0,0.0,0.0,0.0,0.0,0.0,0.0,0.0,0.0,0.0,0.0,0.0,0.0,0.0,0.0,0.0,0.0,0.0,0.0,0,33,0
0.2857142857142857,0.5454545454545454,0.3333333333333333,0.25,0.8571428571428571,0.8333333333333334,0.0,0.0,0.0,0.16666666666666666,0.0,1.0,0.8511904761904638,0.9130434782608696,0.9565217391304348,0.0,0.0,1.0,0.0,0.0,0.0,0.0,0.0,0.0,0.0,0.0,0.0,0.0,0.0,0.0,0.0,0.0,0.0,0.0,0.0,0.0,0.0,0.0,0.0,0.0,0.0,0.0,0.0,0.0,0.0,0.0,0.0,0.0,0.0,0.0,0.0,0.0,0,33,0
0.42857142857142855,0.5454545454545454,0.3333333333333333,0.125,0.5714285714285714,0.6666666666666666,0.0,0.26666666666666666,0.0,0.0,0.0,1.0,0.8571428571428477,0.0,0.043478260869565216,0.0,0.0,1.0,0.0,0.0,0.0,0.0,0.0,0.0,0.0,0.0,0.0,0.0,0.0,0.0,0.0,1.0,0.0,0.0,0.0,0.0,0.0,0.0,0.0,0.0,0.0,0.0,0.0,0.0,0.0,0.0,0.0,0.0,0.0,0.0,0.0,0.0,1,12,0
0.42857142857142855,0.5454545454545454,0.3333333333333333,0.25,0.42857142857142855,0.33333333333333337,0.0,0.08333333333333333,0.0,0.0,0.0,1.0,0.8809523809523585,0.17391304347826086,0.21739130434782608,0.0,0.0,1.0,0.0,0.0,0.0,0.0,0.0,0.0,0.0,0.0,0.0,0.0,0.0,0.0,0.0,0.0,0.0,0.0,0.0,0.0,0.0,0.0,0.0,0.0,0.0,0.0,0.0,0.0,0.0,0.0,0.0,0.0,0.0,1.0,0.0,0.0,1,30,0
0.42857142857142855,0.5454545454545454,0.3333333333333333,0.25,0.42857142857142855,0.33333333333333337,0.0,0.11666666666666667,0.0,0.0,0.0,0.0,0.8214285714285595,0.17391304347826086,0.21739130434782608,0.0,0.0,1.0,0.0,0.0,0.0,0.0,0.0,0.0,0.0,0.0,0.0,0.0,0.0,0.0,0.0,0.0,0.0,0.0,0.0,0.0,1.0,0.0,0.0,0.0,0.0,0.0,0.0,0.0,0.0,0.0,0.0,0.0,0.0,0.0,0.0,0.0,1,17,0
0.42857142857142855,0.5454545454545454,0.3333333333333333,0.25,0.42857142857142855,0.33333333333333337,0.0,0.0,0.0,0.0,0.3,0.0,0.8214285714285595,0.17391304347826086,0.21739130434782608,0.0,0.0,1.0,0.0,0.0,0.0,0.0,0.0,0.0,0.0,0.0,0.0,0.0,0.0,0.0,0.0,0.0,0.0,0.0,0.0,0.0,0.0,0.0,0.0,0.0,0.0,0.0,0.0,0.0,0.0,0.0,0.0,0.0,0.0,0.0,0.0,0.0,0,33,0
0.42857142857142855,0.45454545454545453,0.3333333333333333,0.75,0.42857142857142855,0.9999999999999999,0.16666666666666666,0.0,0.0,0.0,0.0,1.0,0.8469387755101918,0.21739130434782608,0.2608695652173913,0.0,1.0,0.0,0.0,0.0,1.0,0.0,0.0,0.0,0.0,0.0,0.0,0.0,0.0,0.0,0.0,0.0,0.0,0.0,0.0,0.0,0.0,0.0,0.0,0.0,0.0,0.0,0.0,0.0,0.0,0.0,0.0,0.0,0.0,0.0,0.0,0.0,0,1,0
0.42857142857142855,0.45454545454545453,0.3333333333333333,0.375,0.42857142857142855,0.33333333333333337,0.0,0.0,0.0,0.0,0.25,1.0,0.8809523809523687,0.2608695652173913,0.30434782608695654,0.0,1.0,0.0,0.0,0.0,0.0,0.0,0.0,0.0,0.0,0.0,0.0,0.0,0.0,0.0,0.0,0.0,0.0,0.0,0.0,0.0,0.0,0.0,0.0,0.0,0.0,0.0,0.0,0.0,0.0,0.0,0.0,0.0,0.0,0.0,0.0,0.0,0,33,0
0.42857142857142855,0.45454545454545453,0.3333333333333333,0.375,0.42857142857142855,0.33333333333333337,0.0,0.0,0.0,0.16666666666666666,0.16666666666666666,0.0,0.8214285714285595,0.2608695652173913,0.30434782608695654,0.0,1.0,0.0,0.0,0.0,0.0,0.0,0.0,0.0,0.0,0.0,0.0,0.0,0.0,0.0,0.0,0.0,0.0,0.0,0.0,0.0,0.0,0.0,0.0,0.0,0.0,0.0,0.0,0.0,0.0,0.0,0.0,0.0,0.0,0.0,0.0,0.0,0,33,0
0.42857142857142855,0.45454545454545453,0.3333333333333333,0.375,0.42857142857142855,0.33333333333333337,0.0,0.08333333333333333,0.0,0.0,0.0,0.0,0.8214285714285595,0.2608695652173913,0.30434782608695654,0.0,1.0,0.0,0.0,0.0,0.0,0.0,0.0,0.0,0.0,0.0,0.0,0.0,0.0,0.0,0.0,1.0,0.0,0.0,0.0,0.0,0.0,0.0,0.0,0.0,0.0,0.0,0.0,0.0,0.0,0.0,0.0,0.0,0.0,0.0,0.0,0.0,1,12,0
0.42857142857142855,0.45454545454545453,0.3333333333333333,0.75,0.42857142857142855,0.8333333333333334,0.0,0.16666666666666666,0.0,0.0,0.0,1.0,0.8511904761904634,0.30434782608695654,0.34782608695652173,0.0,1.0,0.0,0.0,0.0,0.0,0.0,0.0,0.0,0.0,0.0,0.0,0.0,0.0,0.0,0.0,1.0,0.0,0.0,0.0,0.0,0.0,0.0,0.0,0.0,0.0,0.0,0.0,0.0,0.0,0.0,0.0,0.0,0.0,0.0,0.0,0.0,1,12,0
0.42857142857142855,0.45454545454545453,0.3333333333333333,0.75,0.7142857142857142,0.6666666666666666,0.0,0.08333333333333333,0.0,0.0,0.0,1.0,0.857142857142845,0.34782608695652173,0.391304347826087,0.0,1.0,0.0,0.0,0.0,0.0,0.0,0.0,0.0,0.0,0.0,0.0,0.0,0.0,0.0,0.0,0.0,0.0,0.0,0.0,0.0,0.0,0.0,0.0,0.0,0.0,0.0,0.0,0.0,0.0,0.0,0.0,0.0,0.0,1.0,0.0,0.0,1,30,0
0.42857142857142855,0.45454545454545453,0.3333333333333333,0.75,0.7142857142857142,0.6666666666666666,0.0,0.16666666666666666,0.0,0.0,0.0,0.0,0.8214285714285595,0.34782608695652173,0.391304347826087,0.0,1.0,0.0,0.0,0.0,0.0,0.0,0.0,0.0,0.0,0.0,0.0,0.0,0.0,0.0,0.0,1.0,0.0,0.0,0.0,0.0,0.0,0.0,0.0,0.0,0.0,0.0,0.0,0.0,0.0,0.0,0.0,0.0,0.0,0.0,0.0,0.0,1,12,0
0.42857142857142855,0.45454545454545453,0.3333333333333333,0.25,0.7142857142857142,0.16666666666666666,0.0,0.16666666666666666,0.0,0.0,0.0,1.0,0.8660714285714168,0.41304347826086957,0.43478260869565216,0.0,1.0,0.0,0.0,0.0,0.0,0.0,0.0,0.0,0.0,0.0,0.0,0.0,0.0,0.0,0.0,0.0,0.0,0.0,0.0,0.0,0.0,0.0,0.0,0.0,0.0,0.0,0.0,0.0,0.0,0.0,0.0,0.0,1.0,0.0,0.0,0.0,1,29,0
0.42857142857142855,0.45454545454545453,0.3333333333333333,0.25,0.14285714285714285,0.0,0.0,0.16666666666666666,0.0,0.0,0.0,1.0,0.9999999999999868,0.5217391304347826,0.5652173913043478,0.0,1.0,0.0,0.0,0.0,0.0,0.0,0.0,0.0,0.0,0.0,0.0,0.0,0.0,0.0,0.0,0.0,0.0,0.0,0.0,0.0,0.0,0.0,0.0,0.0,0.0,0.0,0.0,0.0,0.0,0.0,0.0,0.0,0.0,0.0,0.0,0.0,1,33,0
0.42857142857142855,0.45454545454545453,0.3333333333333333,0.25,0.14285714285714285,0.0,0.0,0.5,0.0,0.0,0.0,0.0,0.8214285714285595,0.5217391304347826,0.5652173913043478,0.0,1.0,0.0,0.0,0.0,0.0,0.0,0.0,0.0,0.0,0.0,0.0,0.0,0.0,0.0,0.0,0.0,0.0,0.0,0.0,0.0,0.0,0.0,0.0,0.0,0.0,0.0,0.0,0.0,0.0,0.0,0.0,1.0,0.0,0.0,0.0,0.0,1,28,0
0.42857142857142855,0.3636363636363636,0.3333333333333333,0.25,0.14285714285714285,0.0,0.0,0.0,0.0,0.2,0.0,1.0,0.8214285714285595,0.5652173913043478,0.6086956521739131,0.0,0.0,0.0,1.0,0.0,0.0,0.0,0.0,0.0,0.0,0.0,0.0,0.0,0.0,0.0,0.0,0.0,0.0,0.0,0.0,0.0,0.0,0.0,0.0,0.0,0.0,0.0,0.0,0.0,0.0,0.0,0.0,0.0,0.0,0.0,0.0,0.0,0,33,0
0.42857142857142855,0.3636363636363636,0.3333333333333333,0.25,0.14285714285714285,0.0,0.0,0.11666666666666667,0.0,0.0,0.0,0.0,0.8214285714285595,0.5652173913043478,0.6086956521739131,0.0,0.0,0.0,1.0,0.0,0.0,0.0,0.0,0.0,0.0,0.0,0.0,0.0,0.0,0.0,0.0,0.0,0.0,0.0,0.0,0.0,0.0,0.0,0.0,0.0,0.0,0.0,0.0,0.0,0.0,0.0,0.0,0.0,0.0,0.0,0.0,0.0,1,33,0
0.42857142857142855,0.3636363636363636,0.3333333333333333,0.25,0.14285714285714285,0.0,0.0,0.6666666666666666,0.0,0.0,0.0,0.0,0.8214285714285595,0.5652173913043478,0.6086956521739131,0.0,0.0,0.0,1.0,0.0,0.0,0.0,0.0,0.0,0.0,0.0,0.0,0.0,0.0,0.0,0.0,0.0,0.0,0.0,0.0,0.0,0.0,0.0,0.0,0.0,0.0,0.0,0.0,0.0,0.0,0.0,0.0,0.0,0.0,0.0,0.0,0.0,1,33,0
0.42857142857142855,0.5454545454545454,0.3333333333333333,0.375,0.42857142857142855,0.33333333333333337,0.0,0.3333333333333333,0.0,0.0,0.0,1.0,0.8809523809523686,0.782608695652174,0.8260869565217391,0.0,0.0,0.0,1.0,0.0,0.0,0.0,0.0,0.0,0.0,0.0,0.0,0.0,0.0,0.0,0.0,0.0,0.0,0.0,0.0,0.0,0.0,0.0,0.0,0.0,0.0,0.0,0.0,0.0,0.0,0.0,0.0,0.0,1.0,0.0,0.0,0.0,1,29,0
0.42857142857142855,0.5454545454545454,0.3333333333333333,0.375,0.42857142857142855,0.33333333333333337,0.0,0.1,0.0,0.0,0.0,0.0,0.8214285714285595,0.782608695652174,0.8260869565217391,0.0,0.0,0.0,1.0,0.0,0.0,0.0,0.0,0.0,0.0,0.0,0.0,0.0,0.0,0.0,0.0,1.0,0.0,0.0,0.0,0.0,0.0,0.0,0.0,0.0,0.0,0.0,0.0,0.0,0.0,0.0,0.0,0.0,0.0,0.0,0.0,0.0,1,12,0
0.42857142857142855,0.5454545454545454,0.3333333333333333,0.25,0.42857142857142855,0.16666666666666666,0.0,0.0,0.0,0.0,0.5833333333333334,1.0,0.9107142857142732,0.8695652173913043,0.9130434782608696,0.0,0.0,0.0,1.0,0.0,0.0,0.0,0.0,0.0,0.0,0.0,0.0,0.0,0.0,0.0,0.0,0.0,0.0,0.0,0.0,0.0,0.0,0.0,0.0,0.0,0.0,0.0,0.0,0.0,0.0,0.0,0.0,0.0,0.0,0.0,0.0,0.0,0,33,0
0.42857142857142855,0.5454545454545454,0.3333333333333333,0.375,0.42857142857142855,0.33333333333333337,0.0,0.0,0.0,0.2,0.0,1.0,0.8809523809523682,0.9130434782608696,0.9565217391304348,0.0,0.0,1.0,0.0,0.0,0.0,0.0,0.0,0.0,0.0,0.0,0.0,0.0,0.0,0.0,0.0,0.0,0.0,0.0,0.0,0.0,0.0,0.0,0.0,0.0,0.0,0.0,0.0,0.0,0.0,0.0,0.0,0.0,0.0,0.0,0.0,0.0,0,33,0
0.42857142857142855,0.5454545454545454,0.3333333333333333,0.375,0.42857142857142855,0.33333333333333337,0.0,0.16666666666666666,0.0,0.0,0.0,0.0,0.8214285714285595,0.9130434782608696,0.9565217391304348,0.0,0.0,1.0,0.0,0.0,0.0,0.0,0.0,0.0,0.0,0.0,0.0,0.0,0.0,0.0,0.0,1.0,0.0,0.0,0.0,0.0,0.0,0.0,0.0,0.0,0.0,0.0,0.0,0.0,0.0,0.0,0.0,0.0,0.0,0.0,0.0,0.0,1,12,0
0.42857142857142855,0.5454545454545454,0.3333333333333333,0.5,0.42857142857142855,0.5,0.0,0.16666666666666666,0.0,0.0,0.0,1.0,0.8660714285714164,1.0,0.0,0.0,0.0,1.0,0.0,0.0,0.0,0.0,0.0,0.0,0.0,0.0,0.0,0.0,0.0,0.0,0.0,1.0,0.0,0.0,0.0,0.0,0.0,0.0,0.0,0.0,0.0,0.0,0.0,0.0,0.0,0.0,0.0,0.0,0.0,0.0,0.0,0.0,1,12,0
0.42857142857142855,0.5454545454545454,0.3333333333333333,0.5,0.42857142857142855,0.5,0.0,0.16666666666666666,0.0,0.0,0.0,0.0,0.8214285714285595,1.0,0.0,0.0,0.0,1.0,0.0,0.0,0.0,0.0,0.0,0.0,0.0,0.0,0.0,0.0,0.0,0.0,0.0,0.0,0.0,0.0,0.0,0.0,0.0,0.0,0.0,0.0,0.0,0.0,0.0,0.0,0.0,0.0,0.0,0.0,1.0,0.0,0.0,0.0,1,29,0
0.5714285714285714,0.5454545454545454,0.3333333333333333,0.75,0.42857142857142855,0.33333333333333337,0.0,0.08333333333333333,0.0,0.0,0.0,0.0,0.8214285714285595,0.06521739130434782,0.08695652173913043,0.0,0.0,1.0,0.0,0.0,0.0,0.0,0.0,0.0,0.0,0.0,0.0,0.0,0.0,0.0,1.0,0.0,0.0,0.0,0.0,0.0,0.0,0.0,0.0,0.0,0.0,0.0,0.0,0.0,0.0,0.0,0.0,0.0,0.0,0.0,0.0,0.0,1,11,0
0.5714285714285714,0.5454545454545454,0.3333333333333333,0.75,0.14285714285714285,0.0,0.0,0.8666666666666667,0.0,0.0,0.0,1.0,1.0,0.08695652173913043,0.13043478260869565,0.0,0.0,1.0,0.0,0.0,0.0,0.0,0.0,0.0,0.0,0.0,0.0,0.0,0.0,0.0,1.0,0.0,0.0,0.0,0.0,0.0,0.0,0.0,0.0,0.0,0.0,0.0,0.0,0.0,0.0,0.0,0.0,0.0,0.0,0.0,0.0,0.0,1,11,0
0.5714285714285714,0.5454545454545454,0.3333333333333333,0.75,0.2857142857142857,0.16666666666666666,0.0,0.6666666666666666,0.0,0.0,0.0,0.0,0.8214285714285595,0.21739130434782608,0.2608695652173913,0.0,1.0,0.0,0.0,0.0,0.0,0.0,0.0,0.0,0.0,0.0,1.0,0.0,0.0,0.0,0.0,0.0,0.0,0.0,0.0,0.0,0.0,0.0,0.0,0.0,0.0,0.0,0.0,0.0,0.0,0.0,0.0,0.0,0.0,0.0,0.0,0.0,1,7,0
0.5714285714285714,0.5454545454545454,0.3333333333333333,0.5,1.0,0.5,0.0,0.08333333333333333,0.0,0.0,0.0,1.0,0.8660714285714153,0.30434782608695654,0.34782608695652173,0.0,1.0,0.0,0.0,0.0,0.0,0.0,0.0,0.0,0.0,0.0,0.0,0.0,0.0,0.0,0.0,0.0,0.0,0.0,0.0,0.0,0.0,0.0,0.0,0.0,0.0,0.0,0.0,0.0,0.0,0.0,0.0,0.0,0.0,0.0,0.0,0.0,1,33,0
0.5714285714285714,0.5454545454545454,0.3333333333333333,0.5,1.0,0.5,0.0,0.25,0.0,0.0,0.0,0.0,0.8214285714285595,0.30434782608695654,0.34782608695652173,0.0,1.0,0.0,0.0,0.0,0.0,0.0,0.0,0.0,0.0,0.0,0.0,0.0,0.0,0.0,0.0,0.0,0.0,0.0,0.0,0.0,0.0,0.0,0.0,0.0,0.0,0.0,0.0,0.0,0.0,0.0,0.0,0.0,0.0,1.0,0.0,0.0,1,30,0
0.5714285714285714,0.5454545454545454,0.3333333333333333,0.75,1.0,0.8333333333333334,0.16666666666666666,0.0,0.0,0.0,0.0,0.0,0.8214285714285595,0.34782608695652173,0.391304347826087,0.0,1.0,0.0,0.0,0.0,1.0,0.0,0.0,0.0,0.0,0.0,0.0,0.0,0.0,0.0,0.0,0.0,0.0,0.0,0.0,0.0,0.0,0.0,0.0,0.0,0.0,0.0,0.0,0.0,0.0,0.0,0.0,0.0,0.0,0.0,0.0,0.0,0,1,0
0.5714285714285714,0.5454545454545454,0.3333333333333333,0.75,0.7142857142857142,0.6666666666666666,0.0,0.0,0.0,0.0,0.25,1.0,0.857142857142845,0.4782608695652174,0.5217391304347826,0.0,1.0,0.0,0.0,0.0,0.0,0.0,0.0,0.0,0.0,0.0,0.0,0.0,0.0,0.0,0.0,0.0,0.0,0.0,0.0,0.0,0.0,0.0,0.0,0.0,0.0,0.0,0.0,0.0,0.0,0.0,0.0,0.0,0.0,0.0,0.0,0.0,0,33,0
0.5714285714285714,0.5454545454545454,0.3333333333333333,0.25,0.2857142857142857,0.5,0.0,0.3333333333333333,0.0,0.0,0.0,1.0,0.8660714285714164,0.5217391304347826,0.5652173913043478,0.0,1.0,0.0,0.0,0.0,0.0,0.0,0.0,0.0,0.0,0.0,0.0,0.0,0.0,0.0,0.0,0.0,0.0,0.0,0.0,0.0,0.0,0.0,0.0,0.0,0.0,0.0,0.0,0.0,0.0,0.0,0.0,0.0,1.0,0.0,0.0,0.0,1,29,0
0.5714285714285714,0.45454545454545453,0.3333333333333333,0.25,0.8571428571428571,0.8333333333333334,0.0,0.0,0.0,0.16666666666666666,0.0,1.0,0.851190476190464,0.5652173913043478,0.6086956521739131,0.0,0.0,0.0,1.0,0.0,0.0,0.0,0.0,0.0,0.0,0.0,0.0,0.0,0.0,0.0,0.0,0.0,0.0,0.0,0.0,0.0,0.0,0.0,0.0,0.0,0.0,0.0,0.0,0.0,0.0,0.0,0.0,0.0,0.0,0.0,0.0,0.0,0,33,0
0.5714285714285714,0.45454545454545453,0.3333333333333333,0.25,0.8571428571428571,0.8333333333333334,0.16666666666666666,0.0,0.0,0.0,0.0,0.0,0.8214285714285595,0.6086956521739131,0.6521739130434783,0.0,0.0,0.0,1.0,0.0,1.0,0.0,0.0,0.0,0.0,0.0,0.0,0.0,0.0,0.0,0.0,0.0,0.0,0.0,0.0,0.0,0.0,0.0,0.0,0.0,0.0,0.0,0.0,0.0,0.0,0.0,0.0,0.0,0.0,0.0,0.0,0.0,0,1,0
0.5714285714285714,0.45454545454545453,0.3333333333333333,0.25,1.0,0.9999999999999999,0.08333333333333333,0.0,0.0,0.0,0.0,1.0,0.846938775510192,0.6521739130434783,0.6956521739130435,0.0,0.0,0.0,1.0,0.0,1.0,0.0,0.0,0.0,0.0,0.0,0.0,0.0,0.0,0.0,0.0,0.0,0.0,0.0,0.0,0.0,0.0,0.0,0.0,0.0,0.0,0.0,0.0,0.0,0.0,0.0,0.0,0.0,0.0,0.0,0.0,0.0,0,1,0
0.5714285714285714,0.3636363636363636,0.3333333333333333,0.25,0.8571428571428571,0.8333333333333334,0.0,0.1,0.0,0.0,0.0,1.0,0.8511904761904641,0.782608695652174,0.8260869565217391,0.0,0.0,0.0,1.0,0.0,0.0,0.0,0.0,0.0,0.0,0.0,0.0,0.0,0.0,0.0,0.0,0.0,0.0,0.0,0.0,0.0,0.0,0.0,0.0,0.0,0.0,0.0,0.0,0.0,0.0,0.0,0.0,0.0,0.0,0.0,0.0,0.0,1,33,0
0.5714285714285714,0.3636363636363636,0.3333333333333333,0.25,0.5714285714285714,0.5,0.26666666666666666,0.0,0.0,0.0,0.0,0.0,0.8214285714285595,0.8695652173913043,0.9130434782608696,0.0,0.0,0.0,1.0,0.0,1.0,0.0,0.0,0.0,0.0,0.0,0.0,0.0,0.0,0.0,0.0,0.0,0.0,0.0,0.0,0.0,0.0,0.0,0.0,0.0,0.0,0.0,0.0,0.0,0.0,0.0,0.0,0.0,0.0,0.0,0.0,0.0,0,1,0
1.0,0.45454545454545453,0.3333333333333333,0.25,0.5714285714285714,0.5,0.16666666666666666,0.0,0.0,0.0,0.0,1.0,0.866071428571416,0.9130434782608696,0.9565217391304348,0.0,0.0,1.0,0.0,0.0,1.0,0.0,0.0,0.0,0.0,0.0,0.0,0.0,0.0,0.0,0.0,0.0,0.0,0.0,0.0,0.0,0.0,0.0,0.0,0.0,0.0,0.0,0.0,0.0,0.0,0.0,0.0,0.0,0.0,0.0,0.0,0.0,0,1,0
1.0,0.45454545454545453,0.3333333333333333,0.25,0.5714285714285714,0.5,0.0,0.0,0.0,0.16666666666666666,0.0,0.0,0.8214285714285595,0.9130434782608696,0.9565217391304348,0.0,0.0,1.0,0.0,0.0,0.0,0.0,0.0,0.0,0.0,0.0,0.0,0.0,0.0,0.0,0.0,0.0,0.0,0.0,0.0,0.0,0.0,0.0,0.0,0.0,0.0,0.0,0.0,0.0,0.0,0.0,0.0,0.0,0.0,0.0,0.0,0.0,0,33,0
1.0,0.45454545454545453,0.3333333333333333,0.25,0.5714285714285714,0.5,0.16666666666666666,0.0,0.0,0.0,0.0,0.0,0.8214285714285595,0.9130434782608696,0.9565217391304348,0.0,0.0,1.0,0.0,0.0,1.0,0.0,0.0,0.0,0.0,0.0,0.0,0.0,0.0,0.0,0.0,0.0,0.0,0.0,0.0,0.0,0.0,0.0,0.0,0.0,0.0,0.0,0.0,0.0,0.0,0.0,0.0,0.0,0.0,0.0,0.0,0.0,0,1,0
1.0,0.45454545454545453,0.3333333333333333,0.25,0.5714285714285714,0.5,0.0,0.0,0.0,0.3333333333333333,0.0,1.0,0.8660714285714154,0.9565217391304348,1.0,0.0,0.0,1.0,0.0,0.0,0.0,0.0,0.0,0.0,0.0,0.0,0.0,0.0,0.0,0.0,0.0,0.0,0.0,0.0,0.0,0.0,0.0,0.0,0.0,0.0,0.0,0.0,0.0,0.0,0.0,0.0,0.0,0.0,0.0,0.0,0.0,0.0,0,33,0
0.14285714285714285,0.45454545454545453,0.3333333333333333,0.375,0.8571428571428571,0.9999999999999999,0.0,0.16666666666666666,0.0,0.0,0.0,1.0,0.8469387755101939,0.13043478260869565,0.17391304347826086,0.0,0.0,1.0,0.0,0.0,0.0,0.0,0.0,0.0,0.0,0.0,0.0,0.0,0.0,0.0,0.0,0.0,0.0,0.0,0.0,0.0,0.0,0.0,0.0,0.0,0.0,0.0,0.0,0.0,0.0,0.0,0.0,0.0,0.0,0.0,0.0,0.0,1,33,0
0.14285714285714285,0.3636363636363636,0.3333333333333333,0.375,0.42857142857142855,0.33333333333333337,0.0,0.0,0.0,0.16666666666666666,0.0,1.0,0.8809523809523682,0.21739130434782608,0.2608695652173913,0.0,1.0,0.0,0.0,0.0,0.0,0.0,0.0,0.0,0.0,0.0,0.0,0.0,0.0,0.0,0.0,0.0,0.0,0.0,0.0,0.0,0.0,0.0,0.0,0.0,0.0,0.0,0.0,0.0,0.0,0.0,0.0,0.0,0.0,0.0,0.0,0.0,0,33,0
0.14285714285714285,0.3636363636363636,0.3333333333333333,0.375,0.42857142857142855,0.33333333333333337,0.0,0.25,0.0,0.0,0.0,0.0,0.8214285714285595,0.21739130434782608,0.2608695652173913,0.0,1.0,0.0,0.0,0.0,0.0,0.0,0.0,0.0,0.0,0.0,0.0,0.0,0.0,0.0,0.0,0.0,0.0,0.0,0.0,0.0,0.0,0.0,0.0,0.0,0.0,0.0,0.0,0.0,0.0,0.0,0.0,0.0,1.0,0.0,0.0,0.0,1,29,0
0.14285714285714285,0.45454545454545453,0.3333333333333333,0.125,0.5714285714285714,0.6666666666666666,0.0,0.1,0.0,0.0,0.0,0.0,0.8214285714285595,0.34782608695652173,0.391304347826087,0.0,1.0,0.0,0.0,0.0,0.0,0.0,0.0,0.0,0.0,0.0,0.0,0.0,0.0,0.0,0.0,0.0,0.0,0.0,0.0,0.0,0.0,0.0,0.0,0.0,0.0,0.0,0.0,0.0,0.0,0.0,0.0,0.0,0.0,0.0,0.0,0.0,1,33,0
0.14285714285714285,0.45454545454545453,0.3333333333333333,0.125,0.14285714285714285,0.0,0.0,0.11666666666666667,0.0,0.0,0.0,1.0,0.999999999999987,0.4782608695652174,0.5217391304347826,0.0,1.0,0.0,0.0,0.0,0.0,0.0,0.0,0.0,0.0,0.0,0.0,0.0,0.0,0.0,0.0,0.0,0.0,0.0,0.0,0.0,0.0,0.0,0.0,0.0,0.0,0.0,0.0,0.0,0.0,0.0,0.0,0.0,0.0,0.0,0.0,0.0,1,33,0
0.14285714285714285,0.45454545454545453,0.3333333333333333,0.125,0.14285714285714285,0.0,0.0,0.45,0.0,0.0,0.0,0.0,0.8214285714285595,0.4782608695652174,0.5217391304347826,0.0,1.0,0.0,0.0,0.0,0.0,0.0,0.0,0.0,0.0,0.0,0.0,0.0,0.0,0.0,0.0,0.0,0.0,0.0,0.0,0.0,0.0,0.0,0.0,0.0,0.0,0.0,0.0,0.0,0.0,0.0,0.0,1.0,0.0,0.0,0.0,0.0,1,28,0
0.14285714285714285,0.45454545454545453,0.3333333333333333,0.125,0.14285714285714285,0.0,0.0,0.08333333333333333,0.0,0.0,0.0,0.0,0.8214285714285595,0.4782608695652174,0.5217391304347826,0.0,1.0,0.0,0.0,0.0,0.0,0.0,0.0,0.0,0.0,0.0,0.0,0.0,0.0,0.0,0.0,0.0,0.0,0.0,0.0,0.0,0.0,0.0,0.0,0.0,0.0,0.0,0.0,0.0,0.0,0.0,0.0,0.0,0.0,0.0,0.0,0.0,1,33,0
0.14285714285714285,0.45454545454545453,0.3333333333333333,0.625,0.14285714285714285,0.6666666666666666,0.0,0.16666666666666666,0.0,0.0,0.0,1.0,0.857142857142845,0.5217391304347826,0.5652173913043478,0.0,1.0,0.0,0.0,0.0,0.0,0.0,0.0,0.0,0.0,0.0,0.0,0.0,0.0,0.0,0.0,0.0,0.0,0.0,0.0,0.0,0.0,0.0,0.0,0.0,0.0,0.0,0.0,0.0,0.0,0.0,0.0,0.0,0.0,0.0,0.0,0.0,1,33,0
0.14285714285714285,0.45454545454545453,0.3333333333333333,0.625,0.14285714285714285,0.8333333333333334,0.0,0.0,0.0,0.16666666666666666,0.0,1.0,0.8214285714285595,0.5652173913043478,0.6086956521739131,0.0,0.0,0.0,1.0,0.0,0.0,0.0,0.0,0.0,0.0,0.0,0.0,0.0,0.0,0.0,0.0,0.0,0.0,0.0,0.0,0.0,0.0,0.0,0.0,0.0,0.0,0.0,0.0,0.0,0.0,0.0,0.0,0.0,0.0,0.0,0.0,0.0,0,33,0
0.14285714285714285,0.45454545454545453,0.3333333333333333,0.625,0.7142857142857142,0.6666666666666666,0.0,0.08333333333333333,0.0,0.0,0.0,0.0,0.8214285714285595,0.6086956521739131,0.6521739130434783,0.0,0.0,0.0,1.0,0.0,0.0,0.0,0.0,0.0,0.0,0.0,0.0,0.0,0.0,0.0,0.0,0.0,0.0,0.0,0.0,0.0,0.0,0.0,0.0,0.0,0.0,0.0,0.0,0.0,0.0,0.0,0.0,0.0,1.0,0.0,0.0,0.0,1,29,0
0.14285714285714285,0.45454545454545453,0.3333333333333333,0.625,0.8571428571428571,0.8333333333333334,0.0,0.1,0.0,0.0,0.0,1.0,0.8511904761904641,0.6521739130434783,0.6956521739130435,0.0,0.0,0.0,1.0,0.0,0.0,0.0,0.0,0.0,0.0,0.0,0.0,0.0,0.0,0.0,1.0,0.0,0.0,0.0,0.0,0.0,0.0,0.0,0.0,0.0,0.0,0.0,0.0,0.0,0.0,0.0,0.0,0.0,0.0,0.0,0.0,0.0,1,11,0
0.14285714285714285,0.45454545454545453,0.3333333333333333,0.625,0.7142857142857142,0.8333333333333334,0.0,0.0,0.0,0.0,0.16666666666666666,1.0,0.8511904761904641,0.782608695652174,0.8260869565217391,0.0,0.0,0.0,1.0,0.0,0.0,0.0,1.0,0.0,0.0,0.0,0.0,0.0,0.0,0.0,0.0,0.0,0.0,0.0,0.0,0.0,0.0,0.0,0.0,0.0,0.0,0.0,0.0,0.0,0.0,0.0,0.0,0.0,0.0,0.0,0.0,0.0,0,3,0
0.14285714285714285,0.45454545454545453,0.3333333333333333,0.625,0.7142857142857142,0.6666666666666666,0.0,0.0,0.0,0.0,0.16666666666666666,1.0,0.8571428571428442,0.8260869565217391,0.8695652173913043,0.0,0.0,0.0,1.0,0.0,0.0,0.0,1.0,0.0,0.0,0.0,0.0,0.0,0.0,0.0,0.0,0.0,0.0,0.0,0.0,0.0,0.0,0.0,0.0,0.0,0.0,0.0,0.0,0.0,0.0,0.0,0.0,0.0,0.0,0.0,0.0,0.0,0,3,0
0.14285714285714285,0.45454545454545453,0.3333333333333333,0.625,0.42857142857142855,0.33333333333333337,0.0,0.08333333333333333,0.0,0.0,0.0,1.0,0.8809523809523686,0.8695652173913043,0.9130434782608696,0.0,0.0,0.0,1.0,0.0,0.0,0.0,0.0,0.0,0.0,0.0,0.0,0.0,0.0,0.0,0.0,0.0,0.0,0.0,0.0,0.0,0.0,0.0,0.0,0.0,0.0,0.0,0.0,0.0,0.0,0.0,0.0,0.0,0.0,1.0,0.0,0.0,1,30,0
0.14285714285714285,0.5454545454545454,0.3333333333333333,0.625,0.42857142857142855,0.33333333333333337,0.13333333333333333,0.0,0.0,0.0,0.0,1.0,0.8809523809523682,0.9130434782608696,0.9565217391304348,0.0,0.0,1.0,0.0,0.0,1.0,0.0,0.0,0.0,0.0,0.0,0.0,0.0,0.0,0.0,0.0,0.0,0.0,0.0,0.0,0.0,0.0,0.0,0.0,0.0,0.0,0.0,0.0,0.0,0.0,0.0,0.0,0.0,0.0,0.0,0.0,0.0,0,1,0
0.14285714285714285,0.5454545454545454,0.3333333333333333,0.625,0.42857142857142855,0.33333333333333337,0.0,0.16666666666666666,0.0,0.0,0.0,0.0,0.8214285714285595,0.9130434782608696,0.9565217391304348,0.0,0.0,1.0,0.0,0.0,0.0,0.0,0.0,0.0,0.0,0.0,0.0,0.0,0.0,0.0,0.0,0.0,0.0,0.0,0.0,0.0,0.0,0.0,0.0,0.0,0.0,0.0,0.0,0.0,0.0,0.0,0.0,0.0,1.0,0.0,0.0,0.0,1,29,0
0.14285714285714285,0.5454545454545454,0.3333333333333333,0.625,1.0,0.9999999999999999,0.0,0.16666666666666666,0.0,0.0,0.0,1.0,0.8469387755101915,0.9565217391304348,1.0,0.0,0.0,1.0,0.0,0.0,0.0,0.0,0.0,0.0,0.0,0.0,0.0,0.0,0.0,0.0,0.0,0.0,0.0,0.0,0.0,0.0,0.0,0.0,0.0,0.0,0.0,0.0,0.0,0.0,0.0,0.0,0.0,0.0,1.0,0.0,0.0,0.0,1,29,0
0.2857142857142857,0.5454545454545454,0.3333333333333333,0.625,0.7142857142857142,0.6666666666666666,0.0,0.16666666666666666,0.0,0.0,0.0,1.0,0.8571428571428477,0.0,0.043478260869565216,0.0,0.0,1.0,0.0,0.0,0.0,0.0,0.0,0.0,0.0,0.0,0.0,0.0,0.0,0.0,0.0,0.0,0.0,0.0,0.0,0.0,0.0,0.0,0.0,0.0,0.0,0.0,0.0,0.0,0.0,0.0,0.0,0.0,1.0,0.0,0.0,0.0,1,29,0
0.2857142857142857,0.5454545454545454,0.3333333333333333,0.625,0.7142857142857142,0.6666666666666666,0.0,0.08333333333333333,0.0,0.0,0.16666666666666666,0.0,0.8214285714285595,0.0,0.043478260869565216,0.0,0.0,1.0,0.0,0.0,0.0,0.0,0.0,0.0,0.0,0.0,0.0,0.0,0.0,0.0,0.0,0.0,0.0,0.0,0.0,0.0,0.0,0.0,0.0,0.0,0.0,0.0,0.0,0.0,0.0,0.0,0.0,0.0,0.0,0.0,0.0,0.0,1,33,0
0.2857142857142857,0.5454545454545454,0.3333333333333333,0.625,1.0,0.9999999999999999,0.0,0.16666666666666666,0.0,0.0,0.0,1.0,0.8469387755101939,0.08695652173913043,0.13043478260869565,0.0,0.0,1.0,0.0,0.0,0.0,0.0,0.0,0.0,0.0,0.0,0.0,0.0,0.0,0.0,0.0,0.0,0.0,0.0,0.0,0.0,0.0,0.0,0.0,0.0,0.0,0.0,0.0,0.0,0.0,0.0,0.0,0.0,1.0,0.0,0.0,0.0,1,29,0
0.2857142857142857,0.5454545454545454,0.3333333333333333,0.625,0.8571428571428571,0.8333333333333334,0.0,0.25,0.0,0.0,0.0,1.0,0.8511904761904663,0.13043478260869565,0.17391304347826086,0.0,0.0,1.0,0.0,0.0,0.0,0.0,0.0,0.0,0.0,0.0,0.0,0.0,0.0,0.0,0.0,0.0,0.0,0.0,0.0,0.0,0.0,0.0,0.0,0.0,0.0,0.0,0.0,0.0,0.0,0.0,0.0,0.0,1.0,0.0,0.0,0.0,1,29,0
0.2857142857142857,0.3636363636363636,0.3333333333333333,0.625,0.5714285714285714,0.5,0.0,0.25,0.0,0.0,0.0,1.0,0.8660714285714164,0.34782608695652173,0.391304347826087,0.0,1.0,0.0,0.0,0.0,0.0,0.0,0.0,0.0,0.0,0.0,0.0,0.0,0.0,0.0,0.0,0.0,0.0,0.0,0.0,0.0,0.0,0.0,0.0,0.0,0.0,0.0,0.0,0.0,1.0,0.0,0.0,0.0,0.0,0.0,0.0,0.0,1,25,0
0.2857142857142857,0.3636363636363636,0.3333333333333333,0.625,0.5714285714285714,0.5,0.0,0.08333333333333333,0.0,0.0,0.0,0.0,0.8214285714285595,0.34782608695652173,0.391304347826087,0.0,1.0,0.0,0.0,0.0,0.0,0.0,0.0,0.0,0.0,0.0,0.0,0.0,0.0,0.0,0.0,0.0,0.0,0.0,0.0,0.0,0.0,0.0,0.0,0.0,0.0,0.0,0.0,0.0,0.0,0.0,0.0,0.0,0.0,0.0,0.0,0.0,1,33,0
0.2857142857142857,0.3636363636363636,0.3333333333333333,0.625,0.2857142857142857,0.16666666666666666,0.0,0.16666666666666666,0.0,0.0,0.0,1.0,0.8660714285714168,0.41304347826086957,0.43478260869565216,0.0,1.0,0.0,0.0,0.0,0.0,0.0,0.0,0.0,0.0,0.0,0.0,0.0,0.0,0.0,0.0,0.0,0.0,0.0,0.0,0.0,0.0,0.0,0.0,0.0,0.0,0.0,0.0,0.0,0.0,0.0,0.0,0.0,0.0,0.0,0.0,0.0,1,33,0
0.2857142857142857,0.3636363636363636,0.3333333333333333,0.625,0.7142857142857142,0.6666666666666666,0.11666666666666667,0.0,0.0,0.0,0.0,0.0,0.8214285714285595,0.4782608695652174,0.5217391304347826,0.0,1.0,0.0,0.0,0.0,1.0,0.0,0.0,0.0,0.0,0.0,0.0,0.0,0.0,0.0,0.0,0.0,0.0,0.0,0.0,0.0,0.0,0.0,0.0,0.0,0.0,0.0,0.0,0.0,0.0,0.0,0.0,0.0,0.0,0.0,0.0,0.0,0,1,0
0.2857142857142857,0.3636363636363636,0.3333333333333333,0.625,0.7142857142857142,0.6666666666666666,0.13333333333333333,0.0,0.0,0.0,0.0,1.0,0.857142857142845,0.5217391304347826,0.5652173913043478,0.0,1.0,0.0,0.0,0.0,1.0,0.0,0.0,0.0,0.0,0.0,0.0,0.0,0.0,0.0,0.0,0.0,0.0,0.0,0.0,0.0,0.0,0.0,0.0,0.0,0.0,0.0,0.0,0.0,0.0,0.0,0.0,0.0,0.0,0.0,0.0,0.0,0,1,0
0.2857142857142857,0.45454545454545453,0.3333333333333333,0.625,0.7142857142857142,0.6666666666666666,0.16666666666666666,0.0,0.0,0.0,0.0,1.0,0.8571428571428448,0.5652173913043478,0.6086956521739131,0.0,0.0,0.0,1.0,0.0,1.0,0.0,0.0,0.0,0.0,0.0,0.0,0.0,0.0,0.0,0.0,0.0,0.0,0.0,0.0,0.0,0.0,0.0,0.0,0.0,0.0,0.0,0.0,0.0,0.0,0.0,0.0,0.0,0.0,0.0,0.0,0.0,0,1,0
0.2857142857142857,0.45454545454545453,0.3333333333333333,0.75,0.2857142857142857,0.16666666666666666,0.0,0.08333333333333333,0.0,0.0,0.0,1.0,0.8660714285714161,0.7608695652173914,0.782608695652174,0.0,0.0,0.0,1.0,0.0,0.0,0.0,0.0,0.0,0.0,0.0,0.0,0.0,0.0,0.0,0.0,0.0,0.0,0.0,0.0,0.0,1.0,0.0,0.0,0.0,0.0,0.0,0.0,0.0,0.0,0.0,0.0,0.0,0.0,0.0,0.0,0.0,1,17,0
0.2857142857142857,0.45454545454545453,0.3333333333333333,0.75,0.2857142857142857,0.16666666666666666,0.0,0.08333333333333333,0.0,0.0,0.0,0.0,0.8214285714285595,0.7608695652173914,0.782608695652174,0.0,0.0,0.0,1.0,0.0,0.0,0.0,0.0,0.0,0.0,0.0,0.0,0.0,0.0,0.0,0.0,0.0,0.0,0.0,0.0,0.0,0.0,0.0,0.0,0.0,0.0,0.0,0.0,0.0,0.0,0.0,0.0,0.0,0.0,1.0,0.0,0.0,1,30,0
0.2857142857142857,0.45454545454545453,0.3333333333333333,0.625,0.2857142857142857,0.6666666666666666,0.0,0.0,0.0,0.0,0.16666666666666666,1.0,0.857142857142845,0.782608695652174,0.8260869565217391,0.0,0.0,0.0,1.0,0.0,0.0,0.0,1.0,0.0,0.0,0.0,0.0,0.0,0.0,0.0,0.0,0.0,0.0,0.0,0.0,0.0,0.0,0.0,0.0,0.0,0.0,0.0,0.0,0.0,0.0,0.0,0.0,0.0,0.0,0.0,0.0,0.0,0,3,0
0.2857142857142857,0.45454545454545453,0.3333333333333333,0.375,0.2857142857142857,0.33333333333333337,0.0,0.08333333333333333,0.0,0.0,0.0,1.0,0.8809523809523686,0.8695652173913043,0.9130434782608696,0.0,0.0,0.0,1.0,0.0,0.0,0.0,0.0,0.0,0.0,0.0,0.0,0.0,0.0,0.0,0.0,0.0,0.0,0.0,0.0,0.0,0.0,0.0,0.0,0.0,0.0,0.0,0.0,0.0,0.0,0.0,0.0,0.0,0.0,1.0,0.0,0.0,1,30,0
0.2857142857142857,0.5454545454545454,0.3333333333333333,0.375,1.0,0.9999999999999999,0.16666666666666666,0.0,0.0,0.0,0.0,1.0,0.8469387755101918,0.9130434782608696,0.9565217391304348,0.0,0.0,1.0,0.0,0.0,1.0,0.0,0.0,0.0,0.0,0.0,0.0,0.0,0.0,0.0,0.0,0.0,0.0,0.0,0.0,0.0,0.0,0.0,0.0,0.0,0.0,0.0,0.0,0.0,0.0,0.0,0.0,0.0,0.0,0.0,0.0,0.0,0,1,0
0.2857142857142857,0.5454545454545454,0.3333333333333333,0.375,0.7142857142857142,0.6666666666666666,0.0,0.08333333333333333,0.0,0.0,0.0,1.0,0.8571428571428442,0.9565217391304348,1.0,0.0,0.0,1.0,0.0,0.0,0.0,0.0,0.0,0.0,0.0,0.0,0.0,0.0,0.0,0.0,0.0,0.0,0.0,0.0,0.0,0.0,0.0,0.0,0.0,0.0,0.0,0.0,0.0,0.0,0.0,0.0,0.0,0.0,0.0,1.0,0.0,0.0,1,30,0
0.2857142857142857,0.5454545454545454,0.3333333333333333,0.375,0.7142857142857142,0.6666666666666666,0.0,0.08333333333333333,0.0,0.0,0.08333333333333333,0.0,0.8214285714285595,0.9565217391304348,1.0,0.0,0.0,1.0,0.0,0.0,0.0,0.0,0.0,0.0,0.0,0.0,0.0,0.0,0.0,0.0,0.0,0.0,0.0,0.0,0.0,0.0,0.0,0.0,0.0,0.0,0.0,0.0,0.0,0.0,0.0,0.0,0.0,0.0,0.0,0.0,0.0,0.0,1,33,0
0.2857142857142857,0.5454545454545454,0.3333333333333333,0.375,0.7142857142857142,0.6666666666666666,0.0,0.0,0.0,0.0,0.08333333333333333,0.0,0.8214285714285595,0.9565217391304348,1.0,0.0,0.0,1.0,0.0,0.0,0.0,0.0,0.0,0.0,0.0,0.0,0.0,0.0,0.0,0.0,0.0,0.0,0.0,0.0,0.0,0.0,0.0,0.0,0.0,0.0,0.0,0.0,0.0,0.0,0.0,0.0,0.0,0.0,0.0,0.0,0.0,0.0,0,33,0
0.42857142857142855,0.5454545454545454,0.3333333333333333,0.375,0.8571428571428571,0.8333333333333334,0.0,0.0,0.0,0.16666666666666666,0.0,1.0,0.8511904761904663,0.08695652173913043,0.13043478260869565,0.0,0.0,1.0,0.0,0.0,0.0,0.0,0.0,0.0,0.0,0.0,0.0,0.0,0.0,0.0,0.0,0.0,0.0,0.0,0.0,0.0,0.0,0.0,0.0,0.0,0.0,0.0,0.0,0.0,0.0,0.0,0.0,0.0,0.0,0.0,0.0,0.0,0,33,0
0.42857142857142855,0.5454545454545454,0.3333333333333333,0.375,0.7142857142857142,0.6666666666666666,0.0,0.08333333333333333,0.0,0.0,0.0,1.0,0.8571428571428477,0.13043478260869565,0.17391304347826086,0.0,0.0,1.0,0.0,0.0,0.0,0.0,0.0,0.0,0.0,0.0,0.0,0.0,0.0,0.0,0.0,0.0,0.0,0.0,0.0,0.0,0.0,0.0,0.0,0.0,0.0,0.0,0.0,0.0,0.0,0.0,0.0,0.0,0.0,0.0,0.0,0.0,1,33,0
0.42857142857142855,0.5454545454545454,0.3333333333333333,0.375,0.7142857142857142,0.6666666666666666,0.0,0.0,0.0,0.0,0.16666666666666666,0.0,0.8214285714285595,0.13043478260869565,0.17391304347826086,0.0,0.0,1.0,0.0,0.0,0.0,0.0,0.0,0.0,0.0,0.0,0.0,0.0,0.0,0.0,0.0,0.0,0.0,0.0,0.0,0.0,0.0,0.0,0.0,0.0,0.0,0.0,0.0,0.0,0.0,0.0,0.0,0.0,0.0,0.0,0.0,0.0,0,33,0
0.42857142857142855,0.5454545454545454,0.3333333333333333,0.375,0.7142857142857142,0.6666666666666666,0.0,0.08333333333333333,0.0,0.0,0.16666666666666666,1.0,0.8571428571428389,0.17391304347826086,0.21739130434782608,0.0,0.0,1.0,0.0,0.0,0.0,0.0,0.0,0.0,0.0,0.0,0.0,0.0,0.0,0.0,0.0,0.0,0.0,0.0,0.0,0.0,0.0,0.0,0.0,0.0,0.0,0.0,0.0,0.0,0.0,0.0,0.0,0.0,0.0,0.0,0.0,0.0,1,33,0
0.42857142857142855,0.45454545454545453,0.3333333333333333,0.5,0.2857142857142857,0.8333333333333334,0.0,0.0,0.0,0.13333333333333333,0.0,1.0,0.8511904761904641,0.2608695652173913,0.30434782608695654,0.0,1.0,0.0,0.0,0.0,0.0,0.0,0.0,0.0,0.0,0.0,0.0,0.0,0.0,0.0,0.0,0.0,0.0,0.0,0.0,0.0,0.0,0.0,0.0,0.0,0.0,0.0,0.0,0.0,0.0,0.0,0.0,0.0,0.0,0.0,0.0,0.0,0,33,0
0.42857142857142855,0.45454545454545453,0.3333333333333333,0.625,0.8571428571428571,0.8333333333333334,0.0,0.1,0.0,0.0,0.0,1.0,0.8511904761904641,0.34782608695652173,0.391304347826087,0.0,1.0,0.0,0.0,0.0,0.0,0.0,0.0,0.0,0.0,0.0,0.0,0.0,0.0,0.0,0.0,0.0,0.0,0.0,0.0,0.0,0.0,0.0,0.0,0.0,0.0,0.0,0.0,0.0,0.0,0.0,0.0,0.0,0.0,0.0,0.0,0.0,1,33,0
0.42857142857142855,0.45454545454545453,0.3333333333333333,0.5,0.7142857142857142,0.5,0.21666666666666667,0.0,0.0,0.0,0.0,1.0,0.8660714285714164,0.5217391304347826,0.5652173913043478,0.0,1.0,0.0,0.0,0.0,1.0,0.0,0.0,0.0,0.0,0.0,0.0,0.0,0.0,0.0,0.0,0.0,0.0,0.0,0.0,0.0,0.0,0.0,0.0,0.0,0.0,0.0,0.0,0.0,0.0,0.0,0.0,0.0,0.0,0.0,0.0,0.0,0,1,0
0.42857142857142855,0.45454545454545453,0.3333333333333333,0.5,0.7142857142857142,0.5,0.0,0.1,0.0,0.0,0.0,0.0,0.8214285714285595,0.5217391304347826,0.5652173913043478,0.0,1.0,0.0,0.0,0.0,0.0,0.0,0.0,0.0,0.0,0.0,0.0,0.0,0.0,0.0,0.0,0.0,0.0,0.0,0.0,0.0,0.0,0.0,0.0,0.0,0.0,0.0,0.0,0.0,0.0,0.0,0.0,0.0,0.0,0.0,0.0,0.0,1,33,0
0.42857142857142855,0.45454545454545453,0.3333333333333333,0.5,0.8571428571428571,0.8333333333333334,0.0,0.0,0.0,0.13333333333333333,0.0,1.0,0.851190476190464,0.5652173913043478,0.6086956521739131,0.0,0.0,0.0,1.0,0.0,0.0,0.0,0.0,0.0,0.0,0.0,0.0,0.0,0.0,0.0,0.0,0.0,0.0,0.0,0.0,0.0,0.0,0.0,0.0,0.0,0.0,0.0,0.0,0.0,0.0,0.0,0.0,0.0,0.0,0.0,0.0,0.0,0,33,0
0.42857142857142855,0.45454545454545453,0.3333333333333333,0.5,0.7142857142857142,0.6666666666666666,0.0,0.16666666666666666,0.0,0.0,0.0,1.0,0.857142857142845,0.6521739130434783,0.6956521739130435,0.0,0.0,0.0,1.0,0.0,0.0,0.0,0.0,0.0,0.0,0.0,0.0,0.0,0.0,0.0,0.0,0.0,0.0,0.0,0.0,0.0,0.0,0.0,0.0,0.0,0.0,0.0,0.0,0.0,0.0,0.0,0.0,1.0,0.0,0.0,0.0,0.0,1,28,0
0.42857142857142855,0.45454545454545453,0.3333333333333333,0.5,0.7142857142857142,0.6666666666666666,0.0,0.16666666666666666,0.0,0.0,0.0,1.0,0.8214285714285595,0.7608695652173914,0.782608695652174,0.0,0.0,0.0,1.0,0.0,0.0,0.0,0.0,0.0,0.0,0.0,0.0,0.0,0.0,0.0,0.0,0.0,0.0,0.0,0.0,0.0,0.0,0.0,0.0,0.0,0.0,0.0,0.0,0.0,0.0,1.0,0.0,0.0,0.0,0.0,0.0,0.0,1,26,0
0.42857142857142855,0.45454545454545453,0.3333333333333333,0.5,0.7142857142857142,0.6666666666666666,0.0,0.16666666666666666,0.0,0.0,0.0,0.0,0.8214285714285595,0.7608695652173914,0.782608695652174,0.0,0.0,0.0,1.0,0.0,0.0,0.0,0.0,0.0,0.0,0.0,0.0,0.0,0.0,0.0,0.0,0.0,0.0,0.0,0.0,0.0,0.0,0.0,0.0,0.0,0.0,0.0,0.0,0.0,0.0,0.0,0.0,0.0,1.0,0.0,0.0,0.0,1,29,0
0.42857142857142855,0.45454545454545453,0.3333333333333333,0.5,0.5714285714285714,0.5,0.0,0.16666666666666666,0.0,0.0,0.0,1.0,0.8660714285714164,0.8695652173913043,0.9130434782608696,0.0,0.0,0.0,1.0,0.0,0.0,0.0,0.0,0.0,0.0,0.0,0.0,0.0,0.0,0.0,0.0,0.0,0.0,0.0,0.0,0.0,0.0,0.0,0.0,0.0,0.0,0.0,0.0,0.0,0.0,0.0,0.0,1.0,0.0,0.0,0.0,0.0,1,28,0
0.42857142857142855,0.5454545454545454,0.3333333333333333,0.5,0.5714285714285714,0.5,0.0,0.3333333333333333,0.0,0.0,0.0,1.0,0.866071428571416,0.9130434782608696,0.9565217391304348,0.0,0.0,1.0,0.0,0.0,0.0,0.0,0.0,0.0,0.0,0.0,0.0,0.0,0.0,0.0,0.0,0.0,0.0,0.0,0.0,0.0,0.0,0.0,0.0,0.0,0.0,0.0,0.0,0.0,0.0,0.0,0.0,1.0,0.0,0.0,0.0,0.0,1,28,0
0.42857142857142855,0.5454545454545454,0.3333333333333333,0.5,0.5714285714285714,0.5,0.0,0.16666666666666666,0.0,0.0,0.16666666666666666,1.0,0.8660714285714154,0.9565217391304348,1.0,0.0,0.0,1.0,0.0,0.0,0.0,0.0,0.0,0.0,0.0,0.0,0.0,0.0,0.0,0.0,0.0,0.0,0.0,0.0,0.0,0.0,0.0,0.0,0.0,0.0,0.0,0.0,0.0,0.0,0.0,0.0,0.0,0.0,0.0,0.0,0.0,0.0,1,33,0
0.42857142857142855,0.5454545454545454,0.3333333333333333,0.5,0.7142857142857142,0.6666666666666666,0.0,0.16666666666666666,0.0,0.0,0.0,1.0,0.857142857142845,1.0,0.0,0.0,0.0,1.0,0.0,0.0,0.0,0.0,0.0,0.0,0.0,0.0,0.0,0.0,0.0,0.0,0.0,1.0,0.0,0.0,0.0,0.0,0.0,0.0,0.0,0.0,0.0,0.0,0.0,0.0,0.0,0.0,0.0,0.0,0.0,0.0,0.0,0.0,1,12,0
0.42857142857142855,0.5454545454545454,0.3333333333333333,0.5,0.7142857142857142,0.6666666666666666,0.0,0.16666666666666666,0.0,0.0,0.0,0.0,0.8214285714285595,1.0,0.0,0.0,0.0,1.0,0.0,0.0,0.0,0.0,0.0,0.0,0.0,0.0,0.0,0.0,0.0,0.0,0.0,0.0,0.0,0.0,0.0,0.0,1.0,0.0,0.0,0.0,0.0,0.0,0.0,0.0,0.0,0.0,0.0,0.0,0.0,0.0,0.0,0.0,1,17,0
0.42857142857142855,0.5454545454545454,0.3333333333333333,0.25,0.7142857142857142,0.33333333333333337,0.0,0.5,0.0,0.0,0.0,1.0,0.880952380952373,0.0,0.043478260869565216,0.0,0.0,1.0,0.0,0.0,0.0,0.0,0.0,0.0,0.0,0.0,0.0,0.0,0.0,0.0,0.0,0.0,0.0,0.0,0.0,0.0,1.0,0.0,0.0,0.0,0.0,0.0,0.0,0.0,0.0,0.0,0.0,0.0,0.0,0.0,0.0,0.0,1,17,0
0.42857142857142855,0.5454545454545454,0.3333333333333333,0.25,0.7142857142857142,0.33333333333333337,0.0,0.16666666666666666,0.0,0.0,0.0,0.0,0.8214285714285595,0.0,0.043478260869565216,0.0,0.0,1.0,0.0,0.0,0.0,0.0,0.0,0.0,0.0,0.0,0.0,0.0,0.0,0.0,0.0,0.0,0.0,0.0,0.0,0.0,0.0,0.0,0.0,0.0,0.0,0.0,0.0,0.0,0.0,0.0,0.0,1.0,0.0,0.0,0.0,0.0,1,28,0
0.42857142857142855,0.5454545454545454,0.3333333333333333,0.375,0.7142857142857142,0.33333333333333337,0.0,0.08333333333333333,0.0,0.0,0.0,1.0,0.851190476190459,0.06521739130434782,0.08695652173913043,0.0,0.0,1.0,0.0,0.0,0.0,0.0,0.0,0.0,0.0,0.0,0.0,0.0,0.0,0.0,0.0,1.0,0.0,0.0,0.0,0.0,0.0,0.0,0.0,0.0,0.0,0.0,0.0,0.0,0.0,0.0,0.0,0.0,0.0,0.0,0.0,0.0,1,12,0
0.42857142857142855,0.5454545454545454,0.3333333333333333,0.75,0.7142857142857142,0.6666666666666666,0.0,0.25,0.0,0.0,0.0,0.0,0.8214285714285595,0.17391304347826086,0.21739130434782608,0.0,0.0,1.0,0.0,0.0,0.0,0.0,0.0,0.0,0.0,0.0,0.0,0.0,0.0,0.0,0.0,0.0,0.0,0.0,0.0,0.0,1.0,0.0,0.0,0.0,0.0,0.0,0.0,0.0,0.0,0.0,0.0,0.0,0.0,0.0,0.0,0.0,1,17,0
0.42857142857142855,0.45454545454545453,0.3333333333333333,0.75,0.5714285714285714,0.5,0.0,0.0,0.0,0.16666666666666666,0.0,1.0,0.8660714285714161,0.21739130434782608,0.2608695652173913,0.0,1.0,0.0,0.0,0.0,0.0,0.0,0.0,0.0,0.0,0.0,0.0,0.0,0.0,0.0,0.0,0.0,0.0,0.0,0.0,0.0,0.0,0.0,0.0,0.0,0.0,0.0,0.0,0.0,0.0,0.0,0.0,0.0,0.0,0.0,0.0,0.0,0,33,0
0.42857142857142855,0.45454545454545453,0.3333333333333333,0.75,0.5714285714285714,0.5,0.0,0.2,0.0,0.0,0.0,0.0,0.8214285714285595,0.21739130434782608,0.2608695652173913,0.0,1.0,0.0,0.0,0.0,0.0,0.0,0.0,0.0,0.0,0.0,0.0,0.0,0.0,0.0,0.0,0.0,0.0,0.0,0.0,0.0,0.0,0.0,0.0,0.0,0.0,0.0,0.0,0.0,0.0,0.0,0.0,1.0,0.0,0.0,0.0,0.0,1,28,0
0.42857142857142855,0.3636363636363636,0.3333333333333333,0.125,0.5714285714285714,0.6666666666666666,0.25,0.0,0.0,0.0,0.0,0.0,0.8214285714285595,0.43478260869565216,0.4782608695652174,0.0,1.0,0.0,0.0,0.0,1.0,0.0,0.0,0.0,0.0,0.0,0.0,0.0,0.0,0.0,0.0,0.0,0.0,0.0,0.0,0.0,0.0,0.0,0.0,0.0,0.0,0.0,0.0,0.0,0.0,0.0,0.0,0.0,0.0,0.0,0.0,0.0,0,1,0
0.42857142857142855,0.3636363636363636,0.3333333333333333,0.125,0.7142857142857142,0.6666666666666666,0.0,0.13333333333333333,0.0,0.0,0.0,0.0,0.8214285714285595,0.4782608695652174,0.5217391304347826,0.0,1.0,0.0,0.0,0.0,0.0,0.0,1.0,0.0,0.0,0.0,0.0,0.0,0.0,0.0,0.0,0.0,0.0,0.0,0.0,0.0,0.0,0.0,0.0,0.0,0.0,0.0,0.0,0.0,0.0,0.0,0.0,0.0,0.0,0.0,0.0,0.0,1,3,0
0.42857142857142855,0.3636363636363636,0.3333333333333333,0.125,0.7142857142857142,0.6666666666666666,0.0,0.25,0.0,0.0,0.0,0.0,0.8214285714285595,0.5217391304347826,0.5652173913043478,0.0,1.0,0.0,0.0,0.0,0.0,0.0,0.0,0.0,0.0,0.0,0.0,0.0,0.0,0.0,0.0,0.0,0.0,0.0,0.0,0.0,0.0,0.0,0.0,0.0,0.0,0.0,0.0,0.0,0.0,0.0,0.0,0.0,0.0,1.0,0.0,0.0,1,30,0
0.42857142857142855,0.45454545454545453,0.3333333333333333,0.125,0.8571428571428571,0.8333333333333334,0.0,0.0,0.0,0.16666666666666666,0.0,1.0,0.851190476190464,0.5652173913043478,0.6086956521739131,0.0,0.0,0.0,1.0,0.0,0.0,0.0,0.0,0.0,0.0,0.0,0.0,0.0,0.0,0.0,0.0,0.0,0.0,0.0,0.0,0.0,0.0,0.0,0.0,0.0,0.0,0.0,0.0,0.0,0.0,0.0,0.0,0.0,0.0,0.0,0.0,0.0,0,33,0
0.42857142857142855,0.45454545454545453,0.3333333333333333,0.25,0.14285714285714285,0.33333333333333337,0.0,0.0,0.0,0.16666666666666666,0.0,1.0,0.8809523809523686,0.782608695652174,0.8260869565217391,0.0,0.0,0.0,1.0,0.0,0.0,0.0,0.0,0.0,0.0,0.0,0.0,0.0,0.0,0.0,0.0,0.0,0.0,0.0,0.0,0.0,0.0,0.0,0.0,0.0,0.0,0.0,0.0,0.0,0.0,0.0,0.0,0.0,0.0,0.0,0.0,1.0,0,32,0
0.42857142857142855,0.45454545454545453,0.3333333333333333,0.25,0.14285714285714285,0.33333333333333337,0.0,0.0,0.0,0.3333333333333333,0.0,0.0,0.8214285714285595,0.782608695652174,0.8260869565217391,0.0,0.0,0.0,1.0,0.0,0.0,0.0,0.0,0.0,0.0,0.0,0.0,0.0,0.0,0.0,0.0,0.0,0.0,0.0,0.0,0.0,0.0,0.0,0.0,0.0,1.0,0.0,0.0,0.0,0.0,0.0,0.0,0.0,0.0,0.0,0.0,0.0,0,21,0
0.42857142857142855,0.45454545454545453,0.3333333333333333,0.25,0.5714285714285714,0.5,0.0,0.0,0.0,0.3333333333333333,0.0,1.0,0.8660714285714154,0.8260869565217391,0.8695652173913043,0.0,0.0,0.0,1.0,0.0,0.0,0.0,0.0,0.0,0.0,0.0,0.0,0.0,0.0,0.0,0.0,0.0,0.0,0.0,0.0,0.0,0.0,0.0,0.0,0.0,0.0,0.0,0.0,0.0,0.0,0.0,0.0,0.0,0.0,0.0,1.0,0.0,0,31,0
0.42857142857142855,0.45454545454545453,0.3333333333333333,0.25,0.42857142857142855,0.33333333333333337,0.0,0.16666666666666666,0.0,0.0,0.0,0.0,0.8214285714285595,0.8695652173913043,0.9130434782608696,0.0,0.0,0.0,1.0,0.0,0.0,0.0,0.0,0.0,0.0,0.0,0.0,0.0,0.0,0.0,0.0,0.0,0.0,0.0,0.0,0.0,0.0,0.0,0.0,0.0,0.0,0.0,0.0,0.0,0.0,0.0,0.0,0.0,0.0,0.0,0.0,1.0,1,32,0
0.42857142857142855,0.45454545454545453,0.3333333333333333,0.25,0.42857142857142855,0.33333333333333337,0.0,0.0,0.0,0.25,0.0,0.0,0.8214285714285595,0.8695652173913043,0.9130434782608696,0.0,0.0,0.0,1.0,0.0,0.0,0.0,0.0,0.0,0.0,0.0,0.0,0.0,0.0,0.0,0.0,0.0,0.0,0.0,0.0,0.0,0.0,0.0,0.0,0.0,0.0,0.0,0.0,0.0,0.0,0.0,0.0,0.0,0.0,0.0,0.0,0.0,0,33,0
0.0,0.27272727272727276,0.3333333333333333,0.25,0.2857142857142857,0.16666666666666666,0.0,0.0,0.0,0.25,0.0,1.0,0.9107142857142733,0.34782608695652173,0.391304347826087,0.0,1.0,0.0,0.0,0.0,0.0,0.0,0.0,0.0,0.0,0.0,0.0,0.0,0.0,0.0,0.0,0.0,0.0,0.0,0.0,0.0,0.0,0.0,0.0,0.0,0.0,0.0,0.0,0.0,0.0,0.0,0.0,0.0,0.0,0.0,0.0,0.0,0,33,0
0.0,0.27272727272727276,0.3333333333333333,0.25,0.2857142857142857,0.16666666666666666,0.0,0.16666666666666666,0.0,0.0,0.0,0.0,0.8214285714285595,0.34782608695652173,0.391304347826087,0.0,1.0,0.0,0.0,0.0,0.0,0.0,0.0,0.0,0.0,0.0,0.0,0.0,0.0,0.0,1.0,0.0,0.0,0.0,0.0,0.0,0.0,0.0,0.0,0.0,0.0,0.0,0.0,0.0,0.0,0.0,0.0,0.0,0.0,0.0,0.0,0.0,1,11,0
0.0,0.27272727272727276,0.3333333333333333,0.25,0.14285714285714285,0.0,0.0,0.16666666666666666,0.0,0.0,0.0,1.0,0.910714285714274,0.41304347826086957,0.43478260869565216,0.0,1.0,0.0,0.0,0.0,0.0,0.0,0.0,0.0,0.0,0.0,0.0,0.0,0.0,0.0,0.0,0.0,0.0,0.0,0.0,0.0,0.0,0.0,0.0,0.0,0.0,0.0,0.0,0.0,0.0,0.0,0.0,1.0,0.0,0.0,0.0,0.0,1,28,0
0.14285714285714285,0.27272727272727276,0.3333333333333333,0.25,0.2857142857142857,0.16666666666666666,0.0,0.25,0.0,0.0,0.0,1.0,0.9107142857142732,0.5217391304347826,0.5652173913043478,0.0,1.0,0.0,0.0,0.0,0.0,0.0,0.0,0.0,0.0,0.0,0.0,0.0,0.0,0.0,0.0,0.0,0.0,0.0,0.0,0.0,0.0,0.0,0.0,0.0,0.0,0.0,0.0,0.0,0.0,0.0,0.0,1.0,0.0,0.0,0.0,0.0,1,28,0
0.14285714285714285,0.27272727272727276,0.3333333333333333,0.25,0.2857142857142857,0.16666666666666666,0.0,0.0,0.0,0.25,0.0,0.0,0.8214285714285595,0.5217391304347826,0.5652173913043478,0.0,1.0,0.0,0.0,0.0,0.0,0.0,0.0,0.0,0.0,0.0,0.0,0.0,0.0,0.0,0.0,0.0,0.0,0.0,0.0,0.0,0.0,0.0,0.0,0.0,0.0,0.0,0.0,0.0,0.0,0.0,0.0,0.0,0.0,0.0,0.0,0.0,0,33,0
0.14285714285714285,0.45454545454545453,0.3333333333333333,0.25,0.8571428571428571,0.8333333333333334,0.0,0.0,0.0,0.16666666666666666,0.0,1.0,0.8511904761904638,0.9130434782608696,0.9565217391304348,0.0,0.0,1.0,0.0,0.0,0.0,0.0,0.0,0.0,0.0,0.0,0.0,0.0,0.0,0.0,0.0,0.0,0.0,0.0,0.0,0.0,0.0,0.0,0.0,0.0,0.0,0.0,0.0,0.0,0.0,0.0,0.0,0.0,0.0,0.0,0.0,0.0,0,33,0
0.2857142857142857,0.45454545454545453,0.3333333333333333,0.25,0.8571428571428571,0.8333333333333334,0.0,0.0,0.0,0.2,0.0,0.0,0.8214285714285595,0.0,0.043478260869565216,0.0,0.0,1.0,0.0,0.0,0.0,0.0,0.0,0.0,0.0,0.0,0.0,0.0,0.0,0.0,0.0,0.0,0.0,0.0,0.0,0.0,0.0,0.0,0.0,0.0,0.0,0.0,0.0,0.0,0.0,0.0,0.0,0.0,0.0,0.0,0.0,0.0,0,33,0
0.2857142857142857,0.45454545454545453,0.3333333333333333,0.25,0.5714285714285714,0.5,0.0,0.08333333333333333,0.0,0.0,0.0,1.0,0.8660714285714087,0.17391304347826086,0.21739130434782608,0.0,0.0,1.0,0.0,0.0,0.0,0.0,0.0,0.0,0.0,0.0,0.0,0.0,0.0,0.0,0.0,0.0,0.0,0.0,0.0,0.0,0.0,0.0,0.0,0.0,0.0,0.0,0.0,0.0,0.0,0.0,0.0,0.0,0.0,0.0,0.0,0.0,1,33,0
0.2857142857142857,0.45454545454545453,0.3333333333333333,0.25,0.5714285714285714,0.5,0.0,0.0,0.0,0.25,0.0,0.0,0.8214285714285595,0.17391304347826086,0.21739130434782608,0.0,0.0,1.0,0.0,0.0,0.0,0.0,0.0,0.0,0.0,0.0,0.0,0.0,0.0,0.0,0.0,0.0,0.0,0.0,0.0,0.0,0.0,0.0,0.0,0.0,0.0,0.0,0.0,0.0,0.0,0.0,0.0,0.0,0.0,0.0,0.0,0.0,0,33,0
0.2857142857142857,0.5454545454545454,0.3333333333333333,0.375,0.5714285714285714,0.33333333333333337,0.0,0.0,0.0,0.13333333333333333,0.0,1.0,0.8809523809523682,0.9130434782608696,0.9565217391304348,0.0,0.0,1.0,0.0,0.0,0.0,0.0,0.0,0.0,0.0,0.0,0.0,0.0,0.0,0.0,0.0,0.0,0.0,0.0,0.0,0.0,0.0,0.0,0.0,0.0,0.0,0.0,0.0,0.0,0.0,0.0,0.0,0.0,0.0,0.0,0.0,0.0,0,33,0
0.2857142857142857,0.5454545454545454,0.3333333333333333,0.375,0.5714285714285714,0.33333333333333337,0.3,0.0,0.0,0.0,0.0,0.0,0.8214285714285595,0.9130434782608696,0.9565217391304348,0.0,0.0,1.0,0.0,0.0,1.0,0.0,0.0,0.0,0.0,0.0,0.0,0.0,0.0,0.0,0.0,0.0,0.0,0.0,0.0,0.0,0.0,0.0,0.0,0.0,0.0,0.0,0.0,0.0,0.0,0.0,0.0,0.0,0.0,0.0,0.0,0.0,0,1,0
0.2857142857142857,0.5454545454545454,0.3333333333333333,0.375,0.5714285714285714,0.5,0.0,0.3333333333333333,0.0,0.0,0.0,1.0,0.8660714285714164,1.0,0.0,0.0,0.0,1.0,0.0,0.0,0.0,0.0,0.0,0.0,0.0,0.0,0.0,0.0,0.0,0.0,0.0,0.0,0.0,0.0,0.0,0.0,0.0,0.0,0.0,0.0,0.0,0.0,0.0,0.0,0.0,0.0,0.0,1.0,0.0,0.0,0.0,0.0,1,28,0
0.2857142857142857,0.45454545454545453,0.3333333333333333,0.375,0.2857142857142857,0.6666666666666666,0.0,0.0,0.0,0.6666666666666666,0.0,1.0,0.8214285714285595,0.17391304347826086,0.21739130434782608,0.0,0.0,1.0,0.0,0.0,0.0,0.0,0.0,0.0,0.0,0.0,0.0,0.0,0.0,0.0,0.0,0.0,0.0,0.0,0.0,0.0,0.0,0.0,0.0,0.0,0.0,0.0,0.0,0.0,0.0,0.0,0.0,0.0,0.0,0.0,0.0,0.0,0,33,0
0.2857142857142857,0.45454545454545453,0.3333333333333333,0.375,0.2857142857142857,0.6666666666666666,0.0,0.0,0.0,0.3333333333333333,0.0,0.0,0.8214285714285595,0.17391304347826086,0.21739130434782608,0.0,0.0,1.0,0.0,0.0,0.0,0.0,0.0,0.0,0.0,0.0,0.0,0.0,0.0,0.0,0.0,0.0,0.0,0.0,0.0,0.0,0.0,0.0,0.0,0.0,0.0,0.0,0.0,0.0,0.0,0.0,0.0,0.0,0.0,0.0,0.0,0.0,0,33,0
0.42857142857142855,0.5454545454545454,0.3333333333333333,0.375,0.42857142857142855,0.33333333333333337,0.3333333333333333,0.0,0.0,0.0,0.0,1.0,0.8809523809523682,0.21739130434782608,0.2608695652173913,0.0,1.0,0.0,0.0,0.0,1.0,0.0,0.0,0.0,0.0,0.0,0.0,0.0,0.0,0.0,0.0,0.0,0.0,0.0,0.0,0.0,0.0,0.0,0.0,0.0,0.0,0.0,0.0,0.0,0.0,0.0,0.0,0.0,0.0,0.0,0.0,0.0,0,1,0
0.42857142857142855,0.5454545454545454,0.3333333333333333,0.375,0.42857142857142855,0.33333333333333337,0.0,0.08333333333333333,0.0,0.0,0.0,0.0,0.8214285714285595,0.21739130434782608,0.2608695652173913,0.0,1.0,0.0,0.0,0.0,0.0,0.0,0.0,0.0,0.0,0.0,0.0,0.0,0.0,0.0,0.0,0.0,0.0,0.0,0.0,0.0,0.0,0.0,0.0,0.0,1.0,0.0,0.0,0.0,0.0,0.0,0.0,0.0,0.0,0.0,0.0,0.0,1,21,0
0.42857142857142855,0.5454545454545454,0.3333333333333333,0.375,0.42857142857142855,0.33333333333333337,0.0,0.08333333333333333,0.0,0.0,0.0,0.0,0.8214285714285595,0.21739130434782608,0.2608695652173913,0.0,1.0,0.0,0.0,0.0,0.0,0.0,0.0,0.0,0.0,0.0,0.0,0.0,0.0,0.0,0.0,0.0,0.0,0.0,0.0,0.0,0.0,0.0,0.0,0.0,0.0,0.0,0.0,0.0,0.0,0.0,0.0,0.0,0.0,0.0,0.0,0.0,1,33,0
0.42857142857142855,0.5454545454545454,0.3333333333333333,0.375,0.7142857142857142,0.6666666666666666,0.0,0.16666666666666666,0.0,0.0,0.0,1.0,0.857142857142845,0.2608695652173913,0.30434782608695654,0.0,1.0,0.0,0.0,0.0,0.0,0.0,0.0,0.0,0.0,0.0,0.0,0.0,0.0,0.0,0.0,0.0,0.0,0.0,0.0,0.0,0.0,0.0,0.0,0.0,1.0,0.0,0.0,0.0,0.0,0.0,0.0,0.0,0.0,0.0,0.0,0.0,1,21,0
0.42857142857142855,0.5454545454545454,0.3333333333333333,0.75,0.7142857142857142,0.9999999999999999,0.0,0.16666666666666666,0.0,0.0,0.0,1.0,0.8469387755101914,0.30434782608695654,0.34782608695652173,0.0,1.0,0.0,0.0,0.0,0.0,0.0,0.0,0.0,0.0,0.0,0.0,0.0,0.0,0.0,0.0,0.0,0.0,0.0,0.0,0.0,0.0,0.0,0.0,0.0,0.0,0.0,0.0,0.0,0.0,0.0,0.0,0.0,0.0,1.0,0.0,0.0,1,30,0
0.42857142857142855,0.5454545454545454,0.3333333333333333,0.625,0.8571428571428571,0.6666666666666666,0.0,0.16666666666666666,0.0,0.0,0.0,1.0,0.857142857142845,0.5217391304347826,0.5652173913043478,0.0,1.0,0.0,0.0,0.0,0.0,0.0,0.0,0.0,0.0,0.0,0.0,0.0,0.0,0.0,0.0,0.0,0.0,0.0,0.0,0.0,0.0,0.0,0.0,0.0,0.0,0.0,0.0,0.0,0.0,0.0,0.0,0.0,1.0,0.0,0.0,0.0,1,29,0
0.42857142857142855,0.3636363636363636,0.3333333333333333,0.625,0.8571428571428571,0.8333333333333334,0.0,0.0,0.0,0.13333333333333333,0.0,1.0,0.851190476190464,0.5652173913043478,0.6086956521739131,0.0,0.0,0.0,1.0,0.0,0.0,0.0,0.0,0.0,0.0,0.0,0.0,0.0,0.0,0.0,0.0,0.0,0.0,0.0,0.0,0.0,0.0,0.0,0.0,0.0,0.0,0.0,0.0,0.0,0.0,0.0,0.0,0.0,0.0,0.0,0.0,0.0,0,33,0
0.42857142857142855,0.3636363636363636,0.3333333333333333,0.625,0.8571428571428571,0.8333333333333334,0.0,0.08333333333333333,0.0,0.0,0.0,1.0,0.8511904761904641,0.6086956521739131,0.6521739130434783,0.0,0.0,0.0,1.0,0.0,0.0,0.0,0.0,0.0,0.0,0.0,0.0,0.0,0.0,0.0,0.0,0.0,0.0,0.0,0.0,0.0,0.0,0.0,0.0,0.0,0.0,0.0,0.0,0.0,0.0,0.0,0.0,0.0,0.0,0.0,0.0,0.0,1,33,0
0.42857142857142855,0.3636363636363636,0.3333333333333333,0.75,0.8571428571428571,0.8333333333333334,0.0,0.16666666666666666,0.0,0.0,0.0,1.0,0.8511904761904634,0.6956521739130435,0.7391304347826088,0.0,0.0,0.0,1.0,0.0,0.0,0.0,0.0,0.0,0.0,0.0,0.0,0.0,0.0,0.0,0.0,0.0,0.0,0.0,0.0,0.0,0.0,0.0,0.0,0.0,0.0,0.0,0.0,0.0,0.0,0.0,0.0,1.0,0.0,0.0,0.0,0.0,1,28,0
0.42857142857142855,0.3636363636363636,0.3333333333333333,0.75,0.7142857142857142,0.6666666666666666,0.0,0.16666666666666666,0.0,0.0,0.0,0.0,0.8214285714285595,0.782608695652174,0.8260869565217391,0.0,0.0,0.0,1.0,0.0,0.0,0.0,0.0,0.0,0.0,0.0,0.0,0.0,0.0,0.0,0.0,0.0,0.0,0.0,0.0,0.0,0.0,0.0,0.0,0.0,0.0,0.0,0.0,0.0,0.0,0.0,0.0,1.0,0.0,0.0,0.0,0.0,1,28,0
0.42857142857142855,0.3636363636363636,0.3333333333333333,0.75,0.42857142857142855,0.33333333333333337,0.0,0.2,0.0,0.0,0.0,1.0,0.8809523809523674,0.8260869565217391,0.8695652173913043,0.0,0.0,0.0,1.0,0.0,0.0,0.0,0.0,0.0,0.0,0.0,0.0,0.0,0.0,0.0,0.0,0.0,0.0,0.0,0.0,0.0,0.0,0.0,0.0,0.0,0.0,0.0,0.0,0.0,0.0,0.0,0.0,1.0,0.0,0.0,0.0,0.0,1,28,0
0.42857142857142855,0.3636363636363636,0.3333333333333333,0.75,0.42857142857142855,0.33333333333333337,0.0,0.25,0.0,0.0,0.0,0.0,0.8214285714285595,0.8260869565217391,0.8695652173913043,0.0,0.0,0.0,1.0,0.0,0.0,0.0,0.0,0.0,0.0,0.0,0.0,0.0,0.0,0.0,0.0,0.0,0.0,0.0,0.0,0.0,0.0,0.0,0.0,0.0,0.0,0.0,0.0,0.0,0.0,0.0,0.0,0.0,0.0,0.0,0.0,0.0,1,33,0
0.42857142857142855,0.3636363636363636,0.3333333333333333,0.75,0.5714285714285714,0.5,0.3,0.0,0.0,0.0,0.0,1.0,0.866071428571416,0.8695652173913043,0.9130434782608696,0.0,0.0,0.0,1.0,0.0,1.0,0.0,0.0,0.0,0.0,0.0,0.0,0.0,0.0,0.0,0.0,0.0,0.0,0.0,0.0,0.0,0.0,0.0,0.0,0.0,0.0,0.0,0.0,0.0,0.0,0.0,0.0,0.0,0.0,0.0,0.0,0.0,0,1,0
0.5714285714285714,0.5454545454545454,0.3333333333333333,0.75,0.5714285714285714,0.8333333333333334,0.25,0.0,0.0,0.0,0.0,1.0,0.8511904761904638,0.21739130434782608,0.2608695652173913,0.0,1.0,0.0,0.0,0.0,1.0,0.0,0.0,0.0,0.0,0.0,0.0,0.0,0.0,0.0,0.0,0.0,0.0,0.0,0.0,0.0,0.0,0.0,0.0,0.0,0.0,0.0,0.0,0.0,0.0,0.0,0.0,0.0,0.0,0.0,0.0,0.0,0,1,0
0.5714285714285714,0.5454545454545454,0.3333333333333333,0.75,0.8571428571428571,0.8333333333333334,0.0,0.16666666666666666,0.0,0.0,0.0,1.0,0.8511904761904634,0.30434782608695654,0.34782608695652173,0.0,1.0,0.0,0.0,0.0,0.0,0.0,0.0,0.0,0.0,0.0,0.0,0.0,0.0,0.0,0.0,0.0,0.0,0.0,0.0,0.0,0.0,0.0,0.0,0.0,0.0,0.0,0.0,0.0,0.0,0.0,0.0,0.0,0.0,1.0,0.0,0.0,1,30,0
0.5714285714285714,0.5454545454545454,0.3333333333333333,0.125,0.42857142857142855,0.5,0.0,0.5,0.0,0.0,0.0,1.0,0.8660714285714164,0.34782608695652173,0.391304347826087,0.0,1.0,0.0,0.0,0.0,0.0,0.0,0.0,0.0,0.0,0.0,0.0,0.0,0.0,0.0,0.0,0.0,0.0,0.0,0.0,0.0,0.0,0.0,0.0,0.0,0.0,0.0,0.0,0.0,0.0,0.0,0.0,0.0,0.0,0.0,0.0,0.0,1,33,0
0.5714285714285714,0.5454545454545454,0.3333333333333333,0.125,0.2857142857142857,0.16666666666666666,0.0,0.75,0.0,0.0,0.0,1.0,0.9107142857142709,0.43478260869565216,0.4782608695652174,0.0,1.0,0.0,0.0,0.0,0.0,0.0,0.0,0.0,0.0,0.0,0.0,0.0,0.0,0.0,0.0,0.0,0.0,0.0,0.0,0.0,0.0,0.0,0.0,0.0,0.0,0.0,0.0,0.0,0.0,0.0,0.0,0.0,0.0,0.0,0.0,0.0,1,33,0
0.5714285714285714,0.5454545454545454,0.3333333333333333,0.125,0.7142857142857142,0.6666666666666666,0.0,0.3333333333333333,0.0,0.0,0.0,1.0,0.857142857142845,0.4782608695652174,0.5217391304347826,0.0,1.0,0.0,0.0,0.0,0.0,0.0,0.0,0.0,0.0,0.0,0.0,0.0,0.0,0.0,0.0,0.0,0.0,0.0,0.0,0.0,0.0,0.0,0.0,0.0,0.0,0.0,0.0,0.0,0.0,0.0,0.0,0.0,0.0,0.0,0.0,0.0,1,33,0
0.5714285714285714,0.45454545454545453,0.3333333333333333,0.125,0.7142857142857142,0.6666666666666666,0.0,0.0,0.0,0.16666666666666666,0.0,1.0,0.8571428571428448,0.5652173913043478,0.6086956521739131,0.0,0.0,0.0,1.0,0.0,0.0,0.0,0.0,0.0,0.0,0.0,0.0,0.0,0.0,0.0,0.0,0.0,0.0,0.0,0.0,0.0,0.0,0.0,0.0,0.0,0.0,0.0,0.0,0.0,0.0,0.0,0.0,0.0,0.0,0.0,0.0,0.0,0,33,0
0.5714285714285714,0.45454545454545453,0.3333333333333333,0.125,0.7142857142857142,0.6666666666666666,0.0,0.0,0.0,0.13333333333333333,0.0,0.0,0.8214285714285595,0.5652173913043478,0.6086956521739131,0.0,0.0,0.0,1.0,0.0,0.0,0.0,0.0,0.0,0.0,0.0,0.0,0.0,0.0,0.0,0.0,0.0,0.0,0.0,0.0,0.0,0.0,0.0,0.0,0.0,0.0,0.0,0.0,0.0,0.0,0.0,0.0,0.0,0.0,0.0,0.0,0.0,0,33,0
0.5714285714285714,0.45454545454545453,0.3333333333333333,0.375,0.7142857142857142,0.6666666666666666,0.0,0.08333333333333333,0.0,0.0,0.0,1.0,0.8571428571428442,0.8260869565217391,0.8695652173913043,0.0,0.0,0.0,1.0,0.0,0.0,0.0,0.0,0.0,0.0,0.0,0.0,0.0,0.0,0.0,0.0,0.0,0.0,0.0,0.0,0.0,0.0,0.0,0.0,0.0,0.0,0.0,0.0,0.0,0.0,0.0,0.0,0.0,0.0,0.0,0.0,0.0,1,33,0
0.5714285714285714,0.45454545454545453,0.3333333333333333,0.375,0.7142857142857142,0.6666666666666666,0.0,0.1,0.0,0.0,0.0,0.0,0.8214285714285595,0.8260869565217391,0.8695652173913043,0.0,0.0,0.0,1.0,0.0,0.0,0.0,0.0,0.0,0.0,0.0,0.0,0.0,0.0,0.0,0.0,0.0,0.0,0.0,0.0,0.0,0.0,0.0,0.0,0.0,0.0,0.0,0.0,0.0,0.0,0.0,0.0,0.0,0.0,1.0,0.0,0.0,1,30,0
0.5714285714285714,0.45454545454545453,0.3333333333333333,0.125,0.5714285714285714,0.6666666666666666,0.25,0.0,0.0,0.0,0.0,0.0,0.8214285714285595,0.8695652173913043,0.9130434782608696,0.0,0.0,0.0,1.0,0.0,1.0,0.0,0.0,0.0,0.0,0.0,0.0,0.0,0.0,0.0,0.0,0.0,0.0,0.0,0.0,0.0,0.0,0.0,0.0,0.0,0.0,0.0,0.0,0.0,0.0,0.0,0.0,0.0,0.0,0.0,0.0,0.0,0,1,0
0.7142857142857142,0.5454545454545454,0.3333333333333333,0.125,0.8571428571428571,0.8333333333333334,0.25,0.0,0.0,0.0,0.0,1.0,0.8511904761904638,0.21739130434782608,0.2608695652173913,0.0,1.0,0.0,0.0,0.0,1.0,0.0,0.0,0.0,0.0,0.0,0.0,0.0,0.0,0.0,0.0,0.0,0.0,0.0,0.0,0.0,0.0,0.0,0.0,0.0,0.0,0.0,0.0,0.0,0.0,0.0,0.0,0.0,0.0,0.0,0.0,0.0,0,1,0
0.7142857142857142,0.5454545454545454,0.3333333333333333,0.125,0.7142857142857142,0.6666666666666666,0.0,0.16666666666666666,0.3333333333333333,0.0,0.0,1.0,0.8571428571428441,0.30434782608695654,0.34782608695652173,0.0,1.0,0.0,0.0,0.0,0.0,0.0,0.0,0.0,0.0,0.0,0.0,0.0,0.0,0.0,0.0,0.0,0.0,0.0,0.0,0.0,0.0,0.0,0.0,0.0,0.0,0.0,0.0,0.0,0.0,0.0,0.0,0.0,0.0,0.0,0.0,0.0,1,33,3
0.7142857142857142,0.5454545454545454,0.3333333333333333,0.375,0.7142857142857142,0.33333333333333337,0.0,0.16666666666666666,0.0,0.0,0.16666666666666666,1.0,0.8809523809523687,0.4782608695652174,0.5217391304347826,0.0,1.0,0.0,0.0,0.0,0.0,0.0,0.0,0.0,0.0,0.0,0.0,0.0,0.0,0.0,0.0,0.0,0.0,0.0,0.0,0.0,0.0,0.0,0.0,0.0,0.0,0.0,0.0,0.0,0.0,0.0,0.0,0.0,0.0,0.0,0.0,0.0,1,33,0
0.7142857142857142,0.5454545454545454,0.3333333333333333,0.375,0.7142857142857142,0.33333333333333337,0.0,0.16666666666666666,0.0,0.0,0.0,0.0,0.8214285714285595,0.4782608695652174,0.5217391304347826,0.0,1.0,0.0,0.0,0.0,0.0,0.0,0.0,0.0,0.0,0.0,0.0,0.0,0.0,0.0,0.0,0.0,0.0,0.0,0.0,1.0,0.0,0.0,0.0,0.0,0.0,0.0,0.0,0.0,0.0,0.0,0.0,0.0,0.0,0.0,0.0,0.0,1,16,0
0.7142857142857142,0.5454545454545454,0.3333333333333333,0.375,0.2857142857142857,0.16666666666666666,0.0,0.75,0.0,0.0,0.0,1.0,0.9107142857142732,0.5217391304347826,0.5652173913043478,0.0,1.0,0.0,0.0,0.0,0.0,0.0,0.0,0.0,0.0,0.0,0.0,0.0,0.0,0.0,0.0,0.0,0.0,0.0,0.0,0.0,0.0,0.0,0.0,0.0,0.0,0.0,0.0,0.0,0.0,0.0,0.0,0.0,0.0,0.0,0.0,0.0,1,33,0
0.7142857142857142,0.5454545454545454,0.3333333333333333,0.375,0.2857142857142857,0.16666666666666666,0.0,0.0,0.0,0.0,0.25,0.0,0.8214285714285595,0.5217391304347826,0.5652173913043478,0.0,1.0,0.0,0.0,0.0,0.0,0.0,0.0,0.0,0.0,0.0,0.0,0.0,0.0,0.0,0.0,0.0,0.0,0.0,0.0,0.0,0.0,0.0,0.0,0.0,0.0,0.0,0.0,0.0,0.0,0.0,0.0,0.0,0.0,0.0,0.0,0.0,0,33,0
0.7142857142857142,0.45454545454545453,0.3333333333333333,0.375,0.7142857142857142,0.6666666666666666,0.0,0.16666666666666666,0.0,0.0,0.0,1.0,0.8571428571428448,0.5652173913043478,0.6086956521739131,0.0,0.0,0.0,1.0,0.0,0.0,0.0,0.0,0.0,0.0,0.0,0.0,0.0,0.0,0.0,0.0,0.0,0.0,0.0,0.0,0.0,0.0,0.0,0.0,0.0,0.0,0.0,0.0,0.0,0.0,0.0,0.0,0.0,0.0,0.0,0.0,0.0,1,33,0
0.7142857142857142,0.45454545454545453,0.3333333333333333,0.375,0.8571428571428571,0.8333333333333334,0.0,0.08333333333333333,0.0,0.0,0.0,0.0,0.8214285714285595,0.6086956521739131,0.6521739130434783,0.0,0.0,0.0,1.0,0.0,0.0,0.0,0.0,0.0,0.0,0.0,0.0,0.0,0.0,0.0,0.0,0.0,0.0,0.0,0.0,0.0,0.0,0.0,0.0,0.0,0.0,0.0,0.0,0.0,0.0,0.0,0.0,0.0,0.0,1.0,0.0,0.0,1,30,0
0.7142857142857142,0.45454545454545453,0.3333333333333333,0.375,0.8571428571428571,0.8333333333333334,0.0,0.08333333333333333,0.0,0.0,0.0,0.0,0.8214285714285595,0.6521739130434783,0.6956521739130435,0.0,0.0,0.0,1.0,0.0,0.0,0.0,0.0,0.0,0.0,0.0,0.0,0.0,0.0,0.0,0.0,0.0,0.0,0.0,0.0,0.0,0.0,0.0,0.0,0.0,0.0,0.0,0.0,0.0,0.0,0.0,0.0,0.0,1.0,0.0,0.0,0.0,1,29,0
0.7142857142857142,0.45454545454545453,0.3333333333333333,0.25,0.42857142857142855,0.6666666666666666,0.0,0.15,0.0,0.0,0.0,1.0,0.8571428571428442,0.6956521739130435,0.7391304347826088,0.0,0.0,0.0,1.0,0.0,0.0,0.0,0.0,0.0,0.0,0.0,0.0,0.0,0.0,0.0,0.0,0.0,0.0,0.0,0.0,0.0,0.0,0.0,0.0,0.0,0.0,0.0,0.0,0.0,0.0,0.0,0.0,0.0,1.0,0.0,0.0,0.0,1,29,0
0.7142857142857142,0.45454545454545453,0.3333333333333333,0.375,0.8571428571428571,0.8333333333333334,0.0,0.08333333333333333,0.0,0.0,0.0,1.0,0.8511904761904634,0.8260869565217391,0.8695652173913043,0.0,0.0,0.0,1.0,0.0,0.0,0.0,0.0,0.0,0.0,0.0,0.0,0.0,0.0,0.0,0.0,0.0,0.0,0.0,0.0,0.0,0.0,0.0,0.0,0.0,0.0,0.0,0.0,0.0,0.0,0.0,0.0,0.0,0.0,0.0,0.0,0.0,1,33,0
0.7142857142857142,0.45454545454545453,0.3333333333333333,0.375,0.5714285714285714,0.5,0.25,0.0,0.0,0.0,0.0,0.0,0.8214285714285595,0.8695652173913043,0.9130434782608696,0.0,0.0,0.0,1.0,0.0,1.0,0.0,0.0,0.0,0.0,0.0,0.0,0.0,0.0,0.0,0.0,0.0,0.0,0.0,0.0,0.0,0.0,0.0,0.0,0.0,0.0,0.0,0.0,0.0,0.0,0.0,0.0,0.0,0.0,0.0,0.0,0.0,0,1,0
1.0,0.6363636363636365,0.3333333333333333,0.625,0.5714285714285714,0.6666666666666666,0.16666666666666666,0.0,0.0,0.0,0.0,1.0,0.8571428571428447,0.9130434782608696,0.9565217391304348,0.0,0.0,1.0,0.0,0.0,1.0,0.0,0.0,0.0,0.0,0.0,0.0,0.0,0.0,0.0,0.0,0.0,0.0,0.0,0.0,0.0,0.0,0.0,0.0,0.0,0.0,0.0,0.0,0.0,0.0,0.0,0.0,0.0,0.0,0.0,0.0,0.0,0,1,0
1.0,0.6363636363636365,0.3333333333333333,0.625,0.5714285714285714,0.6666666666666666,0.0,0.16666666666666666,0.0,0.0,0.08333333333333333,0.0,0.8214285714285595,0.9130434782608696,0.9565217391304348,0.0,0.0,1.0,0.0,0.0,0.0,0.0,0.0,0.0,0.0,0.0,0.0,0.0,0.0,0.0,0.0,0.0,0.0,0.0,0.0,0.0,0.0,0.0,0.0,0.0,0.0,0.0,0.0,0.0,0.0,0.0,0.0,0.0,0.0,0.0,0.0,0.0,1,33,0
1.0,0.6363636363636365,0.3333333333333333,0.75,0.5714285714285714,0.8333333333333334,0.0,0.25,0.0,0.0,0.0,1.0,0.8511904761904634,0.9565217391304348,1.0,0.0,0.0,1.0,0.0,0.0,0.0,0.0,0.0,0.0,0.0,0.0,0.0,0.0,0.0,0.0,0.0,0.0,0.0,0.0,0.0,0.0,0.0,0.0,0.0,0.0,0.0,0.0,0.0,0.0,0.0,0.0,0.0,0.0,0.0,0.0,0.0,0.0,1,33,0
1.0,0.6363636363636365,0.3333333333333333,0.75,0.5714285714285714,0.5,0.0,0.25,0.0,0.0,0.0,1.0,0.8660714285714164,1.0,0.0,0.0,0.0,1.0,0.0,0.0,0.0,0.0,0.0,0.0,0.0,0.0,0.0,0.0,0.0,0.0,0.0,0.0,0.0,0.0,0.0,0.0,0.0,0.0,0.0,0.0,0.0,0.0,0.0,0.0,0.0,0.0,0.0,0.0,0.0,0.0,0.0,0.0,1,33,0
0.14285714285714285,0.3636363636363636,0.3333333333333333,0.75,0.8571428571428571,0.8333333333333334,0.0,0.0,0.0,0.16666666666666666,0.0,1.0,0.8511904761904638,0.21739130434782608,0.2608695652173913,0.0,1.0,0.0,0.0,0.0,0.0,0.0,0.0,0.0,0.0,0.0,0.0,0.0,0.0,0.0,0.0,0.0,0.0,0.0,0.0,0.0,0.0,0.0,0.0,0.0,0.0,0.0,0.0,0.0,0.0,0.0,0.0,0.0,0.0,0.0,0.0,0.0,0,33,0
0.14285714285714285,0.5454545454545454,0.3333333333333333,0.125,0.7142857142857142,0.6666666666666666,0.16666666666666666,0.0,0.0,0.0,0.0,1.0,0.857142857142845,0.5217391304347826,0.5652173913043478,0.0,1.0,0.0,0.0,0.0,1.0,0.0,0.0,0.0,0.0,0.0,0.0,0.0,0.0,0.0,0.0,0.0,0.0,0.0,0.0,0.0,0.0,0.0,0.0,0.0,0.0,0.0,0.0,0.0,0.0,0.0,0.0,0.0,0.0,0.0,0.0,0.0,0,1,0
0.14285714285714285,0.45454545454545453,0.3333333333333333,0.125,0.8571428571428571,0.8333333333333334,0.0,0.0,0.0,0.16666666666666666,0.0,1.0,0.851190476190464,0.5652173913043478,0.6086956521739131,0.0,0.0,0.0,1.0,0.0,0.0,0.0,0.0,0.0,0.0,0.0,0.0,0.0,0.0,0.0,0.0,0.0,0.0,0.0,0.0,0.0,0.0,0.0,0.0,0.0,0.0,0.0,0.0,0.0,0.0,0.0,0.0,0.0,0.0,0.0,0.0,0.0,0,33,0
0.14285714285714285,0.45454545454545453,0.3333333333333333,0.125,0.8571428571428571,0.8333333333333334,0.0,0.08333333333333333,0.0,0.0,0.0,1.0,0.8511904761904641,0.6086956521739131,0.6521739130434783,0.0,0.0,0.0,1.0,0.0,0.0,0.0,0.0,0.0,0.0,0.0,0.0,0.0,0.0,0.0,0.0,0.0,0.0,0.0,0.0,0.0,0.0,0.0,0.0,0.0,0.0,0.0,0.0,0.0,0.0,0.0,0.0,0.0,1.0,0.0,0.0,0.0,1,29,0
0.14285714285714285,0.45454545454545453,0.6666666666666666,0.125,0.7142857142857142,0.6666666666666666,0.0,0.0,0.0,0.25,0.0,1.0,0.857142857142845,0.782608695652174,0.8260869565217391,0.0,0.0,0.0,1.0,0.0,0.0,0.0,0.0,0.0,0.0,0.0,0.0,0.0,0.0,0.0,0.0,0.0,0.0,0.0,0.0,0.0,0.0,0.0,0.0,0.0,0.0,0.0,0.0,0.0,0.0,0.0,0.0,0.0,0.0,0.0,0.0,0.0,0,33,0
0.14285714285714285,0.45454545454545453,0.6666666666666666,0.125,0.7142857142857142,0.6666666666666666,0.0,0.08333333333333333,0.0,0.0,0.0,1.0,0.8571428571428442,0.8260869565217391,0.8695652173913043,0.0,0.0,0.0,1.0,0.0,0.0,0.0,0.0,0.0,0.0,0.0,0.0,0.0,0.0,0.0,0.0,0.0,0.0,0.0,0.0,0.0,0.0,0.0,0.0,0.0,0.0,0.0,0.0,0.0,0.0,0.0,0.0,0.0,1.0,0.0,0.0,0.0,1,29,0
0.14285714285714285,0.45454545454545453,0.6666666666666666,0.125,0.7142857142857142,0.6666666666666666,0.0,0.0,0.0,0.08333333333333333,0.0,0.0,0.8214285714285595,0.8260869565217391,0.8695652173913043,0.0,0.0,0.0,1.0,0.0,0.0,0.0,1.0,0.0,0.0,0.0,0.0,0.0,0.0,0.0,0.0,0.0,0.0,0.0,0.0,0.0,0.0,0.0,0.0,0.0,0.0,0.0,0.0,0.0,0.0,0.0,0.0,0.0,0.0,0.0,0.0,0.0,0,3,0
0.14285714285714285,0.45454545454545453,0.6666666666666666,0.125,0.7142857142857142,0.6666666666666666,0.0,0.16666666666666666,0.0,0.0,0.0,1.0,0.8571428571428447,0.8695652173913043,0.9130434782608696,0.0,0.0,0.0,1.0,0.0,0.0,0.0,0.0,0.0,0.0,0.0,0.0,0.0,0.0,0.0,0.0,0.0,0.0,0.0,0.0,0.0,0.0,0.0,0.0,0.0,0.0,0.0,0.0,0.0,1.0,0.0,0.0,0.0,0.0,0.0,0.0,0.0,1,25,0
0.14285714285714285,0.5454545454545454,0.6666666666666666,0.625,0.7142857142857142,0.6666666666666666,0.16666666666666666,0.0,0.0,0.0,0.0,1.0,0.8571428571428447,0.9130434782608696,0.9565217391304348,0.0,0.0,1.0,0.0,0.0,1.0,0.0,0.0,0.0,0.0,0.0,0.0,0.0,0.0,0.0,0.0,0.0,0.0,0.0,0.0,0.0,0.0,0.0,0.0,0.0,0.0,0.0,0.0,0.0,0.0,0.0,0.0,0.0,0.0,0.0,0.0,0.0,0,1,0
0.2857142857142857,0.6363636363636365,1.0,0.625,0.5714285714285714,0.5,0.0,0.0,0.0,0.0,0.16666666666666666,1.0,0.8660714285714197,0.13043478260869565,0.17391304347826086,0.0,0.0,1.0,0.0,0.0,0.0,0.0,0.0,0.0,0.0,0.0,0.0,0.0,0.0,0.0,0.0,0.0,0.0,0.0,0.0,0.0,0.0,0.0,0.0,0.0,0.0,0.0,0.0,0.0,0.0,0.0,0.0,0.0,0.0,0.0,0.0,0.0,0,33,0
0.2857142857142857,0.6363636363636365,1.0,0.625,0.5714285714285714,0.5,0.0,0.16666666666666666,0.0,0.0,0.0,0.0,0.8214285714285595,0.13043478260869565,0.17391304347826086,0.0,0.0,1.0,0.0,0.0,0.0,0.0,0.0,0.0,0.0,0.0,0.0,0.0,0.0,0.0,0.0,0.0,0.0,0.0,0.0,0.0,0.0,0.0,0.0,0.0,0.0,0.0,1.0,0.0,0.0,0.0,0.0,0.0,0.0,0.0,0.0,0.0,1,23,0
0.2857142857142857,0.6363636363636365,1.0,0.625,0.5714285714285714,0.5,0.0,0.16666666666666666,0.0,0.0,0.0,0.0,0.8214285714285595,0.13043478260869565,0.17391304347826086,0.0,0.0,1.0,0.0,0.0,0.0,0.0,0.0,0.0,0.0,0.0,0.0,0.0,0.0,0.0,0.0,0.0,0.0,0.0,0.0,0.0,0.0,0.0,0.0,0.0,0.0,1.0,0.0,0.0,0.0,0.0,0.0,0.0,0.0,0.0,0.0,0.0,1,22,0
0.2857142857142857,0.45454545454545453,1.0,0.625,0.8571428571428571,0.8333333333333334,0.0,0.0,0.0,0.16666666666666666,0.0,1.0,0.8511904761904638,0.21739130434782608,0.2608695652173913,0.0,1.0,0.0,0.0,0.0,0.0,0.0,0.0,0.0,0.0,0.0,0.0,0.0,0.0,0.0,0.0,0.0,0.0,0.0,0.0,0.0,0.0,0.0,0.0,0.0,0.0,0.0,0.0,0.0,0.0,0.0,0.0,0.0,0.0,0.0,0.0,0.0,0,33,0
0.2857142857142857,0.45454545454545453,1.0,0.25,0.2857142857142857,0.5,0.0,0.2833333333333333,0.0,0.0,0.0,1.0,0.8660714285714164,0.34782608695652173,0.391304347826087,0.0,1.0,0.0,0.0,0.0,0.0,0.0,0.0,0.0,0.0,0.0,0.0,0.0,0.0,0.0,0.0,1.0,0.0,0.0,0.0,0.0,0.0,0.0,0.0,0.0,0.0,0.0,0.0,0.0,0.0,0.0,0.0,0.0,0.0,0.0,0.0,0.0,1,12,0
0.2857142857142857,0.3636363636363636,1.0,0.25,0.2857142857142857,0.5,0.0,0.0,0.0,0.5,0.0,1.0,0.8214285714285595,0.41304347826086957,0.43478260869565216,0.0,1.0,0.0,0.0,0.0,0.0,0.0,0.0,0.0,0.0,0.0,0.0,0.0,0.0,0.0,0.0,0.0,0.0,0.0,0.0,0.0,0.0,0.0,0.0,0.0,0.0,0.0,0.0,0.0,0.0,0.0,0.0,0.0,0.0,0.0,0.0,0.0,0,33,0
0.2857142857142857,0.3636363636363636,1.0,0.25,0.2857142857142857,0.5,0.0,0.0,0.0,1.0,0.0,1.0,0.8214285714285595,0.43478260869565216,0.4782608695652174,0.0,1.0,0.0,0.0,0.0,0.0,0.0,0.0,0.0,0.0,0.0,0.0,0.0,0.0,0.0,0.0,0.0,0.0,0.0,0.0,0.0,0.0,0.0,0.0,0.0,0.0,0.0,0.0,0.0,0.0,0.0,0.0,0.0,0.0,0.0,0.0,0.0,0,33,0
0.2857142857142857,0.3636363636363636,1.0,0.375,0.14285714285714285,0.5,0.0,0.0,0.0,0.5,0.0,1.0,0.8660714285714164,0.4782608695652174,0.5217391304347826,0.0,1.0,0.0,0.0,0.0,0.0,0.0,0.0,0.0,0.0,0.0,0.0,0.0,0.0,0.0,0.0,0.0,0.0,0.0,0.0,0.0,0.0,0.0,0.0,0.0,0.0,0.0,0.0,0.0,0.0,0.0,0.0,0.0,0.0,0.0,0.0,0.0,0,33,0
0.2857142857142857,0.45454545454545453,1.0,0.375,0.5714285714285714,0.5,0.0,0.2,0.0,0.0,0.0,0.0,0.8214285714285595,0.5217391304347826,0.5652173913043478,0.0,1.0,0.0,0.0,0.0,0.0,0.0,0.0,0.0,0.0,0.0,0.0,0.0,0.0,0.0,0.0,0.0,0.0,1.0,0.0,0.0,0.0,0.0,0.0,0.0,0.0,0.0,0.0,0.0,0.0,0.0,0.0,0.0,0.0,0.0,0.0,0.0,1,14,0
0.2857142857142857,0.27272727272727276,1.0,0.375,0.42857142857142855,0.33333333333333337,0.0,0.0,0.0,0.16666666666666666,0.0,1.0,0.8809523809523683,0.5652173913043478,0.6086956521739131,0.0,0.0,0.0,1.0,0.0,0.0,0.0,0.0,0.0,0.0,0.0,0.0,0.0,0.0,0.0,0.0,0.0,0.0,0.0,0.0,0.0,0.0,0.0,0.0,0.0,0.0,0.0,0.0,0.0,0.0,0.0,0.0,0.0,0.0,0.0,0.0,0.0,0,33,0
0.2857142857142857,0.27272727272727276,1.0,0.375,0.5714285714285714,0.5,0.0,0.0,0.0,0.08333333333333333,0.0,1.0,0.8660714285714164,0.6086956521739131,0.6521739130434783,0.0,0.0,0.0,1.0,0.0,0.0,0.0,1.0,0.0,0.0,0.0,0.0,0.0,0.0,0.0,0.0,0.0,0.0,0.0,0.0,0.0,0.0,0.0,0.0,0.0,0.0,0.0,0.0,0.0,0.0,0.0,0.0,0.0,0.0,0.0,0.0,0.0,0,3,0
0.2857142857142857,0.27272727272727276,1.0,0.375,0.5714285714285714,0.5,0.0,0.11666666666666667,0.0,0.0,0.0,0.0,0.8214285714285595,0.6086956521739131,0.6521739130434783,0.0,0.0,0.0,1.0,0.0,0.0,0.0,0.0,0.0,0.0,0.0,0.0,0.0,0.0,0.0,0.0,0.0,0.0,0.0,0.0,0.0,0.0,0.0,0.0,0.0,0.0,0.0,0.0,0.0,0.0,0.0,0.0,1.0,0.0,0.0,0.0,0.0,1,28,0
0.2857142857142857,0.6363636363636365,1.0,0.375,0.8571428571428571,0.8333333333333334,0.16666666666666666,0.0,0.0,0.0,0.0,1.0,0.8511904761904638,0.9130434782608696,0.9565217391304348,0.0,0.0,0.0,1.0,0.0,1.0,0.0,0.0,0.0,0.0,0.0,0.0,0.0,0.0,0.0,0.0,0.0,0.0,0.0,0.0,0.0,0.0,0.0,0.0,0.0,0.0,0.0,0.0,0.0,0.0,0.0,0.0,0.0,0.0,0.0,0.0,0.0,0,1,0
0.42857142857142855,0.6363636363636365,1.0,0.375,0.5714285714285714,0.5,0.0,0.16666666666666666,0.0,0.0,0.16666666666666666,1.0,0.8660714285714164,1.0,0.0,0.0,0.0,1.0,0.0,0.0,0.0,0.0,0.0,0.0,0.0,0.0,0.0,0.0,0.0,0.0,0.0,0.0,0.0,0.0,0.0,0.0,0.0,0.0,0.0,0.0,0.0,0.0,0.0,0.0,0.0,0.0,0.0,0.0,0.0,0.0,0.0,0.0,1,33,0
0.42857142857142855,0.6363636363636365,1.0,0.375,0.5714285714285714,0.5,0.0,0.0,0.0,0.0,0.16666666666666666,0.0,0.8214285714285595,1.0,0.0,0.0,0.0,1.0,0.0,0.0,0.0,0.0,0.0,0.0,0.0,0.0,0.0,0.0,0.0,0.0,0.0,0.0,0.0,0.0,0.0,0.0,0.0,0.0,0.0,0.0,0.0,0.0,0.0,0.0,0.0,0.0,0.0,0.0,0.0,0.0,0.0,0.0,0,33,0
0.42857142857142855,0.6363636363636365,0.3333333333333333,0.375,0.7142857142857142,0.6666666666666666,0.0,0.25,0.0,0.0,0.0,1.0,0.8571428571428477,0.08695652173913043,0.13043478260869565,0.0,0.0,1.0,0.0,0.0,0.0,0.0,0.0,0.0,0.0,0.0,0.0,0.0,0.0,0.0,0.0,0.0,0.0,0.0,0.0,0.0,0.0,0.0,0.0,0.0,0.0,0.0,0.0,0.0,0.0,0.0,0.0,0.0,1.0,0.0,0.0,0.0,1,29,0
0.42857142857142855,0.6363636363636365,0.3333333333333333,0.375,0.5714285714285714,0.5,0.0,0.0,0.0,0.5,0.0,1.0,0.8660714285714197,0.13043478260869565,0.17391304347826086,0.0,0.0,1.0,0.0,0.0,0.0,0.0,0.0,0.0,0.0,0.0,0.0,0.0,0.0,0.0,0.0,0.0,0.0,0.0,0.0,0.0,0.0,0.0,0.0,0.0,0.0,0.0,0.0,0.0,0.0,0.0,0.0,0.0,0.0,1.0,0.0,0.0,0,30,0
0.42857142857142855,0.6363636363636365,0.3333333333333333,0.375,0.7142857142857142,0.6666666666666666,0.0,0.08333333333333333,0.0,0.0,0.16666666666666666,1.0,0.8571428571428389,0.17391304347826086,0.21739130434782608,0.0,0.0,1.0,0.0,0.0,0.0,0.0,0.0,0.0,0.0,0.0,0.0,0.0,0.0,0.0,0.0,0.0,0.0,0.0,0.0,0.0,0.0,0.0,0.0,0.0,0.0,0.0,0.0,0.0,0.0,0.0,0.0,0.0,0.0,0.0,0.0,0.0,1,33,0
0.42857142857142855,0.6363636363636365,0.3333333333333333,0.375,0.2857142857142857,0.6666666666666666,0.0,0.18333333333333332,0.0,0.0,0.0,1.0,0.857142857142845,0.34782608695652173,0.391304347826087,0.0,1.0,0.0,0.0,0.0,0.0,0.0,0.0,0.0,0.0,0.0,0.0,0.0,0.0,0.0,0.0,0.0,0.0,0.0,0.0,0.0,0.0,0.0,0.0,0.0,0.0,0.0,0.0,0.0,0.0,0.0,0.0,1.0,0.0,0.0,0.0,0.0,1,28,0
0.42857142857142855,0.6363636363636365,0.3333333333333333,0.375,0.8571428571428571,0.8333333333333334,0.0,0.0,0.0,0.13333333333333333,0.0,0.0,0.8214285714285595,0.4782608695652174,0.5217391304347826,0.0,1.0,0.0,0.0,0.0,0.0,0.0,0.0,0.0,0.0,0.0,0.0,0.0,0.0,0.0,0.0,0.0,0.0,0.0,0.0,0.0,0.0,0.0,0.0,0.0,0.0,0.0,0.0,0.0,0.0,0.0,0.0,0.0,0.0,0.0,0.0,0.0,0,33,0
0.42857142857142855,0.6363636363636365,0.3333333333333333,0.375,0.7142857142857142,0.6666666666666666,0.16666666666666666,0.0,0.0,0.0,0.0,1.0,0.857142857142845,0.5217391304347826,0.5652173913043478,0.0,1.0,0.0,0.0,0.0,1.0,0.0,0.0,0.0,0.0,0.0,0.0,0.0,0.0,0.0,0.0,0.0,0.0,0.0,0.0,0.0,0.0,0.0,0.0,0.0,0.0,0.0,0.0,0.0,0.0,0.0,0.0,0.0,0.0,0.0,0.0,0.0,0,1,0
0.42857142857142855,0.27272727272727276,0.3333333333333333,0.375,0.42857142857142855,0.33333333333333337,0.16666666666666666,0.0,0.0,0.0,0.0,1.0,0.8809523809523683,0.5652173913043478,0.6086956521739131,0.0,0.0,0.0,1.0,0.0,1.0,0.0,0.0,0.0,0.0,0.0,0.0,0.0,0.0,0.0,0.0,0.0,0.0,0.0,0.0,0.0,0.0,0.0,0.0,0.0,0.0,0.0,0.0,0.0,0.0,0.0,0.0,0.0,0.0,0.0,0.0,0.0,0,1,0
0.42857142857142855,0.3636363636363636,0.3333333333333333,0.375,0.5714285714285714,0.5,0.0,0.0,0.0,0.0,0.16666666666666666,1.0,0.8660714285714154,0.6956521739130435,0.7391304347826088,0.0,0.0,0.0,1.0,0.0,0.0,0.0,0.0,0.0,0.0,0.0,0.0,0.0,0.0,0.0,0.0,0.0,0.0,0.0,0.0,0.0,0.0,0.0,0.0,0.0,0.0,0.0,0.0,0.0,0.0,0.0,0.0,0.0,0.0,0.0,0.0,0.0,0,33,0
0.0,0.3636363636363636,0.3333333333333333,0.375,0.7142857142857142,0.6666666666666666,0.25,0.0,0.0,0.0,0.0,1.0,0.8571428571428447,0.9130434782608696,0.9565217391304348,0.0,0.0,0.0,1.0,0.0,1.0,0.0,0.0,0.0,0.0,0.0,0.0,0.0,0.0,0.0,0.0,0.0,0.0,0.0,0.0,0.0,0.0,0.0,0.0,0.0,0.0,0.0,0.0,0.0,0.0,0.0,0.0,0.0,0.0,0.0,0.0,0.0,0,1,0
0.0,0.6363636363636365,0.3333333333333333,0.375,0.7142857142857142,0.6666666666666666,0.16666666666666666,0.0,0.0,0.0,0.0,0.0,0.8214285714285595,0.9130434782608696,0.9565217391304348,0.0,0.0,1.0,0.0,0.0,1.0,0.0,0.0,0.0,0.0,0.0,0.0,0.0,0.0,0.0,0.0,0.0,0.0,0.0,0.0,0.0,0.0,0.0,0.0,0.0,0.0,0.0,0.0,0.0,0.0,0.0,0.0,0.0,0.0,0.0,0.0,0.0,0,1,0
0.5714285714285714,0.6363636363636365,0.3333333333333333,0.5,0.2857142857142857,0.5,0.0,0.25,0.0,0.0,0.0,1.0,0.8660714285714197,0.0,0.043478260869565216,0.0,0.0,1.0,0.0,0.0,0.0,0.0,0.0,0.0,0.0,0.0,0.0,0.0,0.0,0.0,0.0,0.0,0.0,0.0,0.0,0.0,0.0,0.0,0.0,0.0,0.0,0.0,0.0,0.0,0.0,0.0,0.0,0.0,1.0,0.0,0.0,0.0,1,29,0
0.5714285714285714,0.6363636363636365,0.3333333333333333,0.375,0.8571428571428571,0.8333333333333334,0.0,0.16666666666666666,0.0,0.0,0.08333333333333333,1.0,0.8511904761904663,0.08695652173913043,0.13043478260869565,0.0,0.0,1.0,0.0,0.0,0.0,0.0,0.0,0.0,0.0,0.0,0.0,0.0,0.0,0.0,0.0,0.0,0.0,0.0,0.0,0.0,0.0,0.0,0.0,0.0,0.0,0.0,0.0,0.0,0.0,0.0,0.0,0.0,0.0,0.0,0.0,0.0,1,33,0
0.5714285714285714,0.3636363636363636,0.3333333333333333,0.125,0.5714285714285714,0.6666666666666666,0.0,0.13333333333333333,0.0,0.0,0.0,0.0,0.8214285714285595,0.43478260869565216,0.4782608695652174,0.0,1.0,0.0,0.0,0.0,0.0,0.0,0.0,0.0,0.0,0.0,0.0,0.0,0.0,0.0,0.0,0.0,0.0,0.0,0.0,0.0,0.0,0.0,0.0,0.0,1.0,0.0,0.0,0.0,0.0,0.0,0.0,0.0,0.0,0.0,0.0,0.0,1,21,0
0.5714285714285714,0.3636363636363636,0.3333333333333333,0.125,0.7142857142857142,0.6666666666666666,0.0,0.15,0.0,0.0,0.0,1.0,0.857142857142845,0.4782608695652174,0.5217391304347826,0.0,1.0,0.0,0.0,0.0,0.0,0.0,0.0,0.0,0.0,0.0,0.0,0.0,0.0,0.0,0.0,0.0,0.0,0.0,0.0,0.0,0.0,0.0,0.0,0.0,1.0,0.0,0.0,0.0,0.0,0.0,0.0,0.0,0.0,0.0,0.0,0.0,1,21,0
0.5714285714285714,0.3636363636363636,0.3333333333333333,0.125,0.5714285714285714,0.5,0.0,0.0,0.0,0.0,0.15,0.0,0.8214285714285595,0.5217391304347826,0.5652173913043478,0.0,1.0,0.0,0.0,0.0,0.0,0.0,0.0,0.0,0.0,0.0,0.0,0.0,0.0,0.0,0.0,0.0,0.0,0.0,0.0,0.0,0.0,0.0,0.0,0.0,0.0,0.0,0.0,0.0,0.0,0.0,0.0,0.0,0.0,0.0,0.0,0.0,0,33,0
