Datum,Wochentag,DatumNEU,KW,Std.,Log,Schicht,Zeit von,Zeit bis,"Dauer
Arbeits-zeit",Anzahl MA,Menge   N.i. O. ,Menge   i. O.       L4,Menge   i. O.       L5,"Menge   Gesamt
(Stück)","Dauer 
Org-Mangel","Dauer
Anlagen-Ausfall
",Störung aufgrund Vormaterial,"Dauer
Anlagen-Ausfall
intern","Dauer
Logistik-
Defizite",Station/ OP,"Bemerkung
",Anzahl/Std.,Fehlercode
1933-02-23,,,,,,f,04:45:00,06:00:00,75.00000000000001,5.0,,,7.0,7.0,,,,15,,,Wartungsplan,,
1933-02-23,,,,,,,,,,,,,,,,8,,,,,Bedienerschutz ausgelöst ,,
1933-02-23,,,,,,f,12:00:00,13:15:00,75.00000000000006,5.0,,,6.0,6.0,,,,,,,,,
1933-02-23,,,,,,,,,,,,,,,,8,,,,,Bedienerschutz ausgelöst ,,
1933-02-23,,,,,,,,,,,,,,,,,,,,,,,
1933-02-23,,,,,,f,11:00:00,12:00:00,60.00000000000003,5.0,,,7.0,7.0,,,,,,,,,
1933-02-23,,,,,,,,,,,,,,,,,,,,,,,
1933-02-23,,,,,,,,,,,,,,,,,,,,,,,
1933-02-23,,,,,,f,10:00:00,11:00:00,59.99999999999995,5.0,,,7.0,7.0,,,,,,,,,
1933-02-23,,,,,,,,,,,,,,,,,,,,,,,
1933-02-23,,,,,,,,,,,,,,,,,,,,,,,
1933-02-23,,,,,,,,,,,,,,,,,,15,,,Reinigung,,
1933-02-23,,,,,,f,09:30:00,10:00:00,30.000000000000053,5.0,,1.0,3.0,4.0,,,,,,,,,
1933-02-23,,,,,,,,,,,,,,,,,,,,,,,
1933-02-23,,,,,,f,08:00:00,09:00:00,60.00000000000003,5.0,,,6.0,6.0,,,,,,,,,
1933-02-23,,,,,,,,,,,,,,,,,,,,,,,
1933-02-23,,,,,,,,,,,,,,,,,,,,,"Anlage leer durch Störungen, auffüllen",,
1933-02-23,,,,,,f,07:00:00,08:00:00,59.99999999999995,5.0,,,2.0,2.0,,,20,,,R 05,Vakuum nicht vorhanden  in OP.30  Robotech Informiert,,
1933-02-23,,,,,,,,,,,,,,,,,,,,,,,
1933-02-23,,,,,,,,,,,,,,,,,,,,,,,
1933-02-23,,,,,,f,06:00:00,07:00:00,60.00000000000003,5.0,,2.0,5.0,7.0,,,,,,,,,
1933-02-23,,,,,,,,,,,,,,,,,,,,,,,
1933-02-23,,,,,,,,,,,,,,,,,,,,,,,
1933-02-23,,,,,,,,,,,,,,,,,,,,,,,
1933-02-23,,,,,,f,04:45:00,06:00:00,75.00000000000001,5.0,,,7.0,7.0,,,,15,,,Wartungsplan,,
1933-02-23,,,,,,s,13:15:00,14:00:00,45.0,4.0,,,4.0,4.0,,,,15,,,Wartungsplan,,
1933-02-23,,,,,,,,,,,,,,,,,,,,,,,
1933-02-23,,,,,,,21:00:00,21:45:00,45.0,4.0,,,2.0,2.0,,,,,,,,,
1933-02-23,,,,,,,,,,,,,,,,,,,,,,,
1933-02-23,,,,,,,,,,,,,,,,,,,,,,,
1933-02-23,,,,,,s,20:00:00,21:00:00,59.99999999999995,4.0,,,5.0,5.0,,,,,,,,,
1933-02-23,,,,,,,,,,,,,,,,,,,,,,,
1933-02-23,,,,,,,,,,,,,,,,,,,,,,,
1933-02-23,,,,,,s,19:00:00,20:00:00,60.00000000000011,4.0,,,5.0,5.0,,,,,,,,,
1933-02-23,,,,,,,,,,,,,,,,,,,,,,,
1933-02-23,,,,,,,,,,,,,,,,,,,,R 07,,,
1933-02-23,,,,,,s,18:00:00,19:00:00,59.99999999999995,4.0,,,5.0,5.0,,,,,,,,,
1933-02-23,,,,,,,,,,,,,,,,,,,,,,,
1933-02-23,,,,,,,,,,,,,,,,,,,,,,,
1933-02-23,,,,,,s,17:30:00,18:00:00,30.000000000000053,4.0,,,2.0,2.0,,,,,,,,,
1933-02-23,,,,,,,,,,,,,,,,,,,,,,,
1933-02-23,,,,,,,,,,,,,,,,,,,,,,,
1933-02-23,,,,,,s,16:00:00,17:00:00,60.00000000000011,4.0,,,5.0,5.0,,,,,,,,,
1933-02-23,,,,,,,,,,,,,,,,,,,,,,,
1933-02-23,,,,,,,,,,,,,,,,,,,,,,,
1933-02-23,,,,,,s,15:00:00,16:00:00,59.99999999999995,4.0,,,5.0,5.0,,,,,,,,,
1933-02-23,,,,,,,,,,,,,,,,,,,,,,,
1933-02-23,,,,,,,,,,,,,,,,,,,,,,,
1933-02-23,,,,,,f,04:45:00,06:00:00,75.00000000000001,5.0,,,7.0,7.0,,,,15,,,Wartungsplan,,
1933-02-23,,,,,,,,,,,,,,,,,,,,,,,
1933-02-23,,,,,,s,,,,,,,,,,,,,,,,,
1933-02-23,,,,,,,,,,,,,,,,,,15,,,Reinigung + Werkzeug einschließen,,
1933-02-23,,,,,,,21:00:00,21:45:00,45.0,4.0,,,2.0,2.0,,,,,,,,,
1933-02-23,,,,,,f,12:00:00,13:15:00,75.00000000000006,5.0,,,6.0,6.0,,,,,,,,,
1933-02-23,,,,,,,,,,,,,,,,8,,,,,Bedienerschutz ausgelöst ,,
1933-02-23,,,,,,,,,,,,,,,,,,,,,,,
1933-02-23,,,,,,f,11:00:00,12:00:00,60.00000000000003,5.0,,,7.0,7.0,,,,,,,,,
1933-02-23,,,,,,,,,,,,,,,,,,,,,,,
1933-02-23,,,,,,,,,,,,,,,,,,,,,,,
1933-02-23,,,,,,f,10:00:00,11:00:00,59.99999999999995,5.0,,,7.0,7.0,,,,,,,,,
1933-02-23,,,,,,,,,,,,,,,,,,,,,,,
1933-02-23,,,,,,,,,,,,,,,,,,,,,,,
1933-02-23,,,,,,f,09:30:00,10:00:00,30.000000000000053,5.0,,1.0,3.0,4.0,,,,,,,,,
1933-02-23,,,,,,,,,,,,,,,,8,,,,,Bedienerschutz ausgelöst ,,
1933-02-23,,,,,,,,,,,,,,,,,,,,,,,
1933-02-23,,,,,,,,,,,,,,,,,,,,,,,
1933-02-23,,,,,,f,08:00:00,09:00:00,60.00000000000003,5.0,,,6.0,6.0,,,,,,,,,
1933-02-23,,,,,,,,,,,,,,,,,,,,,,,
1933-02-23,,,,,,,,,,,,,,,,,,,,,"Anlage leer durch Störungen, auffüllen",,
1933-02-23,,,,,,f,07:00:00,08:00:00,59.99999999999995,5.0,,,2.0,2.0,,,20,,,R 05,Vakuum nicht vorhanden  in OP.30  Robotech Informiert,,
1933-02-23,,,,,,,,,,,,,,,,,,,,,,,
1933-02-23,,,,,,,,,,,,,,,,,,,,,,,
1933-02-23,,,,,,f,06:00:00,07:00:00,60.00000000000003,5.0,,2.0,5.0,7.0,,,,,,,,,
1933-02-23,,,,,,,,,,,,,,,,,,,,,,,
1933-02-23,,,,,,,,,,,,,,,,,,,,,,,
1933-02-23,,,,,,,,,,,,,,,,,,,,,,,
1933-02-23,,,,,,s,,,,,,,,,,,,,,,,,
1933-02-23,,,,,,,,,,,,,,,,,,15,,,Reinigung,,
1933-02-23,,,,,,,,,,,,,,,,,,,,,,,
1933-02-23,,,,,,,,,,,,,,,,,,,,,,,
1933-02-23,,,,,,,,,,,,,,,,,,,,,,,
1933-02-23,,,,,,s,20:00:00,21:00:00,59.99999999999995,4.0,,,5.0,5.0,,,,,,,,,
1933-02-23,,,,,,,,,,,,,,,,,,,,,,,
1933-02-23,,,,,,,,,,,,,,,,,,,,,,,
1933-02-23,,,,,,s,19:00:00,20:00:00,60.00000000000011,4.0,,,5.0,5.0,,,,,,,,,
1933-02-23,,,,,,,,,,,,,,,,,,,,,,,
1933-02-23,,,,,,,,,,,,,,,,,,,,R 07,,,
1933-02-23,,,,,,s,18:00:00,19:00:00,59.99999999999995,4.0,,,5.0,5.0,,,,,,,,,
1933-02-23,,,,,,,,,,,,,,,,,,,,,,,
1933-02-23,,,,,,s,13:15:00,14:00:00,45.0,4.0,,,4.0,4.0,,,,15,,,Wartungsplan,,
1933-02-23,,,,,,,,,,,,,,,,,,,,,,,
1933-02-23,,,,,,,,,,,,,,,,,,,,,,,
1933-02-23,,,,,,,,,,,,,,,,,,,,,,,
1933-02-23,,,,,,s,16:00:00,17:00:00,60.00000000000011,4.0,,,5.0,5.0,,,,,,,,,
1933-02-23,,,,,,,,,,,,,,,,,,,,,,,
1933-02-23,,,,,,,,,,,,,,,,,,,,,,,
1933-02-23,,,,,,s,15:00:00,16:00:00,59.99999999999995,4.0,,,5.0,5.0,,,,,,,,,
1933-02-23,,,,,,,,,,,,,,,,,,,,,,,
1933-02-23,,,,,,,,,,,,,,,,,,,,,,,
1933-02-23,,,,,,s,14:00:00,15:00:00,59.99999999999995,4.0,,,5.0,5.0,,,,,,,,,
1933-02-23,,,,,,,,,,,,,,,,,,,,,,,
1933-02-23,,,,,,s,17:30:00,18:00:00,30.000000000000053,4.0,,,2.0,2.0,,,,,,,,,
1933-02-23,,,,,,,,,,,,,,,,,,15,,,Reinigung + Werkzeug einschließen,,
1933-02-23,,,,,,s,14:00:00,15:00:00,59.99999999999995,4.0,,,5.0,5.0,,,,,,,,,
1933-02-23,,,,,,,,,,,,,,,,,,,,,,,
1933-02-23,,,,,,,,,,,,,,,,,,,,,,,
1933-02-23,,,,,,,,,,,,,,,,,,,,,,,
1933-02-23,,,,,,s,15:00:00,16:00:00,59.99999999999995,4.0,,,5.0,5.0,,,,,,,,,
1933-02-23,,,,,,,,,,,,,,,,,,,,,,,
1933-02-23,,,,,,s,16:00:00,17:00:00,60.00000000000011,4.0,,,5.0,5.0,,,,,,,,,
1933-02-23,,,,,,,,,,,,,,,,,,,,,,,
1933-02-23,,,,,,,,,,,,,,,,,,,,,,,
1933-02-23,,,,,,s,17:30:00,18:00:00,30.000000000000053,4.0,,,2.0,2.0,,,,,,,,,
1933-02-23,,,,,,,,,,,,,,,,,,,,,,,
1933-02-23,,,,,,s,18:00:00,19:00:00,59.99999999999995,4.0,,,5.0,5.0,,,,,,,,,
1933-02-23,,,,,,,,,,,,,,,,,,,,R 07,,,
1933-02-23,,,,,,,,,,,,,,,,,,,,,,,
1933-02-23,,,,,,s,19:00:00,20:00:00,60.00000000000011,4.0,,,5.0,5.0,,,,,,,,,
1933-02-23,,,,,,,,,,,,,,,,,,,,,,,
1933-02-23,,,,,,,,,,,,,,,,,,,,,,,
1933-02-23,,,,,,s,20:00:00,21:00:00,59.99999999999995,4.0,,,5.0,5.0,,,,,,,,,
1933-02-23,,,,,,,,,,,,,,,,,,,,,,,
1933-02-23,,,,,,,,,,,,,,,,,,,,,,,
1933-02-23,,,,,,,21:00:00,21:45:00,45.0,4.0,,,2.0,2.0,,,,,,,,,
1933-02-23,,,,,,s,,,,,,,,,,,,,,,,,
1933-02-23,,,,,,,,,,,,,,,,,,15,,,Reinigung + Werkzeug einschließen,,
1933-02-23,,,,,,s,14:00:00,15:00:00,59.99999999999995,4.0,,,5.0,5.0,,,,,,,,,
1933-02-23,,,,,,,,,,,,,,,,,,,,,,,
1933-02-23,,,,,,,,,,,,,,,,,,,,,,,
1933-02-23,,,,,,s,13:15:00,14:00:00,45.0,4.0,,,4.0,4.0,,,,15,,,Wartungsplan,,
1933-02-23,,,,,,,,,,,,,,,,,,,,,,,
1933-02-23,,,,,,f,06:00:00,07:00:00,60.00000000000003,5.0,,2.0,5.0,7.0,,,,,,,,,
1933-02-23,,,,,,,,,,,,,,,,,,,,,,,
1933-02-23,,,,,,,,,,,,,,,,,,,,,,,
1933-02-23,,,,,,f,07:00:00,08:00:00,59.99999999999995,5.0,,,2.0,2.0,,,20,,,R 05,Vakuum nicht vorhanden  in OP.30  Robotech Informiert,,
1933-02-23,,,,,,,,,,,,,,,,,,,,,"Anlage leer durch Störungen, auffüllen",,
1933-02-23,,,,,,,,,,,,,,,,,,,,,,,
1933-02-23,,,,,,,,,,,,,,,,,,,,,,,
1933-02-23,,,,,,,,,,,,,,,,,,,,,,,
1933-02-23,,,,,,,,,,,,,,,,,,,,,,,
1933-02-23,,,,,,f,09:30:00,10:00:00,30.000000000000053,5.0,,1.0,3.0,4.0,,,,,,,,,
1933-02-23,,,,,,,,,,,,,,,,,,,,,,,
1933-02-23,,,,,,f,08:00:00,09:00:00,60.00000000000003,5.0,,,6.0,6.0,,,,,,,,,
1933-02-23,,,,,,,,,,,,,,,,,,,,,,,
1933-02-23,,,,,,,,,,,,,,,,8,,,,,Bedienerschutz ausgelöst ,,
1933-02-23,,,,,,f,12:00:00,13:15:00,75.00000000000006,5.0,,,6.0,6.0,,,,,,,,,
1933-02-23,,,,,,,,,,,,,,,,8,,,,,Bedienerschutz ausgelöst ,,
1933-02-23,,,,,,,,,,,,,,,,,,,,,,,
1933-02-23,,,,,,,,,,,,,,,,,,15,,,Reinigung,,
1933-02-23,,,,,,,,,,,,,,,,,,,,,,,
1933-02-23,,,,,,,,,,,,,,,,,,,,,,,
1933-02-23,,,,,,f,10:00:00,11:00:00,59.99999999999995,5.0,,,7.0,7.0,,,,,,,,,
1933-02-23,,,,,,f,11:00:00,12:00:00,60.00000000000003,5.0,,,7.0,7.0,,,,,,,,,
2011-03-19,,,,,,,,,,,,,,,,,,,,,,,
2011-03-19,,,,,,s,15:00:00,16:00:00,59.99999999999995,5.0,,,5.0,5.0,,,,,,,,,
2011-03-19,,,,,,,,,,,,,,,,,,,,,,,
2011-03-19,,,,,,,,,,,,,,,,,,,,,,,
2011-03-19,,,,,,s,16:00:00,17:00:00,60.00000000000011,4.0,,,4.0,4.0,,,,,,,,,
2011-03-19,,,,,,,,,,,,,,,,,,,10.0,,Warten auf  Eckrungen.  WB.43,,
2011-03-19,,,,,,,,,,,,,,,,,,,,,,,
2011-03-19,,,,,,s,17:30:00,18:00:00,30.000000000000053,4.0,,,3.0,3.0,,,,,,,,,
2011-03-19,,,,,,,,,,,,,,,,,,,,,,,
2011-03-19,,,,,,,,,,,,,,,,,,,,,,,
2011-03-19,,,,,,s,18:00:00,19:00:00,59.99999999999995,4.0,,,6.0,6.0,,,,,,,,,
2011-03-19,,,,,,,,,,,,,,,,,,,,,,,
2011-03-19,,,,,,,04:45:00,06:00:00,,,,,,,,,,,,,,,
2011-03-19,,,,,,,,,,,,,,,,,,,,,,,
2011-03-19,,,,,,,,,,,,,,,,,,,,,,,
2011-03-19,,,,,,s,20:00:00,21:00:00,59.99999999999995,4.0,,,5.0,5.0,,,,,,,,,
2011-03-19,,,,,,,,,,,,,,,,,,,,,,,
2011-03-19,,,,,,,,,,,,,,,,,,,,,,,
2011-03-19,,,,,,,21:00:00,21:45:00,45.0,4.0,,,2.0,2.0,,,,,,,,,
2011-03-19,,,,,,s,,,,,,,,,,,,,,,,,
2011-03-19,,,,,,,,,,,,,,,,,,15,,,Reinigung + Werkzeug einschließen,,
2011-03-19,,,,,,s,,,,,,,,,,,,,,,,,
2011-03-19,,,,,,,,,,,,,,,,,,15,,,Reinigung + Werkzeug einschließen,,
2011-03-19,,,,,,,,,,,,,,,,,,,,,,,
2011-03-19,,,,,,s,19:00:00,20:00:00,60.00000000000011,4.0,,,6.0,6.0,,,,,,,,,
2011-03-19,,,,,,,,,,,,,,,,,,,,,,,
2011-03-19,,,,,,s,14:00:00,15:00:00,59.99999999999995,5.0,,,6.0,6.0,,,,,,,,,
2011-03-19,,,,,,,,,,,,,,,,,,,,,,,
2011-03-19,,,,,,f,,,0.0,5.0,,,6.0,6.0,,,,,,,,,
2011-03-19,,,,,,,11:00:00,12:00:00,,,,,,,,,,,,,,,
2011-03-19,,,,,,,,,,,,,,,,,,,,,,,
2011-03-19,,,,,,f,,,0.0,5.0,,,6.0,6.0,,,,,,,,,
2011-03-19,,,,,,,12:00:00,13:15:00,,,,,,,,,,,,,,,
2011-03-19,,,,,,,,,,,,,,,,,,15,,,Reinigung,,
2011-03-19,,,,,,s,13:15:00,14:00:00,,5.0,,,4.0,4.0,,,,,,,,,
2011-03-19,,,,,,,,,,,,,,,,,,,,,,,
2011-03-19,,,,,,,,,,,,,,,,,,,,,,,
2011-03-19,,,,,,s,14:00:00,15:00:00,59.99999999999995,5.0,,,6.0,6.0,,,,,,,,,
2011-03-19,,,,,,,,,,,,,,,,,,,,,,,
2011-03-19,,,,,,,,,,,,,,,,,,,,,,,
2011-03-19,,,,,,s,15:00:00,16:00:00,59.99999999999995,5.0,,,5.0,5.0,,,,,,,,,
2011-03-19,,,,,,,,,,,,,,,,,,,,,,,
2011-03-19,,,,,,,,,,,,,,,,,,,,,,,
2011-03-19,,,,,,,,,,,,,,,,,,,,,,,
2011-03-19,,,,,,s,16:00:00,17:00:00,60.00000000000011,4.0,,,4.0,4.0,,,,,,,,,
2011-03-19,,,,,,,10:00:00,11:00:00,,,,,,,,,,,,,,,
2011-03-19,,,,,,,,,,,,,,,,,,,,,,,
2011-03-19,,,,,,f,,,0.0,5.0,,,6.0,6.0,,,,15,,,Wartungsplan,,
2011-03-19,,,,,,f,,,0.0,5.0,,,6.0,6.0,,,,15,,,Wartungsplan,,
2011-03-19,,,,,,,04:45:00,06:00:00,,,,,,,,,,,,,,,
2011-03-19,,,,,,,,,,,,,,,,,,,,,,,
2011-03-19,,,,,,f,,,0.0,5.0,,,6.0,6.0,,,,,,,,,
2011-03-19,,,,,,,06:00:00,07:00:00,,,,,,,,,,,,,,,
2011-03-19,,,,,,,,,,,,,,,,,,,,,,,
2011-03-19,,,,,,f,,,0.0,5.0,,,6.0,6.0,,,,,,,,,
2011-03-19,,,,,,,07:00:00,08:00:00,,,,,,,,,,,,,,,
2011-03-19,,,,,,,,,,,,,,,,,,,,,,,
2011-03-19,,,,,,f,,,0.0,5.0,,,5.0,5.0,,,,,,,,,
2011-03-19,,,,,,,08:00:00,09:00:00,,,,,,,,,10,,,,Nacharbeiten STW (Kratzer an der Innenseite) ,1,
2011-03-19,,,,,,,,,,,,,,,,,,,,,,,
2011-03-19,,,,,,f,,,0.0,5.0,,,3.0,3.0,,,,,,,,,
2011-03-19,,,,,,,09:30:00,10:00:00,,,,,,,,,,,,,,,
2011-03-19,,,,,,f,,,0.0,5.0,,,4.0,4.0,,,,20,,R 05,Sauger tauschen und Schlauch richten ,,
2011-03-19,,,,,,,,,,,,,,,,,,,10.0,,Warten auf  Eckrungen.  WB.43,,
2011-03-19,,,,,,,,,,,,,,,,,,,,,,,
2011-03-19,,,,,,s,17:30:00,18:00:00,30.000000000000053,4.0,,,3.0,3.0,,,,,,,,,
2011-03-19,,,,,,,,,,,,,,,,,,,,,,,
2011-03-19,,,,,,f,,,0.0,5.0,,,3.0,3.0,,,,,,,,,
2011-03-19,,,,,,,09:30:00,10:00:00,,,,,,,,,,,,,,,
2011-03-19,,,,,,,,,,,,,,,,,,,,,,,
2011-03-19,,,,,,f,,,0.0,5.0,,,4.0,4.0,,,,20,,R 05,Sauger tauschen und Schlauch richten ,,
2011-03-19,,,,,,,10:00:00,11:00:00,,,,,,,,,,,,,,,
2011-03-19,,,,,,,,,,,,,,,,,,,,,,,
2011-03-19,,,,,,f,,,0.0,5.0,,,6.0,6.0,,,,,,,,,
2011-03-19,,,,,,,11:00:00,12:00:00,,,,,,,,,,,,,,,
2011-03-19,,,,,,,,,,,,,,,,,,,,,,,
2011-03-19,,,,,,f,,,0.0,5.0,,,6.0,6.0,,,,,,,,,
2011-03-19,,,,,,,12:00:00,13:15:00,,,,,,,,,,,,,,,
2011-03-19,,,,,,,,,,,,,,,,,,15,,,Reinigung,,
2011-03-19,,,,,,s,13:15:00,14:00:00,,5.0,,,4.0,4.0,,,,,,,,,
2011-03-19,,,,,,,,,,,,,,,,,,,,,,,
2011-03-19,,,,,,,08:00:00,09:00:00,,,,,,,,,10,,,,Nacharbeiten STW (Kratzer an der Innenseite) ,1,
2011-03-19,,,,,,f,,,0.0,5.0,,,5.0,5.0,,,,,,,,,
2011-03-19,,,,,,,,,,,,,,,,,,,,,,,
2011-03-19,,,,,,,07:00:00,08:00:00,,,,,,,,,,,,,,,
2011-03-19,,,,,,,,,,,,,,,,,,,,,,,
2011-03-19,,,,,,,,,,,,,,,,,,,,,,,
2011-03-19,,,,,,s,18:00:00,19:00:00,59.99999999999995,4.0,,,6.0,6.0,,,,,,,,,
2011-03-19,,,,,,,,,,,,,,,,,,,,,,,
2011-03-19,,,,,,,,,,,,,,,,,,,,,,,
2011-03-19,,,,,,s,19:00:00,20:00:00,60.00000000000011,4.0,,,6.0,6.0,,,,,,,,,
2011-03-19,,,,,,,,,,,,,,,,,,,,,,,
2011-03-19,,,,,,,,,,,,,,,,,,,,,,,
2011-03-19,,,,,,,,,,,,,,,,,,,,,,,
2011-03-19,,,,,,,,,,,,,,,,,,,,,,,
2011-03-19,,,,,,,,,,,,,,,,,,,,,,,
2011-03-19,,,,,,,21:00:00,21:45:00,45.0,4.0,,,2.0,2.0,,,,,,,,,
2011-03-19,,,,,,f,,,0.0,5.0,,,6.0,6.0,,,,,,,,,
2011-03-19,,,,,,,06:00:00,07:00:00,,,,,,,,,,,,,,,
2011-03-19,,,,,,,,,,,,,,,,,,,,,,,
2011-03-19,,,,,,f,,,0.0,5.0,,,6.0,6.0,,,,,,,,,
2011-03-19,,,,,,s,20:00:00,21:00:00,59.99999999999995,4.0,,,5.0,5.0,,,,,,,,,
2011-03-19,,,,,,,04:45:00,06:00:00,,,,,,,,,,,,,,,
2011-03-19,,,,,,f,,,0.0,5.0,,,6.0,6.0,,,,15,,,Wartungsplan,,
2011-03-19,,,,,,,,,,,,,,,,,,,,,,,
2011-03-19,,,,,,,,,,,,,,,,,,,,,,,
2011-03-19,,,,,,,,,,,,,,,,,,,,,,,
2011-03-19,,,,,,s,15:00:00,16:00:00,59.99999999999995,5.0,,,5.0,5.0,,,,,,,,,
2011-03-19,,,,,,,,,,,,,,,,,,,,,,,
2011-03-19,,,,,,,,,,,,,,,,,,,,,,,
2011-03-19,,,,,,s,16:00:00,17:00:00,60.00000000000011,4.0,,,4.0,4.0,,,,,,,,,
2011-03-19,,,,,,,,,,,,,,,,,,,,,,,
2011-03-19,,,,,,s,17:30:00,18:00:00,30.000000000000053,4.0,,,3.0,3.0,,,,,,,,,
2011-03-19,,,,,,,,,,,,,,,,,,,,,,,
2011-03-19,,,,,,,,,,,,,,,,,,,,,,,
2011-03-19,,,,,,s,18:00:00,19:00:00,59.99999999999995,4.0,,,6.0,6.0,,,,,,,,,
2011-03-19,,,,,,,,,,,,,,,,,,,,,,,
2011-03-19,,,,,,,,,,,,,,,,,,,,,,,
2011-03-19,,,,,,s,19:00:00,20:00:00,60.00000000000011,4.0,,,6.0,6.0,,,,,,,,,
2011-03-19,,,,,,,,,,,,,,,,,,,,,,,
2011-03-19,,,,,,s,20:00:00,21:00:00,59.99999999999995,4.0,,,5.0,5.0,,,,,,,,,
2011-03-19,,,,,,,,,,,,,,,,,,,,,,,
2011-03-19,,,,,,,,,,,,,,,,,,,,,,,
2011-03-19,,,,,,,21:00:00,21:45:00,45.0,4.0,,,2.0,2.0,,,,,,,,,
2011-03-19,,,,,,s,,,,,,,,,,,,,,,,,
2011-03-19,,,,,,,,,,,,,,,,,,15,,,Reinigung + Werkzeug einschließen,,
2011-03-19,,,,,,s,14:00:00,15:00:00,59.99999999999995,5.0,,,6.0,6.0,,,,,,,,,
2011-03-19,,,,,,,,,,,,,,,,,,,,,,,
2011-03-19,,,,,,,,,,,,,,,,,,,10.0,,Warten auf  Eckrungen.  WB.43,,
2011-03-19,,,,,,s,13:15:00,14:00:00,,5.0,,,4.0,4.0,,,,,,,,,
2011-03-19,,,,,,,,,,,,,,,,,,,,,,,
2011-03-19,,,,,,f,,,0.0,5.0,,,6.0,6.0,,,,,,,,,
2011-03-19,,,,,,,06:00:00,07:00:00,,,,,,,,,,,,,,,
2011-03-19,,,,,,,,,,,,,,,,,,,,,,,
2011-03-19,,,,,,,,,,,,,,,,,,,,,,,
2011-03-19,,,,,,,07:00:00,08:00:00,,,,,,,,,,,,,,,
2011-03-19,,,,,,,,,,,,,,,,,,,,,,,
2011-03-19,,,,,,f,,,0.0,5.0,,,5.0,5.0,,,,,,,,,
2011-03-19,,,,,,,08:00:00,09:00:00,,,,,,,,,10,,,,Nacharbeiten STW (Kratzer an der Innenseite) ,1,
2011-03-19,,,,,,,,,,,,,,,,,,,,,,,
2011-03-19,,,,,,f,,,0.0,5.0,,,3.0,3.0,,,,,,,,,
2011-03-19,,,,,,f,,,0.0,5.0,,,6.0,6.0,,,,,,,,,
2011-03-19,,,,,,,,,,,,,,,,,,,,,,,
2011-03-19,,,,,,,09:30:00,10:00:00,,,,,,,,,,,,,,,
2011-03-19,,,,,,,,,,,,,,,,,,15,,,Reinigung,,
2011-03-19,,,,,,,12:00:00,13:15:00,,,,,,,,,,,,,,,
2011-03-19,,,,,,,,,,,,,,,,,,,,,,,
2011-03-19,,,,,,,11:00:00,12:00:00,,,,,,,,,,,,,,,
2011-03-19,,,,,,f,,,0.0,5.0,,,6.0,6.0,,,,,,,,,
2011-03-19,,,,,,,,,,,,,,,,,,,,,,,
2011-03-19,,,,,,,10:00:00,11:00:00,,,,,,,,,,,,,,,
2011-03-19,,,,,,f,,,0.0,5.0,,,4.0,4.0,,,,20,,R 05,Sauger tauschen und Schlauch richten ,,
2011-03-19,,,,,,f,,,0.0,5.0,,,6.0,6.0,,,,,,,,,
2025-01-20,,,,,,,,,,,,,,,,,,,,,,,
2025-01-20,,,,,,f,07:00:00,08:00:00,59.99999999999995,5.0,,,6.0,6.0,,,,,,,,,
2025-01-20,,,,,,f,09:30:00,10:00:00,30.000000000000053,5.0,,,3.0,3.0,,,,,,,,,
2025-01-20,,,,,,,,,,,,,,,,,,,,,,,
2025-01-20,,,,,,f,08:00:00,09:00:00,60.00000000000003,5.0,,,6.0,6.0,,,,,,,,,
2025-01-20,,,,,,,,,,,,,,,,,,,,,,,
2025-01-20,,,,,,,,,,,,,,,,,,,,,,,
2025-01-20,,,,,,,,,,,,,,,,,,,,,,,
2025-01-20,,,,,,f,04:45:00,06:00:00,75.00000000000001,5.0,,,6.0,6.0,,,,20,,,"Wartungsplan, Tauschbox, neue MA. Anweisen",,
2025-01-20,,,,,,f,06:00:00,07:00:00,60.00000000000003,5.0,,,6.0,6.0,,,,,,,,,
2025-01-20,,,,,,,,,,,,,,,,,,,,,,,
2025-01-20,,,,,,,,,,,,,,,,,,,,,,,
2025-01-20,,,,,,f,10:00:00,11:00:00,59.99999999999995,5.0,,,6.0,6.0,,,,,,,,,
2025-01-20,,,,,,,,,,,,,,,,,,,,,,,
2025-01-20,,,,,,,,,,,,,,,,,,,,,,,
2025-01-20,,,,,,,,,,,,,,,,,,,,,,,
2025-01-20,,,,,,,,,,,,,,,,,,,,,,,
2025-01-20,,,,,,,,,,,,,,,,,,,,,,,
2025-01-20,,,,,,,,,,,,,,,,,,,,,,,
2025-01-20,,,,,,,,,,,,,,,,,,,,R 01,Falsches Blech,,
2025-01-20,,,,,,f,09:30:00,10:00:00,30.000000000000053,5.0,,,3.0,3.0,,,,,,,,,
2025-01-20,,,,,,,,,,,,,,,,,,15,,,Reinigung,,
2025-01-20,,,,,,,,,,,,,,,,,,,,,,,
2025-01-20,,,,,,f,12:00:00,13:15:00,75.00000000000006,5.0,,,5.0,5.0,,,,15,,,Anlage von RobTech angehalten,,
2025-01-20,,,,,,,,,,,,,,,,,,,,,,,
2025-01-20,,,,,,,,,,,,,,,,,,40,,,Anlage leer gefahren,,
2025-01-20,,,,,,f,11:00:00,12:00:00,60.00000000000003,5.0,,,2.0,2.0,,,,,,,4 STW nachgearbeitet ( Rungen Montiert) ,,
2025-01-20,,,,,,f,10:00:00,11:00:00,59.99999999999995,5.0,,,6.0,6.0,,,,,,,,,
2025-01-20,,,,,,,,,,,,,,,,,,,,,229 Bleche mit 230 Bleche gepackt (Umpacken und Bleche aus der Anlage holen),,
2025-01-20,,,,,,,,,,,,,,,,,,15,,,Reinigung,,
2025-01-20,,,,,,,,,,,,,,,,,,15,,,Reinigung,,
2025-01-20,,,,,,f,12:00:00,13:15:00,75.00000000000006,5.0,,,5.0,5.0,,,,15,,,Anlage von RobTech angehalten,,
2025-01-20,,,,,,,,,,,,,,,,,,,,,,,
2025-01-20,,,,,,,,,,,,,,,,,,40,,,Anlage leer gefahren,,
2025-01-20,,,,,,f,11:00:00,12:00:00,60.00000000000003,5.0,,,2.0,2.0,,,,,,,4 STW nachgearbeitet ( Rungen Montiert) ,,
2025-01-20,,,,,,,,,,,,,,,,,,,,,229 Bleche mit 230 Bleche gepackt (Umpacken und Bleche aus der Anlage holen),,
2025-01-20,,,,,,,,,,,,,,,,,,,,R 01,Falsches Blech,,
2025-01-20,,,,,,,,,,,,,,,,,,,,,,,
2025-01-20,,,,,,,,,,,,,,,,,,,,,,,
2025-01-20,,,,,,f,08:00:00,09:00:00,60.00000000000003,5.0,,,6.0,6.0,,,,,,,,,
2025-01-20,,,,,,,,,,,,,,,,,,,,,,,
2025-01-20,,,,,,,,,,,,,,,,,,,,,,,
2025-01-20,,,,,,f,06:00:00,07:00:00,60.00000000000003,5.0,,,6.0,6.0,,,,,,,,,
2025-01-20,,,,,,,,,,,,,,,,,,,,,,,
2025-01-20,,,,,,,,,,,,,,,,,,,,,,,
2025-01-20,,,,,,f,07:00:00,08:00:00,59.99999999999995,5.0,,,6.0,6.0,,,,,,,,,
2025-01-20,,,,,,,,,,,,,,,,,,,,,,,
2025-01-20,,,,,,,,,,,,,,,,,,,,,,,
2025-01-20,,,,,,,,,,,,,,,,,,,,,,,
2025-01-20,,,,,,f,04:45:00,06:00:00,75.00000000000001,5.0,,,6.0,6.0,,,,20,,,"Wartungsplan, Tauschbox, neue MA. Anweisen",,
2025-01-20,,,,,,,,,,,,,,,,,,,,,,,
2025-01-20,,,,,,,,,,,,,,,,,,,,,,,
2025-01-20,,,,,,,,,,,,,,,,,,,,,,,
2025-01-20,,,,,,f,10:00:00,11:00:00,59.99999999999995,5.0,,,6.0,6.0,,,,,,,,,
2025-01-20,,,,,,,,,,,,,,,,,,,,R 01,Falsches Blech,,
2025-01-20,,,,,,,,,,,,,,,,,,,,,229 Bleche mit 230 Bleche gepackt (Umpacken und Bleche aus der Anlage holen),,
2025-01-20,,,,,,f,11:00:00,12:00:00,60.00000000000003,5.0,,,2.0,2.0,,,,,,,4 STW nachgearbeitet ( Rungen Montiert) ,,
2025-01-20,,,,,,,,,,,,,,,,,,40,,,Anlage leer gefahren,,
2025-01-20,,,,,,,,,,,,,,,,,,,,,,,
2025-01-20,,,,,,f,12:00:00,13:15:00,75.00000000000006,5.0,,,5.0,5.0,,,,15,,,Anlage von RobTech angehalten,,
2025-01-20,,,,,,f,09:30:00,10:00:00,30.000000000000053,5.0,,,3.0,3.0,,,,,,,,,
2025-01-20,,,,,,,,,,,,,,,,,,,,,,,
2025-01-20,,,,,,f,08:00:00,09:00:00,60.00000000000003,5.0,,,6.0,6.0,,,,,,,,,
2025-01-20,,,,,,f,04:45:00,06:00:00,75.00000000000001,5.0,,,6.0,6.0,,,,20,,,"Wartungsplan, Tauschbox, neue MA. Anweisen",,
2025-01-20,,,,,,,,,,,,,,,,,,,,,,,
2025-01-20,,,,,,,,,,,,,,,,,,,,,,,
2025-01-20,,,,,,f,07:00:00,08:00:00,59.99999999999995,5.0,,,6.0,6.0,,,,,,,,,
2025-01-20,,,,,,,,,,,,,,,,,,,,,,,
2025-01-20,,,,,,,,,,,,,,,,,,,,,,,
2025-01-20,,,,,,f,06:00:00,07:00:00,60.00000000000003,5.0,,,6.0,6.0,,,,,,,,,
2025-01-20,,,,,,,,,,,,,,,,,,,,,,,
2025-01-20,,,,,,,,,,,,,,,,,,,,,,,
2026-01-12,,,,,,,,,,,,,,,,,,,,,,,
2026-01-12,,,,,,,,,,5.0,,,,,,,,,,,"Anlage leer durch Störungen, auffüllen",,
2026-01-12,,,,,,f,10:00:00,11:00:00,59.99999999999995,,,3.0,,3.0,,20,,,,R 03,Schweißstörung am Fronius Robotech in der Anlage,,
2026-01-12,,,,,,,,,,,,,,,,,,,,,,,
2026-01-12,,,,,,s,17:30:00,18:00:00,30.000000000000053,4.0,,,1.0,1.0,,,,20,,OP 50,Programm erkennt die knoten nicht (RobTech Informiert),,
2026-01-12,,,,,,f,09:30:00,10:00:00,30.000000000000053,,,,2.0,2.0,,,,,,,,,
2026-01-12,,,,,,,,,,,,,,,,6,,,,R 03,Schweißstörung am Fronius,,
2026-01-12,,,,,,,,,,5.0,,,,,,,,,,,,,
2026-01-12,,,,,,f,11:00:00,12:00:00,60.00000000000003,,,5.0,,5.0,,,,,,,,,
2026-01-12,,,,,,,,,,5.0,,,,,,,,,,,,,
2026-01-12,,,,,,,,,,5.0,,,,,,8,,,,R 05,Vakuum nicht vorhanden,,
2026-01-12,,,,,,s,13:15:00,14:00:00,45.0,4.0,,,3.0,3.0,,,,,15.0,,,Wartungsplan,
2026-01-12,,,,,,f,12:00:00,13:15:00,75.00000000000006,,,2.0,4.0,6.0,,,,,,,,,
2026-01-12,,,,,,,,,,5.0,,,,,,,,,,,,,
2026-01-12,,,,,,,,,,,,,,,,,,15,,,Reinigung,,
2026-01-12,,,,,,f,08:00:00,09:00:00,60.00000000000003,,,,4.0,4.0,,10,,,,R 05,Vakuum nicht vorhanden,2,
2026-01-12,1,2026-01-12 00:00:00,2026/03,,,f,04:45:00,05:00:00,15.000000000000027,,,,,,,,,15,,,Wartungsplan,,
2026-01-12,1,2026-01-12 00:00:00,2026/03,,,,,,,5.0,,,,,,,,,,,,,
2026-01-12,1,2026-01-12 00:00:00,2026/03,,,,,,,,,,,,,,,,,,,,
2026-01-12,1,2026-01-12 00:00:00,2026/03,,,f,05:00:00,06:00:00,59.999999999999986,,,,,,,,,,,,,,
2026-01-12,,,,,,,,,,5.0,,,4.0,,,,,,,,,,
2026-01-12,,,,,,,,,,,,,,,,,,,,,,,
2026-01-12,,,,,,,,,,,,,,,,,,,,,,,
2026-01-12,,,,,,,,,,,,,,,,,,,,,,,
2026-01-12,,,,,,f,06:00:00,07:00:00,60.00000000000003,,,,5.0,5.0,,8,,,,R 07,Schweißstörung am Fronius,2,
2026-01-12,,,,,,f,07:00:00,08:00:00,59.99999999999995,,,,6.0,6.0,,,,,,,,,
2026-01-12,,,,,,,,,,,,,,,,,,15,,,Reinigung,,
2026-01-12,,,,,,,,,,,,,,,,,,,,,Brenner wurde gewechselt ,,
2026-01-12,,,,,,s,21:00:00,21:45:00,45.0,4.0,,,1.0,1.0,,,,20,,R 07,Abschaltsicherung ausgelöst (RobTech wurde informiert),,
2026-01-12,,,,,,,,,,,,,,,,,,,,,,,
2026-01-12,,,,,,,,,,,,,,,,,,,,,,,
2026-01-12,,,,,,s,20:00:00,21:00:00,59.99999999999995,4.0,,,5.0,5.0,,,,,,,,,
2026-01-12,,,,,,,,,,,,,,,,,,,,,,,
2026-01-12,,,,,,,,,,,,,,,,,,,,,,,
2026-01-12,,,,,,s,19:00:00,20:00:00,60.00000000000011,4.0,,,5.0,5.0,,,,,,,,,
2026-01-12,,,,,,,,,,,,,,,,,,,,,,,
2026-01-12,,,,,,,,,,,,,,,,,,,,,,,
2026-01-12,,,,,,s,18:00:00,19:00:00,59.99999999999995,4.0,,,5.0,5.0,,,,,,,,,
2026-01-12,1,2026-01-12 00:00:00,2026/03,,,f,04:45:00,05:00:00,15.000000000000027,,,,,,,,,15,,,Wartungsplan,,
2026-01-12,1,2026-01-12 00:00:00,2026/03,,,,,,,5.0,,,,,,,,,,,,,
2026-01-12,1,2026-01-12 00:00:00,2026/03,,,,,,,,,,,,,,,,,,,,
2026-01-12,1,2026-01-12 00:00:00,2026/03,,,f,05:00:00,06:00:00,59.999999999999986,,,,,,,,,,,,,,
2026-01-12,,,,,,,,,,5.0,,,4.0,,,,,,,,,,
2026-01-12,,,,,,,,,,,,,,,,,,,,,,,
2026-01-12,,,,,,f,06:00:00,07:00:00,60.00000000000003,,,,5.0,5.0,,8,,,,R 07,Schweißstörung am Fronius,2,
2026-01-12,,,,,,,,,,5.0,,,,,,,,,,,,,
2026-01-12,,,,,,,,,,,,,,,,,,,,,,,
2026-01-12,,,,,,,,,,5.0,,,,,,,,,,,,,
2026-01-12,,,,,,,,,,,,,,,,,,,,,,,
2026-01-12,,,,,,,,,,5.0,,,,,,,,,,,,,
2026-01-12,,,,,,f,07:00:00,08:00:00,59.99999999999995,,,,6.0,6.0,,,,,,,,,
2026-01-12,,,,,,,,,,,,,,,,,,,,,,,
2026-01-12,,,,,,,,,,,,,,,,,,,,,,,
2026-01-12,,,,,,s,18:00:00,19:00:00,59.99999999999995,4.0,,,5.0,5.0,,,,,,,,,
2026-01-12,,,,,,,,,,,,,,,,,,,,,,,
2026-01-12,,,,,,,,,,,,,,,,,,,,,,,
2026-01-12,,,,,,s,19:00:00,20:00:00,60.00000000000011,4.0,,,5.0,5.0,,,,,,,,,
2026-01-12,,,,,,,,,,,,,,,,,,,,,,,
2026-01-12,,,,,,,,,,,,,,,,,,,,,,,
2026-01-12,,,,,,s,20:00:00,21:00:00,59.99999999999995,4.0,,,5.0,5.0,,,,,,,,,
2026-01-12,,,,,,,,,,,,,,,,,,,,,,,
2026-01-12,,,,,,,,,,,,,,,,,,,,,,,
2026-01-12,,,,,,s,21:00:00,21:45:00,45.0,4.0,,,1.0,1.0,,,,20,,R 07,Abschaltsicherung ausgelöst (RobTech wurde informiert),,
2026-01-12,,,,,,,,,,,,,,,,,,,,,Brenner wurde gewechselt ,,
2026-01-12,,,,,,,,,,,,,,,,,,15,,,Reinigung,,
2026-01-12,,,,,,,,,,,,,,,,,,10,,R 07,Störung beim versuchen zu Schweißen ,,
2026-01-12,,,,,,,,,,,,,,,,,,,,,,,
2026-01-12,,,,,,s,14:00:00,15:00:00,59.99999999999995,4.0,,,5.0,5.0,,,,10,,R 07,Störung beim versuchen zu schweißen,,
2026-01-12,,,,,,,,,,,,,,,,,,,,,,,
2026-01-12,,,,,,,,,,,,,,,,,,,,,,,
2026-01-12,,,,,,s,15:00:00,16:00:00,59.99999999999995,4.0,,,5.0,5.0,,,,,,,,,
2026-01-12,,,,,,,,,,,,,,,,,,,,,,,
2026-01-12,,,,,,,,,,,,,,,,,,,,,,,
2026-01-12,,,,,,s,16:00:00,17:00:00,60.00000000000011,4.0,,,5.0,5.0,,,,,,,,,
2026-01-12,,,,,,,,,,,,,,,,,,,,,,,
2026-01-12,,,,,,,,,,,,,,,,,,,,,,,
2026-01-12,,,,,,s,17:30:00,18:00:00,30.000000000000053,4.0,,,1.0,1.0,,,,20,,OP 50,Programm erkennt die knoten nicht (RobTech Informiert),,
2026-01-12,,,,,,,,,,,,,,,,,,,,,,,
2026-01-12,,,,,,,,,,,,,,,,,,,,,,,
2026-01-12,,,,,,s,16:00:00,17:00:00,60.00000000000011,4.0,,,5.0,5.0,,,,,,,,,
2026-01-12,,,,,,,,,,5.0,,,,,,,,,,,,,
2026-01-12,,,,,,,,,,,,,,,,,,,,,,,
2026-01-12,,,,,,f,08:00:00,09:00:00,60.00000000000003,,,,4.0,4.0,,10,,,,R 05,Vakuum nicht vorhanden,2,
2026-01-12,,,,,,,,,,5.0,,,,,,,,,,,,,
2026-01-12,,,,,,,,,,,,,,,,6,,,,R 03,Schweißstörung am Fronius,,
2026-01-12,,,,,,f,09:30:00,10:00:00,30.000000000000053,,,,2.0,2.0,,,,,,,,,
2026-01-12,,,,,,,,,,5.0,,,,,,,,,,,,,
2026-01-12,,,,,,,,,,,,,,,,,,,,,,,
2026-01-12,,,,,,f,10:00:00,11:00:00,59.99999999999995,,,3.0,,3.0,,20,,,,R 03,Schweißstörung am Fronius Robotech in der Anlage,,
2026-01-12,,,,,,,,,,,,,,,,,,,,,,,
2026-01-12,,,,,,,,,,,,,,,,,,,,,,,
2026-01-12,,,,,,f,11:00:00,12:00:00,60.00000000000003,,,5.0,,5.0,,,,,,,,,
2026-01-12,,,,,,,,,,,,,,,,,,,,,,,
2026-01-12,,,,,,,,,,5.0,,,,,,8,,,,R 05,Vakuum nicht vorhanden,,
2026-01-12,,,,,,f,12:00:00,13:15:00,75.00000000000006,,,2.0,4.0,6.0,,,,,,,,,
2026-01-12,,,,,,,,,,5.0,,,,,,,,,,,,,
2026-01-12,,,,,,,,,,,,,,,,,,15,,,Reinigung,,
2026-01-12,,,,,,s,13:15:00,14:00:00,45.0,4.0,,,3.0,3.0,,,,,15.0,,,Wartungsplan,
2026-01-12,,,,,,,,,,,,,,,,,,10,,R 07,Störung beim versuchen zu Schweißen ,,
2026-01-12,,,,,,,,,,,,,,,,,,,,,,,
2026-01-12,,,,,,s,14:00:00,15:00:00,59.99999999999995,4.0,,,5.0,5.0,,,,10,,R 07,Störung beim versuchen zu schweißen,,
2026-01-12,,,,,,,,,,,,,,,,,,,,,,,
2026-01-12,,,,,,,,,,,,,,,,,,,,,,,
2026-01-12,,,,,,s,15:00:00,16:00:00,59.99999999999995,4.0,,,5.0,5.0,,,,,,,,,
2026-01-12,,,,,,,,,,,,,,,,,,,,,,,
2026-01-12,,,,,,,,,,,,,,,,,,,,,,,
2026-01-12,,,,,,,,,,,,,,,,,,,,,,,
2026-01-12,,,,,,,,,,5.0,,,,,,,,,,,"Anlage leer durch Störungen, auffüllen",,
2026-01-12,1,2026-01-12 00:00:00,2026/03,,,f,04:45:00,05:00:00,15.000000000000027,,,,,,,,,15,,,Wartungsplan,,
2026-01-12,,,,,,f,09:30:00,10:00:00,30.000000000000053,,,,2.0,2.0,,,,,,,,,
2026-01-12,,,,,,,,,,,,,,,,,,,,,,,
2026-01-12,,,,,,s,14:00:00,15:00:00,59.99999999999995,4.0,,,5.0,5.0,,,,10,,R 07,Störung beim versuchen zu schweißen,,
2026-01-12,,,,,,,,,,,,,,,,,,,,,,,
2026-01-12,,,,,,s,15:00:00,16:00:00,59.99999999999995,4.0,,,5.0,5.0,,,,,,,,,
2026-01-12,,,,,,,,,,,,,,,,,,,,,,,
2026-01-12,,,,,,,,,,,,,,,,,,,,,,,
2026-01-12,,,,,,s,16:00:00,17:00:00,60.00000000000011,4.0,,,5.0,5.0,,,,,,,,,
2026-01-12,,,,,,,,,,,,,,,,,,,,,,,
2026-01-12,,,,,,,,,,,,,,,,,,,,,,,
2026-01-12,,,,,,s,17:30:00,18:00:00,30.000000000000053,4.0,,,1.0,1.0,,,,20,,OP 50,Programm erkennt die knoten nicht (RobTech Informiert),,
2026-01-12,,,,,,,,,,,,,,,,,,10,,R 07,Störung beim versuchen zu Schweißen ,,
2026-01-12,,,,,,,,,,,,,,,,,,,,,,,
2026-01-12,,,,,,s,18:00:00,19:00:00,59.99999999999995,4.0,,,5.0,5.0,,,,,,,,,
2026-01-12,,,,,,,,,,,,,,,,,,,,,,,
2026-01-12,,,,,,,,,,,,,,,,,,,,,,,
2026-01-12,,,,,,s,19:00:00,20:00:00,60.00000000000011,4.0,,,5.0,5.0,,,,,,,,,
2026-01-12,,,,,,,,,,,,,,,,,,,,,,,
2026-01-12,,,,,,,,,,,,,,,,,,,,,,,
2026-01-12,,,,,,s,20:00:00,21:00:00,59.99999999999995,4.0,,,5.0,5.0,,,,,,,,,
2026-01-12,,,,,,,,,,,,,,,,,,,,,,,
2026-01-12,,,,,,,,,,,,,,,,,,,,,,,
2026-01-12,,,,,,s,21:00:00,21:45:00,45.0,4.0,,,1.0,1.0,,,,20,,R 07,Abschaltsicherung ausgelöst (RobTech wurde informiert),,
2026-01-12,,,,,,,,,,,,,,,,,,,,,,,
2026-01-12,,,,,,s,13:15:00,14:00:00,45.0,4.0,,,3.0,3.0,,,,,15.0,,,Wartungsplan,
2026-01-12,,,,,,,,,,,,,,,,,,15,,,Reinigung,,
2026-01-12,,,,,,,,,,5.0,,,,,,,,,,,,,
2026-01-12,1,2026-01-12 00:00:00,2026/03,,,,,,,5.0,,,,,,,,,,,,,
2026-01-12,1,2026-01-12 00:00:00,2026/03,,,,,,,,,,,,,,,,,,,,
2026-01-12,1,2026-01-12 00:00:00,2026/03,,,f,05:00:00,06:00:00,59.999999999999986,,,,,,,,,,,,,,
2026-01-12,,,,,,,,,,5.0,,,4.0,,,,,,,,,,
2026-01-12,,,,,,,,,,,,,,,,,,,,,,,
2026-01-12,,,,,,f,06:00:00,07:00:00,60.00000000000003,,,,5.0,5.0,,8,,,,R 07,Schweißstörung am Fronius,2,
2026-01-12,,,,,,,,,,5.0,,,,,,,,,,,,,
2026-01-12,,,,,,,,,,,,,,,,,,,,,,,
2026-01-12,,,,,,f,07:00:00,08:00:00,59.99999999999995,,,,6.0,6.0,,,,,,,,,
2026-01-12,,,,,,,,,,5.0,,,,,,,,,,,,,
2026-01-12,,,,,,,,,,,,,,,,,,,,,,,
2026-01-12,,,,,,f,08:00:00,09:00:00,60.00000000000003,,,,4.0,4.0,,10,,,,R 05,Vakuum nicht vorhanden,2,
2026-01-12,,,,,,,,,,5.0,,,,,,,,,,,,,
2026-01-12,,,,,,,,,,,,,,,,6,,,,R 03,Schweißstörung am Fronius,,
2026-01-12,,,,,,,,,,5.0,,,,,,,,,,,,,
2026-01-12,,,,,,,,,,,,,,,,,,,,,,,
2026-01-12,,,,,,f,10:00:00,11:00:00,59.99999999999995,,,3.0,,3.0,,20,,,,R 03,Schweißstörung am Fronius Robotech in der Anlage,,
2026-01-12,,,,,,,,,,5.0,,,,,,,,,,,"Anlage leer durch Störungen, auffüllen",,
2026-01-12,,,,,,,,,,,,,,,,,,,,,,,
2026-01-12,,,,,,f,11:00:00,12:00:00,60.00000000000003,,,5.0,,5.0,,,,,,,,,
2026-01-12,,,,,,,,,,5.0,,,,,,8,,,,R 05,Vakuum nicht vorhanden,,
2026-01-12,,,,,,,,,,,,,,,,,,,,,,,
2026-01-12,,,,,,f,12:00:00,13:15:00,75.00000000000006,,,2.0,4.0,6.0,,,,,,,,,
2026-01-12,,,,,,,,,,,,,,,,,,,,,Brenner wurde gewechselt ,,
2026-01-12,,,,,,,,,,,,,,,,,,15,,,Reinigung,,
2026-01-12,,,,,,,,,,,,,,,,,,,,,,,
2026-01-13,,,,,,,,,,,,,,,,,,,,,Robtech bei der Anlage,,
2026-01-13,,,,,,f,10:00:00,11:00:00,59.99999999999995,5.0,,,4.0,4.0,,,,,,,"Anlage leer durch Störungen, auffüllen",,
2026-01-13,,,,,,,,,,,,,,,,,,,,,,,
2026-01-13,,,,,,,,,,,,,,,,,,,,,,,
2026-01-13,,,,,,f,11:00:00,12:00:00,60.00000000000003,5.0,,,6.0,6.0,,,,,,,,,
2026-01-13,,,,,,,,,,,,,,,,,,,,,,,
2026-01-13,,,,,,,,,,,,,,,,,,,,,,,
2026-01-13,,,,,,f,12:00:00,13:15:00,75.00000000000006,5.0,,,6.0,6.0,,,,,,,,,
2026-01-13,,,,,,,,,,,,,,,,,,,,,,,
2026-01-13,,,,,,,,,,,,,,,,,,,,,,,
2026-01-13,,,,,,s,13:15:00,14:00:00,45.0,4.0,,,5.0,5.0,,,,15,,,Wartungsplan,,
2026-01-13,,,,,,,,,,,,,,,,,,,,,,,
2026-01-13,,,,,,,,,,,,,,,,,,,,,,,
2026-01-13,,,,,,s,14:00:00,15:00:00,59.99999999999995,4.0,,,6.0,6.0,,,,,,,,,
2026-01-13,,,,,,,,,,,,,,,,,,,,,,,
2026-01-13,,,,,,,,,,,,,,,,,,,,,,,
2026-01-13,,,,,,s,15:00:00,16:00:00,59.99999999999995,4.0,,,5.0,5.0,,,,,,,,,
2026-01-13,,,,,,,,,,,,,,,,,,15,,,Reinigung,,
2026-01-13,,,,,,,,,,,,,,,,,,,,,,,
2026-01-13,,,,,,,,,,,,,,,,,,,,,,,
2026-01-13,,,,,,,,,,,,,,,,,,,,,,,
2026-01-13,,,,,,,,,,,,,,,,,,,,,Robtech bei der Anlage,,
2026-01-13,,,,,,,,,,,,,,,,,,,,OP 50,Daten verlust (RobTech bei der anlage),,
2026-01-13,,,,,,,21:00:00,21:45:00,45.0,4.0,,,2.0,2.0,,,,,,,STW mit Handfunktion rausfahren 2x ,,
2026-01-13,,,,,,,,,,,,,,,,,,,,,,,
2026-01-13,,,,,,,,,,,,,,,,,,,,,,,
2026-01-13,,,,,,f,05:00:00,06:00:00,59.999999999999986,5.0,,,4.0,4.0,,,,,,,"Anlage leer Übernomen, auffüllen",,
2026-01-13,,,,,,,,,,,,,,,,,,,,,,,
2026-01-13,,,,,,f,09:30:00,10:00:00,30.000000000000053,5.0,,,1.0,1.0,,30,,,,,Robotech an der Anlage  Neue Bleche Testen (186-190.),,
2026-01-13,,,,,,,,,,,,,,,,,,,,,,,
2026-01-13,,,,,,,,,,,,,,,,,,,,,,,
2026-01-13,,,,,,,,,,,,,,,,,,,,,,,
2026-01-13,,,,,,f,07:00:00,08:00:00,59.99999999999995,5.0,,,5.0,5.0,,,,,,,,,
2026-01-13,,,,,,,,,,,,,,,,,,,,,,,
2026-01-13,,,,,,,,,,,,,,,,,,,,,,,
2026-01-13,,,,,,f,08:00:00,09:00:00,60.00000000000003,5.0,,,3.0,3.0,,60,,,,,Robotech an der Anlage  Neue Bleche Testen (186-190.),,
2026-01-13,,,,,,,,,,,,,,,,,,,,,Stirnwand Kompletiert,2,
2026-01-13,,,,,,f,06:00:00,07:00:00,60.00000000000003,5.0,,,6.0,6.0,,,,,,,,,
2026-01-13,,,,,,,,,,,,,,,,,,,,,,,
2026-01-13,,,,,,s,16:00:00,17:00:00,60.00000000000011,4.0,,,5.0,5.0,,,,,,,,,
2026-01-13,,,,,,,,,,,,,,,,,,,,,,,
2026-01-13,,,,,,,,,,,,,,,,,,,,,,,
2026-01-13,,,,,,f,07:00:00,08:00:00,59.99999999999995,4.0,,,4.0,4.0,,,,,,,,,
2026-01-13,,,,,,,,,,,,,,,,18,,,,R 03,Kollision. Brenner Prüfen durch Robotech,,
2026-01-13,,,,,,,,,,,,,,,,,,,,,"Anlage leer durch Störungen, auffüllen",,
2026-01-13,,,,,,f,08:00:00,09:00:00,60.00000000000003,4.0,,,5.0,5.0,,,,,,,,,
2026-01-13,,,,,,,,,,,,,,,,,,,,,,,
2026-01-13,,,,,,,,,,,,,,,,,,,,,,,
2026-01-13,,,,,,,,,,,,,,,,,,,,,,,
2026-01-13,,,,,,f,09:30:00,10:00:00,30.000000000000053,4.0,,,2.0,2.0,,,,,,,,,
2026-01-13,,,,,,,,,,,,,,,,5,,,,R 03,Drahtfass wechseln,,
2026-01-13,,,,,,f,10:00:00,11:00:00,59.99999999999995,4.0,,1.0,3.0,4.0,,15,,,,R 03,Drahtfass wechseln,,
2026-01-13,,,,,,,,,,,,,,,,,,,,,,,
2026-01-13,,,,,,,,,,,,,,,,15,,,,OP 130.1,Fehler: FESTO Linearantrieb Robotech Informiert.,,
2026-01-13,,,,,,f,11:00:00,12:00:00,60.00000000000003,4.0,,5.0,,5.0,,,,,,,,,
2026-01-13,,,,,,,,,,,,,,,,,,,,,,,
2026-01-13,,,,,,,,,,,,,,,,10,,,,,Robotech an der Anlage  Neue Bleche Testen (186-190.),,
2026-01-13,,,,,,,,,,,,,,,,,,,,,,,
2026-01-13,,,,,,f,06:00:00,07:00:00,60.00000000000003,4.0,,,6.0,6.0,,,,,,,,,
2026-01-13,,,,,,,,,,,,,,,,,,,,,,,
2026-01-13,,,,,,,,,,,,,,,,,,,,,,,
2026-01-13,,,,,,,,,,,,,,,,,,,,,,,
2026-01-13,,,,,,s,17:30:00,18:00:00,30.000000000000053,4.0,,,3.0,3.0,,,,,,,,,
2026-01-13,,,,,,,,,,,,,,,,,,,,,,,
2026-01-13,,,,,,,,,,,,,,,,,,,,,,,
2026-01-13,,,,,,s,18:00:00,19:00:00,59.99999999999995,4.0,,,6.0,6.0,,,,,,,,,
2026-01-13,,,,,,,,,,,,,,,,,,,,,,,
2026-01-13,,,,,,,,,,,,,,,,,,,,,,,
2026-01-13,,,,,,s,19:00:00,20:00:00,60.00000000000011,4.0,,,5.0,5.0,,,,,,,,,
2026-01-13,,,,,,,,,,,,,,,,,,,,,,,
2026-01-13,,,,,,,,,,,,,,,,,,,,,,,
2026-01-13,,,,,,s,15:00:00,16:00:00,59.99999999999995,4.0,,,4.0,4.0,,,,,,,,,
2026-01-13,,,,,,,,,,,,,,,,,,,,,,,
2026-01-13,,,,,,,,,,,,,,,,,,10,,OP 120.1,SEW Antrieb (RobTech wurde Informiert),,
2026-01-13,,,,,,f,04:45:00,05:00:00,15.000000000000027,4.0,,,,,,,,15,,,Wartungsplan,,
2026-01-13,,,,,,,,,,,,,,,,,,,,,,,
2026-01-13,,,,,,,,,,,,,,,,,,,,,,,
2026-01-13,,,,,,f,05:00:00,06:00:00,59.999999999999986,4.0,,,4.0,4.0,,,,,,,,,
2026-01-13,,,,,,s,14:00:00,15:00:00,59.99999999999995,4.0,,,4.0,4.0,,,,10,,,Schrittketten fehler (Anlage so übernommen),,
2026-01-13,,,,,,,,,,,,,,,,,,,,,,,
2026-01-13,,,,,,,,,,,,,,,,,,10,,,Robtech bei der Anlage,,
2026-01-13,,,,,,s,13:15:00,14:00:00,45.0,4.0,,,3.0,3.0,,,,15,,,Wartungsplan,,
2026-01-13,,,,,,,,,,,,,,,,18,,,,R 03,Kollision. Brenner Prüfen durch Robotech,,
2026-01-13,,,,,,f,07:00:00,08:00:00,59.99999999999995,4.0,,,4.0,4.0,,,,,,,,,
2026-01-13,,,,,,,,,,,,,,,,,,,,,,,
2026-01-13,,,,,,,,,,,,,,,,,,,,,,,
2026-01-13,,,,,,f,06:00:00,07:00:00,60.00000000000003,4.0,,,6.0,6.0,,,,,,,,,
2026-01-13,,,,,,,,,,,,,,,,,,,,,,,
2026-01-13,,,,,,,,,,,,,,,,,,,,,,,
2026-01-13,,,,,,,,,,,,,,,,,,,,,"Anlage leer durch Störungen, auffüllen",,
2026-01-13,,,,,,f,05:00:00,06:00:00,59.999999999999986,4.0,,,4.0,4.0,,,,,,,,,
2026-01-13,,,,,,,,,,,,,,,,,,,,,,,
2026-01-13,,,,,,f,04:45:00,05:00:00,15.000000000000027,4.0,,,,,,,,15,,,Wartungsplan,,
2026-01-13,,,,,,s,15:00:00,16:00:00,59.99999999999995,4.0,,,4.0,4.0,,,,,,,,,
2026-01-13,,,,,,,,,,,,,,,,,,,,,,,
2026-01-13,,,,,,,,,,,,,,,,,,10,,OP 120.1,SEW Antrieb (RobTech wurde Informiert),,
2026-01-13,,,,,,s,16:00:00,17:00:00,60.00000000000011,4.0,,,2.0,2.0,,,,40,,OP 120.1,SEW Antrieb (RobTech wurde Informiert),,
2026-01-13,,,,,,,,,,,,,,,,,,,,,,,
2026-01-13,,,,,,,,,,,,,,,,,,,,,,,
2026-01-13,,,,,,,,,,,,,,,,,,,,,,,
2026-01-13,,,,,,f,08:00:00,09:00:00,60.00000000000003,4.0,,,5.0,5.0,,,,,,,,,
2026-01-13,,,,,,,,,,,,,,,,,,,,,,,
2026-01-13,,,,,,s,14:00:00,15:00:00,59.99999999999995,4.0,,,4.0,4.0,,,,10,,,Schrittketten fehler (Anlage so übernommen),,
2026-01-13,,,,,,,,,,,,,,,,,,10,,,Robtech bei der Anlage,,
2026-01-13,,,,,,,,,,,,,,,,,,,,,Schrittketten fehler (Anlage so übernommen),,
2026-01-13,,,,,,s,13:15:00,14:00:00,45.0,4.0,,,3.0,3.0,,,,15,,,Wartungsplan,,
2026-01-13,,,,,,,,,,,,,,,,,,,,,,,
2026-01-13,,,,,,,,,,,,,,,,,,,,,,,
2026-01-13,,,,,,f,12:00:00,13:15:00,75.00000000000006,4.0,,3.0,,3.0,,40,,,,,Robotech an der Anlage  Neue Bleche Testen (186-190.),,
2026-01-13,,,,,,,,,,,,,,,,,,,,,,,
2026-01-13,,,,,,,,,,,,,,,,10,,,,,Robotech an der Anlage  Neue Bleche Testen (186-190.),,
2026-01-13,,,,,,f,11:00:00,12:00:00,60.00000000000003,4.0,,5.0,,5.0,,,,,,,,,
2026-01-13,,,,,,,,,,,,,,,,15,,,,OP 130.1,Fehler: FESTO Linearantrieb Robotech Informiert.,,
2026-01-13,,,,,,,,,,,,,,,,,,,,,,,
2026-01-13,,,,,,f,10:00:00,11:00:00,59.99999999999995,4.0,,1.0,3.0,4.0,,15,,,,R 03,Drahtfass wechseln,,
2026-01-13,,,,,,,,,,,,,,,,5,,,,R 03,Drahtfass wechseln,,
2026-01-13,,,,,,,,,,,,,,,,,,,,,,,
2026-01-13,,,,,,f,09:30:00,10:00:00,30.000000000000053,4.0,,,2.0,2.0,,,,,,,,,
2026-01-13,,,,,,,,,,,,,,,,,,,,,,,
2026-01-13,,,,,,s,17:30:00,18:00:00,30.000000000000053,4.0,,,1.0,1.0,,,,15,,OP 120.1,Schrittketten fehler ( OP 120 will nicht drehen),,
2026-01-13,,,,,,,,,,,,,,,,,,,,,,,
2026-01-13,,,,,,,,,,,,,,,,,,15,,R 05,Beim einlegen der STW ohne grund stehen geblieben ( RobTech an der Anlage),,
2026-01-13,,,,,,f,08:00:00,09:00:00,60.00000000000003,4.0,,,5.0,5.0,,,,,,,,,
2026-01-13,,,,,,,,,,,,,,,,,,,,,,,
2026-01-13,,,,,,,,,,,,,,,,,,,,,,,
2026-01-13,,,,,,f,09:30:00,10:00:00,30.000000000000053,4.0,,,2.0,2.0,,,,,,,,,
2026-01-13,,,,,,,,,,,,,,,,,,,,,,,
2026-01-13,,,,,,,,,,,,,,,,5,,,,R 03,Drahtfass wechseln,,
2026-01-13,,,,,,f,10:00:00,11:00:00,59.99999999999995,4.0,,1.0,3.0,4.0,,15,,,,R 03,Drahtfass wechseln,,
2026-01-13,,,,,,,,,,,,,,,,,,,,,"Anlage leer durch Störungen, auffüllen",,
2026-01-13,,,,,,,,,,,,,,,,,,,,,,,
2026-01-13,,,,,,,,,,,,,,,,15,,,,OP 130.1,Fehler: FESTO Linearantrieb Robotech Informiert.,,
2026-01-13,,,,,,f,11:00:00,12:00:00,60.00000000000003,4.0,,5.0,,5.0,,,,,,,,,
2026-01-13,,,,,,,,,,,,,,,,,,,,,,,
2026-01-13,,,,,,,,,,,,,,,,10,,,,,Robotech an der Anlage  Neue Bleche Testen (186-190.),,
2026-01-13,,,,,,f,12:00:00,13:15:00,75.00000000000006,4.0,,3.0,,3.0,,40,,,,,Robotech an der Anlage  Neue Bleche Testen (186-190.),,
2026-01-13,,,,,,,,,,,,,,,,,,,,,,,
2026-01-13,,,,,,,,,,,,,,,,,,,,,,,
2026-01-13,,,,,,f,04:45:00,05:00:00,15.000000000000027,5.0,,,,,,,,15,,,Wartungsplan,,
2026-01-13,,,,,,,,,,,,,,,,18,,,,R 03,Kollision. Brenner Prüfen durch Robotech,,
2026-01-13,,,,,,f,07:00:00,08:00:00,59.99999999999995,4.0,,,4.0,4.0,,,,,,,,,
2026-01-13,,,,,,,,,,,,,,,,,,,,,,,
2026-01-13,,,,,,s,18:00:00,19:00:00,59.99999999999995,4.0,,,5.0,5.0,,,,,,,,,
2026-01-13,,,,,,,,,,,,,,,,,,,,,,,
2026-01-13,,,,,,,,,,,,,,,,,,,,,,,
2026-01-13,,,,,,s,19:00:00,20:00:00,60.00000000000011,4.0,,,4.0,4.0,,,,10,,R 05,Vakuum störung ,,
2026-01-13,,,,,,,,,,,,,,,,,,,,,,,
2026-01-13,,,,,,,,,,,,,,,,,,,,,,,
2026-01-13,,,,,,s,20:00:00,21:00:00,59.99999999999995,4.0,,,2.0,2.0,,,,,,OP 120.1,Daten verlust,,
2026-01-13,,,,,,,,,,,,,,,,,,40,,OP 130.1,Daten verlust,,
2026-01-13,,,,,,f,04:45:00,05:00:00,15.000000000000027,4.0,,,,,,,,15,,,Wartungsplan,,
2026-01-13,,,,,,,,,,,,,,,,,,,,,,,
2026-01-13,,,,,,,,,,,,,,,,,,,,,,,
2026-01-13,,,,,,f,05:00:00,06:00:00,59.999999999999986,4.0,,,4.0,4.0,,,,,,,,,
2026-01-13,,,,,,f,12:00:00,13:15:00,75.00000000000006,4.0,,3.0,,3.0,,40,,,,,Robotech an der Anlage  Neue Bleche Testen (186-190.),,
2026-01-13,,,,,,,,,,,,,,,,,,,,,,,
2026-01-13,,,,,,,,,,,,,,,,,,,,,,,
2026-01-13,,,,,,f,06:00:00,07:00:00,60.00000000000003,4.0,,,6.0,6.0,,,,,,,,,
2026-01-13,,,,,,,,,,,,,,,,,,,,,,,
2026-01-13,,,,,,,,,,,,,,,,,,,,,Schrittketten fehler (Anlage so übernommen),,
2026-01-13,,,,,,,,,,,,,,,,,,,,,,,
2026-01-13,,,,,,,,,,,,,,,,,,,,,,,
2026-01-13,,,,,,s,13:15:00,14:00:00,45.0,4.0,,,3.0,3.0,,,,15,,,Wartungsplan,,
2026-01-13,,,,,,,,,,,,,,,,,,,,,,,
2026-01-13,,,,,,f,06:00:00,07:00:00,60.00000000000003,5.0,,,6.0,6.0,,,,,,,,,
2026-01-13,,,,,,,,,,,,,,,,,,,,,,,
2026-01-13,,,,,,,,,,,,,,,,,,,,,,,
2026-01-13,,,,,,s,,,,,,,,,,,,,,,,,
2026-01-13,,,,,,,,,,,,,,,,,,,,,,,
2026-01-13,,,,,,,,,,,,,,,,,,,,,,,
2026-01-13,,,,,,,,,,,,,,,,,,,,,,,
2026-01-13,,,,,,f,08:00:00,09:00:00,60.00000000000003,5.0,,,3.0,3.0,,60,,,,,Robotech an der Anlage  Neue Bleche Testen (186-190.),,
2026-01-13,,,,,,,,,,,,,,,,,,,,,,,
2026-01-13,,,,,,f,09:30:00,10:00:00,30.000000000000053,5.0,,,1.0,1.0,,30,,,,,Robotech an der Anlage  Neue Bleche Testen (186-190.),,
2026-01-13,,,,,,,,,,,,,,,,,,,,,,,
2026-01-13,,,,,,,,,,,,,,,,,,,,,,,
2026-01-13,,,,,,f,10:00:00,11:00:00,59.99999999999995,5.0,,,4.0,4.0,,,,,,,"Anlage leer durch Störungen, auffüllen",,
2026-01-13,,,,,,,,,,,,,,,,,,,,,,,
2026-01-13,,,,,,,,,,,,,,,,,,,,,,,
2026-01-13,,,,,,,,,,,,,,,,,,,,,Stirnwand Kompletiert,2,
2026-01-13,,,,,,f,11:00:00,12:00:00,60.00000000000003,5.0,,,6.0,6.0,,,,,,,,,
2026-01-13,,,,,,f,05:00:00,06:00:00,59.999999999999986,5.0,,,4.0,4.0,,,,,,,"Anlage leer Übernomen, auffüllen",,
2026-01-13,,,,,,,,,,,,,,,,,,,,,,,
2026-01-13,,,,,,s,17:30:00,18:00:00,30.000000000000053,4.0,,,1.0,1.0,,,,15,,OP 120.1,Schrittketten fehler ( OP 120 will nicht drehen),,
2026-01-13,,,,,,,,,,,,,,,,,,,,,,,
2026-01-13,,,,,,,,,,,,,,,,,,15,,R 05,Beim einlegen der STW ohne grund stehen geblieben ( RobTech an der Anlage),,
2026-01-13,,,,,,s,18:00:00,19:00:00,59.99999999999995,4.0,,,5.0,5.0,,,,,,,,,
2026-01-13,,,,,,,,,,,,,,,,,,,,,,,
2026-01-13,,,,,,,,,,,,,,,,,,,,,,,
2026-01-13,,,,,,s,19:00:00,20:00:00,60.00000000000011,4.0,,,4.0,4.0,,,,10,,R 05,Vakuum störung ,,
2026-01-13,,,,,,,,,,,,,,,,,,,,,,,
2026-01-13,,,,,,,,,,,,,,,,,,,,,,,
2026-01-13,,,,,,s,20:00:00,21:00:00,59.99999999999995,4.0,,,2.0,2.0,,,,,,OP 120.1,Daten verlust,,
2026-01-13,,,,,,,,,,,,,,,,,,40,,OP 130.1,Daten verlust,,
2026-01-13,,,,,,,,,,,,,,,,,,,,OP 50,Daten verlust (RobTech bei der anlage),,
2026-01-13,,,,,,,21:00:00,21:45:00,45.0,4.0,,,2.0,2.0,,,,,,,STW mit Handfunktion rausfahren 2x ,,
2026-01-13,,,,,,s,,,,,,,,,,,,,,,,,
2026-01-13,,,,,,,,,,,,,,,,,,15,,,Reinigung,,
2026-01-13,,,,,,f,04:45:00,05:00:00,15.000000000000027,5.0,,,,,,,,15,,,Wartungsplan,,
2026-01-13,,,,,,,,,,,,,,,,,,,,,,,
2026-01-13,,,,,,,,,,,,,,,,,,,,,,,
2026-01-13,,,,,,,,,,,,,,,,,,,,,,,
2026-01-13,,,,,,f,12:00:00,13:15:00,75.00000000000006,5.0,,,6.0,6.0,,,,,,,,,
2026-01-13,,,,,,,,,,,,,,,,,,,,,,,
2026-01-13,,,,,,,,,,,,,,,,,,,,,,,
2026-01-13,,,,,,s,20:00:00,21:00:00,59.99999999999995,4.0,,,5.0,5.0,,,,,,,,,
2026-01-13,,,,,,,,,,,,,,,,,,,,,,,
2026-01-13,,,,,,,,,,,,,,,,,,,,,,,
2026-01-13,,,,,,,21:00:00,21:45:00,45.0,4.0,,,2.0,2.0,,,,,,,,,
2026-01-13,,,,,,s,,,,,,,,,,,,,,,,,
2026-01-13,,,,,,s,19:00:00,20:00:00,60.00000000000011,4.0,,,5.0,5.0,,,,,,,,,
2026-01-13,,,,,,,,,,,,,,,,,,15,,,Reinigung,,
2026-01-13,,,,,,,,,,,,,,,,,,,,,,,
2026-01-13,,,,,,s,20:00:00,21:00:00,59.99999999999995,4.0,,,5.0,5.0,,,,,,,,,
2026-01-13,,,,,,,,,,,,,,,,,,,,,,,
2026-01-13,,,,,,,,,,,,,,,,,,,,,,,
2026-01-13,,,,,,,21:00:00,21:45:00,45.0,4.0,,,2.0,2.0,,,,,,,,,
2026-01-13,,,,,,s,,,,,,,,,,,,,,,,,
2026-01-13,,,,,,,,,,,,,,,,,,15,,,Reinigung,,
2026-01-13,,,,,,,,,,,,,,,,,,,,,,,
2026-01-13,,,,,,,,,,,,,,,,,,,,,,,
2026-01-13,,,,,,,,,,,,,,,,,,,,,,,
2026-01-13,,,,,,s,18:00:00,19:00:00,59.99999999999995,4.0,,,6.0,6.0,,,,,,,,,
2026-01-13,,,,,,,,,,,,,,,,,,,,,,,
2026-01-13,,,,,,,,,,,,,,,,,,15,,,Reinigung,,
2026-01-13,,,,,,s,13:15:00,14:00:00,45.0,4.0,,,5.0,5.0,,,,15,,,Wartungsplan,,
2026-01-13,,,,,,,,,,,,,,,,,,,,,,,
2026-01-13,,,,,,,,,,,,,,,,,,,,,,,
2026-01-13,,,,,,s,14:00:00,15:00:00,59.99999999999995,4.0,,,6.0,6.0,,,,,,,,,
2026-01-13,,,,,,,,,,,,,,,,,,,,,,,
2026-01-13,,,,,,,,,,,,,,,,,,,,,,,
2026-01-13,,,,,,s,15:00:00,16:00:00,59.99999999999995,4.0,,,5.0,5.0,,,,,,,,,
2026-01-13,,,,,,,,,,,,,,,,,,,,,,,
2026-01-13,,,,,,,,,,,,,,,,,,,,,,,
2026-01-13,,,,,,s,16:00:00,17:00:00,60.00000000000011,4.0,,,5.0,5.0,,,,,,,,,
2026-01-13,,,,,,,,,,,,,,,,,,,,,,,
2026-01-13,,,,,,,,,,,,,,,,,,,,,,,
2026-01-13,,,,,,s,17:30:00,18:00:00,30.000000000000053,4.0,,,3.0,3.0,,,,,,,,,
2026-01-13,,,,,,,,,,,,,,,,,,,,,,,
2026-01-13,,,,,,,,,,,,,,,,,,,,,,,
2026-01-13,,,,,,,,,,,,,,,,,,,,,,,
2026-01-13,,,,,,,,,,,,,,,,,,,,,,,
2026-01-13,,,,,,f,07:00:00,08:00:00,59.99999999999995,5.0,,,5.0,5.0,,,,,,,,,
2026-01-13,,,,,,,,,,,,,,,,,,15,,,Reinigung,,
2026-01-13,,,,,,,,,,,,,,,,,,40,,OP 130.1,Daten verlust,,
2026-01-13,,,,,,,,,,,,,,,,,,,,OP 50,Daten verlust (RobTech bei der anlage),,
2026-01-13,,,,,,,21:00:00,21:45:00,45.0,4.0,,,2.0,2.0,,,,,,,STW mit Handfunktion rausfahren 2x ,,
2026-01-13,,,,,,s,,,,,,,,,,,,,,,,,
2026-01-13,,,,,,,,,,,,,,,,,,15,,,Reinigung,,
2026-01-13,,,,,,f,04:45:00,05:00:00,15.000000000000027,5.0,,,,,,,,15,,,Wartungsplan,,
2026-01-13,,,,,,,,,,,,,,,,,,,,,,,
2026-01-13,,,,,,s,20:00:00,21:00:00,59.99999999999995,4.0,,,2.0,2.0,,,,,,OP 120.1,Daten verlust,,
2026-01-13,,,,,,,,,,,,,,,,,,,,,,,
2026-01-13,,,,,,,,,,,,,,,,,,,,,,,
2026-01-13,,,,,,,,,,,,,,,,,,,,,,,
2026-01-13,,,,,,f,06:00:00,07:00:00,60.00000000000003,5.0,,,6.0,6.0,,,,,,,,,
2026-01-13,,,,,,,,,,,,,,,,,,,,,,,
2026-01-13,,,,,,,,,,,,,,,,,,,,,,,
2026-01-13,,,,,,f,07:00:00,08:00:00,59.99999999999995,5.0,,,5.0,5.0,,,,,,,,,
2026-01-13,,,,,,,,,,,,,,,,,,,,,,,
2026-01-13,,,,,,f,05:00:00,06:00:00,59.999999999999986,5.0,,,4.0,4.0,,,,,,,"Anlage leer Übernomen, auffüllen",,
2026-01-13,,,,,,,,,,,,,,,,,,,,,,,
2026-01-13,,,,,,,,,,,,,,,,,,,,,,,
2026-01-13,,,,,,s,19:00:00,20:00:00,60.00000000000011,4.0,,,4.0,4.0,,,,10,,R 05,Vakuum störung ,,
2026-01-13,,,,,,,,,,,,,,,,,,,,,Schrittketten fehler (Anlage so übernommen),,
2026-01-13,,,,,,,,,,,,,,,,,,10,,,Robtech bei der Anlage,,
2026-01-13,,,,,,s,14:00:00,15:00:00,59.99999999999995,4.0,,,4.0,4.0,,,,10,,,Schrittketten fehler (Anlage so übernommen),,
2026-01-13,,,,,,,,,,,,,,,,,,,,,Robtech bei der Anlage,,
2026-01-13,,,,,,,,,,,,,,,,,,,,,,,
2026-01-13,,,,,,s,15:00:00,16:00:00,59.99999999999995,4.0,,,4.0,4.0,,,,,,,,,
2026-01-13,,,,,,,,,,,,,,,,,,,,,,,
2026-01-13,,,,,,,,,,,,,,,,,,10,,OP 120.1,SEW Antrieb (RobTech wurde Informiert),,
2026-01-13,,,,,,s,16:00:00,17:00:00,60.00000000000011,4.0,,,2.0,2.0,,,,40,,OP 120.1,SEW Antrieb (RobTech wurde Informiert),,
2026-01-13,,,,,,,,,,,,,,,,,,,,,,,
2026-01-13,,,,,,,,,,,,,,,,,,,,,,,
2026-01-13,,,,,,s,17:30:00,18:00:00,30.000000000000053,4.0,,,1.0,1.0,,,,15,,OP 120.1,Schrittketten fehler ( OP 120 will nicht drehen),,
2026-01-13,,,,,,s,16:00:00,17:00:00,60.00000000000011,4.0,,,2.0,2.0,,,,40,,OP 120.1,SEW Antrieb (RobTech wurde Informiert),,
2026-01-13,,,,,,,,,,,,,,,,,,15,,R 05,Beim einlegen der STW ohne grund stehen geblieben ( RobTech an der Anlage),,
2026-01-13,,,,,,s,18:00:00,19:00:00,59.99999999999995,4.0,,,5.0,5.0,,,,,,,,,
2026-01-13,,,,,,,,,,,,,,,,,,,,,,,
2026-01-13,,,,,,,,,,,,,,,,,,,,,,,
2026-01-13,,,,,,,,,,,,,,,,,,,,,,,
2026-01-13,,,,,,f,08:00:00,09:00:00,60.00000000000003,5.0,,,3.0,3.0,,60,,,,,Robotech an der Anlage  Neue Bleche Testen (186-190.),,
2026-01-13,,,,,,,,,,,,,,,,,,,,,,,
2026-01-13,,,,,,,,,,,,,,,,,,,,,,,
2026-01-13,,,,,,s,16:00:00,17:00:00,60.00000000000011,4.0,,,5.0,5.0,,,,,,,,,
2026-01-13,,,,,,,,,,,,,,,,,,,,,,,
2026-01-13,,,,,,,,,,,,,,,,,,,,,,,
2026-01-13,,,,,,s,17:30:00,18:00:00,30.000000000000053,4.0,,,3.0,3.0,,,,,,,,,
2026-01-13,,,,,,,,,,,,,,,,,,,,,,,
2026-01-13,,,,,,,,,,,,,,,,,,,,,,,
2026-01-13,,,,,,s,18:00:00,19:00:00,59.99999999999995,4.0,,,6.0,6.0,,,,,,,,,
2026-01-13,,,,,,,,,,,,,,,,,,,,,,,
2026-01-13,,,,,,,,,,,,,,,,,,,,,,,
2026-01-13,,,,,,s,19:00:00,20:00:00,60.00000000000011,4.0,,,5.0,5.0,,,,,,,,,
2026-01-13,,,,,,,,,,,,,,,,,,,,,Stirnwand Kompletiert,2,
2026-01-13,,,,,,s,20:00:00,21:00:00,59.99999999999995,4.0,,,5.0,5.0,,,,,,,,,
2026-01-13,,,,,,,,,,,,,,,,,,,,,,,
2026-01-13,,,,,,,,,,,,,,,,,,,,,,,
2026-01-13,,,,,,,21:00:00,21:45:00,45.0,4.0,,,2.0,2.0,,,,,,,,,
2026-01-13,,,,,,s,,,,,,,,,,,,,,,,,
2026-01-13,,,,,,,,,,,,,,,,,,,,,,,
2026-01-13,,,,,,,,,,,,,,,,,,,,,,,
2026-01-13,,,,,,,,,,,,,,,,,,,,,,,
2026-01-13,,,,,,,,,,,,,,,,,,,,,,,
2026-01-13,,,,,,s,15:00:00,16:00:00,59.99999999999995,4.0,,,5.0,5.0,,,,,,,,,
2026-01-13,,,,,,f,09:30:00,10:00:00,30.000000000000053,5.0,,,1.0,1.0,,30,,,,,Robotech an der Anlage  Neue Bleche Testen (186-190.),,
2026-01-13,,,,,,,,,,,,,,,,,,,,,,,
2026-01-13,,,,,,,,,,,,,,,,,,,,,,,
2026-01-13,,,,,,f,10:00:00,11:00:00,59.99999999999995,5.0,,,4.0,4.0,,,,,,,"Anlage leer durch Störungen, auffüllen",,
2026-01-13,,,,,,,,,,,,,,,,,,,,,,,
2026-01-13,,,,,,,,,,,,,,,,,,,,,,,
2026-01-13,,,,,,f,11:00:00,12:00:00,60.00000000000003,5.0,,,6.0,6.0,,,,,,,,,
2026-01-13,,,,,,,,,,,,,,,,,,,,,,,
2026-01-13,,,,,,,,,,,,,,,,,,15,,,Reinigung,,
2026-01-13,,,,,,s,13:15:00,14:00:00,45.0,4.0,,,5.0,5.0,,,,15,,,Wartungsplan,,
2026-01-13,,,,,,s,14:00:00,15:00:00,59.99999999999995,4.0,,,6.0,6.0,,,,,,,,,
2026-01-13,,,,,,,,,,,,,,,,,,15,,,Reinigung,,
2026-01-13,,,,,,,,,,,,,,,,,,,,,,,
2026-01-13,,,,,,f,12:00:00,13:15:00,75.00000000000006,5.0,,,6.0,6.0,,,,,,,,,
2026-01-13,,,,,,,,,,,,,,,,,,,,,,,
2026-01-13,,,,,,,,,,,,,,,,,,,,,,,
2026-01-13,,,,,,,,,,,,,,,,,,,,,,,
2026-01-13,,,,,,,,,,,,,,,,,,,,,,,
2026-01-14,,,,,,,,,,,,,,,,,,,,,Robtech wurde informiert,,
2026-01-14,,,,,,,,,,,,,,,,,,,,,,,
2026-01-14,,,,,,,,,,,,,,,,,,,,,,,
2026-01-14,,,,,,s,17:30:00,18:00:00,30.000000000000053,4.0,,,3.0,3.0,,,,,,,,2x,
2026-01-14,,,,,,s,15:00:00,16:00:00,59.99999999999995,4.0,,,5.0,5.0,,,,5,,R 07,Stromdüse fest gebrannt ,1x,
2026-01-14,,,,,,,,,,,,,,,,,,,,,,,
2026-01-14,,,,,,,,,,,,,,,,,,,,,,,
2026-01-14,,,,,,s,14:00:00,15:00:00,59.99999999999995,4.0,,,5.0,5.0,,,,,,,,,
2026-01-14,,,,,,,,,,,,,,,,,,,,,,,
2026-01-14,,,,,,,,,,,,,,,,,,,,,,,
2026-01-14,,,,,,s,16:00:00,17:00:00,60.00000000000011,4.0,,,5.0,5.0,,,,5,,R 07,Stromdüse fest gebrannt ,1x,
2026-01-14,,,,,,,,,,,,,,,,,,,,,,,
2026-01-14,,,,,,,,,,,,,,,,,,,,,,,
2026-01-14,,,,,,,,,,,,,,,,,,45,,,Reinigung,,
2026-01-14,,,,,,s,,,,,,,,,,,,,,,,,
2026-01-14,,,,,,,21:00:00,21:45:00,45.0,4.0,,,0.0,,,,,,,,Drucker funktoniert nicht ( Gestelle steht vorne beim Tor),,
2026-01-14,,,,,,,,,,,,,,,,,,,,,,,
2026-01-14,,,,,,,,,,,,,,,,,,,,,Drucker funktoniert nicht ( Gestelle steht vorne beim Tor),,
2026-01-14,,,,,,s,20:00:00,21:00:00,59.99999999999995,4.0,,,5.0,5.0,,,,,,,WB 002 Rungen fehlen (Steht vorne beim Tor),,
2026-01-14,,,,,,,,,,,,,,,,,,,,,,,
2026-01-14,,,,,,,,,,,,,,,,,,,,,,,
2026-01-14,,,,,,s,19:00:00,20:00:00,60.00000000000011,4.0,,,5.0,5.0,,,,,,,Drucker funktoniert nicht ( Gestelle steht vorne beim Tor),,
2026-01-14,,,,,,,,,,,,,,,,,,,,,,,
2026-01-14,,,,,,,,,,,,,,,,,,,,,,,
2026-01-14,,,,,,,,,,,,,,,,,,,,,,,
2026-01-14,,,,,,s,13:15:00,14:00:00,45.0,4.0,,,3.0,3.0,,,,15,,,Wartungsplan,,
2026-01-14,,,,,,,,,,,,,,,,,,,,,,,
2026-01-14,,,,,,,,,,,,,,,,,,,,,"Anlage leer durch Störungen, auffüllen",,
2026-01-14,,,,,,,,,,,,,,,,,,,,,,,
2026-01-14,,,,,,f,05:00:00,06:00:00,59.999999999999986,5.0,,,6.0,6.0,,,,,,,,,
2026-01-14,,,,,,,,,,,,,,,,,,,,,,,
2026-01-14,,,,,,,,,,,,,,,,,,,,,,,
2026-01-14,,,,,,f,06:00:00,07:00:00,60.00000000000003,5.0,,,7.0,7.0,,,,,,,,,
2026-01-14,,,,,,,,,,,,,,,,,,,,,,,
2026-01-14,,,,,,,,,,,,,,,,,,,,,,,
2026-01-14,,,,,,f,07:00:00,08:00:00,59.99999999999995,5.0,,,7.0,7.0,,,,,,,,,
2026-01-14,,,,,,,,,,,,,,,,,,,,,,,
2026-01-14,,,,,,,,,,,,,,,,,,,,,,,
2026-01-14,,,,,,f,08:00:00,09:00:00,60.00000000000003,5.0,,,6.0,6.0,,,,,,,,,
2026-01-14,,,,,,,,,,,,,,,,,,,,,,,
2026-01-14,,,,,,,,,,,,,,,,,,,,,,,
2026-01-14,,,,,,f,09:30:00,10:00:00,30.000000000000053,5.0,,1.0,2.0,3.0,,,,,,,,,
2026-01-14,,,,,,,,,,,,,,,,,,,,,,,
2026-01-14,,,,,,,,,,,,,,,,,,,,,,,
2026-01-14,,,,,,s,17:30:00,18:00:00,30.000000000000053,4.0,,,3.0,3.0,,,,,,,,2x,
2026-01-14,,,,,,,,,,,,,,,,,,,,,,,
2026-01-14,,,,,,,,,,,,,,,,,,,,,,,
2026-01-14,,,,,,f,11:00:00,12:00:00,60.00000000000003,4.0,,5.0,1.0,6.0,,,,,,,,,
2026-01-14,,,,,,f,04:45:00,05:00:00,15.000000000000027,5.0,,,,,,,,15,,,Wartungsplan,,
2026-01-14,,,,,,,,,,,,,,,,5,,,,R 07,Drahtfass wechseln,,
2026-01-14,,,,,,f,12:00:00,13:15:00,75.00000000000006,4.0,,2.0,,2.0,,15,,,,R 07,Drahtfass wechseln,,
2026-01-14,,,,,,,,,,,,,,,,,,15,,,Reinigung,,
2026-01-14,,,,,,f,10:00:00,11:00:00,59.99999999999995,4.0,,5.0,,5.0,,10,,,,R 06,   R.07  -   Schweißstörung am Fronius,,
2026-01-14,,,,,,,,,,,,,,,,,,,,,,,
2026-01-14,,,,,,,,,,,,,,,,,,,,,,,
2026-01-14,,,,,,,,,,,,,,,,,,,,,,,
2026-01-14,,,,,,,,,,,,,,,,,,,,,,,
2026-01-14,,,,,,f,09:30:00,10:00:00,30.000000000000053,5.0,,1.0,2.0,3.0,,,,,,,,,
2026-01-14,,,,,,,,,,,,,,,,,,,,,,,
2026-01-14,,,,,,,,,,,,,,,,,,,,,,,
2026-01-14,,,,,,f,10:00:00,11:00:00,59.99999999999995,4.0,,5.0,,5.0,,10,,,,R 06,   R.07  -   Schweißstörung am Fronius,,
2026-01-14,,,,,,,,,,,,,,,,,,,,,,,
2026-01-14,,,,,,,,,,,,,,,,,,,,,,,
2026-01-14,,,,,,f,11:00:00,12:00:00,60.00000000000003,4.0,,5.0,1.0,6.0,,,,,,,,,
2026-01-14,,,,,,,,,,,,,,,,,,,,,,,
2026-01-14,,,,,,,,,,,,,,,,,,,,,,,
2026-01-14,,,,,,f,09:30:00,10:00:00,30.000000000000053,5.0,,1.0,2.0,3.0,,,,,,,,,
2026-01-14,,,,,,,,,,,,,,,,,,,,,,,
2026-01-14,,,,,,,,,,,,,,,,,,,,,,,
2026-01-14,,,,,,f,08:00:00,09:00:00,60.00000000000003,5.0,,,6.0,6.0,,,,,,,,,
2026-01-14,,,,,,,,,,,,,,,,,,,,,,,
2026-01-14,,,,,,,,,,,,,,,,,,,,,,,
2026-01-14,,,,,,f,07:00:00,08:00:00,59.99999999999995,5.0,,,7.0,7.0,,,,,,,,,
2026-01-14,,,,,,,,,,,,,,,,,,,,,,,
2026-01-14,,,,,,,,,,,,,,,,,,,,,,,
2026-01-14,,,,,,f,06:00:00,07:00:00,60.00000000000003,5.0,,,7.0,7.0,,,,,,,,,
2026-01-14,,,,,,,,,,,,,,,,,,,,,,,
2026-01-14,,,,,,f,05:00:00,06:00:00,59.999999999999986,5.0,,,6.0,6.0,,,,,,,,,
2026-01-14,,,,,,f,08:00:00,09:00:00,60.00000000000003,5.0,,,6.0,6.0,,,,,,,,,
2026-01-14,,,,,,,,,,,,,,,,,,,,,,,
2026-01-14,,,,,,,,,,,,,,,,,,,,,,,
2026-01-14,,,,,,f,07:00:00,08:00:00,59.99999999999995,5.0,,,7.0,7.0,,,,,,,,,
2026-01-14,,,,,,,,,,,,,,,,,,45,,,Reinigung,,
2026-01-14,,,,,,s,,,,,,,,,,,,,,,,,
2026-01-14,,,,,,,21:00:00,21:45:00,45.0,4.0,,,0.0,,,,,,,,Drucker funktoniert nicht ( Gestelle steht vorne beim Tor),,
2026-01-14,,,,,,,,,,,,,,,,,,,,,,,
2026-01-14,,,,,,,,,,,,,,,,,,,,,Drucker funktoniert nicht ( Gestelle steht vorne beim Tor),,
2026-01-14,,,,,,s,20:00:00,21:00:00,59.99999999999995,4.0,,,5.0,5.0,,,,,,,WB 002 Rungen fehlen (Steht vorne beim Tor),,
2026-01-14,,,,,,,,,,,,,,,,,,,,,,,
2026-01-14,,,,,,,,,,,,,,,,,,,,,,,
2026-01-14,,,,,,s,19:00:00,20:00:00,60.00000000000011,4.0,,,5.0,5.0,,,,,,,Drucker funktoniert nicht ( Gestelle steht vorne beim Tor),,
2026-01-14,,,,,,,,,,,,,,,,,,,,,,,
2026-01-14,,,,,,,,,,,,,,,,,,,,,,,
2026-01-14,,,,,,,,,,,,,,,,,,,,,,,
2026-01-14,,,,,,s,18:00:00,19:00:00,59.99999999999995,4.0,,,5.0,5.0,,,,,,,Drucker funktoniert nicht ( Gestelle steht vorne beim Tor),,
2026-01-14,,,,,,,,,,,,,,,,,,,,,,,
2026-01-14,,,,,,f,04:45:00,05:00:00,15.000000000000027,5.0,,,,,,,,15,,,Wartungsplan,,
2026-01-14,,,,,,,,,,,,,,,,,,,,,,,
2026-01-14,,,,,,,,,,,,,,,,,,,,,,,
2026-01-14,,,,,,f,05:00:00,06:00:00,59.999999999999986,5.0,,,6.0,6.0,,,,,,,,,
2026-01-14,,,,,,s,18:00:00,19:00:00,59.99999999999995,4.0,,,5.0,5.0,,,,,,,Drucker funktoniert nicht ( Gestelle steht vorne beim Tor),,
2026-01-14,,,,,,,,,,,,,,,,,,,,,,,
2026-01-14,,,,,,,,,,,,,,,,,,,,,,,
2026-01-14,,,,,,f,06:00:00,07:00:00,60.00000000000003,5.0,,,7.0,7.0,,,,,,,,,
2026-01-14,,,,,,,,,,,,,,,,,,,,,,,
2026-01-14,,,,,,,,,,,,,,,,,,,,,,,
2026-01-14,,,,,,,,,,,,,,,,,,,,,,,
2026-01-14,,,,,,f,04:45:00,05:00:00,15.000000000000027,5.0,,,,,,,,15,,,Wartungsplan,,
2026-01-14,,,,,,,,,,,,,,,,,,,,,,,
2026-01-14,,,,,,s,17:30:00,18:00:00,30.000000000000053,4.0,,,3.0,3.0,,,,,,,,2x,
2026-01-14,,,,,,,,,,,,,,,,,,,,,,,
2026-01-14,,,,,,,,,,,,,,,,,,,,,,,
2026-01-14,,,,,,s,18:00:00,19:00:00,59.99999999999995,4.0,,,5.0,5.0,,,,,,,Drucker funktoniert nicht ( Gestelle steht vorne beim Tor),,
2026-01-14,,,,,,,,,,,,,,,,,,,,,,,
2026-01-14,,,,,,,,,,,,,,,,,,,,,,,
2026-01-14,,,,,,s,19:00:00,20:00:00,60.00000000000011,4.0,,,5.0,5.0,,,,,,,Drucker funktoniert nicht ( Gestelle steht vorne beim Tor),,
2026-01-14,,,,,,,,,,,,,,,,,,,,,,,
2026-01-14,,,,,,,,,,,,,,,,,,,,,,,
2026-01-14,,,,,,s,20:00:00,21:00:00,59.99999999999995,4.0,,,5.0,5.0,,,,,,,WB 002 Rungen fehlen (Steht vorne beim Tor),,
2026-01-14,,,,,,,,,,,,,,,,,,,,,Drucker funktoniert nicht ( Gestelle steht vorne beim Tor),,
2026-01-14,,,,,,,,,,,,,,,,,,,,,,,
2026-01-14,,,,,,,21:00:00,21:45:00,45.0,4.0,,,0.0,,,,,,,,Drucker funktoniert nicht ( Gestelle steht vorne beim Tor),,
2026-01-14,,,,,,s,,,,,,,,,,,,,,,,,
2026-01-14,,,,,,,,,,,,,,,,,,45,,,Reinigung,,
2026-01-14,,,,,,s,13:15:00,14:00:00,45.0,4.0,,,3.0,3.0,,,,15,,,Wartungsplan,,
2026-01-14,,,,,,,,,,,,,,,,,,,,,,,
2026-01-14,,,,,,,,,,,,,,,,,,,,,,,
2026-01-14,,,,,,s,14:00:00,15:00:00,59.99999999999995,4.0,,,5.0,5.0,,,,,,,,,
2026-01-14,,,,,,,,,,,,,,,,,,,,,,,
2026-01-14,,,,,,,,,,,,,,,,,,,,,,,
2026-01-14,,,,,,s,15:00:00,16:00:00,59.99999999999995,4.0,,,5.0,5.0,,,,5,,R 07,Stromdüse fest gebrannt ,1x,
2026-01-14,,,,,,,,,,,,,,,,,,,,,Robtech wurde informiert,,
2026-01-14,,,,,,,,,,,,,,,,,,,,,,,
2026-01-14,,,,,,,,,,,,,,,,,,,,,,,
2026-01-14,,,,,,s,16:00:00,17:00:00,60.00000000000011,4.0,,,5.0,5.0,,,,5,,R 07,Stromdüse fest gebrannt ,1x,
2026-01-14,,,,,,,,,,,,,,,,,,,,,,,
2026-01-14,,,,,,s,16:00:00,17:00:00,60.00000000000011,4.0,,,5.0,5.0,,,,5,,R 07,Stromdüse fest gebrannt ,1x,
2026-01-14,,,,,,f,10:00:00,11:00:00,59.99999999999995,4.0,,5.0,,5.0,,10,,,,R 06,   R.07  -   Schweißstörung am Fronius,,
2026-01-14,,,,,,,,,,,,,,,,,,,,,,,
2026-01-14,,,,,,,,,,,,,,,,,,,,,,,
2026-01-14,,,,,,,,,,,,,,,,,,,,,,,
2026-01-14,,,,,,,,,,,,,,,,5,,,,R 07,Drahtfass wechseln,,
2026-01-14,,,,,,f,12:00:00,13:15:00,75.00000000000006,4.0,,2.0,,2.0,,15,,,,R 07,Drahtfass wechseln,,
2026-01-14,,,,,,,,,,,,,,,,,,,,,"Anlage leer durch Störungen, auffüllen",,
2026-01-14,,,,,,,,,,,,,,,,,,15,,,Reinigung,,
2026-01-14,,,,,,f,11:00:00,12:00:00,60.00000000000003,4.0,,5.0,1.0,6.0,,,,,,,,,
2026-01-14,,,,,,,,,,,,,,,,,,,,,,,
2026-01-14,,,,,,,,,,,,,,,,5,,,,R 07,Drahtfass wechseln,,
2026-01-14,,,,,,f,12:00:00,13:15:00,75.00000000000006,4.0,,2.0,,2.0,,15,,,,R 07,Drahtfass wechseln,,
2026-01-14,,,,,,,,,,,,,,,,,,,,,"Anlage leer durch Störungen, auffüllen",,
2026-01-14,,,,,,,,,,,,,,,,,,15,,,Reinigung,,
2026-01-14,,,,,,s,13:15:00,14:00:00,45.0,4.0,,,3.0,3.0,,,,15,,,Wartungsplan,,
2026-01-14,,,,,,,,,,,,,,,,,,,,,,,
2026-01-14,,,,,,,,,,,,,,,,,,,,,,,
2026-01-14,,,,,,s,14:00:00,15:00:00,59.99999999999995,4.0,,,5.0,5.0,,,,,,,,,
2026-01-14,,,,,,,,,,,,,,,,,,,,,,,
2026-01-14,,,,,,,,,,,,,,,,,,,,,,,
2026-01-14,,,,,,s,15:00:00,16:00:00,59.99999999999995,4.0,,,5.0,5.0,,,,5,,R 07,Stromdüse fest gebrannt ,1x,
2026-01-14,,,,,,,,,,,,,,,,,,,,,Robtech wurde informiert,,
2026-01-14,,,,,,,,,,,,,,,,,,,,,,,
2026-01-14,,,,,,,,,,,,,,,,,,,,,,,
2026-01-14,,,,,,,,,,,,,,,,,,,,,,,
2026-01-15,,,,,,,,,,,,,,,,,,,,,,,
2026-01-15,,,,,,,,,,,,,,,,,,,,,,,
2026-01-15,,,,,,f,05:00:00,06:00:00,59.999999999999986,4.0,,1.0,2.0,3.0,,,,,,,,,
2026-01-15,,,,,,f,08:00:00,09:00:00,60.00000000000003,4.0,,,4.0,4.0,,,,,,,,,
2026-01-15,,,,,,,,,,,,,,,,,,,,,,,
2026-01-15,,,,,,f,04:45:00,05:00:00,15.000000000000027,3.0,,,,,,,,15,,,Wartungsplan,,
2026-01-15,,,,,,f,06:00:00,07:00:00,60.00000000000003,4.0,,,4.0,4.0,,,,,,,,,
2026-01-15,,,,,,,,,,,,,,,,,,,,,,,
2026-01-15,,,,,,,,,,,,,,,,,,,,,,,
2026-01-15,,,,,,,,,,,,,,,,,,,,,,,
2026-01-15,,,,,,f,07:00:00,08:00:00,59.99999999999995,4.0,,,4.0,4.0,,,,,,,,,
2026-01-15,,,,,,s,18:00:00,19:00:00,59.99999999999995,4.0,,,5.0,5.0,,,,,,,,,
2026-01-15,,,,,,,,,,,,,,,,,,,,,,,
2026-01-15,,,,,,,,,,,,,,,,,,,,,,,
2026-01-15,,,,,,s,19:00:00,20:00:00,60.00000000000011,4.0,,,5.0,5.0,,,,,,,,,
2026-01-15,,,,,,,,,,,,,,,,,,,,,,,
2026-01-15,,,,,,,,,,,,,,,,,,,,,,,
2026-01-15,,,,,,s,20:00:00,21:00:00,59.99999999999995,4.0,,,4.0,4.0,,,,10,,R 05,Kein Vakuum ,,
2026-01-15,,,,,,,,,,,,,,,,,,,,,,,
2026-01-15,,,,,,,,,,,,,,,,,,,,,,,
2026-01-15,,,,,,,21:00:00,21:45:00,45.0,4.0,,,1.0,1.0,,,,,,,,,
2026-01-15,,,,,,s,,,,,,,,,,,,,,,,,
2026-01-15,,,,,,,,,,,,,,,,,,15,,,Reinigung,,
2026-01-15,,,,,,,,,,,,,,,,,,,,,,,
2026-01-15,,,,,,,,,,,,,,,,,,,,,,,
2026-01-15,,,,,,f,09:30:00,10:00:00,30.000000000000053,4.0,,,2.0,2.0,,,,,,,,,
2026-01-15,,,,,,,,,,,,,,,,,,,,,,,
2026-01-15,,,,,,f,04:45:00,05:00:00,15.000000000000027,3.0,,,,,,,,15,,,Wartungsplan,,
2026-01-15,,,,,,,,,,,,,,,,,,,,,,,
2026-01-15,,,,,,,,,,,,,,,,,,,,,,,
2026-01-15,,,,,,f,05:00:00,06:00:00,59.999999999999986,4.0,,1.0,2.0,3.0,,,,,,,,,
2026-01-15,,,,,,,,,,,,,,,,,,,,,,,
2026-01-15,,,,,,,,,,,,,,,,,,,,,,,
2026-01-15,,,,,,f,06:00:00,07:00:00,60.00000000000003,4.0,,,4.0,4.0,,,,,,,,,
2026-01-15,,,,,,,,,,,,,,,,,,,,,,,
2026-01-15,,,,,,,,,,,,,,,,,,,,,,,
2026-01-15,,,,,,f,07:00:00,08:00:00,59.99999999999995,4.0,,,4.0,4.0,,,,,,,,,
2026-01-15,,,,,,,,,,,,,,,,,,,,,,,
2026-01-15,,,,,,,,,,,,,,,,,,,,,,,
2026-01-15,,,,,,,,,,,,,,,,,,,,,,,
2026-01-15,,,,,,,,,,,,,,,,,,,,,,,
2026-01-15,,,,,,,,,,,,,,,,,,,,,,,
2026-01-15,,,,,,,,,,,,,,,,,,,,,,,
2026-01-15,,,,,,,,,,,,,,,,,,,,,,,
2026-01-15,,,,,,,,,,,,,,,,,,,,,,,
2026-01-15,,,,,,f,08:00:00,09:00:00,60.00000000000003,4.0,,,4.0,4.0,,,,,,,,,
2026-01-15,,,,,,,,,,,,,,,,,,,,,,,
2026-01-15,,,,,,,,,,,,,,,,,,,,,,,
2026-01-15,,,,,,f,09:30:00,10:00:00,30.000000000000053,4.0,,,2.0,2.0,,,,,,,,,
2026-01-15,,,,,,,,,,,,,,,,,,,,,,,
2026-01-15,,,,,,,,,,,,,,,,,,,,,,,
2026-01-15,,,,,,f,10:00:00,11:00:00,59.99999999999995,4.0,,,5.0,5.0,,,,,,,,,
2026-01-15,,,,,,,,,,,,,,,,,,,,,,,
2026-01-15,,,,,,,,,,,,,,,,,,,,,,,
2026-01-15,,,,,,f,11:00:00,12:00:00,60.00000000000003,4.0,,,4.0,4.0,,,,,,,,,
2026-01-15,,,,,,,,,,,,,,,,,,,,,,,
2026-01-15,,,,,,s,17:30:00,18:00:00,30.000000000000053,4.0,,,2.0,2.0,,,,,,,,,
2026-01-15,,,,,,,,,,,,,,,,,,,,,,,
2026-01-15,,,,,,,,,,,,,,,,,,,,,,,
2026-01-15,,,,,,,,,,,,,,,,,,15,,,Reinigung,,
2026-01-15,,,,,,,,,,,,,,,,,,,,,,,
2026-01-15,,,,,,s,13:15:00,14:00:00,45.0,4.0,,,2.0,2.0,,,,15,,,Wartungsplan,,
2026-01-15,,,,,,,,,,,,,,,,,,,,,,,
2026-01-15,,,,,,,,,,,,,,,,,,,,,,,
2026-01-15,,,,,,s,14:00:00,15:00:00,59.99999999999995,4.0,,,5.0,5.0,,,,,,,,,
2026-01-15,,,,,,,,,,,,,,,,,,,,,,,
2026-01-15,,,,,,,,,,,,,,,,,,,,,,,
2026-01-15,,,,,,s,15:00:00,16:00:00,59.99999999999995,4.0,,,5.0,5.0,,,,,,,,,
2026-01-15,,,,,,,,,,,,,,,,,,,,,,,
2026-01-15,,,,,,s,16:00:00,17:00:00,60.00000000000011,4.0,,,5.0,5.0,,,,,,,,,
2026-01-15,,,,,,,,,,,,,,,,,,,,,,,
2026-01-15,,,,,,f,12:00:00,13:15:00,75.00000000000006,4.0,,,4.0,4.0,,,,,,,,,
2026-01-15,,,,,,,,,,,,,,,,,,,,,,,
2026-01-15,,,,,,,,,,,,,,,,,,,,,,,
2026-01-15,,,,,,,,,,,,,,,,,,,,,,,
2026-01-15,,,,,,s,20:00:00,21:00:00,59.99999999999995,4.0,,,4.0,4.0,,,,10,,R 05,Kein Vakuum ,,
2026-01-15,,,,,,,,,,,,,,,,,,,,,,,
2026-01-15,,,,,,,,,,,,,,,,,,,,,,,
2026-01-15,,,,,,s,19:00:00,20:00:00,60.00000000000011,4.0,,,5.0,5.0,,,,,,,,,
2026-01-15,,,,,,,,,,,,,,,,,,,,,,,
2026-01-15,,,,,,,,,,,,,,,,,,,,,,,
2026-01-15,,,,,,s,18:00:00,19:00:00,59.99999999999995,4.0,,,5.0,5.0,,,,,,,,,
2026-01-15,,,,,,,,,,,,,,,,,,,,,,,
2026-01-15,,,,,,,,,,,,,,,,,,,,,,,
2026-01-15,,,,,,s,17:30:00,18:00:00,30.000000000000053,4.0,,,2.0,2.0,,,,,,,,,
2026-01-15,,,,,,,,,,,,,,,,,,,,,,,
2026-01-15,,,,,,,,,,,,,,,,,,,,,,,
2026-01-15,,,,,,s,16:00:00,17:00:00,60.00000000000011,4.0,,,5.0,5.0,,,,,,,,,
2026-01-15,,,,,,,,,,,,,,,,,,,,,,,
2026-01-15,,,,,,,,,,,,,,,,,,,,,,,
2026-01-15,,,,,,s,15:00:00,16:00:00,59.99999999999995,4.0,,,5.0,5.0,,,,,,,,,
2026-01-15,,,,,,,,,,,,,,,,,,,,,,,
2026-01-15,,,,,,,,,,,,,,,,,,,,,,,
2026-01-15,,,,,,s,14:00:00,15:00:00,59.99999999999995,4.0,,,5.0,5.0,,,,,,,,,
2026-01-15,,,,,,,,,,,,,,,,,,,,,,,
2026-01-15,,,,,,,,,,,,,,,,,,,,,,,
2026-01-15,,,,,,s,13:15:00,14:00:00,45.0,4.0,,,2.0,2.0,,,,15,,,Wartungsplan,,
2026-01-15,,,,,,,,,,,,,,,,,,,,,,,
2026-01-15,,,,,,,,,,,,,,,,,,,,,,,
2026-01-15,,,,,,,,,,,,,,,,,,,,,,,
2026-01-15,,,,,,,21:00:00,21:45:00,45.0,4.0,,,1.0,1.0,,,,,,,,,
2026-01-15,,,,,,,,,,,,,,,,,,,,,,,
2026-01-15,,,,,,,,,,,,,,,,,,,,,,,
2026-01-15,,,,,,s,16:00:00,17:00:00,60.00000000000011,4.0,,,5.0,5.0,,,,,,,,,
2026-01-15,,,,,,,,,,,,,,,,,,,,,,,
2026-01-15,,,,,,,,,,,,,,,,,,,,,,,
2026-01-15,,,,,,s,15:00:00,16:00:00,59.99999999999995,4.0,,,5.0,5.0,,,,,,,,,
2026-01-15,,,,,,,,,,,,,,,,,,,,,,,
2026-01-15,,,,,,,,,,,,,,,,,,,,,,,
2026-01-15,,,,,,s,14:00:00,15:00:00,59.99999999999995,4.0,,,5.0,5.0,,,,,,,,,
2026-01-15,,,,,,,,,,,,,,,,,,,,,,,
2026-01-15,,,,,,,,,,,,,,,,,,,,,,,
2026-01-15,,,,,,s,13:15:00,14:00:00,45.0,4.0,,,2.0,2.0,,,,15,,,Wartungsplan,,
2026-01-15,,,,,,,,,,,,,,,,,,15,,,Reinigung,,
2026-01-15,,,,,,,,,,,,,,,,,,,,,,,
2026-01-15,,,,,,,,,,,,,,,,,,,,,,,
2026-01-15,,,,,,f,12:00:00,13:15:00,75.00000000000006,4.0,,,4.0,4.0,,,,,,,,,
2026-01-15,,,,,,,,,,,,,,,,,,,,,,,
2026-01-15,,,,,,,,,,,,,,,,,,,,,,,
2026-01-15,,,,,,f,11:00:00,12:00:00,60.00000000000003,4.0,,,4.0,4.0,,,,,,,,,
2026-01-15,,,,,,,,,,,,,,,,,,,,,,,
2026-01-15,,,,,,,,,,,,,,,,,,,,,,,
2026-01-15,,,,,,f,10:00:00,11:00:00,59.99999999999995,4.0,,,5.0,5.0,,,,,,,,,
2026-01-15,,,,,,,,,,,,,,,,,,,,,,,
2026-01-15,,,,,,f,04:45:00,05:00:00,15.000000000000027,3.0,,,,,,,,15,,,Wartungsplan,,
2026-01-15,,,,,,,,,,,,,,,,,,15,,,Reinigung,,
2026-01-15,,,,,,,,,,,,,,,,,,15,,,Reinigung,,
2026-01-15,,,,,,,,,,,,,,,,,,,,,,,
2026-01-15,,,,,,s,,,,,,,,,,,,,,,,,
2026-01-15,,,,,,s,17:30:00,18:00:00,30.000000000000053,4.0,,,2.0,2.0,,,,,,,,,
2026-01-15,,,,,,f,11:00:00,12:00:00,60.00000000000003,4.0,,,4.0,4.0,,,,,,,,,
2026-01-15,,,,,,,,,,,,,,,,,,,,,,,
2026-01-15,,,,,,f,12:00:00,13:15:00,75.00000000000006,4.0,,,4.0,4.0,,,,,,,,,
2026-01-15,,,,,,,,,,,,,,,,,,15,,,Reinigung,,
2026-01-15,,,,,,s,,,,,,,,,,,,,,,,,
2026-01-15,,,,,,,21:00:00,21:45:00,45.0,4.0,,,1.0,1.0,,,,,,,,,
2026-01-15,,,,,,,,,,,,,,,,,,,,,,,
2026-01-15,,,,,,s,20:00:00,21:00:00,59.99999999999995,4.0,,,4.0,4.0,,,,10,,R 05,Kein Vakuum ,,
2026-01-15,,,,,,,,,,,,,,,,,,,,,,,
2026-01-15,,,,,,,,,,,,,,,,,,,,,,,
2026-01-15,,,,,,s,19:00:00,20:00:00,60.00000000000011,4.0,,,5.0,5.0,,,,,,,,,
2026-01-15,,,,,,,,,,,,,,,,,,,,,,,
2026-01-15,,,,,,,,,,,,,,,,,,,,,,,
2026-01-15,,,,,,s,18:00:00,19:00:00,59.99999999999995,4.0,,,5.0,5.0,,,,,,,,,
2026-01-15,,,,,,,,,,,,,,,,,,,,,,,
2026-01-15,,,,,,,,,,,,,,,,,,,,,,,
2026-01-15,,,,,,,,,,,,,,,,,,,,,,,
2026-01-15,,,,,,,,,,,,,,,,,,,,,,,
2026-01-15,,,,,,,,,,,,,,,,,,,,,,,
2026-01-15,,,,,,f,10:00:00,11:00:00,59.99999999999995,4.0,,,5.0,5.0,,,,,,,,,
2026-01-15,,,,,,f,05:00:00,06:00:00,59.999999999999986,4.0,,1.0,2.0,3.0,,,,,,,,,
2026-01-15,,,,,,,,,,,,,,,,,,,,,,,
2026-01-15,,,,,,,,,,,,,,,,,,,,,,,
2026-01-15,,,,,,f,06:00:00,07:00:00,60.00000000000003,4.0,,,4.0,4.0,,,,,,,,,
2026-01-15,,,,,,,,,,,,,,,,,,,,,,,
2026-01-15,,,,,,,,,,,,,,,,,,,,,,,
2026-01-15,,,,,,f,07:00:00,08:00:00,59.99999999999995,4.0,,,4.0,4.0,,,,,,,,,
2026-01-15,,,,,,,,,,,,,,,,,,,,,,,
2026-01-15,,,,,,,,,,,,,,,,,,,,,,,
2026-01-15,,,,,,f,08:00:00,09:00:00,60.00000000000003,4.0,,,4.0,4.0,,,,,,,,,
2026-01-15,,,,,,,,,,,,,,,,,,,,,,,
2026-01-15,,,,,,,,,,,,,,,,,,,,,,,
2026-01-15,,,,,,f,09:30:00,10:00:00,30.000000000000053,4.0,,,2.0,2.0,,,,,,,,,
2026-01-15,,,,,,,,,,,,,,,,,,,,,,,
2026-01-15,,,,,,,,,,,,,,,,,,,,,,,
2026-01-19,,,,,,,,,,,,,,,,,,,,,,,
2026-01-19,,,,,,n,00:00:00,01:00:00,60.0,4.0,,,4.0,4.0,,,,,,,,,
2026-01-19,,,,,,,,,,,,,,,,,,,,,,,
2026-01-19,,,,,,,,,,,,,,,,,,,,,,,
2026-01-19,,,,,,n,01:30:00,02:00:00,29.999999999999993,4.0,,,2.0,2.0,,,,,,,,,
2026-01-19,,,,,,,,,,,,,,,,,,,,,,,
2026-01-19,,,,,,f,05:00:00,06:00:00,59.999999999999986,3.0,,,4.0,4.0,,,,,,,,,
2026-01-19,,,,,,,,,,,,,,,,,,,,,,,
2026-01-19,,,,,,,,,,,,,,,,,,,,,,,
2026-01-19,,,,,,f,04:45:00,05:00:00,15.000000000000027,3.0,,,0.0,,,,,15,,,Wartungsplan,,
2026-01-19,,,,,,,,,,,,,,,,,,15,,,Reinigung,,
2026-01-19,,,,,,,,,,,,,,,,,,,,,,,
2026-01-19,,,,,,,,,,,,,,,,,,,,,,,
2026-01-19,,,,,,n,04:00:00,05:00:00,60.00000000000003,4.0,,,2.0,2.0,,,,,,,,,
2026-01-19,,,,,,,,,,,,,,,,,,,,,,,
2026-01-19,,,,,,n,02:00:00,03:00:00,60.0,4.0,,,4.0,4.0,,5,,,,R 06,Gasdüse und Kontaktrohr getauscht.,,
2026-01-19,,,,,,,,,,,,,,,,,,,,,,,
2026-01-19,,,,,,,,,,,,,,,,,,,,,,,
2026-01-19,,,,,,n,03:00:00,04:00:00,59.999999999999986,4.0,,,4.0,4.0,,,,,8.0,OP 10,"Warten auf Material, zu viel Trapezbleche gebucht.",,
2026-01-19,,,,,,,,,,,,,,,,,,,,,,,
2026-01-19,,,,,,,,,,,,,,,,3,,,,R 06,Festgebrannt,,
2026-01-19,,,,,,,,,,,,,,,,,,,,,,,
2026-01-19,,,,,,,,,,,,,,,,,,,,,,,
2026-01-19,,,,,,s,17:30:00,18:00:00,30.000000000000053,6.0,,,3.0,3.0,,,,,,,,,
2026-01-19,,,,,,,,,,,,,,,,,,,,,,,
2026-01-19,,,,,,,,,,,,,,,,15,,,,R 06,Drahtfass wechseln,,
2026-01-19,,,,,,s,18:00:00,19:00:00,59.99999999999995,6.0,,,7.0,7.0,,,,,,,,,
2026-01-19,,,,,,,,,,,,,,,,,,,,,,,
2026-01-19,,,,,,,,,,,,,,,,,,,,,,,
2026-01-19,,,,,,s,19:00:00,20:00:00,60.00000000000011,6.0,,,6.0,6.0,,,,,,,,,
2026-01-19,,,,,,,,,,,,,,,,,,,,,,,
2026-01-19,,,,,,,,,,,,,,,,,,,15.0,,Bleche auf TB Gestell falsch Gebucht.,,
2026-01-19,,,,,,n,23:00:00,00:00:00,-1380.0,4.0,,,3.0,3.0,,5,,,,R 06,Schweißstörung,2,
2026-01-19,,,,,,s,20:00:00,21:00:00,59.99999999999995,6.0,,,5.0,5.0,,,,,,,"Anlage leer durch Störungen, auffüllen",,
2026-01-19,,,,,,,,,,,,,,,,,,,,,,,
2026-01-19,,,,,,,21:00:00,21:45:00,45.0,9.0,,,4.0,4.0,,,,,,,,,
2026-01-19,,,,,,s,,,,,,,,,,,,,,,,,
2026-01-19,,,,,,,,,,,,,,,,,,,,,,,
2026-01-19,,,,,,n,21:45:00,22:00:00,14.999999999999947,4.0,,,2.0,2.0,,,,15,,,Wartungsplan,,
2026-01-19,,,,,,,,,,,,,,,,,,,,,,,
2026-01-19,,,,,,,,,,,,,,,,,,,,,,,
2026-01-19,,,,,,n,22:00:00,23:00:00,60.00000000000011,4.0,,,4.0,4.0,,,,15,,R 05,Sauger locker,,
2026-01-19,,,,,,,,,,,,,,,,,,,,,,,
2026-01-19,,,,,,,,,,,,,,,,,,,,,,,
2026-01-19,,,,,,,,,,,,,,,,,,,,,,,
2026-01-19,,,,,,,,,,,,,,,,,,,,,,,
2026-01-19,,,,,,,,,,,,,,,,,,,,,,,
2026-01-19,,,,,,,,,,,,,,,,,,,,,,,
2026-01-19,,,,,,n,02:00:00,03:00:00,60.0,4.0,,,4.0,4.0,,5,,,,R 06,Gasdüse und Kontaktrohr getauscht.,,
2026-01-19,,,,,,,,,,,,,,,,,,,,,,,
2026-01-19,,,,,,,,,,,,,,,,,,,,,,,
2026-01-19,,,,,,n,01:30:00,02:00:00,29.999999999999993,4.0,,,2.0,2.0,,,,,,,,,
2026-01-19,,,,,,,,,,,,,,,,,,,,,,,
2026-01-19,,,,,,,,,,,,,,,,,,,,,,,
2026-01-19,,,,,,n,00:00:00,01:00:00,60.0,4.0,,,4.0,4.0,,,,,,,,,
2026-01-19,,,,,,,,,,,,,,,,,,,,,,,
2026-01-19,,,,,,,,,,,,,,,,3,,,,R 06,Festgebrannt,,
2026-01-19,,,,,,n,23:00:00,00:00:00,-1380.0,4.0,,,3.0,3.0,,5,,,,R 06,Schweißstörung,2,
2026-01-19,,,,,,,,,,,,,,,,,,,,,,,
2026-01-19,,,,,,,,,,,,,,,,,,,,,,,
2026-01-19,,,,,,,,,,,,,,,,,,,,,,,
2026-01-19,,,,,,s,17:30:00,18:00:00,30.000000000000053,6.0,,,3.0,3.0,,,,,,,,,
2026-01-19,,,,,,,,,,,,,,,,,,,,,,,
2026-01-19,,,,,,,,,,,,,,,,15,,,,R 06,Drahtfass wechseln,,
2026-01-19,,,,,,,,,,,,,,,,,,,,,,,
2026-01-19,,,,,,n,21:45:00,22:00:00,14.999999999999947,4.0,,,2.0,2.0,,,,15,,,Wartungsplan,,
2026-01-19,,,,,,,,,,,,,,,,,,,,,,,
2026-01-19,,,,,,s,,,,,,,,,,,,,,,,,
2026-01-19,,,,,,,21:00:00,21:45:00,45.0,9.0,,,4.0,4.0,,,,,,,,,
2026-01-19,,,,,,,,,,,,,,,,,,,,,,,
2026-01-19,,,,,,,,,,,,,,,,,,,,,,,
2026-01-19,,,,,,,,,,,,,,,,,,,,,,,
2026-01-19,,,,,,,,,,,,,,,,,,,15.0,,Bleche auf TB Gestell falsch Gebucht.,,
2026-01-19,,,,,,,,,,,,,,,,,,,,,,,
2026-01-19,,,,,,s,19:00:00,20:00:00,60.00000000000011,6.0,,,6.0,6.0,,,,,,,,,
2026-01-19,,,,,,,,,,,,,,,,,,,,,,,
2026-01-19,,,,,,,,,,,,,,,,,,,,,,,
2026-01-19,,,,,,s,18:00:00,19:00:00,59.99999999999995,6.0,,,7.0,7.0,,,,,,,,,
2026-01-19,,,,,,s,20:00:00,21:00:00,59.99999999999995,6.0,,,5.0,5.0,,,,,,,"Anlage leer durch Störungen, auffüllen",,
2026-01-19,,,,,,f,06:00:00,07:00:00,60.00000000000003,3.0,,,5.0,5.0,,,,,,,,,
2026-01-19,,,,,,n,03:00:00,04:00:00,59.999999999999986,4.0,,,4.0,4.0,,,,,8.0,OP 10,"Warten auf Material, zu viel Trapezbleche gebucht.",,
2026-01-19,,,,,,,,,,,,,,,,,,,,,,,
2026-01-19,,,,,,,,,,,,,,,,,,,,,,,
2026-01-19,,,,,,f,07:00:00,08:00:00,59.99999999999995,3.0,,,5.0,5.0,,,,,,,,,
2026-01-19,,,,,,,,,,,,,,,,,,,,,,,
2026-01-19,,,,,,,,,,,,,,,,,,,,,,,
2026-01-19,,,,,,n,22:00:00,23:00:00,60.00000000000011,4.0,,,4.0,4.0,,,,15,,R 05,Sauger locker,,
2026-01-19,,,,,,,,,,,,,,,,,,,,,,,
2026-01-19,,,,,,,,,,,,,,,,,,,,,,,
2026-01-19,,,,,,f,09:30:00,10:00:00,30.000000000000053,3.0,,,2.0,2.0,,,,,,,,,
2026-01-19,,,,,,,,,,,,,,,,,,,,,,,
2026-01-19,,,,,,,,,,,,,,,,,,,,,,,
2026-01-19,,,,,,f,10:00:00,11:00:00,59.99999999999995,3.0,,,4.0,4.0,,,,,,,,,
2026-01-19,,,,,,,,,,,,,,,,,,,,,,,
2026-01-19,,,,,,,,,,,,,,,,,,,10.0,,Anlage leer gelaufen ,,
2026-01-19,,,,,,f,11:00:00,12:00:00,60.00000000000003,3.0,,,4.0,4.0,,,,,,,,,
2026-01-19,,,,,,,,,,,,,,,,,,,10.0,R 06,Schweißstörung (Programm Blockiert),,
2026-01-19,,,,,,,,,,,,,,,,,,,,,,,
2026-01-19,,,,,,f,12:00:00,13:15:00,75.00000000000006,3.0,,,5.0,5.0,,,,,,,,,
2026-01-19,,,,,,n,04:00:00,05:00:00,60.00000000000003,4.0,,,2.0,2.0,,,,,,,,,
2026-01-19,,,,,,,,,,,,,,,,,,,,,,,
2026-01-19,,,,,,s,16:00:00,17:00:00,60.00000000000011,6.0,,6.0,2.0,8.0,,,,,,,,,
2026-01-19,,,,,,,,,,,,,,,,,,,,,,,
2026-01-19,,,,,,,,,,,,,,,,,15,,,,Kratzer in der Stirnwand ausbessern.,3,
2026-01-19,,,,,,s,15:00:00,16:00:00,59.99999999999995,6.0,,,6.0,6.0,,,,,,,,,
2026-01-19,,,,,,,,,,,,,,,,,,,,,,,
2026-01-19,,,,,,,,,,,,,,,,,,,,,,,
2026-01-19,,,,,,s,14:00:00,15:00:00,59.99999999999995,6.0,,4.0,3.0,7.0,,,,,,,,,
2026-01-19,,,,,,,,,,,,,,,,,,,,,,,
2026-01-19,,,,,,,,,,,,,,,,,,,,,,,
2026-01-19,,,,,,s,13:15:00,14:00:00,45.0,6.0,,5.0,,5.0,,,,15,,,Wartungsplan,,
2026-01-19,,,,,,,,,,,,,,,,,,15,,,Reinigung,,
2026-01-19,,,,,,,,,,,,,,,,,,,,,,,
2026-01-19,,,,,,,,,,,,,,,,,,,,,,,
2026-01-19,,,,,,f,08:00:00,09:00:00,60.00000000000003,3.0,,,5.0,5.0,,,,,,,,,
2026-01-19,,,,,,n,00:00:00,01:00:00,60.0,4.0,,,4.0,4.0,,,,,,,,,
2026-01-19,,,,,,,,,,,,,,,,,,15,,,Reinigung,,
2026-01-19,,,,,,s,15:00:00,16:00:00,59.99999999999995,6.0,,,6.0,6.0,,,,,,,,,
2026-01-19,,,,,,,,,,,,,,,,,15,,,,Kratzer in der Stirnwand ausbessern.,3,
2026-01-19,,,,,,,,,,,,,,,,,,,,,,,
2026-01-19,,,,,,s,16:00:00,17:00:00,60.00000000000011,6.0,,6.0,2.0,8.0,,,,,,,,,
2026-01-19,,,,,,,,,,,,,,,,,,,,,,,
2026-01-19,,,,,,f,04:45:00,05:00:00,15.000000000000027,3.0,,,0.0,,,,,15,,,Wartungsplan,,
2026-01-19,,,,,,,,,,,,,,,,,,,,,,,
2026-01-19,,,,,,,,,,,,,,,,,,,,,,,
2026-01-19,,,,,,f,05:00:00,06:00:00,59.999999999999986,3.0,,,4.0,4.0,,,,,,,,,
2026-01-19,,,,,,,,,,,,,,,,,,,,,,,
2026-01-19,,,,,,,,,,,,,,,,,,,,,,,
2026-01-19,,,,,,f,06:00:00,07:00:00,60.00000000000003,3.0,,,5.0,5.0,,,,,,,,,
2026-01-19,,,,,,,,,,,,,,,,,,,,,,,
2026-01-19,,,,,,,,,,,,,,,,,,,,,,,
2026-01-19,,,,,,,,,,,,,,,,,,,,,,,
2026-01-19,,,,,,,,,,,,,,,,,,,,,,,
2026-01-19,,,,,,,,,,,,,,,,,,,,,,,
2026-01-19,,,,,,f,08:00:00,09:00:00,60.00000000000003,3.0,,,5.0,5.0,,,,,,,,,
2026-01-19,,,,,,,,,,,,,,,,,,,,,,,
2026-01-19,,,,,,,,,,,,,,,,,,,,,,,
2026-01-19,,,,,,f,09:30:00,10:00:00,30.000000000000053,3.0,,,2.0,2.0,,,,,,,,,
2026-01-19,,,,,,,,,,,,,,,,,,,,,,,
2026-01-19,,,,,,,,,,,,,,,,,,,,,,,
2026-01-19,,,,,,f,10:00:00,11:00:00,59.99999999999995,3.0,,,4.0,4.0,,,,,,,,,
2026-01-19,,,,,,,,,,,,,,,,,,,,,,,
2026-01-19,,,,,,,,,,,,,,,,,,,10.0,,Anlage leer gelaufen ,,
2026-01-19,,,,,,f,11:00:00,12:00:00,60.00000000000003,3.0,,,4.0,4.0,,,,,,,,,
2026-01-19,,,,,,,,,,,,,,,,,,,10.0,R 06,Schweißstörung (Programm Blockiert),,
2026-01-19,,,,,,f,07:00:00,08:00:00,59.99999999999995,3.0,,,5.0,5.0,,,,,,,,,
2026-01-19,,,,,,,,,,,,,,,,,,,,,,,
2026-01-19,,,,,,s,14:00:00,15:00:00,59.99999999999995,6.0,,4.0,3.0,7.0,,,,,,,,,
2026-01-19,,,,,,,,,,,,,,,,,,,,,,,
2026-01-19,,,,,,f,04:45:00,05:00:00,15.000000000000027,3.0,,,0.0,,,,,15,,,Wartungsplan,,
2026-01-19,,,,,,,,,,,,,,,,,,,,,,,
2026-01-19,,,,,,,,,,,,,,,,,,,,,,,
2026-01-19,,,,,,f,05:00:00,06:00:00,59.999999999999986,3.0,,,4.0,4.0,,,,,,,,,
2026-01-19,,,,,,,,,,,,,,,,,,,,,,,
2026-01-19,,,,,,,,,,,,,,,,,,,,,,,
2026-01-19,,,,,,f,06:00:00,07:00:00,60.00000000000003,3.0,,,5.0,5.0,,,,,,,,,
2026-01-19,,,,,,,,,,,,,,,,,,,,,,,
2026-01-19,,,,,,,,,,,,,,,,,,,,,,,
2026-01-19,,,,,,f,07:00:00,08:00:00,59.99999999999995,3.0,,,5.0,5.0,,,,,,,,,
2026-01-19,,,,,,,,,,,,,,,,,,,,,,,
2026-01-19,,,,,,,,,,,,,,,,,,,,,,,
2026-01-19,,,,,,f,08:00:00,09:00:00,60.00000000000003,3.0,,,5.0,5.0,,,,,,,,,
2026-01-19,,,,,,,,,,,,,,,,,,,,,,,
2026-01-19,,,,,,,,,,,,,,,,,,,,,,,
2026-01-19,,,,,,f,09:30:00,10:00:00,30.000000000000053,3.0,,,2.0,2.0,,,,,,,,,
2026-01-19,,,,,,,,,,,,,,,,,,,,,,,
2026-01-19,,,,,,,,,,,,,,,,,,,,,,,
2026-01-19,,,,,,f,10:00:00,11:00:00,59.99999999999995,3.0,,,4.0,4.0,,,,,,,,,
2026-01-19,,,,,,,,,,,,,,,,,,,,,,,
2026-01-19,,,,,,,,,,,,,,,,,,,10.0,,Anlage leer gelaufen ,,
2026-01-19,,,,,,f,11:00:00,12:00:00,60.00000000000003,3.0,,,4.0,4.0,,,,,,,,,
2026-01-19,,,,,,,,,,,,,,,,,,,10.0,R 06,Schweißstörung (Programm Blockiert),,
2026-01-19,,,,,,,,,,,,,,,,,,,,,,,
2026-01-19,,,,,,f,12:00:00,13:15:00,75.00000000000006,3.0,,,5.0,5.0,,,,,,,,,
2026-01-19,,,,,,,,,,,,,,,,,,,,,,,
2026-01-19,,,,,,,,,,,,,,,,,,15,,,Reinigung,,
2026-01-19,,,,,,s,13:15:00,14:00:00,45.0,6.0,,5.0,,5.0,,,,15,,,Wartungsplan,,
2026-01-19,,,,,,,,,,,,,,,,,,,,,,,
2026-01-19,,,,,,,,,,,,,,,,,,,,,,,
2026-01-19,,,,,,,,,,,,,,,,,,,,,,,
2026-01-19,,,,,,f,12:00:00,13:15:00,75.00000000000006,3.0,,,5.0,5.0,,,,,,,,,
2026-01-19,,,,,,,,,,,,,,,,,,15,,,Reinigung,,
2026-01-19,,,,,,,,,,,,,,,,,,,,,,,
2026-01-19,,,,,,,,,,,,,,,,,,,,,,,
2026-01-19,,,,,,,21:00:00,21:45:00,45.0,9.0,,,4.0,4.0,,,,,,,,,
2026-01-19,,,,,,s,,,,,,,,,,,,,,,,,
2026-01-19,,,,,,,,,,,,,,,,,,,,,,,
2026-01-19,,,,,,n,21:45:00,22:00:00,14.999999999999947,4.0,,,2.0,2.0,,,,15,,,Wartungsplan,,
2026-01-19,,,,,,,,,,,,,,,,,,,,,,,
2026-01-19,,,,,,,,,,,,,,,,,,,,,,,
2026-01-19,,,,,,n,22:00:00,23:00:00,60.00000000000011,4.0,,,4.0,4.0,,,,15,,R 05,Sauger locker,,
2026-01-19,,,,,,,,,,,,,,,,,,,,,,,
2026-01-19,,,,,,,,,,,,,,,,,,,,,,,
2026-01-19,,,,,,n,23:00:00,00:00:00,-1380.0,4.0,,,3.0,3.0,,5,,,,R 06,Schweißstörung,2,
2026-01-19,,,,,,,,,,,,,,,,3,,,,R 06,Festgebrannt,,
2026-01-19,,,,,,s,20:00:00,21:00:00,59.99999999999995,6.0,,,5.0,5.0,,,,,,,"Anlage leer durch Störungen, auffüllen",,
2026-01-19,,,,,,,,,,,,,,,,,,,,,,,
2026-01-19,,,,,,,,,,,,,,,,,,,,,,,
2026-01-19,,,,,,,,,,,,,,,,,,,,,,,
2026-01-19,,,,,,n,01:30:00,02:00:00,29.999999999999993,4.0,,,2.0,2.0,,,,,,,,,
2026-01-19,,,,,,,,,,,,,,,,,,,,,,,
2026-01-19,,,,,,,,,,,,,,,,,,,,,,,
2026-01-19,,,,,,n,02:00:00,03:00:00,60.0,4.0,,,4.0,4.0,,5,,,,R 06,Gasdüse und Kontaktrohr getauscht.,,
2026-01-19,,,,,,,,,,,,,,,,,,,,,,,
2026-01-19,,,,,,,,,,,,,,,,,,,,,,,
2026-01-19,,,,,,n,03:00:00,04:00:00,59.999999999999986,4.0,,,4.0,4.0,,,,,8.0,OP 10,"Warten auf Material, zu viel Trapezbleche gebucht.",,
2026-01-19,,,,,,,,,,,,,,,,,,,,,,,
2026-01-19,,,,,,,,,,,,,,,,,,,,,,,
2026-01-19,,,,,,n,04:00:00,05:00:00,60.00000000000003,4.0,,,2.0,2.0,,,,,,,,,
2026-01-19,,,,,,,,,,,,,,,,,,,,,,,
2026-01-19,,,,,,,,,,,,,,,,,,,,,,,
2026-01-19,,,,,,,,,,,,,,,,,,,15.0,,Bleche auf TB Gestell falsch Gebucht.,,
2026-01-19,,,,,,,,,,,,,,,,,,,,,,,
2026-01-19,,,,,,s,19:00:00,20:00:00,60.00000000000011,6.0,,,6.0,6.0,,,,,,,,,
2026-01-19,,,,,,s,13:15:00,14:00:00,45.0,6.0,,5.0,,5.0,,,,15,,,Wartungsplan,,
2026-01-19,,,,,,,,,,,,,,,,,,,,,,,
2026-01-19,,,,,,,,,,,,,,,,,,,,,,,
2026-01-19,,,,,,s,14:00:00,15:00:00,59.99999999999995,6.0,,4.0,3.0,7.0,,,,,,,,,
2026-01-19,,,,,,,,,,,,,,,,,,,,,,,
2026-01-19,,,,,,,,,,,,,,,,,,,,,,,
2026-01-19,,,,,,s,15:00:00,16:00:00,59.99999999999995,6.0,,,6.0,6.0,,,,,,,,,
2026-01-19,,,,,,,,,,,,,,,,,15,,,,Kratzer in der Stirnwand ausbessern.,3,
2026-01-19,,,,,,,,,,,,,,,,,,,,,,,
2026-01-19,,,,,,s,16:00:00,17:00:00,60.00000000000011,6.0,,6.0,2.0,8.0,,,,,,,,,
2026-01-19,,,,,,,,,,,,,,,,,,,,,,,
2026-01-19,,,,,,,,,,,,,,,,,,,,,,,
2026-01-19,,,,,,,,,,,,,,,,,,,,,,,
2026-01-19,,,,,,,,,,,,,,,,,,15,,,Reinigung,,
2026-01-19,,,,,,,,,,,,,,,,,,,,,,,
2026-01-19,,,,,,,,,,,,,,,,,,,,,,,
2026-01-19,,,,,,s,18:00:00,19:00:00,59.99999999999995,6.0,,,7.0,7.0,,,,,,,,,
2026-01-19,,,,,,,,,,,,,,,,15,,,,R 06,Drahtfass wechseln,,
2026-01-19,,,,,,,,,,,,,,,,,,,,,,,
2026-01-19,,,,,,s,17:30:00,18:00:00,30.000000000000053,6.0,,,3.0,3.0,,,,,,,,,
2026-01-20,15:00:00,16:00:00,,,,s,15:00:00,16:00:00,59.99999999999995,5.0,,,5.0,5.0,,10,,,,R 06,Schweißstörung in OP. 120-1,,
2026-01-20,,,,,,,,,,,,,,,,,,,,,,,
2026-01-20,13:15:00,14:00:00,,,,s,13:15:00,14:00:00,45.0,5.0,,,4.0,4.0,,,,15,,,Wartungsplan,,
2026-01-20,,,,,,,,,,,,,,,,,,,,,,,
2026-01-20,14:00:00,15:00:00,,,,s,14:00:00,15:00:00,59.99999999999995,5.0,,,4.0,4.0,,8,,,,R 06,Schweißstörung,3,
2026-01-20,,,,,,,,,,,,,,,,8,,,,R 06,Festgebrannt,3,
2026-01-20,,,,,,,,,,,,,,,,,,,,,,,
2026-01-20,,,,,,,,,,,,,,,,,,,,,,,
2026-01-20,16:00:00,17:00:00,,,,s,16:00:00,17:00:00,60.00000000000011,5.0,,,6.0,6.0,,,,,,,,,
2026-01-20,,,,,,,,,,,,,,,,,,,,,,,
2026-01-20,,,,,,,,,,,,,,,,,,,,,,,
2026-01-20,,,,,,,,,,,,,,,,,,15,,,Reinigung,,
2026-01-20,,,,,,,,,,,,,,,,,,,,,,,
2026-01-20,18:00:00,19:00:00,,,,s,18:00:00,19:00:00,59.99999999999995,5.0,,,6.0,6.0,,,,,,,,,
2026-01-20,,,,,,,,,,,,,,,,,,,,,,,
2026-01-20,,,,,,,,,,,,,,,,,,,,,,,
2026-01-20,,,,,,,,,,,,,,,,,,15,,,Reinigung,,
2026-01-20,17:30:00,18:00:00,,,,s,17:30:00,18:00:00,30.000000000000053,5.0,,,2.0,2.0,,,,,,,,,
2026-01-20,,,,,,n,04:00:00,05:00:00,60.00000000000003,4.0,,,2.0,2.0,,,,,,,,,
2026-01-20,,,,,,,,,,,,,,,,,,,,,,,
2026-01-20,,,,,,,,,,,,,,,,,,,,,,,
2026-01-20,,,,,,n,03:00:00,04:00:00,59.999999999999986,4.0,,,5.0,5.0,,,,,,,,,
2026-01-20,,,,,,,,,,,,,,,,,,,,,,,
2026-01-20,,,,,,,,,,,,,,,,,,,,,,,
2026-01-20,,,,,,n,02:00:00,03:00:00,60.0,4.0,,,5.0,5.0,,,,,,,,,
2026-01-20,,,,,,,,,,,,,,,,,,,,,,,
2026-01-20,,,,,,,,,,,,,,,,6,,,,R 06,Schweißstörung.,2,
2026-01-20,,,,,,n,01:30:00,02:00:00,29.999999999999993,4.0,,,1.0,1.0,,7,,,,OP 100,Tisch fährt nicht hoch.,,
2026-01-20,,,,,,,,,,,,,,,,,,,,,,,
2026-01-20,,,,,,,,,,,,,,,,,,,,,,,
2026-01-20,,,,,,,,,,,,,,,,,,,,,,,
2026-01-20,,,,,,,,,,,,,,,,,,,,,,,
2026-01-20,,,,,,,,,,,,,,,,,,,,,,,
2026-01-20,,,,,,n,23:00:00,00:00:00,-1380.0,4.0,,,3.0,3.0,,12,,,,OP 50,Schlitten fährt nicht / Sensor defekt.,,
2026-01-20,,,,,,,,,,,,,,,,,,,,,,,
2026-01-20,,,,,,,,,,,,,,,,5,,,,R 06,Schweißstörung.,2,
2026-01-20,,,,,,n,22:00:00,23:00:00,60.00000000000011,4.0,,3.0,1.0,4.0,,,,,,,,,
2026-01-20,,,,,,,,,,,,,,,,,,,,,,,
2026-01-20,,,,,,,,,,,,,,,,,,,,,,,
2026-01-20,,,,,,n,21:45:00,22:00:00,14.999999999999947,4.0,,2.0,,2.0,,,,15,,,Wartungsplan,,
2026-01-20,,,,,,,,,,,,,,,,,,,,,,,
2026-01-20,,,,,,s,,,,,,,,,,,,,,,,,
2026-01-20,21:00:00,21:45:00,,,,,21:00:00,21:45:00,45.0,8.0,,3.0,,3.0,,,,,,,,,
2026-01-20,,,,,,,,,,,,,,,,,,,,,,,
2026-01-20,,,,,,,,,,,,,,,,,,,,,,,
2026-01-20,20:00:00,21:00:00,,,,s,20:00:00,21:00:00,59.99999999999995,5.0,,5.0,,5.0,15.0,,,,,,Stirnwand Kompletiert,,
2026-01-20,,,,,,,,,,,,,,,,,,,,,,,
2026-01-20,19:00:00,20:00:00,,,,s,19:00:00,20:00:00,60.00000000000011,5.0,,2.0,4.0,6.0,,,,,,,,,
2026-01-20,,,,,,,,,,,,,,,,,,,,,,,
2026-01-20,,,,,,,,,,,,,,,,,,,,,,,
2026-01-20,,,,,,,,,,,,,,,,,,,,,,,
2026-01-20,18:00:00,19:00:00,,,,s,18:00:00,19:00:00,59.99999999999995,5.0,,,6.0,6.0,,,,,,,,,
2026-01-20,,,,,,,,,,,,,,,,,,,,,,,
2026-01-20,,,,,,,,,,,,,,,,,,,,,,,
2026-01-20,17:30:00,18:00:00,,,,s,17:30:00,18:00:00,30.000000000000053,5.0,,,2.0,2.0,,,,,,,,,
2026-01-20,,,,,,,,,,,,,,,,,,,,,,,
2026-01-20,,,,,,,,,,,,,,,,,,,,,,,
2026-01-20,16:00:00,17:00:00,,,,s,16:00:00,17:00:00,60.00000000000011,5.0,,,6.0,6.0,,,,,,,,,
2026-01-20,,,,,,,,,,,,,,,,,,,,,,,
2026-01-20,,,,,,,,,,,,,,,,,,,,,,,
2026-01-20,15:00:00,16:00:00,,,,s,15:00:00,16:00:00,59.99999999999995,5.0,,,5.0,5.0,,10,,,,R 06,Schweißstörung in OP. 120-1,,
2026-01-20,,,,,,,,,,,,,,,,,,,,,,,
2026-01-20,,,,,,,,,,,,,,,,8,,,,R 06,Festgebrannt,3,
2026-01-20,14:00:00,15:00:00,,,,s,14:00:00,15:00:00,59.99999999999995,5.0,,,4.0,4.0,,8,,,,R 06,Schweißstörung,3,
2026-01-20,,,,,,,,,,,,,,,,,,,,,,,
2026-01-20,,,,,,,,,,,,,,,,,,,,,,,
2026-01-20,,,,,,,,,,,,,,,,,,,,,,,
2026-01-20,,,,,,n,00:00:00,01:00:00,60.0,4.0,,,4.0,4.0,,,,,,,,,
2026-01-20,,,,,,,,,,,,,,,,,,,,,,,
2026-01-20,,,,,,,,,,,,,,,,,,,,,,,
2026-01-20,,,,,,,,,,,,,,,,,,,,,,,
2026-01-20,,,,,,n,23:00:00,00:00:00,-1380.0,4.0,,,3.0,3.0,,12,,,,OP 50,Schlitten fährt nicht / Sensor defekt.,,
2026-01-20,,,,,,,,,,,,,,,,,,,,,,,
2026-01-20,,,,,,,,,,,,,,,,5,,,,R 06,Schweißstörung.,2,
2026-01-20,,,,,,n,22:00:00,23:00:00,60.00000000000011,4.0,,3.0,1.0,4.0,,,,,,,,,
2026-01-20,,,,,,,,,,,,,,,,,,,,,,,
2026-01-20,,,,,,,,,,,,,,,,,,,,,,,
2026-01-20,,,,,,n,21:45:00,22:00:00,14.999999999999947,4.0,,2.0,,2.0,,,,15,,,Wartungsplan,,
2026-01-20,,,,,,,,,,,,,,,,,,,,,,,
2026-01-20,,,,,,s,,,,,,,,,,,,,,,,,
2026-01-20,21:00:00,21:45:00,,,,,21:00:00,21:45:00,45.0,8.0,,3.0,,3.0,,,,,,,,,
2026-01-20,,,,,,,,,,,,,,,,,,,,,,,
2026-01-20,,,,,,,,,,,,,,,,,,,,,,,
2026-01-20,20:00:00,21:00:00,,,,s,20:00:00,21:00:00,59.99999999999995,5.0,,5.0,,5.0,15.0,,,,,,Stirnwand Kompletiert,,
2026-01-20,,,,,,,,,,,,,,,,,,,,,,,
2026-01-20,19:00:00,20:00:00,,,,s,19:00:00,20:00:00,60.00000000000011,5.0,,2.0,4.0,6.0,,,,,,,,,
2026-01-20,,,,,,n,00:00:00,01:00:00,60.0,4.0,,,4.0,4.0,,,,,,,,,
2026-01-20,,,,,,,,,,,,,,,,,,,,,,,
2026-01-20,,,,,,,,,,,,,,,,,,,,,,,
2026-01-20,,,,,,,,,,,,,,,,,,,,,,,
2026-01-20,,,,,,,,,,,,,,,,,,,,,,,
2026-01-20,18:00:00,19:00:00,,,,s,18:00:00,19:00:00,59.99999999999995,5.0,,,6.0,6.0,,,,,,,,,
2026-01-20,13:15:00,14:00:00,,,,s,13:15:00,14:00:00,45.0,5.0,,,4.0,4.0,,,,15,,,Wartungsplan,,
2026-01-20,,,,,,,,,,,,,,,,,,,,,,,
2026-01-20,17:30:00,18:00:00,,,,s,17:30:00,18:00:00,30.000000000000053,5.0,,,2.0,2.0,,,,,,,,,
2026-01-20,,,,,,,,,,,,,,,,,,,,,,,
2026-01-20,,,,,,,,,,,,,,,,,,,,,,,
2026-01-20,16:00:00,17:00:00,,,,s,16:00:00,17:00:00,60.00000000000011,5.0,,,6.0,6.0,,,,,,,,,
2026-01-20,,,,,,,,,,,,,,,,,,,,,,,
2026-01-20,,,,,,,,,,,,,,,,,,,,,,,
2026-01-20,15:00:00,16:00:00,,,,s,15:00:00,16:00:00,59.99999999999995,5.0,,,5.0,5.0,,10,,,,R 06,Schweißstörung in OP. 120-1,,
2026-01-20,,,,,,,,,,,,,,,,,,,,,,,
2026-01-20,,,,,,,,,,,,,,,,8,,,,R 06,Festgebrannt,3,
2026-01-20,14:00:00,15:00:00,,,,s,14:00:00,15:00:00,59.99999999999995,5.0,,,4.0,4.0,,8,,,,R 06,Schweißstörung,3,
2026-01-20,,,,,,,,,,,,,,,,,,,,,,,
2026-01-20,,,,,,,,,,,,,,,,,,,,,,,
2026-01-20,13:15:00,14:00:00,,,,s,13:15:00,14:00:00,45.0,5.0,,,4.0,4.0,,,,15,,,Wartungsplan,,
2026-01-20,,,,,,,,,,,,,,,,6,,,,R 06,Schweißstörung.,2,
2026-01-20,,,,,,,,,,,,,,,,,,,,,,,
2026-01-20,,,,,,n,02:00:00,03:00:00,60.0,4.0,,,5.0,5.0,,,,,,,,,
2026-01-20,,,,,,,,,,,,,,,,,,,,,,,
2026-01-20,,,,,,,,,,,,,,,,,,,,,,,
2026-01-20,,,,,,n,03:00:00,04:00:00,59.999999999999986,4.0,,,5.0,5.0,,,,,,,,,
2026-01-20,,,,,,,,,,,,,,,,,,,,,,,
2026-01-20,,,,,,,,,,,,,,,,,,,,,,,
2026-01-20,,,,,,n,04:00:00,05:00:00,60.00000000000003,4.0,,,2.0,2.0,,,,,,,,,
2026-01-20,,,,,,,,,,,,,,,,,,,,,,,
2026-01-20,,,,,,,,,,,,,,,,,,15,,,Reinigung,,
2026-01-20,19:00:00,20:00:00,,,,s,19:00:00,20:00:00,60.00000000000011,5.0,,2.0,4.0,6.0,,,,,,,,,
2026-01-20,,,,,,,,,,,,,,,,,,,,,,,
2026-01-20,,,,,,,,,,,,,,,,,,,,,,,
2026-01-20,20:00:00,21:00:00,,,,s,20:00:00,21:00:00,59.99999999999995,5.0,,5.0,,5.0,15.0,,,,,,Stirnwand Kompletiert,,
2026-01-20,,,,,,n,01:30:00,02:00:00,29.999999999999993,4.0,,,1.0,1.0,,7,,,,OP 100,Tisch fährt nicht hoch.,,
2026-01-20,,,,,,,,,,,,,,,,,,,,,,,
2026-01-20,,,,,,n,04:00:00,05:00:00,60.00000000000003,4.0,,,2.0,2.0,,,,,,,,,
2026-01-20,,,,,,,,,,,,,,,,,,,,,,,
2026-01-20,,,,,,,,,,,,,,,,,,,,,,,
2026-01-20,,,,,,n,03:00:00,04:00:00,59.999999999999986,4.0,,,5.0,5.0,,,,,,,,,
2026-01-20,,,,,,,,,,,,,,,,,,,,,,,
2026-01-20,,,,,,,,,,,,,,,,,,,,,,,
2026-01-20,,,,,,,,,,,,,,,,,,,,,,,
2026-01-20,,,,,,,,,,,,,,,,,,,,,,,
2026-01-20,,,,,,,,,,,,,,,,6,,,,R 06,Schweißstörung.,2,
2026-01-20,,,,,,n,01:30:00,02:00:00,29.999999999999993,4.0,,,1.0,1.0,,7,,,,OP 100,Tisch fährt nicht hoch.,,
2026-01-20,,,,,,,,,,,,,,,,,,,,,,,
2026-01-20,,,,,,,,,,,,,,,,,,,,,,,
2026-01-20,,,,,,n,02:00:00,03:00:00,60.0,4.0,,,5.0,5.0,,,,,,,,,
2026-01-20,,,,,,,,,,,,,,,,,,,,,,,
2026-01-20,,,,,,n,00:00:00,01:00:00,60.0,4.0,,,4.0,4.0,,,,,,,,,
2026-01-20,,,,,,,,,,,,,,,,,,,,,,,
2026-01-20,21:00:00,21:45:00,,,,,21:00:00,21:45:00,45.0,8.0,,3.0,,3.0,,,,,,,,,
2026-01-20,,,,,,s,,,,,,,,,,,,,,,,,
2026-01-20,,,,,,,,,,,,,,,,,,,,,,,
2026-01-20,,,,,,n,21:45:00,22:00:00,14.999999999999947,4.0,,2.0,,2.0,,,,15,,,Wartungsplan,,
2026-01-20,,,,,,,,,,,,,,,,,,,,,,,
2026-01-20,,,,,,,,,,,,,,,,,,,,,,,
2026-01-20,,,,,,,,,,,,,,,,,,,,,,,
2026-01-20,,,,,,,,,,,,,,,,,,,,,,,
2026-01-20,,,,,,n,23:00:00,00:00:00,-1380.0,4.0,,,3.0,3.0,,12,,,,OP 50,Schlitten fährt nicht / Sensor defekt.,,
2026-01-20,,,,,,,,,,,,,,,,,,,,,,,
2026-01-20,,,,,,,,,,,,,,,,5,,,,R 06,Schweißstörung.,2,
2026-01-20,,,,,,n,22:00:00,23:00:00,60.00000000000011,4.0,,3.0,1.0,4.0,,,,,,,,,
2026-01-20,,,,,,,,,,,,,,,,,,,,,,,
2026-01-21,,,,,,f,04:45:00,06:00:00,75.00000000000001,4.0,,,5.0,5.0,,,,15,,,Wartungsplan,,
2026-01-21,,,,,,,,,,,,,,,,,,3,,R 06,Schweißstörung ,1x,
2026-01-21,,,,,,,,,,,,,,,,,,,,,,,
2026-01-21,,,,,,,,,,,,,,,,,,10,,R 06,Schweißstörung ,3x,
2026-01-21,,,,,,,,,,,,,,,,,,,,,,,
2026-01-21,,,,,,f,07:00:00,08:00:00,59.99999999999995,4.0,,,5.0,5.0,,,,,,,,,
2026-01-21,,,,,,,,,,,,,,,,,,6,,R 06,Schweißstörung ,2x,
2026-01-21,,,,,,,,,,,,,,,,,,,,,,,
2026-01-21,,,,,,f,08:00:00,09:00:00,60.00000000000003,4.0,,,4.0,4.0,,,,,,,,,
2026-01-21,,,,,,,,,,,,,,,,,,,,OP 10,Bleche liegen kopfüber ,,
2026-01-21,,,,,,f,06:00:00,07:00:00,60.00000000000003,4.0,,,5.0,5.0,,,,,,,,,
2026-01-21,,,,,,,,,,,,,,,,,,,,,,,
2026-01-21,,,,,,,,,,,,,,,,,,15,,,Reinigung + Werkzeug einschließen,,
2026-01-21,,,,,,,,,,,,,,,,,,,,,,,
2026-01-21,,,,,,,,,,,,,,,,,,,,,,,
2026-01-21,,,,,,f,10:00:00,11:00:00,59.99999999999995,4.0,,,3.0,3.0,,,15,,,STW,Umpacken und nacharbeiten ,,
2026-01-21,,,,,,,,,,,,,,,,,,3,,R 06,Schweißstörung ,1x,
2026-01-21,,,,,,,,,,,,,,,,,,10,,R 05,Schrittkettenfehler (erkennt seine position nicht),,
2026-01-21,,,,,,f,11:00:00,12:00:00,60.00000000000003,4.0,,,5.0,5.0,,,,,,,"Bleche falsch gepackt (abstand zu Saugern ist zu groß, umpacken)",,
2026-01-21,,,,,,,,,,,,,,,,,,3,,R 06,Schweißstörung ,1x,
2026-01-21,,,,,,,,,,,,,,,,,,,,,,,
2026-01-21,,,,,,f,12:00:00,13:15:00,75.00000000000006,4.0,,,4.0,4.0,,,,10,,R 06,Schweißstörung ,2x,
2026-01-21,,,,,,,,,,,,,,,10.0,,,,,,Schweißer ist nicht da,,
2026-01-21,,,,,,f,09:30:00,10:00:00,30.000000000000053,4.0,,,2.0,2.0,,,,,,,,,
2026-01-21,,,,,,,,,,,,,,,,,,15,,,Reinigung,,
2026-01-21,,,,,,,,,,,,,,,,,,45,,,Reinigung,,
2026-01-21,,,,,,,,,,,,,,,,,,,,,,,
2026-01-21,,,,,,s,14:00:00,15:00:00,59.99999999999995,3.0,,,0.0,,,,,,,,,,
2026-01-21,,,,,,s,17:30:00,18:00:00,30.000000000000053,3.0,,,0.0,,,,,,,,,,
2026-01-21,,,,,,,,,,,,,,,,,,,,,,,
2026-01-21,,,,,,,,,,,,,,,,,,60,,,Reinigung,,
2026-01-21,,,,,,s,16:00:00,17:00:00,60.00000000000011,3.0,,,0.0,,,,,,,,,,
2026-01-21,,,,,,,,,,,,,,,,,,,,,,,
2026-01-21,,,,,,,,,,,,,,,,,,60,,,Reinigung,,
2026-01-21,,,,,,s,15:00:00,16:00:00,59.99999999999995,3.0,,,0.0,,,,,,,,,,
2026-01-21,,,,,,s,13:15:00,14:00:00,45.0,3.0,,,0.0,,,,,15,,,Wartungsplan,,
2026-01-21,,,,,,,,,,,,,,,,,,60,,,Reinigung,,
2026-01-21,,,,,,,,,,,,,,,,,,20,,OP 25,Vakuum störung (RobTech informiert),,
2026-01-21,,,,,,f,08:00:00,09:00:00,60.00000000000003,4.0,,,4.0,4.0,,,,,,,,,
2026-01-21,,,,,,s,,,,,,,,,,,,,,,,,
2026-01-21,,,,,,,21:00:00,21:45:00,45.0,4.0,,,2.0,2.0,,,,,,,,,
2026-01-21,,,,,,,,,,,,,,,,,,,,,,,
2026-01-21,,,,,,,,,,,,,,,,,,,,,,,
2026-01-21,,,,,,s,20:00:00,21:00:00,59.99999999999995,4.0,,,4.0,4.0,,,,,,,,,
2026-01-21,,,,,,,,,,,,,,,,,,,,,,,
2026-01-21,,,,,,,,,,,,,,,,,,,,,,,
2026-01-21,,,,,,s,19:00:00,20:00:00,60.00000000000011,4.0,,,4.0,4.0,,,,,,,,,
2026-01-21,,,,,,,,,,,,,,,,,,,,,,,
2026-01-21,,,,,,,,,,,,,,,,,,,,,,,
2026-01-21,,,,,,,,,,,,,,,,,,,,OP 10,Bleche liegen kopfüber ,,
2026-01-21,,,,,,s,18:00:00,19:00:00,59.99999999999995,4.0,,,4.0,4.0,,,,,,,,,
2026-01-21,,,,,,,,,,,,,,,,,,30,,,Reinigung,,
2026-01-21,,,,,,f,04:45:00,06:00:00,75.00000000000001,4.0,,,5.0,5.0,,,,15,,,Wartungsplan,,
2026-01-21,,,,,,,,,,,,,,,,,,3,,R 06,Schweißstörung ,1x,
2026-01-21,,,,,,,,,,,,,,,,,,,,,,,
2026-01-21,,,,,,f,06:00:00,07:00:00,60.00000000000003,4.0,,,5.0,5.0,,,,,,,,,
2026-01-21,,,,,,,,,,,,,,,,,,10,,R 06,Schweißstörung ,3x,
2026-01-21,,,,,,,,,,,,,,,,,,,,,,,
2026-01-21,,,,,,f,07:00:00,08:00:00,59.99999999999995,4.0,,,5.0,5.0,,,,,,,,,
2026-01-21,,,,,,,,,,,,,,,,,,6,,R 06,Schweißstörung ,2x,
2026-01-21,,,,,,,,,,,,,,,,,,,,,,,
2026-01-21,,,,,,,,,,,,,,,,,,,,,,,
2026-01-21,,,,,,,,,,,,,,,,,,20,,OP 25,Vakuum störung (RobTech informiert),,
2026-01-21,,,,,,s,18:00:00,19:00:00,59.99999999999995,4.0,,,4.0,4.0,,,,,,,,,
2026-01-21,,,,,,,,,,,,,,,,,,,,,,,
2026-01-21,,,,,,,,,,,,,,,,,,15,,,Reinigung,,
2026-01-21,,,,,,,,,,,,,,,10.0,,,,,,Schweißer ist nicht da,,
2026-01-21,,,,,,f,12:00:00,13:15:00,75.00000000000006,4.0,,,4.0,4.0,,,,10,,R 06,Schweißstörung ,2x,
2026-01-21,,,,,,,,,,,,,,,,,,,,,,,
2026-01-21,,,,,,,,,,,,,,,,,,3,,R 06,Schweißstörung ,1x,
2026-01-21,,,,,,f,11:00:00,12:00:00,60.00000000000003,4.0,,,5.0,5.0,,,,,,,"Bleche falsch gepackt (abstand zu Saugern ist zu groß, umpacken)",,
2026-01-21,,,,,,,,,,,,,,,,,,10,,R 05,Schrittkettenfehler (erkennt seine position nicht),,
2026-01-21,,,,,,,,,,,,,,,,,,3,,R 06,Schweißstörung ,1x,
2026-01-21,,,,,,f,10:00:00,11:00:00,59.99999999999995,4.0,,,3.0,3.0,,,15,,,STW,Umpacken und nacharbeiten ,,
2026-01-21,,,,,,,,,,,,,,,,,,,,,,,
2026-01-21,,,,,,,,,,,,,,,,,,,,,,,
2026-01-21,,,,,,f,09:30:00,10:00:00,30.000000000000053,4.0,,,2.0,2.0,,,,,,,,,
2026-01-21,,,,,,,,,,,,,,,,,,20,,OP 25,Vakuum störung (RobTech informiert),,
2026-01-21,,,,,,,,,,,,,,,,,,,,OP 10,Bleche liegen kopfüber ,,
2026-01-21,,,,,,f,08:00:00,09:00:00,60.00000000000003,4.0,,,4.0,4.0,,,,,,,,,
2026-01-21,,,,,,,,,,,,,,,,,,,,,,,
2026-01-21,,,,,,,,,,,,,,,,,,6,,R 06,Schweißstörung ,2x,
2026-01-21,,,,,,f,07:00:00,08:00:00,59.99999999999995,4.0,,,5.0,5.0,,,,,,,,,
2026-01-21,,,,,,,,,,,,,,,,,,,,,,,
2026-01-21,,,,,,,,,,,,,,,,,,10,,R 06,Schweißstörung ,3x,
2026-01-21,,,,,,f,06:00:00,07:00:00,60.00000000000003,4.0,,,5.0,5.0,,,,,,,,,
2026-01-21,,,,,,s,13:15:00,14:00:00,45.0,3.0,,,0.0,,,,,15,,,Wartungsplan,,
2026-01-21,,,,,,,,,,,,,,,,,,45,,,Reinigung,,
2026-01-21,,,,,,,,,,,,,,,,,,,,,,,
2026-01-21,,,,,,s,14:00:00,15:00:00,59.99999999999995,3.0,,,0.0,,,,,,,,,,
2026-01-21,,,,,,,,,,,,,,,,,,15,,,Reinigung + Werkzeug einschließen,,
2026-01-21,,,,,,s,,,,,,,,,,,,,,,,,
2026-01-21,,,,,,,21:00:00,21:45:00,45.0,4.0,,,2.0,2.0,,,,,,,,,
2026-01-21,,,,,,,,,,,,,,,,,,,,,,,
2026-01-21,,,,,,,,,,,,,,,,,,,,,,,
2026-01-21,,,,,,s,20:00:00,21:00:00,59.99999999999995,4.0,,,4.0,4.0,,,,,,,,,
2026-01-21,,,,,,,,,,,,,,,,,,,,,,,
2026-01-21,,,,,,,,,,,,,,,,,,,,,,,
2026-01-21,,,,,,s,19:00:00,20:00:00,60.00000000000011,4.0,,,4.0,4.0,,,,,,,,,
2026-01-21,,,,,,,,,,,,,,,,,,,,,,,
2026-01-21,,,,,,,,,,,,,,,,,,,,,,,
2026-01-21,,,,,,s,18:00:00,19:00:00,59.99999999999995,4.0,,,4.0,4.0,,,,,,,,,
2026-01-21,,,,,,,,,,,,,,,,,,30,,,Reinigung,,
2026-01-21,,,,,,s,17:30:00,18:00:00,30.000000000000053,3.0,,,0.0,,,,,,,,,,
2026-01-21,,,,,,,,,,,,,,,,,,,,,,,
2026-01-21,,,,,,,,,,,,,,,,,,60,,,Reinigung,,
2026-01-21,,,,,,s,16:00:00,17:00:00,60.00000000000011,3.0,,,0.0,,,,,,,,,,
2026-01-21,,,,,,,,,,,,,,,,,,,,,,,
2026-01-21,,,,,,,,,,,,,,,,,,60,,,Reinigung,,
2026-01-21,,,,,,s,15:00:00,16:00:00,59.99999999999995,3.0,,,0.0,,,,,,,,,,
2026-01-21,,,,,,,,,,,,,,,,,,,,,,,
2026-01-21,,,,,,,,,,,,,,,,,,60,,,Reinigung,,
2026-01-21,,,,,,,,,,,,,,,,,,,,,,,
2026-01-21,,,,,,,,,,,,,,,,,,3,,R 06,Schweißstörung ,1x,
2026-01-21,,,,,,,,,,,,,,,,,,,,,,,
2026-01-21,,,,,,f,09:30:00,10:00:00,30.000000000000053,4.0,,,2.0,2.0,,,,,,,,,
2026-01-21,,,,,,,,,,,,,,,,,,60,,,Reinigung,,
2026-01-21,,,,,,s,16:00:00,17:00:00,60.00000000000011,3.0,,,0.0,,,,,,,,,,
2026-01-21,,,,,,,,,,,,,,,,,,,,,,,
2026-01-21,,,,,,,,,,,,,,,,,,60,,,Reinigung,,
2026-01-21,,,,,,s,15:00:00,16:00:00,59.99999999999995,3.0,,,0.0,,,,,,,,,,
2026-01-21,,,,,,,,,,,,,,,,,,,,,,,
2026-01-21,,,,,,,,,,,,,,,,,,60,,,Reinigung,,
2026-01-21,,,,,,s,14:00:00,15:00:00,59.99999999999995,3.0,,,0.0,,,,,,,,,,
2026-01-21,,,,,,,,,,,,,,,,,,,,,,,
2026-01-21,,,,,,,,,,,,,,,,,,45,,,Reinigung,,
2026-01-21,,,,,,s,13:15:00,14:00:00,45.0,3.0,,,0.0,,,,,15,,,Wartungsplan,,
2026-01-21,,,,,,,,,,,,,,,,,,15,,,Reinigung,,
2026-01-21,,,,,,f,12:00:00,13:15:00,75.00000000000006,4.0,,,4.0,4.0,,,,10,,R 06,Schweißstörung ,2x,
2026-01-21,,,,,,,,,,,,,,,,,,,,,,,
2026-01-21,,,,,,,,,,,,,,,,,,3,,R 06,Schweißstörung ,1x,
2026-01-21,,,,,,f,11:00:00,12:00:00,60.00000000000003,4.0,,,5.0,5.0,,,,,,,"Bleche falsch gepackt (abstand zu Saugern ist zu groß, umpacken)",,
2026-01-21,,,,,,,,,,,,,,,,,,10,,R 05,Schrittkettenfehler (erkennt seine position nicht),,
2026-01-21,,,,,,,,,,,,,,,,,,3,,R 06,Schweißstörung ,1x,
2026-01-21,,,,,,f,10:00:00,11:00:00,59.99999999999995,4.0,,,3.0,3.0,,,15,,,STW,Umpacken und nacharbeiten ,,
2026-01-21,,,,,,,,,,,,,,,,,,,,,,,
2026-01-21,,,,,,f,04:45:00,06:00:00,75.00000000000001,4.0,,,5.0,5.0,,,,15,,,Wartungsplan,,
2026-01-21,,,,,,,,,,,,,,,,,,,,,,,
2026-01-21,,,,,,s,17:30:00,18:00:00,30.000000000000053,3.0,,,0.0,,,,,,,,,,
2026-01-21,,,,,,,,,,,,,,,10.0,,,,,,Schweißer ist nicht da,,
2026-01-21,,,,,,,,,,,,,,,,,,,,,,,
2026-01-21,,,,,,,,,,,,,,,,,,30,,,Reinigung,,
2026-01-21,,,,,,,,,,,,,,,,,,15,,,Reinigung + Werkzeug einschließen,,
2026-01-21,,,,,,s,,,,,,,,,,,,,,,,,
2026-01-21,,,,,,,,,,,,,,,,,,,,,,,
2026-01-21,,,,,,,,,,,,,,,,,,,,,,,
2026-01-21,,,,,,s,20:00:00,21:00:00,59.99999999999995,4.0,,,4.0,4.0,,,,,,,,,
2026-01-21,,,,,,,21:00:00,21:45:00,45.0,4.0,,,2.0,2.0,,,,,,,,,
2026-01-21,,,,,,,,,,,,,,,,,,,,,,,
2026-01-21,,,,,,s,19:00:00,20:00:00,60.00000000000011,4.0,,,4.0,4.0,,,,,,,,,
2026-01-21,,,,,,,,,,,,,,,,,,,,,,,
2026-01-21,,,,,,,,,,,,,,,,,,,,,,,
2026-01-21,,,,,,,,,,,,,,,,,,,,,,,
2026-01-22,,,,,,,,,,,,,,,,,,,,,,,
2026-01-22,,,,,,,,,,,,,,,,,,,,,,,
2026-01-22,,,,,,,,,,,,,,,,,,,,,,,
2026-01-22,,,,,,,,,,,,,,,,,,,,,,,
2026-01-22,,,,,,s,14:00:00,15:00:00,59.99999999999995,4.0,,,4.0,4.0,,,,,,,,,
2026-01-22,,,,,,,,,,,,,,,,,,,,,,,
2026-01-22,,,,,,,,,,,,,,,,,,,,,,,
2026-01-22,,,,,,s,15:00:00,16:00:00,59.99999999999995,4.0,,4.0,,4.0,,,,,,,,,
2026-01-22,,,,,,,,,,,,,,,,,,,,,,,
2026-01-22,,,,,,,,,,,,,,,,,,,,,,,
2026-01-22,,,,,,,,,,,,,,,,,,,,,,,
2026-01-22,,,,,,,,,,,,,,,,,,,,,,,
2026-01-22,,,,,,s,17:30:00,18:00:00,30.000000000000053,4.0,,,2.0,2.0,,,,,,,,,
2026-01-22,,,,,,,,,,,,,,,,,,,,,,,
2026-01-22,,,,,,s,13:15:00,14:00:00,45.0,4.0,,,4.0,4.0,,,,15,,,Wartungsplan,,
2026-01-22,,,,,,s,18:00:00,19:00:00,59.99999999999995,4.0,,,4.0,4.0,,,,,,,,,
2026-01-22,,,,,,,,,,,,,,,,,,,,,,,
2026-01-22,,,,,,,,,,,,,,,,,,,,,,,
2026-01-22,,,,,,s,19:00:00,20:00:00,60.00000000000011,4.0,,,4.0,4.0,,,,,,,,,
2026-01-22,,,,,,s,16:00:00,17:00:00,60.00000000000011,4.0,,2.0,2.0,4.0,,,,,,,,,
2026-01-22,,,,,,,,,,,,,,,,,,15,,,Reinigung,,
2026-01-22,,,,,,,,,,,,,,,,,,,,,,,
2026-01-22,,,,,,f,12:00:00,13:15:00,75.00000000000006,3.0,,,4.0,4.0,,,,,,,,,
2026-01-22,,,,,,,,,,,,,,,,,,,,,,,
2026-01-22,,,,,,f,09:30:00,10:00:00,30.000000000000053,3.0,,,2.0,2.0,,,,,,,,,
2026-01-22,,,,,,,,,,,,,,,,,,,,,,,
2026-01-22,,,,,,,,,,,,,,,,,,,,,,,
2026-01-22,,,,,,f,08:00:00,09:00:00,60.00000000000003,3.0,,,4.0,4.0,,,,,,,,,
2026-01-22,,,,,,,,,,,,,,,,,,,,,,,
2026-01-22,,,,,,,,,,,,,,,,,,,,,,,
2026-01-22,,,,,,f,07:00:00,08:00:00,59.99999999999995,3.0,,,5.0,5.0,,,,,,,,,
2026-01-22,,,,,,,,,,,,,,,,,,,,,,,
2026-01-22,,,,,,,,,,,,,,,,,,,,,,,
2026-01-22,,,,,,f,06:00:00,07:00:00,60.00000000000003,3.0,,,4.0,4.0,,,,,,,,,
2026-01-22,,,,,,,,,,,,,,,,,,,,,,,
2026-01-22,,,,,,,,,,,,,,,,,,,,,,,
2026-01-22,,,,,,,,,,,,,,,,,,,,,,,
2026-01-22,,,,,,f,10:00:00,11:00:00,59.99999999999995,3.0,,,5.0,5.0,,,,,,,,,
2026-01-22,,,,,,,,,,,,,,,,,,,,,,,
2026-01-22,,,,,,f,11:00:00,12:00:00,60.00000000000003,3.0,,,4.0,4.0,,,,,,,,,
2026-01-22,,,,,,,,,,,,,,,,,,,,,,,
2026-01-22,,,,,,,,,,,,,,,,,,,,,,,
2026-01-22,,,,,,,,,,,,,,,,,,,,,,,
2026-01-22,,,,,,,,,,,,,,,,,,,,,,,
2026-01-22,,,,,,,,,,,,,,,,,,15,,,Reinigung,,
2026-01-22,,,,,,,,,,,,,,,,,,,,,,,
2026-01-22,,,,,,s,15:00:00,16:00:00,59.99999999999995,4.0,,4.0,,4.0,,,,,,,,,
2026-01-22,,,,,,,,,,,,,,,,,,,,,,,
2026-01-22,,,,,,,,,,,,,,,,,,,,,,,
2026-01-22,,,,,,s,14:00:00,15:00:00,59.99999999999995,4.0,,,4.0,4.0,,,,,,,,,
2026-01-22,,,,,,,,,,,,,,,,,,,,,,,
2026-01-22,,,,,,,,,,,,,,,,,,,,,,,
2026-01-22,,,,,,s,13:15:00,14:00:00,45.0,4.0,,,4.0,4.0,,,,15,,,Wartungsplan,,
2026-01-22,,,,,,f,04:45:00,06:00:00,75.00000000000001,3.0,,,4.0,4.0,,,,15,,,Wartungsplan,,
2026-01-22,,,,,,,,,,,,,,,,,,,,,,,
2026-01-22,,,,,,,,,,,,,,,,,,,,,,,
2026-01-22,,,,,,,,,,,,,,,,,,,,,,,
2026-01-22,,,,,,f,10:00:00,11:00:00,59.99999999999995,3.0,,,5.0,5.0,,,,,,,,,
2026-01-22,,,,,,,,,,,,,,,,,,,,,,,
2026-01-22,,,,,,,,,,,,,,,,,,,,,,,
2026-01-22,,,,,,f,11:00:00,12:00:00,60.00000000000003,3.0,,,4.0,4.0,,,,,,,,,
2026-01-22,,,,,,,,,,,,,,,,,,,,,,,
2026-01-22,,,,,,,,,,,,,,,,,,,,,,,
2026-01-22,,,,,,f,12:00:00,13:15:00,75.00000000000006,3.0,,,4.0,4.0,,,,,,,,,
2026-01-22,,,,,,,,,,,,,,,,,,,,,,,
2026-01-22,,,,,,,,,,,,,,,,,,,,,,,
2026-01-22,,,,,,s,20:00:00,21:00:00,59.99999999999995,4.0,,4.0,,4.0,,,,,,,,,
2026-01-22,,,,,,,,,,,,,,,,,,,,,,,
2026-01-22,,,,,,,,,,,,,,,,,,,,,,,
2026-01-22,,,,,,,,,,,,,,,,,,,,,,,
2026-01-22,,,,,,,21:00:00,21:45:00,45.0,4.0,,2.0,,2.0,,,,,,,,,
2026-01-22,,,,,,s,,,,,,,,,,,,,,,,,
2026-01-22,,,,,,,,,,,,,,,,,,15,,,Reinigung + Werkzeug einschließen,,
2026-01-22,,,,,,,,,,,,,,,,,,15,,,Reinigung + Werkzeug einschließen,,
2026-01-22,,,,,,s,,,,,,,,,,,,,,,,,
2026-01-22,,,,,,,21:00:00,21:45:00,45.0,4.0,,2.0,,2.0,,,,,,,,,
2026-01-22,,,,,,,,,,,,,,,,,,,,,,,
2026-01-22,,,,,,,,,,,,,,,,,,,,,,,
2026-01-22,,,,,,s,20:00:00,21:00:00,59.99999999999995,4.0,,4.0,,4.0,,,,,,,,,
2026-01-22,,,,,,,,,,,,,,,,,,,,,,,
2026-01-22,,,,,,,,,,,,,,,,,,,,,,,
2026-01-22,,,,,,s,19:00:00,20:00:00,60.00000000000011,4.0,,,4.0,4.0,,,,,,,,,
2026-01-22,,,,,,,,,,,,,,,,,,,,,,,
2026-01-22,,,,,,,,,,,,,,,,,,,,,,,
2026-01-22,,,,,,s,18:00:00,19:00:00,59.99999999999995,4.0,,,4.0,4.0,,,,,,,,,
2026-01-22,,,,,,,,,,,,,,,,,,,,,,,
2026-01-22,,,,,,s,17:30:00,18:00:00,30.000000000000053,4.0,,,2.0,2.0,,,,,,,,,
2026-01-22,,,,,,,,,,,,,,,,,,,,,,,
2026-01-22,,,,,,s,16:00:00,17:00:00,60.00000000000011,4.0,,2.0,2.0,4.0,,,,,,,,,
2026-01-22,,,,,,,,,,,,,,,,,,,,,,,
2026-01-22,,,,,,f,09:30:00,10:00:00,30.000000000000053,3.0,,,2.0,2.0,,,,,,,,,
2026-01-22,,,,,,,,,,,,,,,,,,,,,,,
2026-01-22,,,,,,s,,,,,,,,,,,,,,,,,
2026-01-22,,,,,,,,,,,,,,,,,,15,,,Reinigung + Werkzeug einschließen,,
2026-01-22,,,,,,,,,,,,,,,,,,,,,,,
2026-01-22,,,,,,,,,,,,,,,,,,,,,,,
2026-01-22,,,,,,s,13:15:00,14:00:00,45.0,4.0,,,4.0,4.0,,,,15,,,Wartungsplan,,
2026-01-22,,,,,,,,,,,,,,,,,,15,,,Reinigung,,
2026-01-22,,,,,,,,,,,,,,,,,,,,,,,
2026-01-22,,,,,,f,12:00:00,13:15:00,75.00000000000006,3.0,,,4.0,4.0,,,,,,,,,
2026-01-22,,,,,,,,,,,,,,,,,,,,,,,
2026-01-22,,,,,,,,,,,,,,,,,,,,,,,
2026-01-22,,,,,,f,11:00:00,12:00:00,60.00000000000003,3.0,,,4.0,4.0,,,,,,,,,
2026-01-22,,,,,,,,,,,,,,,,,,,,,,,
2026-01-22,,,,,,f,10:00:00,11:00:00,59.99999999999995,3.0,,,5.0,5.0,,,,,,,,,
2026-01-22,,,,,,,,,,,,,,,,,,,,,,,
2026-01-22,,,,,,,,,,,,,,,,,,,,,,,
2026-01-22,,,,,,f,09:30:00,10:00:00,30.000000000000053,3.0,,,2.0,2.0,,,,,,,,,
2026-01-22,,,,,,,,,,,,,,,,,,,,,,,
2026-01-22,,,,,,,21:00:00,21:45:00,45.0,4.0,,2.0,,2.0,,,,,,,,,
2026-01-22,,,,,,,,,,,,,,,,,,,,,,,
2026-01-22,,,,,,,,,,,,,,,,,,,,,,,
2026-01-22,,,,,,,,,,,,,,,,,,,,,,,
2026-01-22,,,,,,s,14:00:00,15:00:00,59.99999999999995,4.0,,,4.0,4.0,,,,,,,,,
2026-01-22,,,,,,,,,,,,,,,,,,,,,,,
2026-01-22,,,,,,,,,,,,,,,,,,,,,,,
2026-01-22,,,,,,s,15:00:00,16:00:00,59.99999999999995,4.0,,4.0,,4.0,,,,,,,,,
2026-01-22,,,,,,,,,,,,,,,,,,,,,,,
2026-01-22,,,,,,,,,,,,,,,,,,,,,,,
2026-01-22,,,,,,s,16:00:00,17:00:00,60.00000000000011,4.0,,2.0,2.0,4.0,,,,,,,,,
2026-01-22,,,,,,,,,,,,,,,,,,,,,,,
2026-01-22,,,,,,,,,,,,,,,,,,,,,,,
2026-01-22,,,,,,s,17:30:00,18:00:00,30.000000000000053,4.0,,,2.0,2.0,,,,,,,,,
2026-01-22,,,,,,,,,,,,,,,,,,,,,,,
2026-01-22,,,,,,,,,,,,,,,,,,,,,,,
2026-01-22,,,,,,s,18:00:00,19:00:00,59.99999999999995,4.0,,,4.0,4.0,,,,,,,,,
2026-01-22,,,,,,,,,,,,,,,,,,,,,,,
2026-01-22,,,,,,,,,,,,,,,,,,,,,,,
2026-01-22,,,,,,s,19:00:00,20:00:00,60.00000000000011,4.0,,,4.0,4.0,,,,,,,,,
2026-01-22,,,,,,,,,,,,,,,,,,,,,,,
2026-01-22,,,,,,s,20:00:00,21:00:00,59.99999999999995,4.0,,4.0,,4.0,,,,,,,,,
2026-01-22,,,,,,f,08:00:00,09:00:00,60.00000000000003,3.0,,,4.0,4.0,,,,,,,,,
2026-01-22,,,,,,,,,,,,,,,,,,,,,,,
2026-01-22,,,,,,,,,,,,,,,,,,,,,,,
2026-01-22,,,,,,,,,,,,,,,,,,,,,,,
2026-01-22,,,,,,,,,,,,,,,,,,,,,,,
2026-01-22,,,,,,f,06:00:00,07:00:00,60.00000000000003,3.0,,,4.0,4.0,,,,,,,,,
2026-01-22,,,,,,,,,,,,,,,,,,,,,,,
2026-01-22,,,,,,,,,,,,,,,,,,,,,,,
2026-01-22,,,,,,,,,,,,,,,,,,,,,,,
2026-01-22,,,,,,,,,,,,,,,,,,,,,,,
2026-01-22,,,,,,,,,,,,,,,,,,,,,,,
2026-01-22,,,,,,f,08:00:00,09:00:00,60.00000000000003,3.0,,,4.0,4.0,,,,,,,,,
2026-01-22,,,,,,f,07:00:00,08:00:00,59.99999999999995,3.0,,,5.0,5.0,,,,,,,,,
2026-01-22,,,,,,f,04:45:00,06:00:00,75.00000000000001,3.0,,,4.0,4.0,,,,15,,,Wartungsplan,,
2026-01-22,,,,,,,,,,,,,,,,,,,,,,,
2026-01-22,,,,,,,,,,,,,,,,,,,,,,,
2026-01-22,,,,,,f,06:00:00,07:00:00,60.00000000000003,3.0,,,4.0,4.0,,,,,,,,,
2026-01-22,,,,,,,,,,,,,,,,,,,,,,,
2026-01-22,,,,,,,,,,,,,,,,,,,,,,,
2026-01-22,,,,,,f,07:00:00,08:00:00,59.99999999999995,3.0,,,5.0,5.0,,,,,,,,,
2026-01-22,,,,,,,,,,,,,,,,,,,,,,,
2026-01-22,,,,,,f,04:45:00,06:00:00,75.00000000000001,3.0,,,4.0,4.0,,,,15,,,Wartungsplan,,
2026-01-23,,,,,,,,,,,,,,,,,,,,,,,
2026-01-23,,,,,,s,19:00:00,20:00:00,60.00000000000011,5.0,,,4.0,4.0,,15,,,,R 06,Schweißstörung  Robotech  Informiert.,3,
2026-01-23,,,,,,,,,,,,,,,,,,,,,,,
2026-01-23,,,,,,,,,,,,,,,,,,,,,,,
2026-01-23,,,,,,s,20:00:00,21:00:00,59.99999999999995,5.0,,,5.0,5.0,,,,,,,,,
2026-01-23,,,,,,,,,,,,,,,,,,,,,,,
2026-01-23,,,,,,,,,,,,,,,,,,,,,,,
2026-01-23,,,,,,,,,,,,,,,,,,,,,,,
2026-01-23,,,,,,,,,,,,,,,,,,,,,,,
2026-01-23,,,,,,f,11:00:00,12:00:00,60.00000000000003,3.0,,4.0,,4.0,,,,,,,Drucker läuft nicht (11:05 WB 41),,
2026-01-23,,,,,,,,,,,,,,,,,,,,,Drucker läuft nicht (10:48 Wb 41),,
2026-01-23,,,,,,,,,,,,,,,,,,,,,,,
2026-01-23,,,,,,f,10:00:00,11:00:00,59.99999999999995,3.0,,4.0,,4.0,,,,15,,R 06,Schweißt eine stelle nicht da wo es soll (RobTech wurde Info),,
2026-01-23,,,,,,,,,,,,,,,,,,,,,,,
2026-01-23,,,,,,,,,,,,,,,,,,,,,,,
2026-01-23,,,,,,f,09:30:00,10:00:00,30.000000000000053,3.0,,2.0,,2.0,,,,,,,,,
2026-01-23,,,,,,,21:00:00,21:45:00,45.0,5.0,,,2.0,2.0,,,,,,,,,
2026-01-23,,,,,,s,18:00:00,19:00:00,59.99999999999995,5.0,,,6.0,6.0,,,,,,,,,
2026-01-23,,,,,,,,,,,,,,,,,,,,,,,
2026-01-23,,,,,,,,,,,,,,,,8,,,,R 06,Schweißstörung  in OP.120-1,2,
2026-01-23,,,,,,,,,,,,,,,,,,,,,,,
2026-01-23,,,,,,s,14:00:00,15:00:00,59.99999999999995,5.0,,5.0,,5.0,,15,,,,OP 50,Sensor Bauteilerkennung schaltet nicht Robotech Informiert,,
2026-01-23,,,,,,,,,,,,,,,,,,,,,,,
2026-01-23,,,,,,,,,,,,,,,,45,,,,OP 120.2,Niecht Activ nur OP.130-2. so übernomen,,
2026-01-23,,,,,,s,13:15:00,14:00:00,45.0,5.0,,2.0,,2.0,,,,15,,,Wartungsplan,,
2026-01-23,,,,,,,,,,,,,,,,,,15,,,,,
2026-01-23,,,,,,,,,,,,,,,,,,20,,,"Auf anweisung won RobTech wurde QS angerufen, verdacht das die bleche für L4 nicht passen",,
2026-01-23,,,,,,f,12:00:00,13:15:00,75.00000000000006,3.0,,2.0,,2.0,,,,15,,R 06,Schweißt eine stelle nicht da wo es soll (RobTech wurde Info),,
2026-01-23,,,,,,,,,,,,,,,,,,,,OP 120.2,Niecht Activ nur OP.130-2. so übernomen,,
2026-01-23,,,,,,,,,,,,,,,,,,,,,,,
2026-01-23,,,,,,s,15:00:00,16:00:00,59.99999999999995,5.0,,3.0,,3.0,,,,,,,,,
2026-01-23,,,,,,,,,,,,,,,,,,,,OP 120.2,Niecht Activ nur OP.130-2. so übernomen,,
2026-01-23,,,,,,,,,,,,,,,,,,,,,,,
2026-01-23,,,,,,s,16:00:00,17:00:00,60.00000000000011,5.0,,,4.0,4.0,,20,,,,OP 120.1,Störung  (Robotech ) An der Anlage.,,
2026-01-23,,,,,,,,,,,,,,,,,,,,,"Anlage leer durch Störungen, auffüllen",,
2026-01-23,,,,,,,,,,,,,,,,,,,,,,,
2026-01-23,,,,,,s,17:30:00,18:00:00,30.000000000000053,5.0,,,1.0,1.0,,,,,,,,,
2026-01-23,,,,,,,,,,,,,,,,,,,,,,,
2026-01-23,,,,,,,,,,,,,,,,,,,,,Drucker läuft nicht (8:55 WB 47),,
2026-01-23,,,,,,,,,,,,,,,,,,,,,,,
2026-01-23,,,,,,,,,,,,,,,,,,,,,,,
2026-01-23,,,,,,f,09:30:00,10:00:00,30.000000000000053,3.0,,2.0,,2.0,,,,,,,,,
2026-01-23,,,,,,,,,,,,,,,,,,,,,,,
2026-01-23,,,,,,,,,,,,,,,,,,,,,,,
2026-01-23,,,,,,f,10:00:00,11:00:00,59.99999999999995,3.0,,4.0,,4.0,,,,15,,R 06,Schweißt eine stelle nicht da wo es soll (RobTech wurde Info),,
2026-01-23,,,,,,,,,,,,,,,,,,,,,,,
2026-01-23,,,,,,,,,,,,,,,,,,,,,Drucker läuft nicht (10:48 Wb 41),,
2026-01-23,,,,,,f,11:00:00,12:00:00,60.00000000000003,3.0,,4.0,,4.0,,,,,,,Drucker läuft nicht (11:05 WB 41),,
2026-01-23,,,,,,,,,,,,,,,,,,,,,,,
2026-01-23,,,,,,,,,,,,,,,,,,,,,,,
2026-01-23,,,,,,f,12:00:00,13:15:00,75.00000000000006,3.0,,2.0,,2.0,,,,15,,R 06,Schweißt eine stelle nicht da wo es soll (RobTech wurde Info),,
2026-01-23,,,,,,,,,,,,,,,,,,20,,,"Auf anweisung won RobTech wurde QS angerufen, verdacht das die bleche für L4 nicht passen",,
2026-01-23,,,,,,,,,,,,,,,,,,15,,,,,
2026-01-23,,,,,,s,13:15:00,14:00:00,45.0,5.0,,2.0,,2.0,,,,15,,,Wartungsplan,,
2026-01-23,,,,,,,,,,,,,,,,45,,,,OP 120.2,Niecht Activ nur OP.130-2. so übernomen,,
2026-01-23,,,,,,,,,,,,,,,,,,,,,,,
2026-01-23,,,,,,,,,,,,,,,,,,,,OP 120.2,Niecht Activ nur OP.130-2. so übernomen,,
2026-01-23,,,,,,,,,,,,,,,,,,,,,,,
2026-01-23,,,,,,,,,,,,,,,,,,,,,Drucker läuft nicht (8:55 WB 47),,
2026-01-23,,,,,,f,08:00:00,09:00:00,60.00000000000003,3.0,,4.0,,4.0,,,,,,,,,
2026-01-23,,,,,,,,,,,,,,,,,,,,,,,
2026-01-23,,,,,,,,,,,,,,,,,,,,,,,
2026-01-23,,,,,,f,07:00:00,08:00:00,59.99999999999995,3.0,,4.0,,4.0,,,,,,,,,
2026-01-23,,,,,,,,,,,,,,,,,,,,,,,
2026-01-23,,,,,,,,,,,,,,,,,,,,,,,
2026-01-23,,,,,,f,06:00:00,07:00:00,60.00000000000003,3.0,,,4.0,4.0,,,,,,,,,
2026-01-23,,,,,,,,,,,,,,,,,,,,,,,
2026-01-23,,,,,,,,,,,,,,,,,,,,,,,
2026-01-23,,,,,,f,04:45:00,06:00:00,75.00000000000001,3.0,,,4.0,4.0,,,,15,,,Wartungsplan,,
2026-01-23,,,,,,s,,,,,,,,,,,,,,,,,
2026-01-23,,,,,,f,04:45:00,06:00:00,75.00000000000001,3.0,,,4.0,4.0,,,,15,,,Wartungsplan,,
2026-01-23,,,,,,,,,,,,,,,,,,,,,,,
2026-01-23,,,,,,,,,,,,,,,,,,,,,,,
2026-01-23,,,,,,f,06:00:00,07:00:00,60.00000000000003,3.0,,,4.0,4.0,,,,,,,,,
2026-01-23,,,,,,,,,,,,,,,,,,,,,,,
2026-01-23,,,,,,,,,,,,,,,,,,,,,,,
2026-01-23,,,,,,f,07:00:00,08:00:00,59.99999999999995,3.0,,4.0,,4.0,,,,,,,,,
2026-01-23,,,,,,,,,,,,,,,,,,,,,,,
2026-01-23,,,,,,f,08:00:00,09:00:00,60.00000000000003,3.0,,4.0,,4.0,,,,,,,,,
2026-01-23,,,,,,,,,,,,,,,,,,15,,,Reinigung + Werkzeug einschließen,,
2026-01-23,,,,,,s,14:00:00,15:00:00,59.99999999999995,5.0,,5.0,,5.0,,15,,,,OP 50,Sensor Bauteilerkennung schaltet nicht Robotech Informiert,,
2026-01-23,,,,,,,,,,,,,,,,,,,,,,,
2026-01-23,,,,,,,,,,,,,,,,,,,,,"Anlage leer durch Störungen, auffüllen",,
2026-01-23,,,,,,s,16:00:00,17:00:00,60.00000000000011,5.0,,,4.0,4.0,,20,,,,OP 120.1,Störung  (Robotech ) An der Anlage.,,
2026-01-23,,,,,,,,,,,,,,,,,,,,,,,
2026-01-23,,,,,,,,,,,,,,,,,,,,OP 120.2,Niecht Activ nur OP.130-2. so übernomen,,
2026-01-23,,,,,,s,15:00:00,16:00:00,59.99999999999995,5.0,,3.0,,3.0,,,,,,,,,
2026-01-23,,,,,,,,,,,,,,,,,,,,,,,
2026-01-23,,,,,,,,,,,,,,,,,,,,,,,
2026-01-23,,,,,,f,10:00:00,11:00:00,59.99999999999995,3.0,,4.0,,4.0,,,,15,,R 06,Schweißt eine stelle nicht da wo es soll (RobTech wurde Info),,
2026-01-23,,,,,,,,,,,,,,,,,,,,,,,
2026-01-23,,,,,,,,,,,,,,,,,,,,,Drucker läuft nicht (10:48 Wb 41),,
2026-01-23,,,,,,,,,,,,,,,,,,,,,,,
2026-01-23,,,,,,f,11:00:00,12:00:00,60.00000000000003,3.0,,4.0,,4.0,,,,,,,Drucker läuft nicht (11:05 WB 41),,
2026-01-23,,,,,,,,,,,,,,,,,,,,,,,
2026-01-23,,,,,,f,12:00:00,13:15:00,75.00000000000006,3.0,,2.0,,2.0,,,,15,,R 06,Schweißt eine stelle nicht da wo es soll (RobTech wurde Info),,
2026-01-23,,,,,,,,,,,,,,,,,,20,,,"Auf anweisung won RobTech wurde QS angerufen, verdacht das die bleche für L4 nicht passen",,
2026-01-23,,,,,,,,,,,,,,,,,,15,,,,,
2026-01-23,,,,,,s,13:15:00,14:00:00,45.0,5.0,,2.0,,2.0,,,,15,,,Wartungsplan,,
2026-01-23,,,,,,,,,,,,,,,,45,,,,OP 120.2,Niecht Activ nur OP.130-2. so übernomen,,
2026-01-23,,,,,,,,,,,,,,,,,,,,,,,
2026-01-23,,,,,,s,14:00:00,15:00:00,59.99999999999995,5.0,,5.0,,5.0,,15,,,,OP 50,Sensor Bauteilerkennung schaltet nicht Robotech Informiert,,
2026-01-23,,,,,,,,,,,,,,,,,,,,OP 120.2,Niecht Activ nur OP.130-2. so übernomen,,
2026-01-23,,,,,,f,07:00:00,08:00:00,59.99999999999995,3.0,,4.0,,4.0,,,,,,,,,
2026-01-23,,,,,,,,,,,,,,,,,,,,,,,
2026-01-23,,,,,,s,17:30:00,18:00:00,30.000000000000053,5.0,,,1.0,1.0,,,,,,,,,
2026-01-23,,,,,,,,,,,,,,,,8,,,,R 06,Schweißstörung  in OP.120-1,2,
2026-01-23,,,,,,,,,,,,,,,,,,,,,,,
2026-01-23,,,,,,,,,,,,,,,,,,,,,,,
2026-01-23,,,,,,,,,,,,,,,,,,,,,,,
2026-01-23,,,,,,f,08:00:00,09:00:00,60.00000000000003,3.0,,4.0,,4.0,,,,,,,,,
2026-01-23,,,,,,,,,,,,,,,,,,,,,Drucker läuft nicht (8:55 WB 47),,
2026-01-23,,,,,,,,,,,,,,,,,,,,,,,
2026-01-23,,,,,,f,09:30:00,10:00:00,30.000000000000053,3.0,,2.0,,2.0,,,,,,,,,
2026-01-23,,,,,,,,,,,,,,,,,,,,,,,
2026-01-23,,,,,,f,06:00:00,07:00:00,60.00000000000003,3.0,,,4.0,4.0,,,,,,,,,
2026-01-23,,,,,,,,,,,,,,,,,,,,,,,
2026-01-23,,,,,,,,,,,,,,,,,,,,,,,
2026-01-23,,,,,,f,04:45:00,06:00:00,75.00000000000001,3.0,,,4.0,4.0,,,,15,,,Wartungsplan,,
2026-01-23,,,,,,,,,,,,,,,,,,15,,,Reinigung + Werkzeug einschließen,,
2026-01-23,,,,,,s,,,,,,,,,,,,,,,,,
2026-01-23,,,,,,,21:00:00,21:45:00,45.0,5.0,,,2.0,2.0,,,,,,,,,
2026-01-23,,,,,,,,,,,,,,,,,,,,,,,
2026-01-23,,,,,,,,,,,,,,,,,,,,,,,
2026-01-23,,,,,,s,20:00:00,21:00:00,59.99999999999995,5.0,,,5.0,5.0,,,,,,,,,
2026-01-23,,,,,,,,,,,,,,,,,,,,,,,
2026-01-23,,,,,,,,,,,,,,,,,,,,,,,
2026-01-23,,,,,,s,19:00:00,20:00:00,60.00000000000011,5.0,,,4.0,4.0,,15,,,,R 06,Schweißstörung  Robotech  Informiert.,3,
2026-01-23,,,,,,,,,,,,,,,,,,,,,,,
2026-01-23,,,,,,,,,,,,,,,,,,,,,,,
2026-01-23,,,,,,s,18:00:00,19:00:00,59.99999999999995,5.0,,,6.0,6.0,,,,,,,,,
2026-01-23,,,,,,s,15:00:00,16:00:00,59.99999999999995,5.0,,3.0,,3.0,,,,,,,,,
2026-01-23,,,,,,,,,,,,,,,,,,,,OP 120.2,Niecht Activ nur OP.130-2. so übernomen,,
2026-01-23,,,,,,,,,,,,,,,,,,,,,,,
2026-01-23,,,,,,s,16:00:00,17:00:00,60.00000000000011,5.0,,,4.0,4.0,,20,,,,OP 120.1,Störung  (Robotech ) An der Anlage.,,
2026-01-23,,,,,,,,,,,,,,,,,,,,,,,
2026-01-23,,,,,,s,,,,,,,,,,,,,,,,,
2026-01-23,,,,,,,21:00:00,21:45:00,45.0,5.0,,,2.0,2.0,,,,,,,,,
2026-01-23,,,,,,,,,,,,,,,,,,,,,,,
2026-01-23,,,,,,,,,,,,,,,,,,,,,,,
2026-01-23,,,,,,s,20:00:00,21:00:00,59.99999999999995,5.0,,,5.0,5.0,,,,,,,,,
2026-01-23,,,,,,,,,,,,,,,,,,,,,,,
2026-01-23,,,,,,,,,,,,,,,,,,,,,,,
2026-01-23,,,,,,,,,,,,,,,,,,15,,,Reinigung + Werkzeug einschließen,,
2026-01-23,,,,,,,,,,,,,,,,,,,,,,,
2026-01-23,,,,,,,,,,,,,,,,,,,,,,,
2026-01-23,,,,,,s,18:00:00,19:00:00,59.99999999999995,5.0,,,6.0,6.0,,,,,,,,,
2026-01-23,,,,,,,,,,,,,,,,,,,,,,,
2026-01-23,,,,,,,,,,,,,,,,8,,,,R 06,Schweißstörung  in OP.120-1,2,
2026-01-23,,,,,,s,17:30:00,18:00:00,30.000000000000053,5.0,,,1.0,1.0,,,,,,,,,
2026-01-23,,,,,,,,,,,,,,,,,,,,,,,
2026-01-23,,,,,,s,19:00:00,20:00:00,60.00000000000011,5.0,,,4.0,4.0,,15,,,,R 06,Schweißstörung  Robotech  Informiert.,3,
2026-01-23,,,,,,,,,,,,,,,,,,,,,"Anlage leer durch Störungen, auffüllen",,
2026-01-26,,,,,,,,,,,,,,,,,,20,,,Schweißgerät bei denn Knoten läuft nicht (Warten auf Elektrika),,
2026-01-26,,,,,,s,17:30:00,18:00:00,30.000000000000053,3.0,,,1.0,1.0,,,,,,,,,
2026-01-26,,,,,,,,,,,,,,,,,,,,,,,
2026-01-26,,,,,,,,,,,,,,,,,,,,,,,
2026-01-26,,,,,,s,18:00:00,19:00:00,59.99999999999995,3.0,,,4.0,4.0,,,,,,,,,
2026-01-26,,,,,,,,,,,,,,,,,,,,,,,
2026-01-26,,,,,,,,,,,,,,,,,,,,,,,
2026-01-26,,,,,,s,20:00:00,21:00:00,59.99999999999995,3.0,,,4.0,4.0,,,,,,,,,
2026-01-26,,,,,,,,,,,,,,,,,,,,,,,
2026-01-26,,,,,,,,,,,,,,,,,,,,,,,
2026-01-26,,,,,,,,,,,,,,,,,,,,,,,
2026-01-26,,,,,,,,,,,,,,,,,,,,,,,
2026-01-26,,,,,,,21:00:00,21:45:00,45.0,3.0,,2.0,,2.0,,,,10,,R 06,Schweißstörung bei OP120.2,,
2026-01-26,,,,,,s,,,,,,,,,,,,10,,R 07,Schweißstörung bei OP120.2 ,,
2026-01-26,,,,,,,,,,,,,,,,,,,,,,,
2026-01-26,,,,,,s,19:00:00,20:00:00,60.00000000000011,3.0,,,4.0,4.0,,,,,,,,,
2026-01-26,,,,,,s,16:00:00,17:00:00,60.00000000000011,3.0,,3.0,,3.0,,,,20,,R 07,Schweißstörung (RobTech bei der Anlage),,
2026-01-26,,,,,,,,,,,,,,,,,,15,,,Reinigung,,
2026-01-26,,,,,,,,,,,,,,,,,,15,,R 07,Schweißstörung ,,
2026-01-26,,,,,,,,,,,,,,,,,,,,,,,
2026-01-26,,,,,,,,,,,,,,,,,,,,,,,
2026-01-26,,,,,,f,11:00:00,12:00:00,60.00000000000003,4.0,,,6.0,6.0,,,,,,,,,
2026-01-26,,,,,,,,,,,,,,,,,,,,,,,
2026-01-26,,,,,,,,,,,,,,,,,,,,,,,
2026-01-26,,,,,,,,,,,,,,,,,,,,,,,
2026-01-26,,,,,,,,,,,,,,,,,,,,,,,
2026-01-26,,,,,,,,,,,,,,,,,,10,,,Schweißgerät bei denn Knoten läuft nicht (Warten auf Elektrika),,
2026-01-26,,,,,,f,12:00:00,13:15:00,75.00000000000006,4.0,,4.0,3.0,7.0,,,,,,,,,
2026-01-26,,,,,,s,13:15:00,14:00:00,45.0,3.0,,3.0,,3.0,,,,15,,,Wartungsplan,,
2026-01-26,,,,,,,,,,,,,,,,,,,,,,,
2026-01-26,,,,,,,,,,,,,,,,,,,,,,,
2026-01-26,,,,,,s,14:00:00,15:00:00,59.99999999999995,3.0,,4.0,,4.0,,,,,,,,,
2026-01-26,,,,,,,,,,,,,,,,,,,,,,,
2026-01-26,,,,,,,,,,,,,,,,,,,,,,,
2026-01-26,,,,,,s,15:00:00,16:00:00,59.99999999999995,3.0,,2.0,,2.0,,,,15,,R 06,Schweißstörung,,
2026-01-26,,,,,,,,,,,,,,,,,,,,,,,
2026-01-26,,,,,,,,,,,,,,,,,,,,,,,
2026-01-26,,,,,,s,17:30:00,18:00:00,30.000000000000053,3.0,,,1.0,1.0,,,,,,,,,
2026-01-26,,,,,,s,,,,,,,,,,,,10,,R 07,Schweißstörung bei OP120.2 ,,
2026-01-26,,,,,,f,06:00:00,07:00:00,60.00000000000003,4.0,,,6.0,6.0,,,,,,,,,
2026-01-26,,,,,,,,,,,,,,,,,,,,,,,
2026-01-26,,,,,,,,,,,,,,,,,,,,,,,
2026-01-26,,,,,,f,07:00:00,08:00:00,59.99999999999995,4.0,,,6.0,6.0,,,,,,,,,
2026-01-26,,,,,,,,,,,,,,,,,,,,,,,
2026-01-26,,,,,,,,,,,,,,,,,,,,,,,
2026-01-26,,,,,,f,08:00:00,09:00:00,60.00000000000003,4.0,,1.0,4.0,5.0,,,,,,,,,
2026-01-26,,,,,,,,,,,,,,,,,,,,,,,
2026-01-26,,,,,,,,,,,,,,,,,,,,,,,
2026-01-26,,,,,,f,09:30:00,10:00:00,30.000000000000053,4.0,,,3.0,3.0,,,,,,,,,
2026-01-26,,,,,,,,,,,,,,,,,,,,,,,
2026-01-26,,,,,,,,,,,,,,,,,,,,,,,
2026-01-26,,,,,,f,10:00:00,11:00:00,59.99999999999995,4.0,,,6.0,6.0,,,,,,,,,
2026-01-26,,,,,,,,,,,,,,,,,,,,,,,
2026-01-26,,,,,,,,,,,,,,,,,,,,,,,
2026-01-26,,,,,,f,11:00:00,12:00:00,60.00000000000003,4.0,,,6.0,6.0,,,,,,,,,
2026-01-26,,,,,,,,,,,,,,,,,,,,,,,
2026-01-26,,,,,,,,,,,,,,,,,,,,,,,
2026-01-26,,,,,,f,09:30:00,10:00:00,30.000000000000053,4.0,,,3.0,3.0,,,,,,,,,
2026-01-26,,,,,,,,,,,,,,,,,,,,,,,
2026-01-26,,,,,,,,,,,,,,,,,,,,,,,
2026-01-26,,,,,,f,08:00:00,09:00:00,60.00000000000003,4.0,,1.0,4.0,5.0,,,,,,,,,
2026-01-26,,,,,,,,,,,,,,,,,,,,,,,
2026-01-26,,,,,,,,,,,,,,,,,,,,,,,
2026-01-26,,,,,,f,07:00:00,08:00:00,59.99999999999995,4.0,,,6.0,6.0,,,,,,,,,
2026-01-26,,,,,,,,,,,,,,,,,,,,,,,
2026-01-26,,,,,,,,,,,,,,,,,,,,,,,
2026-01-26,,,,,,f,06:00:00,07:00:00,60.00000000000003,4.0,,,6.0,6.0,,,,,,,,,
2026-01-26,,,,,,,,,,,,,,,,,,15,,,Reinigung,,
2026-01-26,,,,,,,,,,,,,,,,,,15,,,Reinigung,,
2026-01-26,,,,,,,,,,,,,,,,,,,,,,,
2026-01-26,,,,,,f,04:45:00,06:00:00,75.00000000000001,4.0,,,5.0,5.0,,,,15,,,Wartungsplan,,
2026-01-26,,,,,,,21:00:00,21:45:00,45.0,3.0,,2.0,,2.0,,,,10,,R 06,Schweißstörung bei OP120.2,,
2026-01-26,,,,,,,,,,,,,,,,,,,,,,,
2026-01-26,,,,,,,,,,,,,,,,,,,,,,,
2026-01-26,,,,,,s,20:00:00,21:00:00,59.99999999999995,3.0,,,4.0,4.0,,,,,,,,,
2026-01-26,,,,,,,,,,,,,,,,,,,,,,,
2026-01-26,,,,,,,,,,,,,,,,,,,,,,,
2026-01-26,,,,,,s,19:00:00,20:00:00,60.00000000000011,3.0,,,4.0,4.0,,,,,,,,,
2026-01-26,,,,,,,,,,,,,,,,,,,,,,,
2026-01-26,,,,,,,,,,,,,,,,,,,,,,,
2026-01-26,,,,,,s,18:00:00,19:00:00,59.99999999999995,3.0,,,4.0,4.0,,,,,,,,,
2026-01-26,,,,,,,,,,,,,,,,,,,,,,,
2026-01-26,,,,,,,,,,,,,,,,,,,,,,,
2026-01-26,,,,,,,,,,,,,,,,,,,,,,,
2026-01-26,,,,,,f,04:45:00,06:00:00,75.00000000000001,4.0,,,5.0,5.0,,,,15,,,Wartungsplan,,
2026-01-26,,,,,,,,,,,,,,,,,,20,,,Schweißgerät bei denn Knoten läuft nicht (Warten auf Elektrika),,
2026-01-26,,,,,,s,16:00:00,17:00:00,60.00000000000011,3.0,,3.0,,3.0,,,,20,,R 07,Schweißstörung (RobTech bei der Anlage),,
2026-01-26,,,,,,,,,,,,,,,,,,10,,,Schweißgerät bei denn Knoten läuft nicht (Warten auf Elektrika),,
2026-01-26,,,,,,,,,,,,,,,,,,15,,R 07,Schweißstörung ,,
2026-01-26,,,,,,s,15:00:00,16:00:00,59.99999999999995,3.0,,2.0,,2.0,,,,15,,R 06,Schweißstörung,,
2026-01-26,,,,,,,,,,,,,,,,,,,,,,,
2026-01-26,,,,,,,,,,,,,,,,,,,,,,,
2026-01-26,,,,,,s,14:00:00,15:00:00,59.99999999999995,3.0,,4.0,,4.0,,,,,,,,,
2026-01-26,,,,,,,,,,,,,,,,,,,,,,,
2026-01-26,,,,,,,,,,,,,,,,,,,,,,,
2026-01-26,,,,,,s,13:15:00,14:00:00,45.0,3.0,,3.0,,3.0,,,,15,,,Wartungsplan,,
2026-01-26,,,,,,,,,,,,,,,,,,15,,,Reinigung,,
2026-01-26,,,,,,,,,,,,,,,,,,,,,,,
2026-01-26,,,,,,f,12:00:00,13:15:00,75.00000000000006,4.0,,4.0,3.0,7.0,,,,,,,,,
2026-01-26,,,,,,,,,,,,,,,,,,,,,,,
2026-01-26,,,,,,,,,,,,,,,,,,,,,,,
2026-01-26,,,,,,f,10:00:00,11:00:00,59.99999999999995,4.0,,,6.0,6.0,,,,,,,,,
2026-01-26,,,,,,,,,,,,,,,,,,,,,,,
2026-01-26,,,,,,,,,,,,,,,,,,,,,,,
2026-01-26,,,,,,s,14:00:00,15:00:00,59.99999999999995,3.0,,4.0,,4.0,,,,,,,,,
2026-01-26,,,,,,,,,,,,,,,,,,,,,,,
2026-01-26,,,,,,s,15:00:00,16:00:00,59.99999999999995,3.0,,2.0,,2.0,,,,15,,R 06,Schweißstörung,,
2026-01-26,,,,,,,,,,,,,,,,,,15,,R 07,Schweißstörung ,,
2026-01-26,,,,,,,,,,,,,,,,,,10,,,Schweißgerät bei denn Knoten läuft nicht (Warten auf Elektrika),,
2026-01-26,,,,,,s,16:00:00,17:00:00,60.00000000000011,3.0,,3.0,,3.0,,,,20,,R 07,Schweißstörung (RobTech bei der Anlage),,
2026-01-26,,,,,,,,,,,,,,,,,,,,,,,
2026-01-26,,,,,,,,,,,,,,,,,,20,,,Schweißgerät bei denn Knoten läuft nicht (Warten auf Elektrika),,
2026-01-26,,,,,,s,17:30:00,18:00:00,30.000000000000053,3.0,,,1.0,1.0,,,,,,,,,
2026-01-26,,,,,,,,,,,,,,,,,,,,,,,
2026-01-26,,,,,,,,,,,,,,,,,,,,,,,
2026-01-26,,,,,,,,,,,,,,,,,,,,,,,
2026-01-26,,,,,,,,,,,,,,,,,,,,,,,
2026-01-26,,,,,,,,,,,,,,,,,,,,,,,
2026-01-26,,,,,,s,19:00:00,20:00:00,60.00000000000011,3.0,,,4.0,4.0,,,,,,,,,
2026-01-26,,,,,,,,,,,,,,,,,,,,,,,
2026-01-26,,,,,,,,,,,,,,,,,,,,,,,
2026-01-26,,,,,,s,20:00:00,21:00:00,59.99999999999995,3.0,,,4.0,4.0,,,,,,,,,
2026-01-26,,,,,,,,,,,,,,,,,,,,,,,
2026-01-26,,,,,,,,,,,,,,,,,,,,,,,
2026-01-26,,,,,,,21:00:00,21:45:00,45.0,3.0,,2.0,,2.0,,,,10,,R 06,Schweißstörung bei OP120.2,,
2026-01-26,,,,,,s,,,,,,,,,,,,10,,R 07,Schweißstörung bei OP120.2 ,,
2026-01-26,,,,,,,,,,,,,,,,,,15,,,Reinigung,,
2026-01-26,,,,,,s,18:00:00,19:00:00,59.99999999999995,3.0,,,4.0,4.0,,,,,,,,,
2026-01-26,,,,,,s,13:15:00,14:00:00,45.0,3.0,,3.0,,3.0,,,,15,,,Wartungsplan,,
2026-01-26,,,,,,,,,,,,,,,,,,,,,,,
2026-01-26,,,,,,,,,,,,,,,,,,,,,,,
2026-01-26,,,,,,f,04:45:00,06:00:00,75.00000000000001,4.0,,,5.0,5.0,,,,15,,,Wartungsplan,,
2026-01-26,,,,,,,,,,,,,,,,,,,,,,,
2026-01-26,,,,,,,,,,,,,,,,,,,,,,,
2026-01-26,,,,,,f,06:00:00,07:00:00,60.00000000000003,4.0,,,6.0,6.0,,,,,,,,,
2026-01-26,,,,,,,,,,,,,,,,,,,,,,,
2026-01-26,,,,,,,,,,,,,,,,,,15,,,Reinigung,,
2026-01-26,,,,,,,,,,,,,,,,,,,,,,,
2026-01-26,,,,,,,,,,,,,,,,,,,,,,,
2026-01-26,,,,,,f,08:00:00,09:00:00,60.00000000000003,4.0,,1.0,4.0,5.0,,,,,,,,,
2026-01-26,,,,,,,,,,,,,,,,,,,,,,,
2026-01-26,,,,,,,,,,,,,,,,,,,,,,,
2026-01-26,,,,,,f,07:00:00,08:00:00,59.99999999999995,4.0,,,6.0,6.0,,,,,,,,,
2026-01-26,,,,,,,,,,,,,,,,,,,,,,,
2026-01-26,,,,,,,,,,,,,,,,,,,,,,,
2026-01-26,,,,,,f,10:00:00,11:00:00,59.99999999999995,4.0,,,6.0,6.0,,,,,,,,,
2026-01-26,,,,,,,,,,,,,,,,,,,,,,,
2026-01-26,,,,,,,,,,,,,,,,,,,,,,,
2026-01-26,,,,,,f,11:00:00,12:00:00,60.00000000000003,4.0,,,6.0,6.0,,,,,,,,,
2026-01-26,,,,,,,,,,,,,,,,,,,,,,,
2026-01-26,,,,,,,,,,,,,,,,,,,,,,,
2026-01-26,,,,,,f,12:00:00,13:15:00,75.00000000000006,4.0,,4.0,3.0,7.0,,,,,,,,,
2026-01-26,,,,,,f,09:30:00,10:00:00,30.000000000000053,4.0,,,3.0,3.0,,,,,,,,,
2026-01-27,,,,,,,,,,,,,,,,,,,,,,,
2026-01-27,,,,,,f,10:00:00,11:00:00,59.99999999999995,5.0,,,8.0,8.0,,,,,,,,,
2026-01-27,,,,,,,,,,,,,,,,,,,,,,,
2026-01-27,,,,,,,,,,,,,,,,,,,,,,,
2026-01-27,,,,,,f,11:00:00,12:00:00,60.00000000000003,5.0,,,7.0,7.0,,,,,,,,,
2026-01-27,,,,,,f,12:00:00,13:15:00,75.00000000000006,5.0,,2.0,5.0,7.0,,,,,,,,,
2026-01-27,,,,,,,,,,,,,,,,,,,,,,,
2026-01-27,,,,,,,,,,,,,,,,,,15,,,Reinigung,,
2026-01-27,,,,,,,,,,,,,,,,,,,,,,,
2026-01-27,,,,,,,,,,,,,,,,,,,,,,,
2026-01-27,,,,,,,,,,,,,,,,,,,,,,,
2026-01-27,,,,,,s,13:15:00,14:00:00,45.0,3.0,,,4.0,4.0,,,,15,,,Wartungsplan,,
2026-01-27,,,,,,f,09:30:00,10:00:00,30.000000000000053,5.0,,,4.0,4.0,,,,,,,,,
2026-01-27,,,,,,,,,,,,,,,,,,,,,,,
2026-01-27,,,,,,,,,,,,,,,,,,,,,,,
2026-01-27,,,,,,,,,,,,,,,,,,15,,,Reinigung,,
2026-01-27,,,,,,s,13:15:00,14:00:00,45.0,3.0,,,4.0,4.0,,,,15,,,Wartungsplan,,
2026-01-27,,,,,,,,,,,,,,,,,,,,,,,
2026-01-27,,,,,,,,,,,,,,,,,,,,,,,
2026-01-27,,,,,,s,14:00:00,15:00:00,59.99999999999995,3.0,,,4.0,4.0,,,,,,,,,
2026-01-27,,,,,,,,,,,,,,,,,,,,,,,
2026-01-27,,,,,,,,,,,,,,,,,,,,,,,
2026-01-27,,,,,,s,15:00:00,16:00:00,59.99999999999995,3.0,,,4.0,4.0,,,,,,,,,
2026-01-27,,,,,,,,,,,,,,,,,,,,,,,
2026-01-27,,,,,,,,,,,,,,,,,,,,,,,
2026-01-27,,,,,,s,16:00:00,17:00:00,60.00000000000011,3.0,,,4.0,4.0,,,,,,,,,
2026-01-27,,,,,,,,,,,,,,,,,,,,,,,
2026-01-27,,,,,,f,12:00:00,13:15:00,75.00000000000006,5.0,,2.0,5.0,7.0,,,,,,,,,
2026-01-27,,,,,,,,,,,,,,,,,,,,,,,
2026-01-27,,,,,,,,,,,,,,,,,,,,,,,
2026-01-27,,,,,,,,,,,,,,,,,,,,,,,
2026-01-27,,,,,,s,18:00:00,19:00:00,59.99999999999995,3.0,,,4.0,4.0,,,,,,,,,
2026-01-27,,,,,,,,,,,,,,,,,,,,,,,
2026-01-27,,,,,,,,,,,,,,,,,,,,,,,
2026-01-27,,,,,,s,19:00:00,20:00:00,60.00000000000011,3.0,,,4.0,4.0,,,,,,,,,
2026-01-27,,,,,,,,,,,,,,,,,,,,,,,
2026-01-27,,,,,,,,,,,,,,,,,,,,,,,
2026-01-27,,,,,,s,20:00:00,21:00:00,59.99999999999995,3.0,,,4.0,4.0,,,,,,,"QT STW ob ist leer, kein Material vorhanden ",,
2026-01-27,,,,,,,,,,,,,,,,,,,,,Anlage leer gefahren ,,
2026-01-27,,,,,,,,,,,,,,,,,,,,,,,
2026-01-27,,,,,,s,,,,,,,,,,,,,,,,,
2026-01-27,,,,,,,,,,,,,,,,,,15,,,Reinigung,,
2026-01-27,,,,,,s,17:30:00,18:00:00,30.000000000000053,3.0,,,2.0,2.0,,,,,,,,,
2026-01-27,,,,,,,,,,,,,,,,,,,,,,,
2026-01-27,,,,,,,,,,,,,,,,,,,,,,,
2026-01-27,,,,,,f,11:00:00,12:00:00,60.00000000000003,5.0,,,7.0,7.0,,,,,,,,,
2026-01-27,,,,,,f,08:00:00,09:00:00,60.00000000000003,5.0,,,6.0,6.0,,,,,,,,,
2026-01-27,,,,,,,,,,,,,,,,,,,,,,,
2026-01-27,,,,,,,,,,,,,,,,,,,,,,,
2026-01-27,,,,,,f,07:00:00,08:00:00,59.99999999999995,5.0,,,7.0,7.0,,,,,,,,,
2026-01-27,,,,,,,,,,,,,,,,,,,,,,,
2026-01-27,,,,,,,,,,,,,,,,,,,,,,,
2026-01-27,,,,,,f,06:00:00,07:00:00,60.00000000000003,5.0,,,6.0,6.0,,10,,,,R 05, Störung in OP.70 ,,
2026-01-27,,,,,,,,,,,,,,,,,,,,,,,
2026-01-27,,,,,,,,,,,,,,,,,,,,,,,
2026-01-27,,,,,,f,04:45:00,06:00:00,75.00000000000001,5.0,,6.0,1.0,7.0,,,,15,,,Wartungsplan,,
2026-01-27,,,,,,f,04:45:00,06:00:00,75.00000000000001,5.0,,6.0,1.0,7.0,,,,15,,,Wartungsplan,,
2026-01-27,,,,,,,,,,,,,,,,,,,,,,,
2026-01-27,,,,,,,,,,,,,,,,,,,,,,,
2026-01-27,,,,,,,,,,,,,,,,,,,,,,,
2026-01-27,,,,,,f,06:00:00,07:00:00,60.00000000000003,5.0,,,6.0,6.0,,10,,,,R 05, Störung in OP.70 ,,
2026-01-27,,,,,,,,,,,,,,,,,,,,,,,
2026-01-27,,,,,,f,07:00:00,08:00:00,59.99999999999995,5.0,,,7.0,7.0,,,,,,,,,
2026-01-27,,,,,,,,,,,,,,,,,,,,,,,
2026-01-27,,,,,,,,,,,,,,,,,,,,,,,
2026-01-27,,,,,,f,08:00:00,09:00:00,60.00000000000003,5.0,,,6.0,6.0,,,,,,,,,
2026-01-27,,,,,,,,,,,,,,,,,,,,,,,
2026-01-27,,,,,,,,,,,,,,,,,,,,,,,
2026-01-27,,,,,,f,09:30:00,10:00:00,30.000000000000053,5.0,,,4.0,4.0,,,,,,,,,
2026-01-27,,,,,,,,,,,,,,,,,,,,,,,
2026-01-27,,,,,,,,,,,,,,,,,,,,,,,
2026-01-27,,,,,,f,10:00:00,11:00:00,59.99999999999995,5.0,,,8.0,8.0,,,,,,,,,
2026-01-27,,,,,,,,,,,,,,,,,,,,,,,
2026-01-27,,,,,,,,,,,,,,,,,,,,,,,
2026-01-27,,,,,,,,,,,,,,,,,,,,,,,
2026-01-27,,,,,,,,,,,,,,,,,,,,,,,
2026-01-27,,,,,,,21:00:00,21:45:00,45.0,3.0,,,2.0,2.0,,,,,,,,,
2026-01-27,,,,,,s,14:00:00,15:00:00,59.99999999999995,3.0,,,4.0,4.0,,,,,,,,,
2026-01-27,,,,,,,,,,,,,,,,,,,,,,,
2026-01-27,,,,,,,,,,,,,,,,,,,,,,,
2026-01-27,,,,,,s,16:00:00,17:00:00,60.00000000000011,3.0,,,4.0,4.0,,,,,,,,,
2026-01-27,,,,,,,,,,,,,,,,,,,,,,,
2026-01-27,,,,,,,,,,,,,,,,,,,,,,,
2026-01-27,,,,,,s,15:00:00,16:00:00,59.99999999999995,3.0,,,4.0,4.0,,,,,,,,,
2026-01-27,,,,,,,,,,,,,,,,,,,,,,,
2026-01-27,,,,,,,,,,,,,,,,,,,,,,,
2026-01-27,,,,,,s,14:00:00,15:00:00,59.99999999999995,3.0,,,4.0,4.0,,,,,,,,,
2026-01-27,,,,,,,,,,,,,,,,,,,,,,,
2026-01-27,,,,,,,,,,,,,,,,,,,,,,,
2026-01-27,,,,,,s,13:15:00,14:00:00,45.0,3.0,,,4.0,4.0,,,,15,,,Wartungsplan,,
2026-01-27,,,,,,,,,,,,,,,,,,15,,,Reinigung,,
2026-01-27,,,,,,,,,,,,,,,,,,,,,,,
2026-01-27,,,,,,f,12:00:00,13:15:00,75.00000000000006,5.0,,2.0,5.0,7.0,,,,,,,,,
2026-01-27,,,,,,s,17:30:00,18:00:00,30.000000000000053,3.0,,,2.0,2.0,,,,,,,,,
2026-01-27,,,,,,,,,,,,,,,,,,,,,,,
2026-01-27,,,,,,,,,,,,,,,,,,,,,,,
2026-01-27,,,,,,s,18:00:00,19:00:00,59.99999999999995,3.0,,,4.0,4.0,,,,,,,,,
2026-01-27,,,,,,,,,,,,,,,,,,15,,,Reinigung,,
2026-01-27,,,,,,,,,,,,,,,,,,,,,,,
2026-01-27,,,,,,,21:00:00,21:45:00,45.0,3.0,,,2.0,2.0,,,,,,,,,
2026-01-27,,,,,,,,,,,,,,,,,,,,,,,
2026-01-27,,,,,,,,,,,,,,,,,,,,,Anlage leer gefahren ,,
2026-01-27,,,,,,,,,,,,,,,,,,15,,,Reinigung,,
2026-01-27,,,,,,s,,,,,,,,,,,,,,,,,
2026-01-27,,,,,,,,,,,,,,,,,,,,,,,
2026-01-27,,,,,,,21:00:00,21:45:00,45.0,3.0,,,2.0,2.0,,,,,,,,,
2026-01-27,,,,,,,,,,,,,,,,,,,,,Anlage leer gefahren ,,
2026-01-27,,,,,,s,20:00:00,21:00:00,59.99999999999995,3.0,,,4.0,4.0,,,,,,,"QT STW ob ist leer, kein Material vorhanden ",,
2026-01-27,,,,,,,,,,,,,,,,,,,,,,,
2026-01-27,,,,,,,,,,,,,,,,,,,,,,,
2026-01-27,,,,,,s,19:00:00,20:00:00,60.00000000000011,3.0,,,4.0,4.0,,,,,,,,,
2026-01-27,,,,,,,,,,,,,,,,,,,,,,,
2026-01-27,,,,,,,,,,,,,,,,,,,,,,,
2026-01-27,,,,,,,,,,,,,,,,,,,,,,,
2026-01-27,,,,,,,,,,,,,,,,,,,,,,,
2026-01-27,,,,,,s,,,,,,,,,,,,,,,,,
2026-01-27,,,,,,,,,,,,,,,,,,,,,,,
2026-01-27,,,,,,s,19:00:00,20:00:00,60.00000000000011,3.0,,,4.0,4.0,,,,,,,,,
2026-01-27,,,,,,,,,,,,,,,,,,,,,,,
2026-01-27,,,,,,,,,,,,,,,,,,,,,,,
2026-01-27,,,,,,s,18:00:00,19:00:00,59.99999999999995,3.0,,,4.0,4.0,,,,,,,,,
2026-01-27,,,,,,,,,,,,,,,,,,,,,,,
2026-01-27,,,,,,,,,,,,,,,,,,,,,,,
2026-01-27,,,,,,s,17:30:00,18:00:00,30.000000000000053,3.0,,,2.0,2.0,,,,,,,,,
2026-01-27,,,,,,,,,,,,,,,,,,,,,,,
2026-01-27,,,,,,,,,,,,,,,,,,,,,,,
2026-01-27,,,,,,s,16:00:00,17:00:00,60.00000000000011,3.0,,,4.0,4.0,,,,,,,,,
2026-01-27,,,,,,,,,,,,,,,,,,,,,,,
2026-01-27,,,,,,,,,,,,,,,,,,,,,,,
2026-01-27,,,,,,s,15:00:00,16:00:00,59.99999999999995,3.0,,,4.0,4.0,,,,,,,,,
2026-01-27,,,,,,,,,,,,,,,,,,,,,,,
2026-01-27,,,,,,f,11:00:00,12:00:00,60.00000000000003,5.0,,,7.0,7.0,,,,,,,,,
2026-01-27,,,,,,,,,,,,,,,,,,,,,,,
2026-01-27,,,,,,,,,,,,,,,,,,,,,,,
2026-01-27,,,,,,,,,,,,,,,,,,,,,,,
2026-01-27,,,,,,f,04:45:00,06:00:00,75.00000000000001,5.0,,6.0,1.0,7.0,,,,15,,,Wartungsplan,,
2026-01-27,,,,,,f,10:00:00,11:00:00,59.99999999999995,5.0,,,8.0,8.0,,,,,,,,,
2026-01-27,,,,,,,,,,,,,,,,,,,,,,,
2026-01-27,,,,,,,,,,,,,,,,,,,,,,,
2026-01-27,,,,,,,,,,,,,,,,,,,,,,,
2026-01-27,,,,,,f,09:30:00,10:00:00,30.000000000000053,5.0,,,4.0,4.0,,,,,,,,,
2026-01-27,,,,,,,,,,,,,,,,,,,,,,,
2026-01-27,,,,,,s,20:00:00,21:00:00,59.99999999999995,3.0,,,4.0,4.0,,,,,,,"QT STW ob ist leer, kein Material vorhanden ",,
2026-01-27,,,,,,f,08:00:00,09:00:00,60.00000000000003,5.0,,,6.0,6.0,,,,,,,,,
2026-01-27,,,,,,,,,,,,,,,,,,,,,,,
2026-01-27,,,,,,,,,,,,,,,,,,,,,,,
2026-01-27,,,,,,f,07:00:00,08:00:00,59.99999999999995,5.0,,,7.0,7.0,,,,,,,,,
2026-01-27,,,,,,,,,,,,,,,,,,,,,,,
2026-01-27,,,,,,,,,,,,,,,,,,,,,,,
2026-01-27,,,,,,f,06:00:00,07:00:00,60.00000000000003,5.0,,,6.0,6.0,,10,,,,R 05, Störung in OP.70 ,,
2026-01-27,,,,,,,,,,,,,,,,,,,,,,,
2026-01-27,,,,,,,,,,,,,,,,,,,,,,,
2026-01-27,,,,,,,,,,,,,,,,,,,,,,,
2026-01-28,,,,,,,,,,,,,,,,,,,,,,,
2026-01-28,,,,,,f,04:45:00,06:00:00,75.00000000000001,5.0,,,5.0,5.0,,,,15,,,Wartungsplan,,
2026-01-28,,,,,,,,,,,,,,,,,,,,,,,
2026-01-28,,,,,,s,,,,,,,,,,,,,,,,,
2026-01-28,,,,,,,21:00:00,21:45:00,45.0,2.0,,2.0,,2.0,,,,,,,,,
2026-01-28,,,,,,,,,,,,,,,,,,,,,,,
2026-01-28,,,,,,s,18:00:00,19:00:00,59.99999999999995,2.0,,4.0,,4.0,,,,,,,,,
2026-01-28,,,,,,s,20:00:00,21:00:00,59.99999999999995,2.0,,1.0,,1.0,,20,,,,R 07,Brennerkollision,,
2026-01-28,,,,,,,,,,,,,,,,,,,,,,,
2026-01-28,,,,,,,,,,,,,,,,,,,,,,,
2026-01-28,,,,,,s,19:00:00,20:00:00,60.00000000000011,2.0,,2.0,,2.0,,,,,,,,,
2026-01-28,,,,,,,,,,,,,,,,,,,,,,,
2026-01-28,,,,,,,,,,,,,,,,,,,,,,,
2026-01-28,,,,,,,,,,,,,,,,,,,,,,,
2026-01-28,,,,,,,,,,,,,,,,,,,,R 07,"teachen, Schweißnahtposition  Robtecht",,
2026-01-28,,,,,,,,,,,,,,,,10,,,,R 06,Schweißstörung,2,
2026-01-28,,,,,,,,,,,,,,,,,,,,,,,
2026-01-28,,,,,,,,,,,,,,,,,,,,,,,
2026-01-28,,,,,,,,,,,,,,,,,,,,,,,
2026-01-28,,,,,,,,,,,,,,,,,,,,,,,
2026-01-28,,,,,,f,11:00:00,12:00:00,60.00000000000003,5.0,,,7.0,7.0,,,,,,,,,
2026-01-28,,,,,,,,,,,,,,,,,,,,,,,
2026-01-28,,,,,,,,,,,,,,,,,,,,,,,
2026-01-28,,,,,,f,10:00:00,11:00:00,59.99999999999995,5.0,,,8.0,8.0,,,,,,,,,
2026-01-28,,,,,,,,,,,,,,,,,,,,,,,
2026-01-28,,,,,,,,,,,,,,,,,,,,,,,
2026-01-28,,,,,,f,09:30:00,10:00:00,30.000000000000053,5.0,,,3.0,3.0,,,,,,,,,
2026-01-28,,,,,,,,,,,,,,,,,,,,,,,
2026-01-28,,,,,,f,08:00:00,09:00:00,60.00000000000003,5.0,,,5.0,5.0,,,,,,,"Anlage leer durch Störungen, auffüllen",,
2026-01-28,,,,,,,,,,,,,,,,15,,,,R 06,Schweißstörung   Robotech in der Anlage,,
2026-01-28,,,,,,,,,,,,,,,,,,,,,,,
2026-01-28,,,,,,f,07:00:00,08:00:00,59.99999999999995,5.0,,,5.0,5.0,,,,,,,,,
2026-01-28,,,,,,,,,,,,,,,,10,,,,R 06,Schweißstörung   Robotech Informiert.,2,
2026-01-28,,,,,,f,06:00:00,07:00:00,60.00000000000003,5.0,,,6.0,6.0,,,,,,,,,
2026-01-28,,,,,,s,17:30:00,18:00:00,30.000000000000053,2.0,,1.0,,1.0,,10,,,,R 06,Brennerkollision,,
2026-01-28,,,,,,,,,,,,,,,,,,,,,,,
2026-01-28,,,,,,,,,,,,,,,,,,,,,,,
2026-01-28,,,,,,,,,,,,,,,,,,,,,,,
2026-01-28,,,,,,f,09:30:00,10:00:00,30.000000000000053,5.0,,,3.0,3.0,,,,,,,,,
2026-01-28,,,,,,,,,,,,,,,,,,,,,,,
2026-01-28,,,,,,,,,,,,,,,,,,,,,,,
2026-01-28,,,,,,f,08:00:00,09:00:00,60.00000000000003,5.0,,,5.0,5.0,,,,,,,"Anlage leer durch Störungen, auffüllen",,
2026-01-28,,,,,,,,,,,,,,,,15,,,,R 06,Schweißstörung   Robotech in der Anlage,,
2026-01-28,,,,,,,,,,,,,,,,,,,,,,,
2026-01-28,,,,,,f,07:00:00,08:00:00,59.99999999999995,5.0,,,5.0,5.0,,,,,,,,,
2026-01-28,,,,,,,,,,,,,,,,10,,,,R 06,Schweißstörung   Robotech Informiert.,2,
2026-01-28,,,,,,,,,,,,,,,,,,,,,,,
2026-01-28,,,,,,f,06:00:00,07:00:00,60.00000000000003,5.0,,,6.0,6.0,,,,,,,,,
2026-01-28,,,,,,,,,,,,,,,,10,,,,R 06,Schweißstörung,2,
2026-01-28,,,,,,,,,,,,,,,,,,,,,,,
2026-01-28,,,,,,f,04:45:00,06:00:00,75.00000000000001,5.0,,,5.0,5.0,,,,15,,,Wartungsplan,,
2026-01-28,,,,,,,,,,,,,,,,,,,,,,,
2026-01-28,,,,,,,,,,,,,,,,,,,,,,,
2026-01-28,,,,,,,,,,,,,,,,,,,,,,,
2026-01-28,,,,,,f,10:00:00,11:00:00,59.99999999999995,5.0,,,8.0,8.0,,,,,,,,,
2026-01-28,,,,,,f,11:00:00,12:00:00,60.00000000000003,5.0,,,7.0,7.0,,,,,,,,,
2026-01-28,,,,,,s,16:00:00,17:00:00,60.00000000000011,2.0,,2.0,1.0,3.0,,,,,,,,,
2026-01-28,,,,,,,,,,,,,,,,,,,,,,,
2026-01-28,,,,,,,,,,,,,,,,,,,,,,,
2026-01-28,,,,,,s,15:00:00,16:00:00,59.99999999999995,2.0,,,3.0,3.0,,,,,,,,,
2026-01-28,,,,,,,,,,,,,,,,,,,,,,,
2026-01-28,,,,,,,,,,,,,,,,,,,,,,,
2026-01-28,,,,,,s,14:00:00,15:00:00,59.99999999999995,2.0,,,5.0,5.0,,,,,,,,,
2026-01-28,,,,,,,,,,,,,,,,,,,,,,,
2026-01-28,,,,,,,,,,,,,,,,,,,,,,,
2026-01-28,,,,,,s,13:15:00,14:00:00,45.0,2.0,,,2.0,2.0,,,,15,,,Wartungsplan,,
2026-01-28,,,,,,,,,,,,,,,,,,15,,,Reinigung,,
2026-01-28,,,,,,,,,,,,,,,,,,,,,,,
2026-01-28,,,,,,f,12:00:00,13:15:00,75.00000000000006,5.0,,,7.0,7.0,,,,,,,,,
2026-01-28,,,,,,,,,,,,,,,,,,,,,,,
2026-01-28,,,,,,,,,,,,,,,,,,,,,,,
2026-01-28,,,,,,,,,,,,,,,,,,,,,,,
2026-01-28,,,,,,f,12:00:00,13:15:00,75.00000000000006,5.0,,,7.0,7.0,,,,,,,,,
2026-01-28,,,,,,f,06:00:00,07:00:00,60.00000000000003,5.0,,,6.0,6.0,,,,,,,,,
2026-01-28,,,,,,,,,,,,,,,,,,15,,,Reinigung,,
2026-01-28,,,,,,s,13:15:00,14:00:00,45.0,2.0,,,2.0,2.0,,,,15,,,Wartungsplan,,
2026-01-28,,,,,,,,,,,,,,,,,,15,,,Reinigung,,
2026-01-28,,,,,,,,,,,,,,,,,,,,,,,
2026-01-28,,,,,,f,12:00:00,13:15:00,75.00000000000006,5.0,,,7.0,7.0,,,,,,,,,
2026-01-28,,,,,,,,,,,,,,,,,,,,,,,
2026-01-28,,,,,,,,,,,,,,,,,,,,,,,
2026-01-28,,,,,,f,11:00:00,12:00:00,60.00000000000003,5.0,,,7.0,7.0,,,,,,,,,
2026-01-28,,,,,,,,,,,,,,,,,,,,,,,
2026-01-28,,,,,,,,,,,,,,,,,,,,,,,
2026-01-28,,,,,,,,,,,,,,,,,,,,,,,
2026-01-28,,,,,,f,10:00:00,11:00:00,59.99999999999995,5.0,,,8.0,8.0,,,,,,,,,
2026-01-28,,,,,,,,,,,,,,,,,,,,,,,
2026-01-28,,,,,,f,09:30:00,10:00:00,30.000000000000053,5.0,,,3.0,3.0,,,,,,,,,
2026-01-28,,,,,,,,,,,,,,,,,,,,,,,
2026-01-28,,,,,,,,,,,,,,,,,,,,,,,
2026-01-28,,,,,,f,08:00:00,09:00:00,60.00000000000003,5.0,,,5.0,5.0,,,,,,,"Anlage leer durch Störungen, auffüllen",,
2026-01-28,,,,,,,,,,,,,,,,15,,,,R 06,Schweißstörung   Robotech in der Anlage,,
2026-01-28,,,,,,,,,,,,,,,,,,,,,,,
2026-01-28,,,,,,f,07:00:00,08:00:00,59.99999999999995,5.0,,,5.0,5.0,,,,,,,,,
2026-01-28,,,,,,,,,,,,,,,,10,,,,R 06,Schweißstörung   Robotech Informiert.,2,
2026-01-28,,,,,,,,,,,,,,,,,,,,,,,
2026-01-28,,,,,,,,,,,,,,,,,,,,,,,
2026-01-28,,,,,,,,,,,,,,,,,,,,,,,
2026-01-28,,,,,,,,,,,,,,,,,,,,,,,
2026-01-28,,,,,,s,18:00:00,19:00:00,59.99999999999995,2.0,,4.0,,4.0,,,,,,,,,
2026-01-28,,,,,,,,,,,,,,,,,,,,,,,
2026-01-28,,,,,,,,,,,,,,,,,,,,,,,
2026-01-28,,,,,,s,19:00:00,20:00:00,60.00000000000011,2.0,,2.0,,2.0,,,,,,,,,
2026-01-28,,,,,,,,,,,,,,,,,,,,,,,
2026-01-28,,,,,,,,,,,,,,,,,,,,,,,
2026-01-28,,,,,,s,20:00:00,21:00:00,59.99999999999995,2.0,,1.0,,1.0,,20,,,,R 07,Brennerkollision,,
2026-01-28,,,,,,,,,,,,,,,,,,,,R 07,"teachen, Schweißnahtposition  Robtecht",,
2026-01-28,,,,,,,,,,,,,,,,,,,,,,,
2026-01-28,,,,,,s,14:00:00,15:00:00,59.99999999999995,2.0,,,5.0,5.0,,,,,,,,,
2026-01-28,,,,,,,21:00:00,21:45:00,45.0,2.0,,2.0,,2.0,,,,,,,,,
2026-01-28,,,,,,,,,,,,,,,,,,,,,,,
2026-01-28,,,,,,s,17:30:00,18:00:00,30.000000000000053,2.0,,1.0,,1.0,,10,,,,R 06,Brennerkollision,,
2026-01-28,,,,,,,,,,,,,,,,,,,,,,,
2026-01-28,,,,,,,,,,,,,,,,,,,,,,,
2026-01-28,,,,,,s,16:00:00,17:00:00,60.00000000000011,2.0,,2.0,1.0,3.0,,,,,,,,,
2026-01-28,,,,,,,,,,,,,,,,,,,,,,,
2026-01-28,,,,,,,,,,,,,,,,,,,,,,,
2026-01-28,,,,,,s,15:00:00,16:00:00,59.99999999999995,2.0,,,3.0,3.0,,,,,,,,,
2026-01-28,,,,,,,,,,,,,,,,,,,,,,,
2026-01-28,,,,,,s,,,,,,,,,,,,,,,,,
2026-01-28,,,,,,,,,,,,,,,,,,,,,,,
2026-01-28,,,,,,,,,,,,,,,,,,,,,,,
2026-01-28,,,,,,,,,,,,,,,,,,,,,,,
2026-01-28,,,,,,,,,,,,,,,,,,,,,,,
2026-01-28,,,,,,s,19:00:00,20:00:00,60.00000000000011,2.0,,2.0,,2.0,,,,,,,,,
2026-01-28,,,,,,,,,,,,,,,,,,,,,,,
2026-01-28,,,,,,,,,,,,,,,,,,,,,,,
2026-01-28,,,,,,s,18:00:00,19:00:00,59.99999999999995,2.0,,4.0,,4.0,,,,,,,,,
2026-01-28,,,,,,,,,,,,,,,,,,,,,,,
2026-01-28,,,,,,,,,,,,,,,,,,,,,,,
2026-01-28,,,,,,s,17:30:00,18:00:00,30.000000000000053,2.0,,1.0,,1.0,,10,,,,R 06,Brennerkollision,,
2026-01-28,,,,,,,,,,,,,,,,,,,,,,,
2026-01-28,,,,,,,,,,,,,,,,,,,,,,,
2026-01-28,,,,,,,,,,,,,,,,,,,,,,,
2026-01-28,,,,,,,,,,,,,,,,,,,,,,,
2026-01-28,,,,,,,,,,,,,,,,,,,,,,,
2026-01-28,,,,,,s,15:00:00,16:00:00,59.99999999999995,2.0,,,3.0,3.0,,,,,,,,,
2026-01-28,,,,,,,,,,,,,,,,,,,,,,,
2026-01-28,,,,,,,,,,,,,,,,,,,,,,,
2026-01-28,,,,,,s,14:00:00,15:00:00,59.99999999999995,2.0,,,5.0,5.0,,,,,,,,,
2026-01-28,,,,,,,,,,,,,,,,,,,,,,,
2026-01-28,,,,,,,,,,,,,,,,,,,,,,,
2026-01-28,,,,,,s,13:15:00,14:00:00,45.0,2.0,,,2.0,2.0,,,,15,,,Wartungsplan,,
2026-01-28,,,,,,s,16:00:00,17:00:00,60.00000000000011,2.0,,2.0,1.0,3.0,,,,,,,,,
2026-01-28,,,,,,,,,,,,,,,,10,,,,R 06,Schweißstörung,2,
2026-01-28,,,,,,s,20:00:00,21:00:00,59.99999999999995,2.0,,1.0,,1.0,,20,,,,R 07,Brennerkollision,,
2026-01-28,,,,,,,,,,,,,,,,,,,,R 07,"teachen, Schweißnahtposition  Robtecht",,
2026-01-28,,,,,,,,,,,,,,,,,,,,,,,
2026-01-28,,,,,,,21:00:00,21:45:00,45.0,2.0,,2.0,,2.0,,,,,,,,,
2026-01-28,,,,,,s,,,,,,,,,,,,,,,,,
2026-01-28,,,,,,,,,,,,,,,,,,,,,,,
2026-01-28,,,,,,f,04:45:00,06:00:00,75.00000000000001,5.0,,,5.0,5.0,,,,15,,,Wartungsplan,,
2026-01-28,,,,,,,,,,,,,,,,,,,,,,,
2026-01-29,,,,,,,,,,,,,,,,,,,,,,,
2026-01-29,,,,,,f,08:00:00,09:00:00,60.00000000000003,4.0,,,6.0,6.0,,,,,,,,,
2026-01-29,,,,,,,,,,,,,,,,,,,,,,,
2026-01-29,,,,,,,,,,,,,,,,,,,,,,,
2026-01-29,,,,,,f,09:30:00,10:00:00,30.000000000000053,4.0,,,3.0,3.0,,,,,,,,,
2026-01-29,,,,,,,,,,,,,,,,,,,,,,,
2026-01-29,,,,,,,,,,,,,,,,,,,,,,,
2026-01-29,,,,,,,,,,,,,,,,,,15,,,Reinigung,,
2026-01-29,,,,,,,,,,,,,,,,,,,,,,,
2026-01-29,,,,,,f,11:00:00,12:00:00,60.00000000000003,4.0,,,6.0,6.0,,,,,,,,,
2026-01-29,,,,,,,,,,,,,,,,,,,,,,,
2026-01-29,,,,,,,,,,,,,,,,,,,,,,,
2026-01-29,,,,,,f,12:00:00,13:15:00,75.00000000000006,4.0,,,6.0,6.0,,,,,,,,,
2026-01-29,,,,,,,,,,,,,,,,,,,,,,,
2026-01-29,,,,,,f,10:00:00,11:00:00,59.99999999999995,4.0,,,6.0,6.0,,,,,,,,,
2026-01-29,,,,,,,,,,,,,,,,,,,,,,,
2026-01-29,,,,,,,,,,,,,,,,,,,,,,,
2026-01-29,,,,,,,,,,,,,,,,,,,,,,,
2026-01-29,,,,,,,,,,,,,,,,,,,,,,,
2026-01-29,,,,,,,,,,,,,,,,,,,,,,,
2026-01-29,,,,,,s,14:00:00,15:00:00,59.99999999999995,3.0,,,3.0,3.0,,,5,,,R 06,Festgebrannt,,
2026-01-29,,,,,,,,,,,,,,,,,,,,,,,
2026-01-29,,,,,,,,,,,,,,,,,,,,,,,
2026-01-29,,,,,,s,15:00:00,16:00:00,59.99999999999995,3.0,,,4.0,4.0,,,,,,,,,
2026-01-29,,,,,,,,,,,,,,,,,,,,,,,
2026-01-29,,,,,,,,,,,,,,,,,,,,,,,
2026-01-29,,,,,,s,16:00:00,17:00:00,60.00000000000011,3.0,,,4.0,4.0,,,,,,,,,
2026-01-29,,,,,,,,,,,,,,,,,,,,,,,
2026-01-29,,,,,,,,,,,,,,,,,,,,,,,
2026-01-29,,,,,,s,17:30:00,18:00:00,30.000000000000053,3.0,,1.0,,1.0,,10,,,,R 06,Probleme mit Schweißdraht,,
2026-01-29,,,,,,,,,,,,,,,,,,,,,,,
2026-01-29,,,,,,,,,,,,,,,,,,,,,,,
2026-01-29,,,,,,s,18:00:00,19:00:00,59.99999999999995,3.0,,2.0,1.0,3.0,,,,,,,,,
2026-01-29,,,,,,,,,,,,,,,,,,,,,,,
2026-01-29,,,,,,,,,,,,,,,,,,,,,,,
2026-01-29,,,,,,s,19:00:00,20:00:00,60.00000000000011,3.0,,,3.0,3.0,,,,,,,,,
2026-01-29,,,,,,,,,,,,,,,,,,,,,,,
2026-01-29,,,,,,,,,,,,,,,,,,,,,,,
2026-01-29,,,,,,s,20:00:00,21:00:00,59.99999999999995,3.0,,,2.0,2.0,,,,,,,,,
2026-01-29,,,,,,,,,,,,,,,,,,,,,,,
2026-01-29,,,,,,,,,,,,,,,,,,,,,,,
2026-01-29,,,,,,s,13:15:00,14:00:00,45.0,3.0,,,3.0,3.0,,,,15,,,Watung,,
2026-01-29,,,,,,,,,,,,,,,,,,15,,,Reinigung,,
2026-01-29,,,,,,,,,,,,,,,,,,,,,,,
2026-01-29,,,,,,f,12:00:00,13:15:00,75.00000000000006,4.0,,,6.0,6.0,,,,,,,,,
2026-01-29,,,,,,,,,,,,,,,,5,,,,R 06,Kollision OP120.2,,
2026-01-29,,,,,,f,06:00:00,07:00:00,60.00000000000003,4.0,,2.0,5.0,7.0,,,,,,,,,
2026-01-29,,,,,,,,,,,,,,,,,,,,,,,
2026-01-29,,,,,,f,04:45:00,06:00:00,75.00000000000001,4.0,,6.0,,6.0,,,,15,,,Wartungsplan,,
2026-01-29,,,,,,s,13:15:00,14:00:00,45.0,3.0,,,3.0,3.0,,,,15,,,Watung,,
2026-01-29,,,,,,,,,,,,,,,,5,,,,R 06,Kollision OP120.2,,
2026-01-29,,,,,,f,06:00:00,07:00:00,60.00000000000003,4.0,,2.0,5.0,7.0,,,,,,,,,
2026-01-29,,,,,,,,,,,,,,,,,,,,,,,
2026-01-29,,,,,,,,,,,,,,,,,,,,,,,
2026-01-29,,,,,,f,07:00:00,08:00:00,59.99999999999995,4.0,,,6.0,6.0,,,,,,,,,
2026-01-29,,,,,,,,,,,,,,,,,,,,,,,
2026-01-29,,,,,,f,04:45:00,06:00:00,75.00000000000001,4.0,,6.0,,6.0,,,,15,,,Wartungsplan,,
2026-01-29,,,,,,,,,,,,,,,,,,,,,,,
2026-01-29,,,,,,,,,,,,,,,,,,,,,,,
2026-01-29,,,,,,,,,,,,,,,,,,,,,,,
2026-01-29,,,,,,f,09:30:00,10:00:00,30.000000000000053,4.0,,,3.0,3.0,,,,,,,,,
2026-01-29,,,,,,,,,,,,,,,,,,,,,,,
2026-01-29,,,,,,,,,,,,,,,,,,,,,,,
2026-01-29,,,,,,f,10:00:00,11:00:00,59.99999999999995,4.0,,,6.0,6.0,,,,,,,,,
2026-01-29,,,,,,,,,,,,,,,,,,,,,,,
2026-01-29,,,,,,,,,,,,,,,,,,,,,,,
2026-01-29,,,,,,f,11:00:00,12:00:00,60.00000000000003,4.0,,,6.0,6.0,,,,,,,,,
2026-01-29,,,,,,,,,,,,,,,,,,,,,,,
2026-01-29,,,,,,,,,,,,,,,,,,,,,,,
2026-01-29,,,,,,f,08:00:00,09:00:00,60.00000000000003,4.0,,,6.0,6.0,,,,,,,,,
2026-01-29,,,,,,,,,,,,,,,,,,,,,,,
2026-01-29,,,,,,,,,,,,,,,,,,,,,,,
2026-01-29,,,,,,s,14:00:00,15:00:00,59.99999999999995,3.0,,,3.0,3.0,,,5,,,R 06,Festgebrannt,,
2026-01-29,,,,,,,,,,,,,,,,,,,,,,,
2026-01-29,,,,,,,,,,,,,,,,,,,,,,,
2026-01-29,,,,,,s,14:00:00,15:00:00,59.99999999999995,3.0,,,3.0,3.0,,,5,,,R 06,Festgebrannt,,
2026-01-29,,,,,,,,,,,,,,,,,,,,,,,
2026-01-29,,,,,,,,,,,,,,,,,,,,,,,
2026-01-29,,,,,,s,15:00:00,16:00:00,59.99999999999995,3.0,,,4.0,4.0,,,,,,,,,
2026-01-29,,,,,,,,,,,,,,,,,,,,,,,
2026-01-29,,,,,,,,,,,,,,,,,,,,,,,
2026-01-29,,,,,,,,,,,,,,,,,,,,,,,
2026-01-29,,,,,,,,,,,,,,,,,,,,,,,
2026-01-29,,,,,,,,,,,,,,,,,,,,,,,
2026-01-29,,,,,,s,17:30:00,18:00:00,30.000000000000053,3.0,,1.0,,1.0,,10,,,,R 06,Probleme mit Schweißdraht,,
2026-01-29,,,,,,,,,,,,,,,,,,,,,,,
2026-01-29,,,,,,,,,,,,,,,,,,,,,,,
2026-01-29,,,,,,s,18:00:00,19:00:00,59.99999999999995,3.0,,2.0,1.0,3.0,,,,,,,,,
2026-01-29,,,,,,,,,,,,,,,,,,,,,,,
2026-01-29,,,,,,,,,,,,,,,,,,,,,,,
2026-01-29,,,,,,s,19:00:00,20:00:00,60.00000000000011,3.0,,,3.0,3.0,,,,,,,,,
2026-01-29,,,,,,,,,,,,,,,,,,,,,,,
2026-01-29,,,,,,,,,,,,,,,,,,,,,,,
2026-01-29,,,,,,s,20:00:00,21:00:00,59.99999999999995,3.0,,,2.0,2.0,,,,,,,,,
2026-01-29,,,,,,s,13:15:00,14:00:00,45.0,3.0,,,3.0,3.0,,,,15,,,Watung,,
2026-01-29,,,,,,,,,,,,,,,,,,15,,,Reinigung,,
2026-01-29,,,,,,,,,,,,,,,,,,,,,,,
2026-01-29,,,,,,f,12:00:00,13:15:00,75.00000000000006,4.0,,,6.0,6.0,,,,,,,,,
2026-01-29,,,,,,f,07:00:00,08:00:00,59.99999999999995,4.0,,,6.0,6.0,,,,,,,,,
2026-01-29,,,,,,f,04:45:00,06:00:00,75.00000000000001,4.0,,6.0,,6.0,,,,15,,,Wartungsplan,,
2026-01-29,,,,,,,,,,,,,,,,,,,,,,,
2026-01-29,,,,,,,,,,,,,,,,5,,,,R 06,Kollision OP120.2,,
2026-01-29,,,,,,f,06:00:00,07:00:00,60.00000000000003,4.0,,2.0,5.0,7.0,,,,,,,,,
2026-01-29,,,,,,,,,,,,,,,,,,,,,,,
2026-01-29,,,,,,,,,,,,,,,,,,,,,,,
2026-01-29,,,,,,f,07:00:00,08:00:00,59.99999999999995,4.0,,,6.0,6.0,,,,,,,,,
2026-01-29,,,,,,,,,,,,,,,,,,,,,,,
2026-01-29,,,,,,,,,,,,,,,,,,,,,,,
2026-01-29,,,,,,,,,,,,,,,,,,,,,,,
2026-01-29,,,,,,f,08:00:00,09:00:00,60.00000000000003,4.0,,,6.0,6.0,,,,,,,,,
2026-01-29,,,,,,,,,,,,,,,,,,,,,,,
2026-01-29,,,,,,f,09:30:00,10:00:00,30.000000000000053,4.0,,,3.0,3.0,,,,,,,,,
2026-01-29,,,,,,,,,,,,,,,,,,,,,,,
2026-01-29,,,,,,,,,,,,,,,,,,,,,,,
2026-01-29,,,,,,f,10:00:00,11:00:00,59.99999999999995,4.0,,,6.0,6.0,,,,,,,,,
2026-01-29,,,,,,,,,,,,,,,,,,,,,,,
2026-01-29,,,,,,,,,,,,,,,,,,,,,,,
2026-01-29,,,,,,f,11:00:00,12:00:00,60.00000000000003,4.0,,,6.0,6.0,,,,,,,,,
2026-01-29,,,,,,,,,,,,,,,,,,,,,,,
2026-01-29,,,,,,,,,,,,,,,,,,,,,,,
2026-01-29,,,,,,,,,,,,,,,,,,,,,,,
2026-01-29,,,,,,,,,,,,,,,,,,,,,,,
2026-01-29,,,,,,s,16:00:00,17:00:00,60.00000000000011,3.0,,,4.0,4.0,,,,,,,,,
2026-01-29,,,,,,,,,,,,,,,,,,,,,,,
2026-01-29,,,,,,s,20:00:00,21:00:00,59.99999999999995,3.0,,,2.0,2.0,,,,,,,,,
2026-01-29,,,,,,,,,,,,,,,,,,,,,,,
2026-01-29,,,,,,,,,,,,,,,,,,,,,,,
2026-01-29,,,,,,s,19:00:00,20:00:00,60.00000000000011,3.0,,,3.0,3.0,,,,,,,,,
2026-01-29,,,,,,,,,,,,,,,,,,,,,,,
2026-01-29,,,,,,,,,,,,,,,,,,,,,,,
2026-01-29,,,,,,s,18:00:00,19:00:00,59.99999999999995,3.0,,2.0,1.0,3.0,,,,,,,,,
2026-01-29,,,,,,,,,,,,,,,,,,,,,,,
2026-01-29,,,,,,s,17:30:00,18:00:00,30.000000000000053,3.0,,1.0,,1.0,,10,,,,R 06,Probleme mit Schweißdraht,,
2026-01-29,,,,,,,,,,,,,,,,,,,,,,,
2026-01-29,,,,,,,,,,,,,,,,,,,,,,,
2026-01-29,,,,,,s,16:00:00,17:00:00,60.00000000000011,3.0,,,4.0,4.0,,,,,,,,,
2026-01-29,,,,,,,,,,,,,,,,,,,,,,,
2026-01-29,,,,,,,,,,,,,,,,,,,,,,,
2026-01-29,,,,,,s,15:00:00,16:00:00,59.99999999999995,3.0,,,4.0,4.0,,,,,,,,,
2026-01-29,,,,,,,,,,,,,,,,,,,,,,,
2026-01-29,,,,,,,,,,,,,,,,,,,,,,,
2026-01-29,,,,,,,,,,,,,,,,,,,,,,,
2026-01-29,,,,,,,,,,,,,,,,,,,,,,,
2026-01-29,,,,,,,,,,,,,,,,,,,,,,,
2026-01-30,,,,,,f,04:45:00,06:00:00,75.00000000000001,5.0,,,4.0,4.0,,,,15,,,Wartungsplan,,
2026-01-30,,,,,,,,,0.0,,,,,,,,,,,,,,
2026-01-30,,,,,,,,,,,,,,,,,,15,,,Reinigung,,
2026-01-30,,,,,,,,,,,,,,,,,,,,,,,
2026-01-30,,,,,,f,12:00:00,13:15:00,75.00000000000006,4.0,,,6.0,6.0,,,,,,,,,
2026-01-30,,,,,,,,,,,,,,,,,,,,,,,
2026-01-30,,,,,,,,,,,,,,,,,,,,,,,
2026-01-30,,,,,,f,11:00:00,12:00:00,60.00000000000003,4.0,,,5.0,5.0,,,,,,,,,
2026-01-30,,,,,,,,,,,,,,,,,,,,,,,
2026-01-30,,,,,,,,,,,,,,,,,,,,,,,
2026-01-30,,,,,,f,10:00:00,11:00:00,59.99999999999995,4.0,,,6.0,6.0,,,,,,,,,
2026-01-30,,,,,,s,13:15:00,14:00:00,45.0,2.0,,,3.0,3.0,,,,15,,,Wartungsplan,,
2026-01-30,,,,,,,,,,,,,,,,,,,,,,,
2026-01-30,,,,,,f,09:30:00,10:00:00,30.000000000000053,4.0,,,2.0,2.0,,,,,,,,,
2026-01-30,,,,,,,,,,,,,,,,,,,,,,,
2026-01-30,,,,,,,,,,,,,,,,,,,,,,,
2026-01-30,,,,,,f,08:00:00,09:00:00,60.00000000000003,4.0,,,6.0,6.0,,,,,,,,,
2026-01-30,,,,,,,,,,,,,,,,,,,,,,,
2026-01-30,,,,,,,,,,,,,,,,,,,,,,,
2026-01-30,,,,,,f,07:00:00,08:00:00,59.99999999999995,4.0,,,6.0,6.0,,,,,,,,,
2026-01-30,,,,,,,,,,,,,,,,,,,,,,,
2026-01-30,,,,,,,,,,,,,,,,,,,,,,,
2026-01-30,,,,,,f,06:00:00,07:00:00,60.00000000000003,5.0,,,7.0,7.0,,,,,,,,,
2026-01-30,,,,,,,,,,,,,,,,,,,,,,,
2026-01-30,,,,,,,,,,,,,,,,,,,,,,,
2026-01-30,,,,,,,,,,,,,,,,,,,,,,,
2026-01-30,,,,,,s,14:00:00,15:00:00,59.99999999999995,2.0,,,3.0,3.0,,,,,,,,,
2026-01-30,,,,,,s,,,,,,,,,,,,,,,,,
2026-01-30,,,,,,,21:00:00,21:45:00,45.0,2.0,,,,,,,60,,,,Reinigung,,
2026-01-30,,,,,,,,,,,,,,,,,,,,,,,
2026-01-30,,,,,,,,,,,,,,,,,,,,,,,
2026-01-30,,,,,,s,20:00:00,21:00:00,59.99999999999995,2.0,,,,,,,60,,,,Reinigung,,
2026-01-30,,,,,,,,,,,,,,,,,,,,,,,
2026-01-30,,,,,,,,,,,,,,,,,,,,,,,
2026-01-30,,,,,,s,19:00:00,20:00:00,60.00000000000011,2.0,,,1.0,1.0,,,30,,,,Reinigung,,
2026-01-30,,,,,,,,,,,,,,,,,,,,,,,
2026-01-30,,,,,,,,,,,,,,,,,,,,,,,
2026-01-30,,,,,,,,,,,,,,,,,,,,,,,
2026-01-30,,,,,,s,18:00:00,19:00:00,59.99999999999995,2.0,,,3.0,3.0,,,,,,,,,
2026-01-30,,,,,,,,,,,,,,,,,,,,,,,
2026-01-30,,,,,,s,17:30:00,18:00:00,30.000000000000053,2.0,,,1.0,1.0,,,,,,,,,
2026-01-30,,,,,,,,,,,,,,,,,,,,,,,
2026-01-30,,,,,,,,,,,,,,,,,,,,,,,
2026-01-30,,,,,,s,16:00:00,17:00:00,60.00000000000011,2.0,,,3.0,3.0,,,,,,,,,
2026-01-30,,,,,,,,,,,,,,,,,,,,,,,
2026-01-30,,,,,,,,,,,,,,,,,,,,,,,
2026-01-30,,,,,,s,15:00:00,16:00:00,59.99999999999995,2.0,,,3.0,3.0,,,,,,,,,
2026-01-30,,,,,,,,,,,,,,,,,,,,,,,
2026-01-30,,,,,,,,,,,,,,,,,,,,,,,
2026-01-30,,,,,,,,,,,,,,,,,,,,,,,
2026-01-30,,,,,,,,,,,,,,,,15,,,,,Drahtfass wechseln,,
2026-01-30,,,,,,,,,,,,,,,,15,,,,,Drahtfass wechseln,,
2026-01-30,,,,,,,,,,,,,,,,,,,,,,,
2026-01-30,,,,,,,,,,,,,,,,,,,,,,,
2026-01-30,,,,,,s,19:00:00,20:00:00,60.00000000000011,2.0,,,1.0,1.0,,,30,,,,Reinigung,,
2026-01-30,,,,,,,,,,,,,,,,,,,,,,,
2026-01-30,,,,,,,,,,,,,,,,,,,,,,,
2026-01-30,,,,,,s,18:00:00,19:00:00,59.99999999999995,2.0,,,3.0,3.0,,,,,,,,,
2026-01-30,,,,,,,,,,,,,,,,,,,,,,,
2026-01-30,,,,,,,,,,,,,,,,,,,,,,,
2026-01-30,,,,,,s,17:30:00,18:00:00,30.000000000000053,2.0,,,1.0,1.0,,,,,,,,,
2026-01-30,,,,,,,,,,,,,,,,,,,,,,,
2026-01-30,,,,,,,,,,,,,,,,,,,,,,,
2026-01-30,,,,,,,,,,,,,,,,,,,,,,,
2026-01-30,,,,,,s,16:00:00,17:00:00,60.00000000000011,2.0,,,3.0,3.0,,,,,,,,,
2026-01-30,,,,,,,,,,,,,,,,,,,,,,,
2026-01-30,,,,,,s,15:00:00,16:00:00,59.99999999999995,2.0,,,3.0,3.0,,,,,,,,,
2026-01-30,,,,,,,,,,,,,,,,,,,,,,,
2026-01-30,,,,,,,,,,,,,,,,,,,,,,,
2026-01-30,,,,,,s,14:00:00,15:00:00,59.99999999999995,2.0,,,3.0,3.0,,,,,,,,,
2026-01-30,,,,,,,,,,,,,,,,,,,,,,,
2026-01-30,,,,,,,,,,,,,,,,,,,,,,,
2026-01-30,,,,,,s,13:15:00,14:00:00,45.0,2.0,,,3.0,3.0,,,,15,,,Wartungsplan,,
2026-01-30,,,,,,,,,0.0,,,,,,,,,,,,,,
2026-01-30,,,,,,,,,,,,,,,,,,15,,,Reinigung,,
2026-01-30,,,,,,,,,,,,,,,,,,,,,,,
2026-01-30,,,,,,f,04:45:00,06:00:00,75.00000000000001,5.0,,,4.0,4.0,,,,15,,,Wartungsplan,,
2026-01-30,,,,,,s,20:00:00,21:00:00,59.99999999999995,2.0,,,,,,,60,,,,Reinigung,,
2026-01-30,,,,,,,,,,,,,,,,,,,,,,,
2026-01-30,,,,,,,,,,,,,,,,,,,,,,,
2026-01-30,,,,,,f,11:00:00,12:00:00,60.00000000000003,4.0,,,5.0,5.0,,,,,,,,,
2026-01-30,,,,,,,,,,,,,,,,,,,,,,,
2026-01-30,,,,,,,,,,,,,,,,,,,,,,,
2026-01-30,,,,,,f,10:00:00,11:00:00,59.99999999999995,4.0,,,6.0,6.0,,,,,,,,,
2026-01-30,,,,,,,,,,,,,,,,,,,,,,,
2026-01-30,,,,,,,,,,,,,,,,,,,,,,,
2026-01-30,,,,,,f,09:30:00,10:00:00,30.000000000000053,4.0,,,2.0,2.0,,,,,,,,,
2026-01-30,,,,,,,,,,,,,,,,,,,,,,,
2026-01-30,,,,,,,,,,,,,,,,,,,,,,,
2026-01-30,,,,,,,,,,,,,,,,,,,,,,,
2026-01-30,,,,,,,,,,,,,,,,,,,,,,,
2026-01-30,,,,,,,,,,,,,,,,,,,,,,,
2026-01-30,,,,,,,,,,,,,,,,,,,,,,,
2026-01-30,,,,,,f,07:00:00,08:00:00,59.99999999999995,4.0,,,6.0,6.0,,,,,,,,,
2026-01-30,,,,,,,,,,,,,,,,,,,,,,,
2026-01-30,,,,,,,,,,,,,,,,,,,,,,,
2026-01-30,,,,,,f,06:00:00,07:00:00,60.00000000000003,5.0,,,7.0,7.0,,,,,,,,,
2026-01-30,,,,,,,,,,,,,,,,,,,,,,,
2026-01-30,,,,,,,,,,,,,,,,,,,,,,,
2026-01-30,,,,,,s,,,,,,,,,,,,,,,,,
2026-01-30,,,,,,,21:00:00,21:45:00,45.0,2.0,,,,,,,60,,,,Reinigung,,
2026-01-30,,,,,,f,08:00:00,09:00:00,60.00000000000003,4.0,,,6.0,6.0,,,,,,,,,
2026-01-30,,,,,,f,12:00:00,13:15:00,75.00000000000006,4.0,,,6.0,6.0,,,,,,,,,
2026-01-30,,,,,,,,,,,,,,,,,,,,,,,
2026-01-30,,,,,,s,19:00:00,20:00:00,60.00000000000011,2.0,,,1.0,1.0,,,30,,,,Reinigung,,
2026-01-30,,,,,,,,,,,,,,,,,,,,,,,
2026-01-30,,,,,,s,14:00:00,15:00:00,59.99999999999995,2.0,,,3.0,3.0,,,,,,,,,
2026-01-30,,,,,,,,,,,,,,,,,,,,,,,
2026-01-30,,,,,,,,,,,,,,,,,,,,,,,
2026-01-30,,,,,,s,15:00:00,16:00:00,59.99999999999995,2.0,,,3.0,3.0,,,,,,,,,
2026-01-30,,,,,,,,,,,,,,,,,,,,,,,
2026-01-30,,,,,,s,16:00:00,17:00:00,60.00000000000011,2.0,,,3.0,3.0,,,,,,,,,
2026-01-30,,,,,,,,,,,,,,,,,,,,,,,
2026-01-30,,,,,,,,,,,,,,,,,,,,,,,
2026-01-30,,,,,,s,17:30:00,18:00:00,30.000000000000053,2.0,,,1.0,1.0,,,,,,,,,
2026-01-30,,,,,,,,,,,,,,,,,,,,,,,
2026-01-30,,,,,,,,,,,,,,,,,,,,,,,
2026-01-30,,,,,,s,18:00:00,19:00:00,59.99999999999995,2.0,,,3.0,3.0,,,,,,,,,
2026-01-30,,,,,,,,,,,,,,,,,,,,,,,
2026-01-30,,,,,,,,,,,,,,,,,,,,,,,
2026-01-30,,,,,,,,,,,,,,,,,,,,,,,
2026-01-30,,,,,,,,,,,,,,,,,,,,,,,
2026-01-30,,,,,,s,20:00:00,21:00:00,59.99999999999995,2.0,,,,,,,60,,,,Reinigung,,
2026-01-30,,,,,,,,,,,,,,,,,,,,,,,
2026-01-30,,,,,,,,,,,,,,,,,,,,,,,
2026-01-30,,,,,,,21:00:00,21:45:00,45.0,2.0,,,,,,,60,,,,Reinigung,,
2026-01-30,,,,,,s,,,,,,,,,,,,,,,,,
2026-01-30,,,,,,,,,,,,,,,,,,,,,,,
2026-01-30,,,,,,,,,,,,,,,,,,,,,,,
2026-01-30,,,,,,s,13:15:00,14:00:00,45.0,2.0,,,3.0,3.0,,,,15,,,Wartungsplan,,
2026-01-30,,,,,,,,,,,,,,,,,,,,,,,
2026-01-30,,,,,,,,,,,,,,,,,,15,,,Reinigung,,
2026-01-30,,,,,,f,04:45:00,06:00:00,75.00000000000001,5.0,,,4.0,4.0,,,,15,,,Wartungsplan,,
2026-01-30,,,,,,,,,,,,,,,,15,,,,,Drahtfass wechseln,,
2026-01-30,,,,,,,,,,,,,,,,,,,,,,,
2026-01-30,,,,,,f,06:00:00,07:00:00,60.00000000000003,5.0,,,7.0,7.0,,,,,,,,,
2026-01-30,,,,,,,,,,,,,,,,,,,,,,,
2026-01-30,,,,,,,,,0.0,,,,,,,,,,,,,,
2026-01-30,,,,,,f,07:00:00,08:00:00,59.99999999999995,4.0,,,6.0,6.0,,,,,,,,,
2026-01-30,,,,,,,,,,,,,,,,,,,,,,,
2026-01-30,,,,,,,,,,,,,,,,,,,,,,,
2026-01-30,,,,,,f,08:00:00,09:00:00,60.00000000000003,4.0,,,6.0,6.0,,,,,,,,,
2026-01-30,,,,,,,,,,,,,,,,,,,,,,,
2026-01-30,,,,,,,,,,,,,,,,,,,,,,,
2026-01-30,,,,,,,,,,,,,,,,,,,,,,,
2026-01-30,,,,,,,,,,,,,,,,,,,,,,,
2026-01-30,,,,,,f,09:30:00,10:00:00,30.000000000000053,4.0,,,2.0,2.0,,,,,,,,,
2026-01-30,,,,,,,,,,,,,,,,,,,,,,,
2026-01-30,,,,,,f,12:00:00,13:15:00,75.00000000000006,4.0,,,6.0,6.0,,,,,,,,,
2026-01-30,,,,,,,,,,,,,,,,,,,,,,,
2026-01-30,,,,,,f,11:00:00,12:00:00,60.00000000000003,4.0,,,5.0,5.0,,,,,,,,,
2026-01-30,,,,,,,,,,,,,,,,,,,,,,,
2026-01-30,,,,,,,,,,,,,,,,,,,,,,,
2026-01-30,,,,,,f,10:00:00,11:00:00,59.99999999999995,4.0,,,6.0,6.0,,,,,,,,,
2026-01-30,,,,,,,,,,,,,,,,,,,,,,,
2026-01-30,,,,,,,,,,,,,,,,,,,,,,,
2026-02-02,,,,,,,,,,,,,,,,,,30,,R 07,Schweißstörung (RobTech an der Anlage),,
2026-02-02,,,,,,,,,,,,,,,,,,,,OP 130.1,SEW Antrieb (STW stüße links eingeklemmt) ,,
2026-02-02,,,,,,f,09:30:00,10:00:00,30.000000000000053,3.0,,,0.0,,,,,,,R 06,Schweißstörung ,,
2026-02-02,,,,,,,,,,,,,,,,,,,,OP 130.1,SEW Antrieb (STW stüße links eingeklemmt) ,,
2026-02-02,,,,,,,,,,,,,,,,,,30,,R 07,Schweißstörung (RobTech an der Anlage),,
2026-02-02,,,,,,,,,,,,,,,,,,30,,R 07,Schweißstörung (RobTech an der Anlage),,
2026-02-02,,,,,,f,11:00:00,12:00:00,60.00000000000003,3.0,,,4.0,4.0,,,,,,,,,
2026-02-02,,,,,,s,13:15:00,14:00:00,45.0,5.0,,5.0,,5.0,,,,15,,,Wartungsplan,,
2026-02-02,,,,,,,,,,,,,,,,,,,,,,,
2026-02-02,,,,,,f,12:00:00,13:15:00,75.00000000000006,4.0,,,4.0,4.0,,,,15,,R 07,Schweißstörung (RobTech an der Anlage),,
2026-02-02,,,,,,,,,,,,,,,,,,,,,,,
2026-02-02,,,,,,,,,,,,,,,,,,15,,,Reinigung,,
2026-02-02,,,,,,,,,,,,,,,,,,,,,,,
2026-02-02,,,,,,,,,,,,,,,,,,,,,,,
2026-02-02,,,,,,,,,,,,,,,,,,,,,,,
2026-02-02,,,,,,,,,,,,,,,,,,,,,,,
2026-02-02,,,,,,,,,,,,,,,,,,,,,,,
2026-02-02,,,,,,s,,,,,,,,,,,,,,,,,
2026-02-02,,,,,,,,,,,,,,,,,,,,,,,
2026-02-02,,,,,,s,14:00:00,15:00:00,59.99999999999995,5.0,,7.0,,7.0,,,,,,,,,
2026-02-02,,,,,,s,15:00:00,16:00:00,59.99999999999995,5.0,,7.0,,7.0,,,,,,,,,
2026-02-02,,,,,,,,,,,,,,,,,,,,,,,
2026-02-02,,,,,,,,,,,,,,,,,,,,,,,
2026-02-02,,,,,,s,16:00:00,17:00:00,60.00000000000011,5.0,,8.0,,8.0,,,,,,,,,
2026-02-02,,,,,,,,,,,,,,,,,,,,,,,
2026-02-02,,,,,,,,,,,,,,,,,,,,,,,
2026-02-02,,,,,,f,08:00:00,09:00:00,60.00000000000003,3.0,,,4.0,4.0,,,,,,,,,
2026-02-02,,,,,,s,17:30:00,18:00:00,30.000000000000053,5.0,,3.0,,3.0,,,,,,,,,
2026-02-02,,,,,,,,,,,,,,,,,,,,,,,
2026-02-02,,,,,,,,,,,,,,,,,,,,,,,
2026-02-02,,,,,,f,06:00:00,07:00:00,60.00000000000003,3.0,,,4.0,4.0,,,,,,,,,
2026-02-02,,,,,,,,,,,,,,,,,,,,,,,
2026-02-02,,,,,,,,,,,,,,,,,,,,,,,
2026-02-02,,,,,,f,07:00:00,08:00:00,59.99999999999995,3.0,,,5.0,5.0,,,,,,,,,
2026-02-02,,,,,,,,,,,,,,,,,,,,,,,
2026-02-02,,,,,,f,04:45:00,06:00:00,75.00000000000001,3.0,,,4.0,4.0,,,,15,,,Wartungsplan,,
2026-02-02,,,,,,,,,,,,,,,,,,,,,,,
2026-02-02,,,,,,,,,,,,,,,,,,,,,,,
2026-02-02,,,,,,s,15:00:00,16:00:00,59.99999999999995,5.0,,7.0,,7.0,,,,,,,,,
2026-02-02,,,,,,,,,,,,,,,,,,,,,,,
2026-02-02,,,,,,,,,,,,,,,,,,,,,,,
2026-02-02,,,,,,s,18:00:00,19:00:00,59.99999999999995,5.0,,2.0,6.0,8.0,,,,,,,,,
2026-02-02,,,,,,,,,,,,,,,,,,,,,,,
2026-02-02,,,,,,,,,,,,,,,,,,,,,,,
2026-02-02,,,,,,s,19:00:00,20:00:00,60.00000000000011,5.0,,,7.0,7.0,,,,,,,,,
2026-02-02,,,,,,,,,,,,,,,,,,,,,,,
2026-02-02,,,,,,,,,,,,,,,,,,,,,,,
2026-02-02,,,,,,s,20:00:00,21:00:00,59.99999999999995,5.0,,,7.0,7.0,,,,,,,,,
2026-02-02,,,,,,,,,,,,,,,,,,,,,,,
2026-02-02,,,,,,,,,,,,,,,,,,,,,,,
2026-02-02,,,,,,,21:00:00,21:45:00,45.0,5.0,,,3.0,3.0,,,,,,,,,
2026-02-02,,,,,,s,,,,,,,,,,,,,,,,,
2026-02-02,,,,,,,,,,,,,,,,,,15,,,Reinigung + Werkzeug einschließen,,
2026-02-02,,,,,,,,,,,,,,,,,,15,,,Reinigung + Werkzeug einschließen,,
2026-02-02,,,,,,,,,,,,,,,,,,15,,,Reinigung + Werkzeug einschließen,,
2026-02-02,,,,,,s,,,,,,,,,,,,,,,,,
2026-02-02,,,,,,,21:00:00,21:45:00,45.0,5.0,,,3.0,3.0,,,,,,,,,
2026-02-02,,,,,,,,,,,,,,,,,,,,,,,
2026-02-02,,,,,,,,,,,,,,,,,,,,,,,
2026-02-02,,,,,,,,,,,,,,,,,,,,,,,
2026-02-02,,,,,,s,16:00:00,17:00:00,60.00000000000011,5.0,,8.0,,8.0,,,,,,,,,
2026-02-02,,,,,,,,,,,,,,,,,,,,,,,
2026-02-02,,,,,,,,,,,,,,,,,,,,,,,
2026-02-02,,,,,,s,17:30:00,18:00:00,30.000000000000053,5.0,,3.0,,3.0,,,,,,,,,
2026-02-02,,,,,,,,,,,,,,,,,,,,,,,
2026-02-02,,,,,,,,,,,,,,,,,,,,,,,
2026-02-02,,,,,,,,,,,,,,,,,,,,,,,
2026-02-02,,,,,,,,,,,,,,,,,,,,,,,
2026-02-02,,,,,,,,,,,,,,,,,,,,,,,
2026-02-02,,,,,,s,19:00:00,20:00:00,60.00000000000011,5.0,,,7.0,7.0,,,,,,,,,
2026-02-02,,,,,,,,,,,,,,,,,,,,,,,
2026-02-02,,,,,,,,,,,,,,,,,,,,,,,
2026-02-02,,,,,,s,20:00:00,21:00:00,59.99999999999995,5.0,,,7.0,7.0,,,,,,,,,
2026-02-02,,,,,,,,,,,,,,,,,,,,,,,
2026-02-02,,,,,,s,18:00:00,19:00:00,59.99999999999995,5.0,,2.0,6.0,8.0,,,,,,,,,
2026-02-02,,,,,,,,,,,,,,,,,,,,,,,
2026-02-02,,,,,,f,10:00:00,11:00:00,59.99999999999995,3.0,,,3.0,3.0,,,,,,R 06,Schweißstörung ,,
2026-02-02,,,,,,,,,,,,,,,,,,,,,,,
2026-02-02,,,,,,,,,,,,,,,,,,,,,,,
2026-02-02,,,,,,,,,,,,,,,,,,,,,,,
2026-02-02,,,,,,s,19:00:00,20:00:00,60.00000000000011,5.0,,,7.0,7.0,,,,,,,,,
2026-02-02,,,,,,,,,,,,,,,,,,,,,,,
2026-02-02,,,,,,,,,,,,,,,,,,,,,,,
2026-02-02,,,,,,s,18:00:00,19:00:00,59.99999999999995,5.0,,2.0,6.0,8.0,,,,,,,,,
2026-02-02,,,,,,,,,,,,,,,,,,,,,,,
2026-02-02,,,,,,,,,,,,,,,,,,,,,,,
2026-02-02,,,,,,s,17:30:00,18:00:00,30.000000000000053,5.0,,3.0,,3.0,,,,,,,,,
2026-02-02,,,,,,,,,,,,,,,,,,,,,,,
2026-02-02,,,,,,,,,,,,,,,,,,,,,,,
2026-02-02,,,,,,s,16:00:00,17:00:00,60.00000000000011,5.0,,8.0,,8.0,,,,,,,,,
2026-02-02,,,,,,,,,,,,,,,,,,,,,,,
2026-02-02,,,,,,,,,,,,,,,,,,,,,,,
2026-02-02,,,,,,s,15:00:00,16:00:00,59.99999999999995,5.0,,7.0,,7.0,,,,,,,,,
2026-02-02,,,,,,s,20:00:00,21:00:00,59.99999999999995,5.0,,,7.0,7.0,,,,,,,,,
2026-02-02,,,,,,,,,,,,,,,,,,,,,,,
2026-02-02,,,,,,,,,,,,,,,,,,,,,,,
2026-02-02,,,,,,f,10:00:00,11:00:00,59.99999999999995,3.0,,,3.0,3.0,,,,,,R 06,Schweißstörung ,,
2026-02-02,,,,,,f,04:45:00,06:00:00,75.00000000000001,3.0,,,4.0,4.0,,,,15,,,Wartungsplan,,
2026-02-02,,,,,,s,14:00:00,15:00:00,59.99999999999995,5.0,,7.0,,7.0,,,,,,,,,
2026-02-02,,,,,,,,,,,,,,,,,,,,,,,
2026-02-02,,,,,,,,,,,,,,,,,,,,,,,
2026-02-02,,,,,,f,06:00:00,07:00:00,60.00000000000003,3.0,,,4.0,4.0,,,,,,,,,
2026-02-02,,,,,,,,,,,,,,,,,,,,,,,
2026-02-02,,,,,,,,,,,,,,,,,,,,,,,
2026-02-02,,,,,,,,,,,,,,,,,,,,,,,
2026-02-02,,,,,,f,07:00:00,08:00:00,59.99999999999995,3.0,,,5.0,5.0,,,,,,,,,
2026-02-02,,,,,,,,,,,,,,,,,,,,,,,
2026-02-02,,,,,,f,08:00:00,09:00:00,60.00000000000003,3.0,,,4.0,4.0,,,,,,,,,
2026-02-02,,,,,,,,,,,,,,,,,,,,,,,
2026-02-02,,,,,,,,,,,,,,,,,,,,,,,
2026-02-02,,,,,,f,09:30:00,10:00:00,30.000000000000053,3.0,,,0.0,,,,,,,R 06,Schweißstörung ,,
2026-02-02,,,,,,,,,,,,,,,,,,30,,R 07,Schweißstörung (RobTech an der Anlage),,
2026-02-02,,,,,,,,,,,,,,,,,,,,OP 130.1,SEW Antrieb (STW stüße links eingeklemmt) ,,
2026-02-02,,,,,,,,,,,,,,,,,,,,,,,
2026-02-02,,,,,,,,,,,,,,,,,,,,,,,
2026-02-02,,,,,,,21:00:00,21:45:00,45.0,5.0,,,3.0,3.0,,,,,,,,,
2026-02-02,,,,,,,,,,,,,,,,,,,,,,,
2026-02-02,,,,,,,,,,,,,,,,,,,,,,,
2026-02-02,,,,,,f,09:30:00,10:00:00,30.000000000000053,3.0,,,0.0,,,,,,,R 06,Schweißstörung ,,
2026-02-02,,,,,,,,,,,,,,,,,,30,,R 07,Schweißstörung (RobTech an der Anlage),,
2026-02-02,,,,,,,,,,,,,,,,,,,,OP 130.1,SEW Antrieb (STW stüße links eingeklemmt) ,,
2026-02-02,,,,,,f,10:00:00,11:00:00,59.99999999999995,3.0,,,3.0,3.0,,,,,,R 06,Schweißstörung ,,
2026-02-02,,,,,,,,,,,,,,,,,,30,,R 07,Schweißstörung (RobTech an der Anlage),,
2026-02-02,,,,,,,,,,,,,,,,,,,,OP 130.1,SEW Antrieb (STW stüße links eingeklemmt) ,,
2026-02-02,,,,,,f,11:00:00,12:00:00,60.00000000000003,3.0,,,4.0,4.0,,,,,,,,,
2026-02-02,,,,,,,,,,,,,,,,,,,,,,,
2026-02-02,,,,,,,,,,,,,,,,,,,,,,,
2026-02-02,,,,,,f,12:00:00,13:15:00,75.00000000000006,4.0,,,4.0,4.0,,,,15,,R 07,Schweißstörung (RobTech an der Anlage),,
2026-02-02,,,,,,,,,,,,,,,,,,,,,,,
2026-02-02,,,,,,,,,,,,,,,,,,15,,,Reinigung,,
2026-02-02,,,,,,s,13:15:00,14:00:00,45.0,5.0,,5.0,,5.0,,,,15,,,Wartungsplan,,
2026-02-02,,,,,,s,14:00:00,15:00:00,59.99999999999995,5.0,,7.0,,7.0,,,,,,,,,
2026-02-02,,,,,,,,,,,,,,,,,,,,,,,
2026-02-02,,,,,,f,08:00:00,09:00:00,60.00000000000003,3.0,,,4.0,4.0,,,,,,,,,
2026-02-02,,,,,,,,,,,,,,,,,,,,,,,
2026-02-02,,,,,,,,,,,,,,,,,,,,,,,
2026-02-02,,,,,,s,13:15:00,14:00:00,45.0,5.0,,5.0,,5.0,,,,15,,,Wartungsplan,,
2026-02-02,,,,,,,,,,,,,,,,,,,,,,,
2026-02-02,,,,,,,,,,,,,,,,,,,,,,,
2026-02-02,,,,,,,,,,,,,,,,,,15,,,Reinigung,,
2026-02-02,,,,,,f,12:00:00,13:15:00,75.00000000000006,4.0,,,4.0,4.0,,,,15,,R 07,Schweißstörung (RobTech an der Anlage),,
2026-02-02,,,,,,,,,,,,,,,,,,,,,,,
2026-02-02,,,,,,,,,,,,,,,,,,,,,,,
2026-02-02,,,,,,f,11:00:00,12:00:00,60.00000000000003,3.0,,,4.0,4.0,,,,,,,,,
2026-02-02,,,,,,,,,,,,,,,,,,,,,,,
2026-02-02,,,,,,f,04:45:00,06:00:00,75.00000000000001,3.0,,,4.0,4.0,,,,15,,,Wartungsplan,,
2026-02-02,,,,,,,,,,,,,,,,,,,,,,,
2026-02-02,,,,,,,,,,,,,,,,,,,,,,,
2026-02-02,,,,,,f,06:00:00,07:00:00,60.00000000000003,3.0,,,4.0,4.0,,,,,,,,,
2026-02-02,,,,,,f,07:00:00,08:00:00,59.99999999999995,3.0,,,5.0,5.0,,,,,,,,,
2026-02-02,,,,,,,,,,,,,,,,,,,,,,,
2026-02-02,,,,,,,,,,,,,,,,,,,,OP 130.1,SEW Antrieb (STW stüße links eingeklemmt) ,,
2026-02-02,,,,,,,,,,,,,,,,,,,,,,,
2026-02-03,,,,,,,,,,,,,,,,,,,,,,,
2026-02-03,,,,,,,,,,,,,,,,,,,,,,,
2026-02-03,,,,,,,,,,,,,,,,,,,,,,,
2026-02-03,,,,,,,,,,,,,,,,,,,,,,,
2026-02-03,,,,,,f,12:00:00,13:15:00,75.00000000000006,3.0,,,4.0,4.0,,,,,,,1x STW nachgearbeitet ,,
2026-02-03,,,,,,,,,,,,,,,,,,,,,,,
2026-02-03,,,,,,f,10:00:00,11:00:00,59.99999999999995,3.0,,,4.0,4.0,,,,,,,,,
2026-02-03,,,,,,f,11:00:00,12:00:00,60.00000000000003,3.0,,,4.0,4.0,,,,,,,,,
2026-02-03,,,,,,,,,,,,,,,,,,,,,,,
2026-02-03,,,,,,,,,,,,,,,,,,,,,,,
2026-02-03,,,,,,f,09:30:00,10:00:00,30.000000000000053,4.0,,,2.0,2.0,,,,,,,,,
2026-02-03,,,,,,,,,,,,,,,,,,,,,,,
2026-02-03,,,,,,,,,,,,,,,,,,,,,,,
2026-02-03,,,,,,f,08:00:00,09:00:00,60.00000000000003,4.0,,,5.0,5.0,,,,,,,,,
2026-02-03,,,,,,,,,,,,,,,,,,,,,,,
2026-02-03,,,,,,,,,,,,,,,,,,15,,,Reinigung,,
2026-02-03,,,,,,f,07:00:00,08:00:00,59.99999999999995,4.0,,,4.0,4.0,,,,,,,,,
2026-02-03,,,,,,,,,,,,,,,,,,,,,,,
2026-02-03,,,,,,,,,,,,,,,,,,,,,,,
2026-02-03,,,,,,f,06:00:00,07:00:00,60.00000000000003,5.0,,,5.0,5.0,,,,,,,,,
2026-02-03,,,,,,,,,,,,,,,,,,,,,,,
2026-02-03,,,,,,,,,,,,,,,,,,,,,,,
2026-02-03,,,,,,s,13:15:00,14:00:00,45.0,5.0,,,5.0,5.0,,,,15,,,Wartungsplan,,
2026-02-03,,,,,,,,,,,,,,,,,,,,,,,
2026-02-03,,,,,,,,,,,,,,,,,,,,,,,
2026-02-03,,,,,,s,,,,,,,,,,,,,,,,,
2026-02-03,,,,,,,21:00:00,21:45:00,45.0,5.0,,,3.0,3.0,,,,,,,,,
2026-02-03,,,,,,,,,,,,,,,,,,,,,,,
2026-02-03,,,,,,,,,,,,,,,,,,,,,,,
2026-02-03,,,,,,s,20:00:00,21:00:00,59.99999999999995,5.0,,,7.0,7.0,,,,,,,,,
2026-02-03,,,,,,,,,,,,,,,,5,,,,R 05,  In OP-50 .    Vakuumkreis 1 schaltet nicht,,
2026-02-03,,,,,,,,,,,,,,,,,,,,,,,
2026-02-03,,,,,,s,19:00:00,20:00:00,60.00000000000011,5.0,,,7.0,7.0,,,,,,,,,
2026-02-03,,,,,,,,,,,,,,,,,,,,,,,
2026-02-03,,,,,,,,,,,,,,,,,,,,,,,
2026-02-03,,,,,,,,,,,,,,,,,,,,,,,
2026-02-03,,,,,,s,18:00:00,19:00:00,59.99999999999995,5.0,,,7.0,7.0,,,,,,,,,
2026-02-03,,,,,,,,,,,,,,,,8,,,,OP 130.1,Sensor Bauteilerkennung  Defekt ( Tauschen.),,
2026-02-03,,,,,,s,17:30:00,18:00:00,30.000000000000053,5.0,,,3.0,3.0,,,,,,,,,
2026-02-03,,,,,,,,,,,,,,,,,,,,,,,
2026-02-03,,,,,,,,,,,,,,,,,,,,,,,
2026-02-03,,,,,,s,16:00:00,17:00:00,60.00000000000011,5.0,,,6.0,6.0,,8,,,,R 06,Schweißstörung ,2,
2026-02-03,,,,,,,,,,,,,,,,,,,,,,,
2026-02-03,,,,,,s,15:00:00,16:00:00,59.99999999999995,5.0,,,7.0,7.0,,,,,,,,,
2026-02-03,,,,,,,,,,,,,,,,,,,,,,,
2026-02-03,,,,,,,,,,,,,,,,,,,,,,,
2026-02-03,,,,,,s,14:00:00,15:00:00,59.99999999999995,5.0,,,7.0,7.0,,,,,,,,,
2026-02-03,,,,,,,,,,,,,,,,,,,,,,,
2026-02-03,,,,,,,,,,,,,,,,,,,,,,,
2026-02-03,,,,,,,,,,,,,,,,,,,,,,,
2026-02-03,,,,,,,,,,,,,,,,,,15,,,Reinigung + Werkzeug einschließen,,
2026-02-03,,,,,,,,,,,,,,,,,,,,,,,
2026-02-03,,,,,,f,12:00:00,13:15:00,75.00000000000006,3.0,,,4.0,4.0,,,,,,,1x STW nachgearbeitet ,,
2026-02-03,,,,,,,,,,,,,,,,,,,,,,,
2026-02-03,,,,,,,,,,,,,,,,,,,,,,,
2026-02-03,,,,,,f,11:00:00,12:00:00,60.00000000000003,3.0,,,4.0,4.0,,,,,,,,,
2026-02-03,,,,,,,,,,,,,,,,,,,,,,,
2026-02-03,,,,,,,,,,,,,,,,,,,,,,,
2026-02-03,,,,,,,,,,,,,,,,,,,,,,,
2026-02-03,,,,,,,,,,,,,,,,,,,,,,,
2026-02-03,,,,,,f,09:30:00,10:00:00,30.000000000000053,4.0,,,2.0,2.0,,,,,,,,,
2026-02-03,,,,,,,,,,,,,,,,,,15,,,Reinigung,,
2026-02-03,,,,,,,,,,,,,,,,,,,,,,,
2026-02-03,,,,,,f,08:00:00,09:00:00,60.00000000000003,4.0,,,5.0,5.0,,,,,,,,,
2026-02-03,,,,,,,,,,,,,,,,,,,,,,,
2026-02-03,,,,,,,,,,,,,,,,,,,,,,,
2026-02-03,,,,,,f,07:00:00,08:00:00,59.99999999999995,4.0,,,4.0,4.0,,,,,,,,,
2026-02-03,,,,,,,,,,,,,,,,,,,,,,,
2026-02-03,,,,,,,,,,,,,,,,,,,,,,,
2026-02-03,,,,,,f,06:00:00,07:00:00,60.00000000000003,5.0,,,5.0,5.0,,,,,,,,,
2026-02-03,,,,,,,,,,,,,,,,,,,,,,,
2026-02-03,,,,,,,,,,,,,,,,,,,,,,,
2026-02-03,,,,,,f,04:45:00,06:00:00,75.00000000000001,3.0,,,3.0,3.0,,,,15,,,Wartungsplan,,
2026-02-03,,,,,,,,,,,,,,,,,,,,,,,
2026-02-03,,,,,,f,04:45:00,06:00:00,75.00000000000001,3.0,,,3.0,3.0,,,,15,,,Wartungsplan,,
2026-02-03,,,,,,s,13:15:00,14:00:00,45.0,5.0,,,5.0,5.0,,,,15,,,Wartungsplan,,
2026-02-03,,,,,,,,,,,,,,,,,,,,,,,
2026-02-03,,,,,,s,,,,,,,,,,,,,,,,,
2026-02-03,,,,,,,21:00:00,21:45:00,45.0,5.0,,,3.0,3.0,,,,,,,,,
2026-02-03,,,,,,,,,,,,,,,,,,,,,,,
2026-02-03,,,,,,,,,,,,,,,,,,,,,,,
2026-02-03,,,,,,s,20:00:00,21:00:00,59.99999999999995,5.0,,,7.0,7.0,,,,,,,,,
2026-02-03,,,,,,,,,,,,,,,,5,,,,R 05,  In OP-50 .    Vakuumkreis 1 schaltet nicht,,
2026-02-03,,,,,,,,,,,,,,,,,,,,,,,
2026-02-03,,,,,,s,19:00:00,20:00:00,60.00000000000011,5.0,,,7.0,7.0,,,,,,,,,
2026-02-03,,,,,,,,,,,,,,,,,,,,,,,
2026-02-03,,,,,,,,,,,,,,,,,,,,,,,
2026-02-03,,,,,,,,,,,,,,,,,,,,,,,
2026-02-03,,,,,,s,18:00:00,19:00:00,59.99999999999995,5.0,,,7.0,7.0,,,,,,,,,
2026-02-03,,,,,,,,,,,,,,,,8,,,,OP 130.1,Sensor Bauteilerkennung  Defekt ( Tauschen.),,
2026-02-03,,,,,,s,17:30:00,18:00:00,30.000000000000053,5.0,,,3.0,3.0,,,,,,,,,
2026-02-03,,,,,,,,,,,,,,,,,,,,,,,
2026-02-03,,,,,,s,16:00:00,17:00:00,60.00000000000011,5.0,,,6.0,6.0,,8,,,,R 06,Schweißstörung ,2,
2026-02-03,,,,,,,,,,,,,,,,,,,,,,,
2026-02-03,,,,,,,,,,,,,,,,,,,,,,,
2026-02-03,,,,,,s,15:00:00,16:00:00,59.99999999999995,5.0,,,7.0,7.0,,,,,,,,,
2026-02-03,,,,,,,,,,,,,,,,,,,,,,,
2026-02-03,,,,,,,,,,,,,,,,,,,,,,,
2026-02-03,,,,,,s,14:00:00,15:00:00,59.99999999999995,5.0,,,7.0,7.0,,,,,,,,,
2026-02-03,,,,,,,,,,,,,,,,,,,,,,,
2026-02-03,,,,,,f,10:00:00,11:00:00,59.99999999999995,3.0,,,4.0,4.0,,,,,,,,,
2026-02-03,,,,,,,,,,,,,,,,,,15,,,Reinigung + Werkzeug einschließen,,
2026-02-03,,,,,,s,20:00:00,21:00:00,59.99999999999995,5.0,,,7.0,7.0,,,,,,,,,
2026-02-03,,,,,,,,,,,,,,,,,,,,,,,
2026-02-03,,,,,,,,,,,,,,,,,,,,,,,
2026-02-03,,,,,,f,12:00:00,13:15:00,75.00000000000006,3.0,,,4.0,4.0,,,,,,,1x STW nachgearbeitet ,,
2026-02-03,,,,,,,,,,,,,,,,,,,,,,,
2026-02-03,,,,,,,,,,,,,,,,,,15,,,Reinigung,,
2026-02-03,,,,,,s,13:15:00,14:00:00,45.0,5.0,,,5.0,5.0,,,,15,,,Wartungsplan,,
2026-02-03,,,,,,,,,,,,,,,,,,,,,,,
2026-02-03,,,,,,s,14:00:00,15:00:00,59.99999999999995,5.0,,,7.0,7.0,,,,,,,,,
2026-02-03,,,,,,,,,,,,,,,,,,,,,,,
2026-02-03,,,,,,,,,,,,,,,,,,,,,,,
2026-02-03,,,,,,s,15:00:00,16:00:00,59.99999999999995,5.0,,,7.0,7.0,,,,,,,,,
2026-02-03,,,,,,,,,,,,,,,,,,,,,,,
2026-02-03,,,,,,,,,,,,,,,,,,,,,,,
2026-02-03,,,,,,s,16:00:00,17:00:00,60.00000000000011,5.0,,,6.0,6.0,,8,,,,R 06,Schweißstörung ,2,
2026-02-03,,,,,,f,11:00:00,12:00:00,60.00000000000003,3.0,,,4.0,4.0,,,,,,,,,
2026-02-03,,,,,,,,,,,,,,,,,,,,,,,
2026-02-03,,,,,,s,17:30:00,18:00:00,30.000000000000053,5.0,,,3.0,3.0,,,,,,,,,
2026-02-03,,,,,,,,,,,,,,,,8,,,,OP 130.1,Sensor Bauteilerkennung  Defekt ( Tauschen.),,
2026-02-03,,,,,,,,,,,,,,,,,,,,,,,
2026-02-03,,,,,,s,18:00:00,19:00:00,59.99999999999995,5.0,,,7.0,7.0,,,,,,,,,
2026-02-03,,,,,,,,,,,,,,,,,,,,,,,
2026-02-03,,,,,,,,,,,,,,,,,,,,,,,
2026-02-03,,,,,,s,19:00:00,20:00:00,60.00000000000011,5.0,,,7.0,7.0,,,,,,,,,
2026-02-03,,,,,,,,,,,,,,,,,,,,,,,
2026-02-03,,,,,,,,,,,,,,,,5,,,,R 05,  In OP-50 .    Vakuumkreis 1 schaltet nicht,,
2026-02-03,,,,,,,,,,,,,,,,,,,,,,,
2026-02-03,,,,,,,,,,,,,,,,,,,,,,,
2026-02-03,,,,,,,21:00:00,21:45:00,45.0,5.0,,,3.0,3.0,,,,,,,,,
2026-02-03,,,,,,s,,,,,,,,,,,,,,,,,
2026-02-03,,,,,,,,,,,,,,,,,,15,,,Reinigung + Werkzeug einschließen,,
2026-02-03,,,,,,,,,,,,,,,,,,,,,,,
2026-02-03,,,,,,,,,,,,,,,,,,,,,,,
2026-02-03,,,,,,,,,,,,,,,,,,,,,,,
2026-02-03,,,,,,f,10:00:00,11:00:00,59.99999999999995,3.0,,,4.0,4.0,,,,,,,,,
2026-02-03,,,,,,,,,,,,,,,,,,,,,,,
2026-02-03,,,,,,,,,,,,,,,,,,,,,,,
2026-02-03,,,,,,,,,,,,,,,,,,,,,,,
2026-02-03,,,,,,f,06:00:00,07:00:00,60.00000000000003,5.0,,,5.0,5.0,,,,,,,,,
2026-02-03,,,,,,,,,,,,,,,,,,,,,,,
2026-02-03,,,,,,,,,,,,,,,,,,,,,,,
2026-02-03,,,,,,f,07:00:00,08:00:00,59.99999999999995,4.0,,,4.0,4.0,,,,,,,,,
2026-02-03,,,,,,f,04:45:00,06:00:00,75.00000000000001,3.0,,,3.0,3.0,,,,15,,,Wartungsplan,,
2026-02-03,,,,,,,,,,,,,,,,,,,,,,,
2026-02-03,,,,,,f,08:00:00,09:00:00,60.00000000000003,4.0,,,5.0,5.0,,,,,,,,,
2026-02-03,,,,,,,,,,,,,,,,,,,,,,,
2026-02-03,,,,,,,,,,,,,,,,,,,,,,,
2026-02-03,,,,,,f,09:30:00,10:00:00,30.000000000000053,4.0,,,2.0,2.0,,,,,,,,,
2026-02-03,,,,,,,,,,,,,,,,,,,,,,,
2026-02-03,,,,,,,,,,,,,,,,,,,,,,,
2026-02-03,,,,,,,,,,,,,,,,,,,,,,,
2026-02-04,,,,,,,,,,,,,,,,,,,,,,,
2026-02-04,,,,,,,,,,,,,,,,,,,,,,,
2026-02-04,,,,,,f,12:00:00,13:15:00,75.00000000000006,4.0,,5.0,,5.0,,,,,,,,,
2026-02-04,,,,,,,,,,,,,,,,,,,,,,,
2026-02-04,,,,,,,,,,,,,,,,,,10,,,Anlage leer gefahren,,
2026-02-04,,,,,,f,11:00:00,12:00:00,60.00000000000003,4.0,,3.0,,3.0,,,,20,,R 07,Drahtfass wechseln,,
2026-02-04,,,,,,,,,,,,,,,,,,15,,,Reinigung + Werkzeug einschließen,,
2026-02-04,,,,,,,,,,,,,,,,,,,,,,,
2026-02-04,,,,,,f,10:00:00,11:00:00,59.99999999999995,4.0,,5.0,,5.0,,,,,,,,,
2026-02-04,,,,,,,,,,,,,,,,,,,,,,,
2026-02-04,,,,,,f,09:30:00,10:00:00,30.000000000000053,4.0,,3.0,,3.0,,,,,,,,,
2026-02-04,,,,,,,,,,,,,,,,,,,,,,,
2026-02-04,,,,,,,,,,,,,,,,,,,,,,,
2026-02-04,,,,,,f,08:00:00,09:00:00,60.00000000000003,4.0,,5.0,,5.0,,,,,,,,,
2026-02-04,,,,,,,,,,,,,,,,,,15,,,Reinigung,,
2026-02-04,,,,,,,,,,,,,,,,,,,,,,,
2026-02-04,,,,,,s,13:15:00,14:00:00,45.0,5.0,,,5.0,5.0,,,,15,,,Wartungsplan,,
2026-02-04,,,,,,,,,,,,,,,,8,,,,R 06,Schweißstörung  in OP.130-1,,
2026-02-04,,,,,,,,,,,,,,,,,,,,,,,
2026-02-04,,,,,,,,,,,,,,,,,,,,,,,
2026-02-04,,,,,,,,,,,,,,,,,,,,,,,
2026-02-04,,,,,,s,14:00:00,15:00:00,59.99999999999995,5.0,,,7.0,7.0,,,,,,,,,
2026-02-04,,,,,,,,,,,,,,,,,,,,,,,
2026-02-04,,,,,,,,,,,,,,,,,,,,,,,
2026-02-04,,,,,,s,15:00:00,16:00:00,59.99999999999995,5.0,,1.0,6.0,7.0,,,,,,,,,
2026-02-04,,,,,,,,,,,,,,,,,,,,,,,
2026-02-04,,,,,,,,,,,,,,,,,,,,,,,
2026-02-04,,,,,,s,16:00:00,17:00:00,60.00000000000011,5.0,,,7.0,7.0,,,,,,,,,
2026-02-04,,,,,,,,,,,,,,,,,,,,,,,
2026-02-04,,,,,,s,17:30:00,18:00:00,30.000000000000053,5.0,,,2.0,2.0,,8,,,,R 07,Festgebrannt  Kontakt rohr tauschen.,,
2026-02-04,,,,,,,,,,,,,,,,,,,,,,,
2026-02-04,,,,,,,,,,,,,,,,,,,,,,,
2026-02-04,,,,,,,,,,,,,,,,,,,,,,,
2026-02-04,,,,,,s,18:00:00,19:00:00,59.99999999999995,5.0,,,7.0,7.0,,,,,,,,,
2026-02-04,,,,,,,,,,,,,,,,,,,,,,,
2026-02-04,,,,,,f,07:00:00,08:00:00,59.99999999999995,4.0,,5.0,,5.0,,,,,,,,,
2026-02-04,,,,,,,,,,,,,,,,,,,,,,,
2026-02-04,,,,,,,,,,,,,,,,,,,,,,,
2026-02-04,,,,,,s,16:00:00,17:00:00,60.00000000000011,5.0,,,7.0,7.0,,,,,,,,,
2026-02-04,,,,,,,,,,,,,,,,,,,,,,,
2026-02-04,,,,,,,,,,,,,,,,8,,,,R 06,Schweißstörung  in OP.130-1,,
2026-02-04,,,,,,s,17:30:00,18:00:00,30.000000000000053,5.0,,,2.0,2.0,,8,,,,R 07,Festgebrannt  Kontakt rohr tauschen.,,
2026-02-04,,,,,,,,,,,,,,,,,,,,,,,
2026-02-04,,,,,,,,,,,,,,,,,,,,,,,
2026-02-04,,,,,,s,18:00:00,19:00:00,59.99999999999995,5.0,,,7.0,7.0,,,,,,,,,
2026-02-04,,,,,,,,,,,,,,,,,,,,,,,
2026-02-04,,,,,,,,,,,,,,,,,,,,,,,
2026-02-04,,,,,,s,19:00:00,20:00:00,60.00000000000011,5.0,,,7.0,7.0,,,,,,,,,
2026-02-04,,,,,,,,,,,,,,,,,,,,,,,
2026-02-04,,,,,,,,,,,,,,,,,,,,,,,
2026-02-04,,,,,,s,20:00:00,21:00:00,59.99999999999995,5.0,,,6.0,6.0,,,,,,,,,
2026-02-04,,,,,,,,,,,,,,,,,10,,,,Kratzer in der Stirnwand ausbessern.,,
2026-02-04,,,,,,,,,,,,,,,,,,,,,,,
2026-02-04,,,,,,,,,,,,,,,,,,,,,,,
2026-02-04,,,,,,s,19:00:00,20:00:00,60.00000000000011,5.0,,,7.0,7.0,,,,,,,,,
2026-02-04,,,,,,f,04:45:00,06:00:00,75.00000000000001,4.0,,3.0,,3.0,,,,15,,,Wartungsplan,,
2026-02-04,,,,,,,,,,,,,,,,,,,,,,,
2026-02-04,,,,,,f,06:00:00,07:00:00,60.00000000000003,4.0,,4.0,,4.0,,,,10,,OP 10,Schrittketten fehler und M1 Antrieb Fehler,,
2026-02-04,,,,,,,,,,,,,,,,,,10,,OP 10,Schrittketten fehler und M1 Antrieb Fehler,,
2026-02-04,,,,,,,,,,,,,,,,,,,,,,,
2026-02-04,,,,,,f,04:45:00,06:00:00,75.00000000000001,4.0,,3.0,,3.0,,,,15,,,Wartungsplan,,
2026-02-04,,,,,,,,,,,,,,,,,,,,,,,
2026-02-04,,,,,,f,09:30:00,10:00:00,30.000000000000053,4.0,,3.0,,3.0,,,,,,,,,
2026-02-04,,,,,,,,,,,,,,,,,,,,,,,
2026-02-04,,,,,,,,,,,,,,,,,,5,,,Bedienerschutz ausgelöst ,,
2026-02-04,,,,,,,,,,,,,,,,,,,,,,,
2026-02-04,,,,,,,,,,,,,,,,,,,,,,,
2026-02-04,,,,,,,,,,,,,,,,,,,,,,,
2026-02-04,,,,,,f,07:00:00,08:00:00,59.99999999999995,4.0,,5.0,,5.0,,,,,,,,,
2026-02-04,,,,,,,,,,,,,,,,,,5,,,Bedienerschutz ausgelöst ,,
2026-02-04,,,,,,,,,,,,,,,,,,,,,,,
2026-02-04,,,,,,f,06:00:00,07:00:00,60.00000000000003,4.0,,4.0,,4.0,,,,10,,OP 10,Schrittketten fehler und M1 Antrieb Fehler,,
2026-02-04,,,,,,,,,,,,,,,,,,10,,OP 10,Schrittketten fehler und M1 Antrieb Fehler,,
2026-02-04,,,,,,f,08:00:00,09:00:00,60.00000000000003,4.0,,5.0,,5.0,,,,,,,,,
2026-02-04,,,,,,,21:00:00,21:45:00,45.0,5.0,,,3.0,3.0,,,,,,,,,
2026-02-04,,,,,,,,,,,,,,,,,,,,,,,
2026-02-04,,,,,,s,20:00:00,21:00:00,59.99999999999995,5.0,,,6.0,6.0,,,,,,,,,
2026-02-04,,,,,,,,,,,,,,,,,,,,,,,
2026-02-04,,,,,,,,,,,,,,,,,,,,,,,
2026-02-04,,,,,,f,08:00:00,09:00:00,60.00000000000003,4.0,,5.0,,5.0,,,,,,,,,
2026-02-04,,,,,,,,,,,,,,,,,,,,,,,
2026-02-04,,,,,,,,,,,,,,,,,,,,,,,
2026-02-04,,,,,,f,07:00:00,08:00:00,59.99999999999995,4.0,,5.0,,5.0,,,,,,,,,
2026-02-04,,,,,,,,,,,,,,,,,,5,,,Bedienerschutz ausgelöst ,,
2026-02-04,,,,,,,,,,,,,,,,,,,,,,,
2026-02-04,,,,,,f,06:00:00,07:00:00,60.00000000000003,4.0,,4.0,,4.0,,,,10,,OP 10,Schrittketten fehler und M1 Antrieb Fehler,,
2026-02-04,,,,,,,,,,,,,,,,,,10,,OP 10,Schrittketten fehler und M1 Antrieb Fehler,,
2026-02-04,,,,,,,,,,,,,,,,,,,,,,,
2026-02-04,,,,,,f,04:45:00,06:00:00,75.00000000000001,4.0,,3.0,,3.0,,,,15,,,Wartungsplan,,
2026-02-04,,,,,,,,,,,,,,,,,,15,,,Reinigung + Werkzeug einschließen,,
2026-02-04,,,,,,s,,,,,,,,,,,,,,,,,
2026-02-04,,,,,,,21:00:00,21:45:00,45.0,5.0,,,3.0,3.0,,,,,,,,,
2026-02-04,,,,,,f,09:30:00,10:00:00,30.000000000000053,4.0,,3.0,,3.0,,,,,,,,,
2026-02-04,,,,,,,,,,,,,,,,,,,,,,,
2026-02-04,,,,,,,,,,,,,,,,,,,,,,,
2026-02-04,,,,,,f,10:00:00,11:00:00,59.99999999999995,4.0,,5.0,,5.0,,,,,,,,,
2026-02-04,,,,,,,,,,,,,,,,,,,,,,,
2026-02-04,,,,,,s,15:00:00,16:00:00,59.99999999999995,5.0,,1.0,6.0,7.0,,,,,,,,,
2026-02-04,,,,,,,,,,,,,,,,,,,,,,,
2026-02-04,,,,,,,,,,,,,,,,,,,,,,,
2026-02-04,,,,,,s,14:00:00,15:00:00,59.99999999999995,5.0,,,7.0,7.0,,,,,,,,,
2026-02-04,,,,,,,,,,,,,,,,,,,,,,,
2026-02-04,,,,,,,,,,,,,,,,,,,,,,,
2026-02-04,,,,,,,,,,,,,,,,,,,,,,,
2026-02-04,,,,,,s,13:15:00,14:00:00,45.0,5.0,,,5.0,5.0,,,,15,,,Wartungsplan,,
2026-02-04,,,,,,,,,,,,,,,,,,,,,,,
2026-02-04,,,,,,f,12:00:00,13:15:00,75.00000000000006,4.0,,5.0,,5.0,,,,,,,,,
2026-02-04,,,,,,,,,,,,,,,,,,,,,,,
2026-02-04,,,,,,,,,,,,,,,,,,10,,,Anlage leer gefahren,,
2026-02-04,,,,,,f,11:00:00,12:00:00,60.00000000000003,4.0,,3.0,,3.0,,,,20,,R 07,Drahtfass wechseln,,
2026-02-04,,,,,,,,,,,,,,,,,,,,,,,
2026-02-04,,,,,,,,,,,,,,,,,,,,,,,
2026-02-04,,,,,,,,,,,,,,,,,,15,,,Reinigung,,
2026-02-04,,,,,,,,,,,,,,,,,10,,,,Kratzer in der Stirnwand ausbessern.,,
2026-02-04,,,,,,,,,,,,,,,,,,,,,,,
2026-02-04,,,,,,,,,,,,,,,,,,,,,,,
2026-02-04,,,,,,,,,,,,,,,,,,,,,,,
2026-02-04,,,,,,s,15:00:00,16:00:00,59.99999999999995,5.0,,1.0,6.0,7.0,,,,,,,,,
2026-02-04,,,,,,,,,,,,,,,,,,,,,,,
2026-02-04,,,,,,,,,,,,,,,,,,,,,,,
2026-02-04,,,,,,s,14:00:00,15:00:00,59.99999999999995,5.0,,,7.0,7.0,,,,,,,,,
2026-02-04,,,,,,,,,,,,,,,,,,,,,,,
2026-02-04,,,,,,,,,,,,,,,,,,,,,,,
2026-02-04,,,,,,s,13:15:00,14:00:00,45.0,5.0,,,5.0,5.0,,,,15,,,Wartungsplan,,
2026-02-04,,,,,,,,,,,,,,,,,,15,,,Reinigung,,
2026-02-04,,,,,,,,,,,,,,,,,,,,,,,
2026-02-04,,,,,,f,12:00:00,13:15:00,75.00000000000006,4.0,,5.0,,5.0,,,,,,,,,
2026-02-04,,,,,,,,,,,,,,,,,,,,,,,
2026-02-04,,,,,,,,,,,,,,,,,,10,,,Anlage leer gefahren,,
2026-02-04,,,,,,f,11:00:00,12:00:00,60.00000000000003,4.0,,3.0,,3.0,,,,20,,R 07,Drahtfass wechseln,,
2026-02-04,,,,,,s,20:00:00,21:00:00,59.99999999999995,5.0,,,6.0,6.0,,,,,,,,,
2026-02-04,,,,,,,,,,,,,,,,,,,,,,,
2026-02-04,,,,,,f,10:00:00,11:00:00,59.99999999999995,4.0,,5.0,,5.0,,,,,,,,,
2026-02-04,,,,,,,,,,,,,,,,,,,,,,,
2026-02-04,,,,,,,,,,,,,,,,,,15,,,Reinigung + Werkzeug einschließen,,
2026-02-04,,,,,,s,,,,,,,,,,,,,,,,,
2026-02-04,,,,,,,21:00:00,21:45:00,45.0,5.0,,,3.0,3.0,,,,,,,,,
2026-02-04,,,,,,,,,,,,,,,,,,,,,,,
2026-02-04,,,,,,,,,,,,,,,,,10,,,,Kratzer in der Stirnwand ausbessern.,,
2026-02-04,,,,,,,,,,,,,,,,,,,,,,,
2026-02-04,,,,,,s,16:00:00,17:00:00,60.00000000000011,5.0,,,7.0,7.0,,,,,,,,,
2026-02-04,,,,,,,,,,,,,,,,,,,,,,,
2026-02-04,,,,,,,,,,,,,,,,8,,,,R 06,Schweißstörung  in OP.130-1,,
2026-02-04,,,,,,,,,,,,,,,,,,,,,,,
2026-02-04,,,,,,,,,,,,,,,,,,,,,,,
2026-02-04,,,,,,s,19:00:00,20:00:00,60.00000000000011,5.0,,,7.0,7.0,,,,,,,,,
2026-02-04,,,,,,,,,,,,,,,,,,,,,,,
2026-02-04,,,,,,s,,,,,,,,,,,,,,,,,
2026-02-04,,,,,,,,,,,,,,,,,,,,,,,
2026-02-04,,,,,,s,17:30:00,18:00:00,30.000000000000053,5.0,,,2.0,2.0,,8,,,,R 07,Festgebrannt  Kontakt rohr tauschen.,,
2026-02-04,,,,,,,,,,,,,,,,,,,,,,,
2026-02-04,,,,,,,,,,,,,,,,,,,,,,,
2026-02-04,,,,,,s,18:00:00,19:00:00,59.99999999999995,5.0,,,7.0,7.0,,,,,,,,,
2026-02-05,,,,,,,,,,,,,,,,,,,,,,,
2026-02-05,,,,,,,,,,,,,,,,20,,,,R 06,Drahtfass wechseln,,
2026-02-05,,,,,,,,,,,,,,,,,,,,,"Anlage leer durch Störungen, auffüllen",,
2026-02-05,,,,,,s,15:00:00,16:00:00,59.99999999999995,5.0,,,5.0,5.0,,,12,,,, STW nachgearbeitet ,4,
2026-02-05,,,,,,,,,,,,,,,,,,,,,,,
2026-02-05,,,,,,,,,,,,,,,,,,,,,,,
2026-02-05,,,,,,s,16:00:00,17:00:00,60.00000000000011,5.0,,,5.0,5.0,,,15,,,, STW nachgearbeitet ,5,
2026-02-05,,,,,,,,,,,,,,,,,,,,,,,
2026-02-05,,,,,,s,14:00:00,15:00:00,59.99999999999995,5.0,,,4.0,4.0,,,,,,,,,
2026-02-05,,,,,,,,,,,,,,,,,,,,,,,
2026-02-05,,,,,,,,,,,,,,,,,,,,,,,
2026-02-05,,,,,,,,,,,,,,,,,,,,,,,
2026-02-05,,,,,,s,18:00:00,19:00:00,59.99999999999995,5.0,,,6.0,6.0,,,,,,,,,
2026-02-05,,,,,,,,,,,,,,,,,,,,,,,
2026-02-05,,,,,,,,,,,,,,,,,,,,,,,
2026-02-05,,,,,,s,19:00:00,20:00:00,60.00000000000011,5.0,,,6.0,6.0,,,,,,,,,
2026-02-05,,,,,,,,,,,,,,,,,,,,,,,
2026-02-05,,,,,,,,,,,,,,,,,,,,,,,
2026-02-05,,,,,,s,20:00:00,21:00:00,59.99999999999995,5.0,,,6.0,6.0,,,,,,,,,
2026-02-05,,,,,,,,,,,,,,,,,,,,,,,
2026-02-05,,,,,,,,,,,,,,,,,,,,,,,
2026-02-05,,,,,,,21:00:00,21:45:00,45.0,5.0,,,3.0,3.0,,,,,,,,,
2026-02-05,,,,,,s,17:30:00,18:00:00,30.000000000000053,5.0,,,3.0,3.0,,,,,,,,,
2026-02-05,,,,,,,,,,,,,,,,,,,,,,,
2026-02-05,,,,,,,,,,,,,,,,,,15,,,Reinigung,,
2026-02-05,,,,,,s,13:15:00,14:00:00,45.0,5.0,,,4.0,4.0,,,,15,,,Wartungsplan,,
2026-02-05,,,,,,,,,,,,,,,,,,,,,3x STW Rungen Eingebaut ,,
2026-02-05,,,,,,f,10:00:00,11:00:00,59.99999999999995,4.0,,,4.0,4.0,,,,,,,,,
2026-02-05,,,,,,f,09:30:00,10:00:00,30.000000000000053,4.0,,,3.0,3.0,,,,,,,,,
2026-02-05,,,,,,,,,,,,,,,,,,,,,,,
2026-02-05,,,,,,,,,,,,,,,,,,,,,,,
2026-02-05,,,,,,f,08:00:00,09:00:00,60.00000000000003,4.0,,,4.0,4.0,,,,,,,,,
2026-02-05,,,,,,,,,,,,,,,,,,,,,,,
2026-02-05,,,,,,,,,,,,,,,,,,,,,,,
2026-02-05,,,,,,f,07:00:00,08:00:00,59.99999999999995,4.0,,,5.0,5.0,,,,,,,,,
2026-02-05,,,,,,,,,,,,,,,,,,,,,,,
2026-02-05,,,,,,,,,,,,,,,,,,,,,,,
2026-02-05,,,,,,f,06:00:00,07:00:00,60.00000000000003,4.0,,,5.0,5.0,,,,,,,,,
2026-02-05,,,,,,,,,,,,,,,,,,,,,,,
2026-02-05,,,,,,,,,,,,,,,,,,20,,OP 120.1,Schrittketten Fehler (RobTech Informiert) 15 min warten ,2x,
2026-02-05,,,,,,f,04:45:00,06:00:00,75.00000000000001,4.0,,,3.0,3.0,,,,15,,,Wartungsplan,,
2026-02-05,,,,,,,,,,,,,,,,,,,,,,,
2026-02-05,,,,,,,,,,,,,,,,,,,,,,,
2026-02-05,,,,,,f,11:00:00,12:00:00,60.00000000000003,4.0,,,5.0,5.0,,,,,,,,,
2026-02-05,,,,,,,,,,,,,,,,,,,,,,,
2026-02-05,,,,,,f,12:00:00,13:15:00,75.00000000000006,4.0,,,4.0,4.0,,,,,,,Bedienerschutz ausgelöst ,,
2026-02-05,,,,,,,,,,,,,,,,,,10,,,Roboter 6-7-1 wieder in gang setzen ,,
2026-02-05,,,,,,,,,,,,,,,,,5,,,, STW nachgearbeitet ,,
2026-02-05,,,,,,,,,,,,,,,,,,,,,,,
2026-02-05,,,,,,,,,,,,,,,,,,,,,,,
2026-02-05,,,,,,f,04:45:00,06:00:00,75.00000000000001,4.0,,,3.0,3.0,,,,15,,,Wartungsplan,,
2026-02-05,,,,,,s,18:00:00,19:00:00,59.99999999999995,5.0,,,6.0,6.0,,,,,,,,,
2026-02-05,,,,,,,,,,,,,,,,,,,,,,,
2026-02-05,,,,,,,,,,,,,,,,,,,,,,,
2026-02-05,,,,,,s,17:30:00,18:00:00,30.000000000000053,5.0,,,3.0,3.0,,,,,,,,,
2026-02-05,,,,,,,,,,,,,,,,,,,,,,,
2026-02-05,,,,,,,,,,,,,,,,,,,,,,,
2026-02-05,,,,,,s,16:00:00,17:00:00,60.00000000000011,5.0,,,5.0,5.0,,,15,,,, STW nachgearbeitet ,5,
2026-02-05,,,,,,,,,,,,,,,,,,,,,,,
2026-02-05,,,,,,,,,,,,,,,,,,,,,,,
2026-02-05,,,,,,s,15:00:00,16:00:00,59.99999999999995,5.0,,,5.0,5.0,,,12,,,, STW nachgearbeitet ,4,
2026-02-05,,,,,,,,,,,,,,,,,,,,,,,
2026-02-05,,,,,,,,,,,,,,,,,,,,,"Anlage leer durch Störungen, auffüllen",,
2026-02-05,,,,,,s,14:00:00,15:00:00,59.99999999999995,5.0,,,4.0,4.0,,,,,,,,,
2026-02-05,,,,,,,,,,,,,,,,,,,,,,,
2026-02-05,,,,,,,,,,,,,,,,,5,,,, STW nachgearbeitet ,,
2026-02-05,,,,,,s,13:15:00,14:00:00,45.0,5.0,,,4.0,4.0,,,,15,,,Wartungsplan,,
2026-02-05,,,,,,,,,,,,,,,,,,15,,,Reinigung,,
2026-02-05,,,,,,,,,,,,,,,,,,10,,,Roboter 6-7-1 wieder in gang setzen ,,
2026-02-05,,,,,,f,12:00:00,13:15:00,75.00000000000006,4.0,,,4.0,4.0,,,,,,,Bedienerschutz ausgelöst ,,
2026-02-05,,,,,,,,,,,,,,,,,,,,,,,
2026-02-05,,,,,,,,,,,,,,,,,,,,,,,
2026-02-05,,,,,,f,11:00:00,12:00:00,60.00000000000003,4.0,,,5.0,5.0,,,,,,,,,
2026-02-05,,,,,,,,,,,,,,,,20,,,,R 06,Drahtfass wechseln,,
2026-02-05,,,,,,,,,,,,,,,,,,,,,,,
2026-02-05,,,,,,,,,,,,,,,,,,,,,,,
2026-02-05,,,,,,,,,,,,,,,,,,,,,,,
2026-02-05,,,,,,,,,,,,,,,,,,20,,OP 120.1,Schrittketten Fehler (RobTech Informiert) 15 min warten ,2x,
2026-02-05,,,,,,,,,,,,,,,,,,,,,,,
2026-02-05,,,,,,f,06:00:00,07:00:00,60.00000000000003,4.0,,,5.0,5.0,,,,,,,,,
2026-02-05,,,,,,,,,,,,,,,,,,,,,,,
2026-02-05,,,,,,,,,,,,,,,,,,,,,,,
2026-02-05,,,,,,f,07:00:00,08:00:00,59.99999999999995,4.0,,,5.0,5.0,,,,,,,,,
2026-02-05,,,,,,,,,,,,,,,,,,,,,,,
2026-02-05,,,,,,,,,,,,,,,,,,,,,,,
2026-02-05,,,,,,f,08:00:00,09:00:00,60.00000000000003,4.0,,,4.0,4.0,,,,,,,,,
2026-02-05,,,,,,,,,,,,,,,,,,,,,,,
2026-02-05,,,,,,s,19:00:00,20:00:00,60.00000000000011,5.0,,,6.0,6.0,,,,,,,,,
2026-02-05,,,,,,,,,,,,,,,,,,,,,,,
2026-02-05,,,,,,,,,,,,,,,,,,,,,3x STW Rungen Eingebaut ,,
2026-02-05,,,,,,s,,,,,,,,,,,,,,,,,
2026-02-05,,,,,,,,,,,,,,,,,,,,,,,
2026-02-05,,,,,,,,,,,,,,,,,,15,,,Reinigung + Werkzeug einschließen,,
2026-02-05,,,,,,s,,,,,,,,,,,,,,,,,
2026-02-05,,,,,,,21:00:00,21:45:00,45.0,5.0,,,3.0,3.0,,,,,,,,,
2026-02-05,,,,,,,,,,,,,,,,,,,,,,,
2026-02-05,,,,,,,,,,,,,,,,,,,,,,,
2026-02-05,,,,,,s,20:00:00,21:00:00,59.99999999999995,5.0,,,6.0,6.0,,,,,,,,,
2026-02-05,,,,,,,,,,,,,,,,,,,,,,,
2026-02-05,,,,,,f,09:30:00,10:00:00,30.000000000000053,4.0,,,3.0,3.0,,,,,,,,,
2026-02-05,,,,,,f,10:00:00,11:00:00,59.99999999999995,4.0,,,4.0,4.0,,,,,,,,,
2026-02-05,,,,,,,,,,,,,,,,,,15,,,Reinigung + Werkzeug einschließen,,
2026-02-05,,,,,,,,,,,,,,,,,,20,,OP 120.1,Schrittketten Fehler (RobTech Informiert) 15 min warten ,2x,
2026-02-05,,,,,,,,,,,,,,,,,,,,,"Anlage leer durch Störungen, auffüllen",,
2026-02-05,,,,,,s,15:00:00,16:00:00,59.99999999999995,5.0,,,5.0,5.0,,,12,,,, STW nachgearbeitet ,4,
2026-02-05,,,,,,,,,,,,,,,,,,,,,,,
2026-02-05,,,,,,,,,,,,,,,,,,,,,,,
2026-02-05,,,,,,s,16:00:00,17:00:00,60.00000000000011,5.0,,,5.0,5.0,,,15,,,, STW nachgearbeitet ,5,
2026-02-05,,,,,,,,,,,,,,,,,,,,,,,
2026-02-05,,,,,,,,,,,,,,,,,,,,,,,
2026-02-05,,,,,,s,17:30:00,18:00:00,30.000000000000053,5.0,,,3.0,3.0,,,,,,,,,
2026-02-05,,,,,,,,,,,,,,,,,,,,,,,
2026-02-05,,,,,,,,,,,,,,,,,,,,,,,
2026-02-05,,,,,,,,,,,,,,,,20,,,,R 06,Drahtfass wechseln,,
2026-02-05,,,,,,,,,,,,,,,,,,,,,,,
2026-02-05,,,,,,s,19:00:00,20:00:00,60.00000000000011,5.0,,,6.0,6.0,,,,,,,,,
2026-02-05,,,,,,,,,,,,,,,,,,,,,,,
2026-02-05,,,,,,,,,,,,,,,,,,,,,,,
2026-02-05,,,,,,s,20:00:00,21:00:00,59.99999999999995,5.0,,,6.0,6.0,,,,,,,,,
2026-02-05,,,,,,,,,,,,,,,,,,,,,,,
2026-02-05,,,,,,,,,,,,,,,,,,,,,,,
2026-02-05,,,,,,,21:00:00,21:45:00,45.0,5.0,,,3.0,3.0,,,,,,,,,
2026-02-05,,,,,,s,,,,,,,,,,,,,,,,,
2026-02-05,,,,,,,,,,,,,,,,,,15,,,Reinigung + Werkzeug einschließen,,
2026-02-05,,,,,,f,04:45:00,06:00:00,75.00000000000001,4.0,,,3.0,3.0,,,,15,,,Wartungsplan,,
2026-02-05,,,,,,,,,,,,,,,,,,,,,,,
2026-02-05,,,,,,s,14:00:00,15:00:00,59.99999999999995,5.0,,,4.0,4.0,,,,,,,,,
2026-02-05,,,,,,s,18:00:00,19:00:00,59.99999999999995,5.0,,,6.0,6.0,,,,,,,,,
2026-02-05,,,,,,,,,,,,,,,,,5,,,, STW nachgearbeitet ,,
2026-02-05,,,,,,,,,,,,,,,,,,,,,,,
2026-02-05,,,,,,,,,,,,,,,,,,,,,,,
2026-02-05,,,,,,f,06:00:00,07:00:00,60.00000000000003,4.0,,,5.0,5.0,,,,,,,,,
2026-02-05,,,,,,,,,,,,,,,,,,,,,,,
2026-02-05,,,,,,,,,,,,,,,,,,,,,,,
2026-02-05,,,,,,f,07:00:00,08:00:00,59.99999999999995,4.0,,,5.0,5.0,,,,,,,,,
2026-02-05,,,,,,,,,,,,,,,,,,,,,,,
2026-02-05,,,,,,f,08:00:00,09:00:00,60.00000000000003,4.0,,,4.0,4.0,,,,,,,,,
2026-02-05,,,,,,,,,,,,,,,,,,,,,,,
2026-02-05,,,,,,,,,,,,,,,,,,,,,,,
2026-02-05,,,,,,f,09:30:00,10:00:00,30.000000000000053,4.0,,,3.0,3.0,,,,,,,,,
2026-02-05,,,,,,,,,,,,,,,,,,,,,3x STW Rungen Eingebaut ,,
2026-02-05,,,,,,,,,,,,,,,,,,,,,,,
2026-02-05,,,,,,,,,,,,,,,,,,,,,,,
2026-02-05,,,,,,s,13:15:00,14:00:00,45.0,5.0,,,4.0,4.0,,,,15,,,Wartungsplan,,
2026-02-05,,,,,,,,,,,,,,,,,,10,,,Roboter 6-7-1 wieder in gang setzen ,,
2026-02-05,,,,,,f,12:00:00,13:15:00,75.00000000000006,4.0,,,4.0,4.0,,,,,,,Bedienerschutz ausgelöst ,,
2026-02-05,,,,,,,,,,,,,,,,,,,,,,,
2026-02-05,,,,,,,,,,,,,,,,,,,,,,,
2026-02-05,,,,,,,,,,,,,,,,,,15,,,Reinigung,,
2026-02-05,,,,,,,,,,,,,,,,,,,,,,,
2026-02-05,,,,,,,,,,,,,,,,,,,,,,,
2026-02-05,,,,,,f,10:00:00,11:00:00,59.99999999999995,4.0,,,4.0,4.0,,,,,,,,,
2026-02-05,,,,,,f,11:00:00,12:00:00,60.00000000000003,4.0,,,5.0,5.0,,,,,,,,,
2026-02-06,,,,,,,,,,,,,,,,,,15,,OP 50,"Knoten sind nicht gespannt, Rob3 Schrittketten störung",,
2026-02-06,,,,,,,,,,,,,,,,,,5,,OP 120.2,"Zeigt an dass das Trapezblech vorhanden ist, ist es aber nicht",,
2026-02-06,,,,,,,,,,,,,,,,,,,,,,,
2026-02-06,,,,,,f,10:00:00,11:00:00,59.99999999999995,3.0,,,3.0,3.0,,,,10,,R 07,Brenner gewechselt ,,
2026-02-06,,,,,,,,,,,,,,,,,,,,,,,
2026-02-06,,,,,,,,,,,,,,,,,,,,,,,
2026-02-06,,,,,,f,09:30:00,10:00:00,30.000000000000053,3.0,,,1.0,1.0,,,,,,,,,
2026-02-06,,,,,,,,,,,,,,,,,,,,,,,
2026-02-06,,,,,,,,,,,,,,,,,,5,,OP 10,Kein Vakuum ,,
2026-02-06,,,,,,f,08:00:00,09:00:00,60.00000000000003,3.0,,,3.0,3.0,,,,5,,R 07,Stromdüse gewechselt an rob 6-7,,
2026-02-06,,,,,,,,,,,,,,,,,,10,,OP 10,Kein Vakuum ,,
2026-02-06,,,,,,f,07:00:00,08:00:00,59.99999999999995,3.0,,,2.0,2.0,,,,,,,"Anlage leer durch Störungen, auffüllen",,
2026-02-06,,,,,,s,20:00:00,21:00:00,59.99999999999995,,,,7.0,7.0,,,,,,,,,
2026-02-06,,,,,,,,,,,,,,,,,,15,,,Bleche wurden falsch eingelagert (Links mit Rechts vertauscht),,
2026-02-06,,,,,,f,06:00:00,07:00:00,60.00000000000003,3.0,,,3.0,3.0,,,,15,,OP 25,"Messwerte sind Falsch laut der Anlage (Blech kontroliert, masse passen aber blech wird nicht übernommen ",,
2026-02-06,,,,,,,,,,,,,,,,,,,,,,,
2026-02-06,,,,,,,,,,,,,,,,,,15,,,"OP Aufträge werden nicht übernommen, Anlage leer (Warten auf Robtech)",,
2026-02-06,,,,,,f,04:45:00,06:00:00,75.00000000000001,4.0,,,3.0,3.0,,,,15,,,Wartungspaln + Tauschbox ,,
2026-02-06,,,,,,,,,,,,,,,,,,15,,,Reinigung + Werkzeug einschließen,,
2026-02-06,,,,,,s,,,,,,,,,,,,,,,,,
2026-02-06,,,,,,,21:00:00,21:45:00,45.0,,,,2.0,2.0,,,,,,,,,
2026-02-06,,,,,,,,,,,,,,,,,,,,,,,
2026-02-06,,,,,,,,,,,,,,,,,,,,,,,
2026-02-06,,,,,,,,,,,,,,,,,,,,,,,
2026-02-06,,,,,,f,11:00:00,12:00:00,60.00000000000003,3.0,,,3.0,3.0,,,,10,,OP 120.2,Schrittketten fehler ,,
2026-02-06,,,,,,,,,,,,,,,,,,,,,Kein Monteur ,,
2026-02-06,,,,,,,,,,,,,,,,,,10,,R 07,festgebrannt ,2x,
2026-02-06,,,,,,,,,,,,,,,,,,,,,,,
2026-02-06,,,,,,f,12:00:00,13:15:00,75.00000000000006,3.0,,,3.0,3.0,,,,10,,,Bedienerschutz ausgelöst ( Rob1 Rob3 Rob6 steht),,
2026-02-06,,,,,,,21:00:00,21:45:00,45.0,,,,2.0,2.0,,,,,,,,,
2026-02-06,,,,,,,,,,,,,,,,,,,,,,,
2026-02-06,,,,,,,,,,,,,,,,,,,,,,,
2026-02-06,,,,,,s,20:00:00,21:00:00,59.99999999999995,,,,7.0,7.0,,,,,,,,,
2026-02-06,,,,,,,,,,,,,,,,,,,,,,,
2026-02-06,,,,,,,,,,,,,,,,,,,,,,,
2026-02-06,,,,,,s,19:00:00,20:00:00,60.00000000000011,5.0,,,6.0,6.0,,,,,,,,,
2026-02-06,,,,,,,,,,,,,,,,,,,,,,,
2026-02-06,,,,,,,,,,,,,,,,,,,,,,,
2026-02-06,,,,,,s,18:00:00,19:00:00,59.99999999999995,5.0,,,7.0,7.0,,,,,,,,,
2026-02-06,,,,,,,,,,,,,,,,,,,,,,,
2026-02-06,,,,,,,,,,,,,,,,,,,,,,,
2026-02-06,,,,,,s,17:30:00,18:00:00,30.000000000000053,5.0,,3.0,,3.0,,,,,,,,,
2026-02-06,,,,,,,,,,,,,,,,,,,,,,,
2026-02-06,,,,,,,,,,,,,,,,,,,,,,,
2026-02-06,,,,,,s,16:00:00,17:00:00,60.00000000000011,5.0,,6.0,,6.0,,12,,,,R 07,Schweißstörung  in OP.120-2    Robotech.an der Anlage,,
2026-02-06,,,,,,,,,,,,,,,,,,,,,,,
2026-02-06,,,,,,,,,,,,,,,,6,,,,R 07,Schweißstörung  in OP.120-2    Robotech.Informiert,2,
2026-02-06,,,,,,s,15:00:00,16:00:00,59.99999999999995,5.0,,6.0,,6.0,,,,,,,,,
2026-02-06,,,,,,,,,,,,,,,,6,,,,R 07,Schweißstörung  in OP.120-2,2,
2026-02-06,,,,,,,,,,,,,,,,,,,,,,,
2026-02-06,,,,,,s,14:00:00,15:00:00,59.99999999999995,5.0,,7.0,,7.0,,,,,,,,,
2026-02-06,,,,,,,,,,,,,,,,5,,,,R 07,Schweißstörung  in OP.120-2,,
2026-02-06,,,,,,,,,,,,,,,,,,,,,,,
2026-02-06,,,,,,s,13:15:00,14:00:00,45.0,5.0,,4.0,,4.0,,,,15,,,Wartungsplan,,
2026-02-06,,,,,,,,,,,,,,,,,,15,,,Reinigung,,
2026-02-06,,,,,,,,,,,,,,,,,,5,,R 07,festgebrannt ,,
2026-02-06,,,,,,,,,,,,,,,,,,,,,,,
2026-02-06,,,,,,s,19:00:00,20:00:00,60.00000000000011,5.0,,,6.0,6.0,,,,,,,,,
2026-02-06,,,,,,,,,,,,,,,,,,,,,,,
2026-02-06,,,,,,,,,,,,,,,,,,,,,,,
2026-02-06,,,,,,,,,,,,,,,,,,10,,OP 10,Kein Vakuum ,,
2026-02-06,,,,,,,,,,,,,,,,,,15,,OP 50,"Knoten sind nicht gespannt, Rob3 Schrittketten störung",,
2026-02-06,,,,,,f,07:00:00,08:00:00,59.99999999999995,3.0,,,2.0,2.0,,,,,,,"Anlage leer durch Störungen, auffüllen",,
2026-02-06,,,,,,,,,,,,,,,,,,,,,Kein Monteur ,,
2026-02-06,,,,,,,,,,,,,,,,,,15,,,Bleche wurden falsch eingelagert (Links mit Rechts vertauscht),,
2026-02-06,,,,,,f,06:00:00,07:00:00,60.00000000000003,3.0,,,3.0,3.0,,,,15,,OP 25,"Messwerte sind Falsch laut der Anlage (Blech kontroliert, masse passen aber blech wird nicht übernommen ",,
2026-02-06,,,,,,,,,,,,,,,,,,,,,,,
2026-02-06,,,,,,,,,,,,,,,,,,15,,,"OP Aufträge werden nicht übernommen, Anlage leer (Warten auf Robtech)",,
2026-02-06,,,,,,f,04:45:00,06:00:00,75.00000000000001,4.0,,,3.0,3.0,,,,15,,,Wartungspaln + Tauschbox ,,
2026-02-06,,,,,,,,,,,,,,,,,,,,,,,
2026-02-06,,,,,,,,,,,,,,,,,,,,,,,
2026-02-06,,,,,,s,17:30:00,18:00:00,30.000000000000053,5.0,,3.0,,3.0,,,,,,,,,
2026-02-06,,,,,,f,08:00:00,09:00:00,60.00000000000003,3.0,,,3.0,3.0,,,,5,,R 07,Stromdüse gewechselt an rob 6-7,,
2026-02-06,,,,,,,,,,,,,,,,,,,,,,,
2026-02-06,,,,,,s,18:00:00,19:00:00,59.99999999999995,5.0,,,7.0,7.0,,,,,,,,,
2026-02-06,,,,,,,,,,,,,,,,,,,,,,,
2026-02-06,,,,,,,,,,,,,,,,,,,,,,,
2026-02-06,,,,,,s,19:00:00,20:00:00,60.00000000000011,5.0,,,6.0,6.0,,,,,,,,,
2026-02-06,,,,,,,,,,,,,,,,,,,,,,,
2026-02-06,,,,,,,,,,,,,,,,,,,,,,,
2026-02-06,,,,,,s,20:00:00,21:00:00,59.99999999999995,,,,7.0,7.0,,,,,,,,,
2026-02-06,,,,,,,,,,,,,,,,,,,,,,,
2026-02-06,,,,,,,,,,,,,,,,,,,,,,,
2026-02-06,,,,,,,21:00:00,21:45:00,45.0,,,,2.0,2.0,,,,,,,,,
2026-02-06,,,,,,s,,,,,,,,,,,,,,,,,
2026-02-06,,,,,,,,,,,,,,,,,,15,,,Reinigung + Werkzeug einschließen,,
2026-02-06,,,,,,,,,,,,,,,,,,,,,,,
2026-02-06,,,,,,,,,,,,,,,,,,5,,OP 10,Kein Vakuum ,,
2026-02-06,,,,,,,,,,,,,,,,,,,,,,,
2026-02-06,,,,,,f,09:30:00,10:00:00,30.000000000000053,3.0,,,1.0,1.0,,,,,,,,,
2026-02-06,,,,,,s,18:00:00,19:00:00,59.99999999999995,5.0,,,7.0,7.0,,,,,,,,,
2026-02-06,,,,,,,,,,,,,,,,,,,,,,,
2026-02-06,,,,,,,,,,,,,,,,,,,,,,,
2026-02-06,,,,,,s,17:30:00,18:00:00,30.000000000000053,5.0,,3.0,,3.0,,,,,,,,,
2026-02-06,,,,,,,,,,,,,,,,,,,,,,,
2026-02-06,,,,,,,,,,,,,,,,,,,,,,,
2026-02-06,,,,,,s,16:00:00,17:00:00,60.00000000000011,5.0,,6.0,,6.0,,12,,,,R 07,Schweißstörung  in OP.120-2    Robotech.an der Anlage,,
2026-02-06,,,,,,,,,,,,,,,,,,,,,,,
2026-02-06,,,,,,,,,,,,,,,,6,,,,R 07,Schweißstörung  in OP.120-2    Robotech.Informiert,2,
2026-02-06,,,,,,s,15:00:00,16:00:00,59.99999999999995,5.0,,6.0,,6.0,,,,,,,,,
2026-02-06,,,,,,,,,,,,,,,,6,,,,R 07,Schweißstörung  in OP.120-2,2,
2026-02-06,,,,,,,,,,,,,,,,,,,,,,,
2026-02-06,,,,,,s,14:00:00,15:00:00,59.99999999999995,5.0,,7.0,,7.0,,,,,,,,,
2026-02-06,,,,,,,,,,,,,,,,5,,,,R 07,Schweißstörung  in OP.120-2,,
2026-02-06,,,,,,,,,,,,,,,,,,,,,,,
2026-02-06,,,,,,s,13:15:00,14:00:00,45.0,5.0,,4.0,,4.0,,,,15,,,Wartungsplan,,
2026-02-06,,,,,,,,,,,,,,,,,,15,,,Reinigung,,
2026-02-06,,,,,,,,,,,,,,,,,,5,,R 07,festgebrannt ,,
2026-02-06,,,,,,f,12:00:00,13:15:00,75.00000000000006,3.0,,,3.0,3.0,,,,10,,,Bedienerschutz ausgelöst ( Rob1 Rob3 Rob6 steht),,
2026-02-06,,,,,,,,,,,,,,,,,,,,,,,
2026-02-06,,,,,,,,,,,,,,,,,,10,,R 07,festgebrannt ,2x,
2026-02-06,,,,,,f,11:00:00,12:00:00,60.00000000000003,3.0,,,3.0,3.0,,,,10,,OP 120.2,Schrittketten fehler ,,
2026-02-06,,,,,,s,,,,,,,,,,,,,,,,,
2026-02-06,,,,,,,,,,,,,,,,,,5,,OP 120.2,"Zeigt an dass das Trapezblech vorhanden ist, ist es aber nicht",,
2026-02-06,,,,,,f,10:00:00,11:00:00,59.99999999999995,3.0,,,3.0,3.0,,,,10,,R 07,Brenner gewechselt ,,
2026-02-06,,,,,,,,,,,,,,,,,,,,,,,
2026-02-06,,,,,,,,,,,,,,,,,,,,,,,
2026-02-06,,,,,,,,,,,,,,,,,,,,,,,
2026-02-06,,,,,,,,,,,,,,,,,,15,,,Reinigung + Werkzeug einschließen,,
2026-02-06,,,,,,,,,,,,,,,,,,,,,,,
2026-02-06,,,,,,,,,,,,,,,,,,,,,,,
2026-02-06,,,,,,,,,,,,,,,,,,,,,,,
2026-02-06,,,,,,f,06:00:00,07:00:00,60.00000000000003,3.0,,,3.0,3.0,,,,15,,OP 25,"Messwerte sind Falsch laut der Anlage (Blech kontroliert, masse passen aber blech wird nicht übernommen ",,
2026-02-06,,,,,,,,,,,,,,,,,,15,,,Bleche wurden falsch eingelagert (Links mit Rechts vertauscht),,
2026-02-06,,,,,,,,,,,,,,,,,,,,,Kein Monteur ,,
2026-02-06,,,,,,f,07:00:00,08:00:00,59.99999999999995,3.0,,,2.0,2.0,,,,,,,"Anlage leer durch Störungen, auffüllen",,
2026-02-06,,,,,,,,,,,,,,,,,,15,,OP 50,"Knoten sind nicht gespannt, Rob3 Schrittketten störung",,
2026-02-06,,,,,,,,,,,,,,,,,,10,,OP 10,Kein Vakuum ,,
2026-02-06,,,,,,f,08:00:00,09:00:00,60.00000000000003,3.0,,,3.0,3.0,,,,5,,R 07,Stromdüse gewechselt an rob 6-7,,
2026-02-06,,,,,,,,,,,,,,,,,,5,,OP 10,Kein Vakuum ,,
2026-02-06,,,,,,,,,,,,,,,,,,,,,,,
2026-02-06,,,,,,f,09:30:00,10:00:00,30.000000000000053,3.0,,,1.0,1.0,,,,,,,,,
2026-02-06,,,,,,,,,,,,,,,,,,,,,,,
2026-02-06,,,,,,,,,,,,,,,,,,5,,OP 120.2,"Zeigt an dass das Trapezblech vorhanden ist, ist es aber nicht",,
2026-02-06,,,,,,f,11:00:00,12:00:00,60.00000000000003,3.0,,,3.0,3.0,,,,10,,OP 120.2,Schrittketten fehler ,,
2026-02-06,,,,,,,,,,,,,,,,,,10,,R 07,festgebrannt ,2x,
2026-02-06,,,,,,,,,,,,,,,,,,,,,,,
2026-02-06,,,,,,f,12:00:00,13:15:00,75.00000000000006,3.0,,,3.0,3.0,,,,10,,,Bedienerschutz ausgelöst ( Rob1 Rob3 Rob6 steht),,
2026-02-06,,,,,,,,,,,,,,,,,,5,,R 07,festgebrannt ,,
2026-02-06,,,,,,,,,,,,,,,,,,15,,,Reinigung,,
2026-02-06,,,,,,s,13:15:00,14:00:00,45.0,5.0,,4.0,,4.0,,,,15,,,Wartungsplan,,
2026-02-06,,,,,,,,,,,,,,,,,,,,,,,
2026-02-06,,,,,,,,,,,,,,,,5,,,,R 07,Schweißstörung  in OP.120-2,,
2026-02-06,,,,,,s,14:00:00,15:00:00,59.99999999999995,5.0,,7.0,,7.0,,,,,,,,,
2026-02-06,,,,,,,,,,,,,,,,,,,,,,,
2026-02-06,,,,,,,,,,,,,,,,6,,,,R 07,Schweißstörung  in OP.120-2,2,
2026-02-06,,,,,,s,15:00:00,16:00:00,59.99999999999995,5.0,,6.0,,6.0,,,,,,,,,
2026-02-06,,,,,,,,,,,,,,,,6,,,,R 07,Schweißstörung  in OP.120-2    Robotech.Informiert,2,
2026-02-06,,,,,,,,,,,,,,,,,,,,,,,
2026-02-06,,,,,,s,16:00:00,17:00:00,60.00000000000011,5.0,,6.0,,6.0,,12,,,,R 07,Schweißstörung  in OP.120-2    Robotech.an der Anlage,,
2026-02-06,,,,,,,,,,,,,,,,,,15,,,"OP Aufträge werden nicht übernommen, Anlage leer (Warten auf Robtech)",,
2026-02-06,,,,,,f,04:45:00,06:00:00,75.00000000000001,4.0,,,3.0,3.0,,,,15,,,Wartungspaln + Tauschbox ,,
2026-02-06,,,,,,f,10:00:00,11:00:00,59.99999999999995,3.0,,,3.0,3.0,,,,10,,R 07,Brenner gewechselt ,,
2026-02-09,,,,,,f,11:00:00,12:00:00,60.00000000000003,5.0,,,7.0,7.0,,,,,,,,,
2026-02-09,,,,,,f,12:00:00,13:15:00,75.00000000000006,5.0,,,3.0,3.0,,,,,,,"Anlage leer durch Störungen, auffüllen",,
2026-02-09,,,,,,,,,,,,,,,,,,,20.0,,Störung    ( Seiten Wende schtehen im weg.),,
2026-02-09,,,,,,,,,,,,,,,,,,,,,,,
2026-02-09,,,,,,f,11:00:00,12:00:00,60.00000000000003,5.0,,,7.0,7.0,,,,,,,,,
2026-02-09,,,,,,,,,,,,,,,,,,,,,,,
2026-02-09,,,,,,,,,,,,,,,,,,,,,,,
2026-02-09,,,,,,f,10:00:00,11:00:00,59.99999999999995,5.0,,,7.0,7.0,,,,,,,,,
2026-02-09,,,,,,,,,,,,,,,,,,,,,,,
2026-02-09,,,,,,,,,,,,,,,,,,,,,,,
2026-02-09,,,,,,f,09:30:00,10:00:00,30.000000000000053,5.0,,,3.0,3.0,,,,,,,,,
2026-02-09,,,,,,,,,,,,,,,,,,,,,,,
2026-02-09,,,,,,,,,,,,,,,,,,,,,,,
2026-02-09,,,,,,f,08:00:00,09:00:00,60.00000000000003,5.0,,2.0,5.0,7.0,,,,,,,,,
2026-02-09,,,,,,,,,,,,,,,,,,,,,,,
2026-02-09,,,,,,,,,,,,,,,,,,,,,,,
2026-02-09,,,,,,f,07:00:00,08:00:00,59.99999999999995,5.0,,,7.0,7.0,,,,,,,,,
2026-02-09,,,,,,,,,,,,,,,,,,,,,,,
2026-02-09,,,,,,,,,,,,,,,,,,,,,,,
2026-02-09,,,,,,f,06:00:00,07:00:00,60.00000000000003,5.0,,,7.0,7.0,,,,,,,,,
2026-02-09,,,,,,,,,,,,,,,,,,,,15,,,
2026-02-09,,,,,,,,,,,,,,,,,,,,,,,
2026-02-09,,,,,,,,,,,,,,,,5,,,,,Bedienerschutz ausgelöst ,,
2026-02-09,,,,,,,,,,,,,,,,,,15,,,Reinigung,,
2026-02-09,,,,,,s,13:15:00,14:00:00,45.0,4.0,,,3.0,3.0,,,,15,,,Wartungsplan,,
2026-02-09,,,,,,,,,,,,,,,,,,,,,Anlage leer durch störung (Frühschicht) auffüllen ,,
2026-02-09,,,,,,,21:00:00,21:45:00,45.0,3.0,,,2.0,2.0,,,,,,,,,
2026-02-09,,,,,,,,,,,,,,,,,,,,,,,
2026-02-09,,,,,,,,,,,,,,,,,,35,,,"Folgenfehler (Rob1, Rob5,Rob7,)",,
2026-02-09,,,,,,s,20:00:00,21:00:00,59.99999999999995,3.0,,,2.0,2.0,,,,,,,Bedienerschutz wurde extra ausgelöst ,,
2026-02-09,,,,,,,,,,,,,,,,,,,,,,,
2026-02-09,,,,,,,,,,,,,,,,,,,,,,,
2026-02-09,,,,,,s,19:00:00,20:00:00,60.00000000000011,3.0,,,6.0,6.0,,,,,,,,,
2026-02-09,,,,,,,,,,,,,,,,,,,,,,,
2026-02-09,,,,,,,,,,,,,,,,,,,,,,,
2026-02-09,,,,,,s,18:00:00,19:00:00,59.99999999999995,3.0,,,5.0,5.0,,,,,,,,,
2026-02-09,,,,,,f,04:45:00,06:00:00,75.00000000000001,5.0,,,8.0,8.0,,,,15,,,Wartungsplan,,
2026-02-09,,,,,,,,,,,,,,,,,,,,,,,
2026-02-09,,,,,,s,17:30:00,18:00:00,30.000000000000053,3.0,,,3.0,3.0,,,,,,,,,
2026-02-09,,,,,,,,,,,,,,,,,,,,,,,
2026-02-09,,,,,,,,,,,,,,,,,,,,,STW Nachgearbeitet,1x,
2026-02-09,,,,,,s,16:00:00,17:00:00,60.00000000000011,3.0,,,1.0,1.0,,,,60,,R 05,Programm verlust (RobTech an der Anlage),,
2026-02-09,,,,,,,,,,,,,,,,,,10,,R 05,Programm verlust (RobTech an der Anlage),,
2026-02-09,,,,,,s,15:00:00,16:00:00,59.99999999999995,4.0,,,4.0,4.0,,,,10,,,Warten auf RobTech ,,
2026-02-09,,,,,,,,,,,,,,,,,,,,,,,
2026-02-09,,,,,,,,,,,,,,,,,,,,,,,
2026-02-09,,,,,,s,14:00:00,15:00:00,59.99999999999995,4.0,,,6.0,6.0,,,,,,,,,
2026-02-09,,,,,,,,,,,,,,,,,,,,,,,
2026-02-09,,,,,,,,,,,,,,,,,,,,,,,
2026-02-09,,,,,,,,,,,,,,,,,,15,,,Reinigung + Werkzeug einschließen,,
2026-02-09,,,,,,s,,,,,,,,,,,,,,,,,
2026-02-09,,,,,,,21:00:00,21:45:00,45.0,3.0,,,2.0,2.0,,,,,,,,,
2026-02-09,,,,,,,,,,,,,,,,,,15,,,Reinigung,,
2026-02-09,,,,,,,,,,,,,,,,5,,,,,Bedienerschutz ausgelöst ,,
2026-02-09,,,,,,f,12:00:00,13:15:00,75.00000000000006,5.0,,,3.0,3.0,,,,,,,"Anlage leer durch Störungen, auffüllen",,
2026-02-09,,,,,,,,,,,,,,,,,,,20.0,,Störung    ( Seiten Wende schtehen im weg.),,
2026-02-09,,,,,,f,04:45:00,06:00:00,75.00000000000001,5.0,,,8.0,8.0,,,,15,,,Wartungsplan,,
2026-02-09,,,,,,,,,,,,,,,,,,,,,,,
2026-02-09,,,,,,,,,,,,,,,,,,,,15,,,
2026-02-09,,,,,,f,06:00:00,07:00:00,60.00000000000003,5.0,,,7.0,7.0,,,,,,,,,
2026-02-09,,,,,,,,,,,,,,,,,,,,,,,
2026-02-09,,,,,,,,,,,,,,,,,,,,,,,
2026-02-09,,,,,,s,13:15:00,14:00:00,45.0,4.0,,,3.0,3.0,,,,15,,,Wartungsplan,,
2026-02-09,,,,,,f,07:00:00,08:00:00,59.99999999999995,5.0,,,7.0,7.0,,,,,,,,,
2026-02-09,,,,,,,,,,,,,,,,,,,,,,,
2026-02-09,,,,,,f,08:00:00,09:00:00,60.00000000000003,5.0,,2.0,5.0,7.0,,,,,,,,,
2026-02-09,,,,,,,,,,,,,,,,,,,,,,,
2026-02-09,,,,,,,,,,,,,,,,,,,,,,,
2026-02-09,,,,,,f,09:30:00,10:00:00,30.000000000000053,5.0,,,3.0,3.0,,,,,,,,,
2026-02-09,,,,,,,,,,,,,,,,,,,,,,,
2026-02-09,,,,,,,,,,,,,,,,,,,,,,,
2026-02-09,,,,,,f,10:00:00,11:00:00,59.99999999999995,5.0,,,7.0,7.0,,,,,,,,,
2026-02-09,,,,,,,,,,,,,,,,,,,,,,,
2026-02-09,,,,,,,,,,,,,,,,,,,,,,,
2026-02-09,,,,,,,,,,,,,,,,,,,,,,,
2026-02-09,,,,,,,,,,,,,,,,,,,,,,,
2026-02-09,,,,,,,,,,,,,,,,,,,,,Anlage leer durch störung (Frühschicht) auffüllen ,,
2026-02-09,,,,,,s,14:00:00,15:00:00,59.99999999999995,4.0,,,6.0,6.0,,,,,,,,,
2026-02-09,,,,,,,,,,,,,,,,,,,,,,,
2026-02-09,,,,,,,,,,,,,,,,,,35,,,"Folgenfehler (Rob1, Rob5,Rob7,)",,
2026-02-09,,,,,,s,20:00:00,21:00:00,59.99999999999995,3.0,,,2.0,2.0,,,,,,,Bedienerschutz wurde extra ausgelöst ,,
2026-02-09,,,,,,,,,,,,,,,,,,,,,,,
2026-02-09,,,,,,,,,,,,,,,,,,,,,,,
2026-02-09,,,,,,s,19:00:00,20:00:00,60.00000000000011,3.0,,,6.0,6.0,,,,,,,,,
2026-02-09,,,,,,,,,,,,,,,,,,,,,,,
2026-02-09,,,,,,,,,,,,,,,,,,,,,,,
2026-02-09,,,,,,s,18:00:00,19:00:00,59.99999999999995,3.0,,,5.0,5.0,,,,,,,,,
2026-02-09,,,,,,,,,,,,,,,,,,,,,,,
2026-02-09,,,,,,,,,,,,,,,,,,,,,,,
2026-02-09,,,,,,,,,,,,,,,,,,,,,,,
2026-02-09,,,,,,,,,,,,,,,,,,,,,,,
2026-02-09,,,,,,,,,,,,,,,,,,,,,STW Nachgearbeitet,1x,
2026-02-09,,,,,,s,,,,,,,,,,,,,,,,,
2026-02-09,,,,,,,,,,,,,,,,,,,,,,,
2026-02-09,,,,,,s,16:00:00,17:00:00,60.00000000000011,3.0,,,1.0,1.0,,,,60,,R 05,Programm verlust (RobTech an der Anlage),,
2026-02-09,,,,,,,,,,,,,,,,,,,,,Anlage leer durch Störung,,
2026-02-09,,,,,,,,,,,,,,,,,,10,,R 05,Programm verlust (RobTech an der Anlage),,
2026-02-09,,,,,,s,15:00:00,16:00:00,59.99999999999995,4.0,,,4.0,4.0,,,,10,,,Warten auf RobTech ,,
2026-02-09,,,,,,,,,,,,,,,,,,,,,,,
2026-02-09,,,,,,,,,,,,,,,,,,,,,,,
2026-02-09,,,,,,s,17:30:00,18:00:00,30.000000000000053,3.0,,,3.0,3.0,,,,,,,,,
2026-02-09,,,,,,,,,,,,,,,,,,15,,,Reinigung + Werkzeug einschließen,,
2026-02-09,,,,,,,,,,,,,,,,,,,,,,,
2026-02-09,,,,,,,,,,,,,,,,,,,,,Anlage leer durch Störung,,
2026-02-09,,,,,,,,,,,,,,,,,,,,,Anlage leer durch störung (Frühschicht) auffüllen ,,
2026-02-09,,,,,,s,13:15:00,14:00:00,45.0,4.0,,,3.0,3.0,,,,15,,,Wartungsplan,,
2026-02-09,,,,,,,,,,,,,,,,,,15,,,Reinigung,,
2026-02-09,,,,,,,,,,,,,,,,5,,,,,Bedienerschutz ausgelöst ,,
2026-02-09,,,,,,f,12:00:00,13:15:00,75.00000000000006,5.0,,,3.0,3.0,,,,,,,"Anlage leer durch Störungen, auffüllen",,
2026-02-09,,,,,,,,,,,,,,,,,,,20.0,,Störung    ( Seiten Wende schtehen im weg.),,
2026-02-09,,,,,,,,,,,,,,,,,,,,,,,
2026-02-09,,,,,,f,11:00:00,12:00:00,60.00000000000003,5.0,,,7.0,7.0,,,,,,,,,
2026-02-09,,,,,,,,,,,,,,,,,,,,,,,
2026-02-09,,,,,,,,,,,,,,,,,,,,,,,
2026-02-09,,,,,,f,10:00:00,11:00:00,59.99999999999995,5.0,,,7.0,7.0,,,,,,,,,
2026-02-09,,,,,,f,04:45:00,06:00:00,75.00000000000001,5.0,,,8.0,8.0,,,,15,,,Wartungsplan,,
2026-02-09,,,,,,,,,,,,,,,,,,,,,,,
2026-02-09,,,,,,,,,,,,,,,,,,,,15,,,
2026-02-09,,,,,,f,06:00:00,07:00:00,60.00000000000003,5.0,,,7.0,7.0,,,,,,,,,
2026-02-09,,,,,,,,,,,,,,,,,,,,,,,
2026-02-09,,,,,,,,,,,,,,,,,,,,,,,
2026-02-09,,,,,,f,07:00:00,08:00:00,59.99999999999995,5.0,,,7.0,7.0,,,,,,,,,
2026-02-09,,,,,,,,,,,,,,,,,,,,,,,
2026-02-09,,,,,,f,08:00:00,09:00:00,60.00000000000003,5.0,,2.0,5.0,7.0,,,,,,,,,
2026-02-09,,,,,,,,,,,,,,,,,,,,,,,
2026-02-09,,,,,,,,,,,,,,,,,,,,,,,
2026-02-09,,,,,,,,,,,,,,,,,,,,,,,
2026-02-09,,,,,,s,14:00:00,15:00:00,59.99999999999995,4.0,,,6.0,6.0,,,,,,,,,
2026-02-09,,,,,,,,,,,,,,,,,,,,,,,
2026-02-09,,,,,,,,,,,,,,,,,,15,,,Reinigung + Werkzeug einschließen,,
2026-02-09,,,,,,s,,,,,,,,,,,,,,,,,
2026-02-09,,,,,,,21:00:00,21:45:00,45.0,3.0,,,2.0,2.0,,,,,,,,,
2026-02-09,,,,,,,,,,,,,,,,,,,,,,,
2026-02-09,,,,,,,,,,,,,,,,,,35,,,"Folgenfehler (Rob1, Rob5,Rob7,)",,
2026-02-09,,,,,,s,20:00:00,21:00:00,59.99999999999995,3.0,,,2.0,2.0,,,,,,,Bedienerschutz wurde extra ausgelöst ,,
2026-02-09,,,,,,,,,,,,,,,,,,,,,,,
2026-02-09,,,,,,,,,,,,,,,,,,,,,,,
2026-02-09,,,,,,s,19:00:00,20:00:00,60.00000000000011,3.0,,,6.0,6.0,,,,,,,,,
2026-02-09,,,,,,,,,,,,,,,,,,,,,,,
2026-02-09,,,,,,,,,,,,,,,,,,,,,,,
2026-02-09,,,,,,s,18:00:00,19:00:00,59.99999999999995,3.0,,,5.0,5.0,,,,,,,,,
2026-02-09,,,,,,,,,,,,,,,,,,,,,,,
2026-02-09,,,,,,,,,,,,,,,,,,,,,,,
2026-02-09,,,,,,s,17:30:00,18:00:00,30.000000000000053,3.0,,,3.0,3.0,,,,,,,,,
2026-02-09,,,,,,,,,,,,,,,,,,,,,,,
2026-02-09,,,,,,,,,,,,,,,,,,,,,STW Nachgearbeitet,1x,
2026-02-09,,,,,,s,16:00:00,17:00:00,60.00000000000011,3.0,,,1.0,1.0,,,,60,,R 05,Programm verlust (RobTech an der Anlage),,
2026-02-09,,,,,,,,,,,,,,,,,,,,,Anlage leer durch Störung,,
2026-02-09,,,,,,,,,,,,,,,,,,10,,R 05,Programm verlust (RobTech an der Anlage),,
2026-02-09,,,,,,s,15:00:00,16:00:00,59.99999999999995,4.0,,,4.0,4.0,,,,10,,,Warten auf RobTech ,,
2026-02-09,,,,,,,,,,,,,,,,,,,,,,,
2026-02-09,,,,,,f,09:30:00,10:00:00,30.000000000000053,5.0,,,3.0,3.0,,,,,,,,,
2026-02-09,,,,,,,,,,,,,,,,,,,,,,,
2026-02-10,,,,,,,,,,,,,,,,,,,,,,,
2026-02-10,,,,,,,,,,,,,,,,,,,,,,,
2026-02-10,,,,,,s,17:30:00,18:00:00,30.000000000000053,4.0,,,2.0,2.0,,,,,,,,,
2026-02-10,,,,,,,,,,,,,,,,,,,,,,,
2026-02-10,,,,,,,,,,,,,,,,,,,,,,,
2026-02-10,,,,,,s,18:00:00,19:00:00,59.99999999999995,4.0,,,3.0,3.0,,,,,,,,,
2026-02-10,,,,,,,,,,,,,,,,,,,,,,,
2026-02-10,,,,,,,,,,,,,,,,,,,,,,,
2026-02-10,,,,,,s,19:00:00,20:00:00,60.00000000000011,4.0,,,5.0,5.0,,,,,,,,,
2026-02-10,,,,,,,,,,,,,,,,,,,,,,,
2026-02-10,,,,,,,,,,,,,,,,,,,,,,,
2026-02-10,,,,,,s,20:00:00,21:00:00,59.99999999999995,4.0,,,5.0,5.0,,,,,,,,,
2026-02-10,,,,,,,,,,,,,,,,,,,,,,,
2026-02-10,,,,,,,,,,,,,,,,,,,,,,,
2026-02-10,,,,,,,21:00:00,21:45:00,45.0,4.0,,,2.0,2.0,,,,,,,,,
2026-02-10,,,,,,s,,,,,,,,,,,,,,,,,
2026-02-10,,,,,,,,,,,,,,,,,,15,,,Reinigung + Werkzeug einschließen,,
2026-02-10,,,,,,f,04:45:00,06:00:00,75.00000000000001,5.0,,3.0,4.0,7.0,,,,15,,,Wartungsplan,,
2026-02-10,,,,,,,,,,,,,,,,,,,,,,,
2026-02-10,,,,,,,,,,,,,,,,,,,,,,,
2026-02-10,,,,,,f,06:00:00,07:00:00,60.00000000000003,5.0,,7.0,,7.0,,,,,,,,,
2026-02-10,,,,,,,,,,,,,,,,,,,,,,,
2026-02-10,,,,,,,,,,,,,,,,,,,,,,,
2026-02-10,,,,,,f,07:00:00,08:00:00,59.99999999999995,5.0,,5.0,,5.0,,,,,,,,,
2026-02-10,,,,,,,,,,,,,,,,15,,,,,Bedienerschutz ausgelöst ,2,
2026-02-10,,,,,,,,,,,,,,,,,,,,,"Anlage leer durch Störungen, auffüllen",,
2026-02-10,,,,,,f,08:00:00,09:00:00,60.00000000000003,5.0,,2.0,4.0,6.0,,,,,,,,,
2026-02-10,,,,,,,,,,,,,,,,,,,,,,,
2026-02-10,,,,,,,,,,,,,,,,,,,,,,,
2026-02-10,,,,,,f,09:30:00,10:00:00,30.000000000000053,5.0,,,3.0,3.0,,,,,,,,,
2026-02-10,,,,,,,,,,,,,,,,,,,,,,,
2026-02-10,,,,,,s,16:00:00,17:00:00,60.00000000000011,4.0,,,5.0,5.0,,,,,,,,,
2026-02-10,,,,,,,,,,,,,,,,,,,,,,,
2026-02-10,,,,,,,,,,,,,,,,,,30,,R 06,RobTech an der Anlage (Schaltet sich aus),,
2026-02-10,,,,,,f,04:45:00,06:00:00,75.00000000000001,5.0,,3.0,4.0,7.0,,,,15,,,Wartungsplan,,
2026-02-10,,,,,,f,06:00:00,07:00:00,60.00000000000003,5.0,,7.0,,7.0,,,,,,,,,
2026-02-10,,,,,,,,,,,,,,,,,,,,,,,
2026-02-10,,,,,,,,,,,,,,,,,,,,,,,
2026-02-10,,,,,,f,07:00:00,08:00:00,59.99999999999995,5.0,,5.0,,5.0,,,,,,,,,
2026-02-10,,,,,,,,,,,,,,,,15,,,,,Bedienerschutz ausgelöst ,2,
2026-02-10,,,,,,,,,,,,,,,,,,,,,,,
2026-02-10,,,,,,,,,,,,,,,,,,,,,"Anlage leer durch Störungen, auffüllen",,
2026-02-10,,,,,,f,08:00:00,09:00:00,60.00000000000003,5.0,,2.0,4.0,6.0,,,,,,,,,
2026-02-10,,,,,,,,,,,,,,,,,,,,,,,
2026-02-10,,,,,,,,,,,,,,,,,,,,,,,
2026-02-10,,,,,,f,09:30:00,10:00:00,30.000000000000053,5.0,,,3.0,3.0,,,,,,,,,
2026-02-10,,,,,,,,,,,,,,,,,,,,,,,
2026-02-10,,,,,,,,,,,,,,,,,,,,,,,
2026-02-10,,,,,,,,,,,,,,,,,,30,,R 06,RobTech an der Anlage (Schaltet sich aus),,
2026-02-10,,,,,,f,10:00:00,11:00:00,59.99999999999995,5.0,,4.0,3.0,7.0,,,,,,,,,
2026-02-10,,,,,,,,,,,,,,,,,,,,,,,
2026-02-10,,,,,,f,11:00:00,12:00:00,60.00000000000003,5.0,,2.0,5.0,7.0,,,,,,,,,
2026-02-10,,,,,,,,,,,,,,,,,,,,,,,
2026-02-10,,,,,,,,,,,,,,,,,,,,,,,
2026-02-10,,,,,,f,12:00:00,13:15:00,75.00000000000006,5.0,,,4.0,4.0,,20,,,,R 07,Brennerkollision ( Prüfen lasen fon Robotech.),,
2026-02-10,,,,,,,,,,,,,,,,,,,,,"Anlage leer durch Störungen, auffüllen",,
2026-02-10,,,,,,,,,,,,,,,,,,15,,,Reinigung,,
2026-02-10,,,,,,s,13:15:00,14:00:00,45.0,4.0,,,5.0,5.0,,,,15,,,Wartungsplan,,
2026-02-10,,,,,,,,,,,,,,,,,,,,,,,
2026-02-10,,,,,,,,,,,,,,,,,,,,,,,
2026-02-10,,,,,,s,14:00:00,15:00:00,59.99999999999995,4.0,,,5.0,5.0,,,,,,,,,
2026-02-10,,,,,,,,,,,,,,,,,,,,,,,
2026-02-10,,,,,,,,,,,,,,,,,,,,,,,
2026-02-10,,,,,,s,15:00:00,16:00:00,59.99999999999995,4.0,,,2.0,2.0,,,,,,,,3x,
2026-02-10,,,,,,,,,,,,,,,,,,,,,,,
2026-02-10,,,,,,,,,,,,,,,,,,,,,,,
2026-02-10,,,,,,s,15:00:00,16:00:00,59.99999999999995,4.0,,,2.0,2.0,,,,,,,,3x,
2026-02-10,,,,,,,,,,,,,,,,,,,,,,,
2026-02-10,,,,,,f,08:00:00,09:00:00,60.00000000000003,5.0,,2.0,4.0,6.0,,,,,,,,,
2026-02-10,,,,,,,,,,,,,,,,,,,,,,,
2026-02-10,,,,,,,,,,,,,,,,,,,,,,,
2026-02-10,,,,,,f,09:30:00,10:00:00,30.000000000000053,5.0,,,3.0,3.0,,,,,,,,,
2026-02-10,,,,,,,,,,,,,,,,,,,,,,,
2026-02-10,,,,,,,,,,,,,,,,,,,,,,,
2026-02-10,,,,,,f,10:00:00,11:00:00,59.99999999999995,5.0,,4.0,3.0,7.0,,,,,,,,,
2026-02-10,,,,,,,,,,,,,,,,,,,,,,,
2026-02-10,,,,,,,,,,,,,,,,,,,,,,,
2026-02-10,,,,,,f,11:00:00,12:00:00,60.00000000000003,5.0,,2.0,5.0,7.0,,,,,,,,,
2026-02-10,,,,,,,,,,,,,,,,,,,,,"Anlage leer durch Störungen, auffüllen",,
2026-02-10,,,,,,,,,,,,,,,,,,,,,,,
2026-02-10,,,,,,f,12:00:00,13:15:00,75.00000000000006,5.0,,,4.0,4.0,,20,,,,R 07,Brennerkollision ( Prüfen lasen fon Robotech.),,
2026-02-10,,,,,,,,,,,,,,,,,,,,,"Anlage leer durch Störungen, auffüllen",,
2026-02-10,,,,,,,,,,,,,,,,,,15,,,Reinigung,,
2026-02-10,,,,,,s,13:15:00,14:00:00,45.0,4.0,,,5.0,5.0,,,,15,,,Wartungsplan,,
2026-02-10,,,,,,,,,,,,,,,,,,,,,,,
2026-02-10,,,,,,,,,,,,,,,,,,,,,,,
2026-02-10,,,,,,s,14:00:00,15:00:00,59.99999999999995,4.0,,,5.0,5.0,,,,,,,,,
2026-02-10,,,,,,,,,,,,,,,,,,,,,,,
2026-02-10,,,,,,,,,,,,,,,,,,,,,,,
2026-02-10,,,,,,,,,,,,,,,,,,,,,,,
2026-02-10,,,,,,,,,,,,,,,,,,,,,,,
2026-02-10,,,,,,,,,,,,,,,,15,,,,,Bedienerschutz ausgelöst ,2,
2026-02-10,,,,,,f,07:00:00,08:00:00,59.99999999999995,5.0,,5.0,,5.0,,,,,,,,,
2026-02-10,,,,,,,,,,,,,,,,,,,,,,,
2026-02-10,,,,,,,,,,,,,,,,,,,,,,,
2026-02-10,,,,,,f,04:45:00,06:00:00,75.00000000000001,5.0,,3.0,4.0,7.0,,,,15,,,Wartungsplan,,
2026-02-10,,,,,,,,,,,,,,,,,,,,,,,
2026-02-10,,,,,,s,16:00:00,17:00:00,60.00000000000011,4.0,,,5.0,5.0,,,,,,,,,
2026-02-10,,,,,,,,,,,,,,,,,,,,,,,
2026-02-10,,,,,,,,,,,,,,,,,,,,,,,
2026-02-10,,,,,,s,17:30:00,18:00:00,30.000000000000053,4.0,,,2.0,2.0,,,,,,,,,
2026-02-10,,,,,,,,,,,,,,,,,,,,,,,
2026-02-10,,,,,,,,,,,,,,,,,,,,,,,
2026-02-10,,,,,,s,18:00:00,19:00:00,59.99999999999995,4.0,,,3.0,3.0,,,,,,,,,
2026-02-10,,,,,,,,,,,,,,,,,,,,,,,
2026-02-10,,,,,,,,,,,,,,,,,,,,,,,
2026-02-10,,,,,,s,19:00:00,20:00:00,60.00000000000011,4.0,,,5.0,5.0,,,,,,,,,
2026-02-10,,,,,,,,,,,,,,,,,,,,,,,
2026-02-10,,,,,,,,,,,,,,,,,,,,,,,
2026-02-10,,,,,,s,20:00:00,21:00:00,59.99999999999995,4.0,,,5.0,5.0,,,,,,,,,
2026-02-10,,,,,,,,,,,,,,,,,,,,,,,
2026-02-10,,,,,,,,,,,,,,,,,,,,,,,
2026-02-10,,,,,,,21:00:00,21:45:00,45.0,4.0,,,2.0,2.0,,,,,,,,,
2026-02-10,,,,,,s,,,,,,,,,,,,,,,,,
2026-02-10,,,,,,f,10:00:00,11:00:00,59.99999999999995,5.0,,4.0,3.0,7.0,,,,,,,,,
2026-02-10,,,,,,,,,,,,,,,,,,15,,,Reinigung + Werkzeug einschließen,,
2026-02-10,,,,,,,,,,,,,,,,,,,,,,,
2026-02-10,,,,,,,,,,,,,,,,,,,,,,,
2026-02-10,,,,,,,,,,,,,,,,,,,,,,,
2026-02-10,,,,,,f,06:00:00,07:00:00,60.00000000000003,5.0,,7.0,,7.0,,,,,,,,,
2026-02-10,,,,,,,,,,,,,,,,,,,,,,,
2026-02-10,,,,,,s,17:30:00,18:00:00,30.000000000000053,4.0,,,2.0,2.0,,,,,,,,,
2026-02-10,,,,,,,,,,,,,,,,,,,,,,,
2026-02-10,,,,,,,,,,,,,,,,,,,,,,,
2026-02-10,,,,,,s,18:00:00,19:00:00,59.99999999999995,4.0,,,3.0,3.0,,,,,,,,,
2026-02-10,,,,,,,,,,,,,,,,,,,,,,,
2026-02-10,,,,,,,,,,,,,,,,,,,,,,,
2026-02-10,,,,,,f,11:00:00,12:00:00,60.00000000000003,5.0,,2.0,5.0,7.0,,,,,,,,,
2026-02-10,,,,,,,,,,,,,,,,,,,,,,,
2026-02-10,,,,,,,,,,,,,,,,,,,,,,,
2026-02-10,,,,,,s,20:00:00,21:00:00,59.99999999999995,4.0,,,5.0,5.0,,,,,,,,,
2026-02-10,,,,,,,,,,,,,,,,,,,,,,,
2026-02-10,,,,,,,,,,,,,,,,,,,,,,,
2026-02-10,,,,,,,21:00:00,21:45:00,45.0,4.0,,,2.0,2.0,,,,,,,,,
2026-02-10,,,,,,s,,,,,,,,,,,,,,,,,
2026-02-10,,,,,,,,,,,,,,,,,,15,,,Reinigung + Werkzeug einschließen,,
2026-02-10,,,,,,,,,,,,,,,,,,,,,,,
2026-02-10,,,,,,,,,,,,,,,,,,,,,,,
2026-02-10,,,,,,s,19:00:00,20:00:00,60.00000000000011,4.0,,,5.0,5.0,,,,,,,,,
2026-02-10,,,,,,,,,,,,,,,,,,,,,,,
2026-02-10,,,,,,,,,,,,,,,,,,,,,,,
2026-02-10,,,,,,s,16:00:00,17:00:00,60.00000000000011,4.0,,,5.0,5.0,,,,,,,,,
2026-02-10,,,,,,,,,,,,,,,,,,,,,"Anlage leer durch Störungen, auffüllen",,
2026-02-10,,,,,,,,,,,,,,,,,,15,,,Reinigung,,
2026-02-10,,,,,,s,13:15:00,14:00:00,45.0,4.0,,,5.0,5.0,,,,15,,,Wartungsplan,,
2026-02-10,,,,,,,,,,,,,,,,,,,,,,,
2026-02-10,,,,,,f,12:00:00,13:15:00,75.00000000000006,5.0,,,4.0,4.0,,20,,,,R 07,Brennerkollision ( Prüfen lasen fon Robotech.),,
2026-02-10,,,,,,s,14:00:00,15:00:00,59.99999999999995,4.0,,,5.0,5.0,,,,,,,,,
2026-02-10,,,,,,,,,,,,,,,,,,,,,,,
2026-02-10,,,,,,,,,,,,,,,,,,,,,,,
2026-02-10,,,,,,s,15:00:00,16:00:00,59.99999999999995,4.0,,,2.0,2.0,,,,,,,,3x,
2026-02-10,,,,,,,,,,,,,,,,,,30,,R 06,RobTech an der Anlage (Schaltet sich aus),,
2026-02-10,,,,,,,,,,,,,,,,,,,,,,,
2026-02-11,,,,,,,,,,,,,,,,,,,,,,,
2026-02-11,,,,,,,,,,,,,,,,,,,,,,,
2026-02-11,,,,,,s,15:00:00,16:00:00,59.99999999999995,4.0,,,5.0,5.0,,,,,,,,,
2026-02-11,,,,,,,,,,,,,,,,,,,,,,,
2026-02-11,,,,,,,,,,,,,,,,,,,,,,,
2026-02-11,,,,,,s,16:00:00,17:00:00,60.00000000000011,4.0,,,5.0,5.0,,,,,,,,,
2026-02-11,,,,,,,,,,,,,,,,,,,,,,,
2026-02-11,,,,,,,,,,,,,,,,,,,,,,,
2026-02-11,,,,,,s,17:30:00,18:00:00,30.000000000000053,4.0,,,2.0,2.0,,,,,,,,,
2026-02-11,,,,,,,,,,,,,,,,,,,,,,,
2026-02-11,,,,,,,,,,,,,,,,,,,,,,,
2026-02-11,,,,,,,,,,,,,,,,,,,,,,,
2026-02-11,,,,,,,,,,,,,,,,,,,,,,,
2026-02-11,,,,,,s,19:00:00,20:00:00,60.00000000000011,4.0,,,5.0,5.0,,,,,,,,,
2026-02-11,,,,,,,,,,,,,,,,,,,,,,,
2026-02-11,,,,,,s,20:00:00,21:00:00,59.99999999999995,4.0,,,4.0,4.0,,,,,,,,,
2026-02-11,,,,,,,,,,,,,,,,,,,,,,,
2026-02-11,,,,,,,21:00:00,21:45:00,45.0,4.0,,,2.0,2.0,,,,,,,,,
2026-02-11,,,,,,s,,,,,,,,,,,,,,,,,
2026-02-11,,,,,,,,,,,,,,,,,,15,,,Reinigung + Werkzeug einschließen,,
2026-02-11,,,,,,f,04:45:00,06:00:00,75.00000000000001,5.0,,,7.0,7.0,,,,15,,,Wartungsplan,,
2026-02-11,,,,,,s,18:00:00,19:00:00,59.99999999999995,4.0,,,5.0,5.0,,,,,,,,,
2026-02-11,,,,,,,,,,,,,,,,,,,,,,,
2026-02-11,,,,,,,,,,,,,,,,,,,,,,,
2026-02-11,,,,,,,,,,,,,,,,,,,,,,,
2026-02-11,,,,,,,,,,,,,,,,,,,,,,,
2026-02-11,,,,,,s,15:00:00,16:00:00,59.99999999999995,4.0,,,5.0,5.0,,,,,,,,,
2026-02-11,,,,,,,,,,,,,,,,,,,,,,,
2026-02-11,,,,,,,,,,,,,,,,,,,,,,,
2026-02-11,,,,,,s,16:00:00,17:00:00,60.00000000000011,4.0,,,5.0,5.0,,,,,,,,,
2026-02-11,,,,,,,,,,,,,,,,,,,,,,,
2026-02-11,,,,,,,,,,,,,,,,,,,,,,,
2026-02-11,,,,,,s,17:30:00,18:00:00,30.000000000000053,4.0,,,2.0,2.0,,,,,,,,,
2026-02-11,,,,,,,,,,,,,,,,,,,,,,,
2026-02-11,,,,,,,,,,,,,,,,,,,,,,,
2026-02-11,,,,,,,,,,,,,,,,,,,,,,,
2026-02-11,,,,,,s,18:00:00,19:00:00,59.99999999999995,4.0,,,5.0,5.0,,,,,,,,,
2026-02-11,,,,,,,,,,,,,,,,,,,,,,,
2026-02-11,,,,,,s,19:00:00,20:00:00,60.00000000000011,4.0,,,5.0,5.0,,,,,,,,,
2026-02-11,,,,,,,,,,,,,,,,,,,,,,,
2026-02-11,,,,,,,,,,,,,,,,,,,,,,,
2026-02-11,,,,,,s,20:00:00,21:00:00,59.99999999999995,4.0,,,4.0,4.0,,,,,,,,,
2026-02-11,,,,,,,,,,,,,,,,,,,,,,,
2026-02-11,,,,,,,,,,,,,,,,,,,,,,,
2026-02-11,,,,,,,21:00:00,21:45:00,45.0,4.0,,,2.0,2.0,,,,,,,,,
2026-02-11,,,,,,s,,,,,,,,,,,,,,,,,
2026-02-11,,,,,,,,,,,,,,,,,,15,,,Reinigung + Werkzeug einschließen,,
2026-02-11,,,,,,,,,,,,,,,,,,,,,,,
2026-02-11,,,,,,,,,,,,,,,,,,,,,,,
2026-02-11,,,,,,s,14:00:00,15:00:00,59.99999999999995,4.0,,,3.0,3.0,,,,,,,,,
2026-02-11,,,,,,,,,,,,,,,,,,,,,,,
2026-02-11,,,,,,f,06:00:00,07:00:00,60.00000000000003,5.0,,,7.0,7.0,,,,,,,,,
2026-02-11,,,,,,,,,,,,,,,,,,,,,,,
2026-02-11,,,,,,,,,,,,,,,,,,,,,,,
2026-02-11,,,,,,f,07:00:00,08:00:00,59.99999999999995,5.0,,,6.0,6.0,,,,,,,,,
2026-02-11,,,,,,,,,,,,,,,,,,,,,,,
2026-02-11,,,,,,,,,,,,,,,10.0,,,,,, STW. Eckrungen Suchen   SR.019,,
2026-02-11,,,,,,f,08:00:00,09:00:00,60.00000000000003,5.0,,,5.0,5.0,15.0,,,,,, STW. Eckrungen Suchen   SR.011,,
2026-02-11,,,,,,,,,,,,,,,,,,,,,,,
2026-02-11,,,,,,,,,,,,,,,,,,,,,,,
2026-02-11,,,,,,f,09:30:00,10:00:00,30.000000000000053,5.0,,,4.0,4.0,,,,,,,,,
2026-02-11,,,,,,,,,,,,,,,,,,,,,,,
2026-02-11,,,,,,,,,,,,,,,,,,,,,,,
2026-02-11,,,,,,f,10:00:00,11:00:00,59.99999999999995,5.0,,,6.0,6.0,,,,,,,,,
2026-02-11,,,,,,,,,,,,,,,,,,,,,,,
2026-02-11,,,,,,,,,,,,,,,10.0,,,,,,STW Rungen Eingebaut ,,
2026-02-11,,,,,,f,11:00:00,12:00:00,60.00000000000003,5.0,,,5.0,5.0,,,,,,,,,
2026-02-11,,,,,,,,,,,,,,,,,15,,,, STW nachgearbeitet ,,
2026-02-11,,,,,,,,,,,,,,,,,,,,,,,
2026-02-11,,,,,,f,12:00:00,13:15:00,75.00000000000006,5.0,,,5.0,5.0,,,15,,,, STW nachgearbeitet ,,
2026-02-11,,,,,,,,,,,,,,,,,,,,,,,
2026-02-11,,,,,,,,,,,,,,,,,,15,,,Reinigung,,
2026-02-11,,,,,,s,13:15:00,14:00:00,45.0,4.0,,,3.0,3.0,,,,15,,,Wartungsplan,,
2026-02-11,,,,,,,,,,,,,,,,,,,,,,,
2026-02-11,,,,,,s,14:00:00,15:00:00,59.99999999999995,4.0,,,3.0,3.0,,,,,,,,,
2026-02-11,,,,,,,,,,,,,,,,,,,,,,,
2026-02-11,,,,,,,,,,,,,,,,,,,,,,,
2026-02-11,,,,,,,,,,,,,,,,,,,,,,,
2026-02-11,,,,,,,,,,,,,,,,,,,,,,,
2026-02-11,,,,,,s,14:00:00,15:00:00,59.99999999999995,4.0,,,3.0,3.0,,,,,,,,,
2026-02-11,,,,,,,,,,,,,,,,,,,,,,,
2026-02-11,,,,,,,,,,,,,,,,,,,,,,,
2026-02-11,,,,,,s,13:15:00,14:00:00,45.0,4.0,,,3.0,3.0,,,,15,,,Wartungsplan,,
2026-02-11,,,,,,,,,,,,,,,,,,15,,,Reinigung,,
2026-02-11,,,,,,,,,,,,,,,,,,,,,,,
2026-02-11,,,,,,f,12:00:00,13:15:00,75.00000000000006,5.0,,,5.0,5.0,,,15,,,, STW nachgearbeitet ,,
2026-02-11,,,,,,,,,,,,,,,,,,,,,,,
2026-02-11,,,,,,,,,,,,,,,,,15,,,, STW nachgearbeitet ,,
2026-02-11,,,,,,f,11:00:00,12:00:00,60.00000000000003,5.0,,,5.0,5.0,,,,,,,,,
2026-02-11,,,,,,,,,,,,,,,10.0,,,,,,STW Rungen Eingebaut ,,
2026-02-11,,,,,,,,,,,,,,,,,,,,,,,
2026-02-11,,,,,,f,10:00:00,11:00:00,59.99999999999995,5.0,,,6.0,6.0,,,,,,,,,
2026-02-11,,,,,,s,15:00:00,16:00:00,59.99999999999995,4.0,,,5.0,5.0,,,,,,,,,
2026-02-11,,,,,,,,,,,,,,,,,,15,,,Reinigung + Werkzeug einschließen,,
2026-02-11,,,,,,s,,,,,,,,,,,,,,,,,
2026-02-11,,,,,,,21:00:00,21:45:00,45.0,4.0,,,2.0,2.0,,,,,,,,,
2026-02-11,,,,,,,,,,,,,,,,,,,,,,,
2026-02-11,,,,,,s,16:00:00,17:00:00,60.00000000000011,4.0,,,5.0,5.0,,,,,,,,,
2026-02-11,,,,,,,,,,,,,,,,,,,,,,,
2026-02-11,,,,,,,,,,,,,,,,,,,,,,,
2026-02-11,,,,,,s,17:30:00,18:00:00,30.000000000000053,4.0,,,2.0,2.0,,,,,,,,,
2026-02-11,,,,,,,,,,,,,,,,,,,,,,,
2026-02-11,,,,,,,,,,,,,,,,,,,,,,,
2026-02-11,,,,,,,,,,,,,,,,,,,,,,,
2026-02-11,,,,,,s,18:00:00,19:00:00,59.99999999999995,4.0,,,5.0,5.0,,,,,,,,,
2026-02-11,,,,,,,,,,,,,,,,,,,,,,,
2026-02-11,,,,,,s,19:00:00,20:00:00,60.00000000000011,4.0,,,5.0,5.0,,,,,,,,,
2026-02-11,,,,,,,,,,,,,,,,,,,,,,,
2026-02-11,,,,,,,,,,,,,,,,,,,,,,,
2026-02-11,,,,,,s,20:00:00,21:00:00,59.99999999999995,4.0,,,4.0,4.0,,,,,,,,,
2026-02-11,,,,,,,,,,,,,,,,,,,,,,,
2026-02-11,,,,,,,,,,,,,,,,,,,,,,,
2026-02-11,,,,,,,,,,,,,,,,,,,,,,,
2026-02-11,,,,,,,,,,,,,,,,,,,,,,,
2026-02-11,,,,,,,,,,,,,,,,,,,,,,,
2026-02-11,,,,,,,,,,,,,,,,,,,,,,,
2026-02-11,,,,,,,,,,,,,,,,,,,,,,,
2026-02-11,,,,,,,,,,,,,,,,,,,,,,,
2026-02-11,,,,,,f,09:30:00,10:00:00,30.000000000000053,5.0,,,4.0,4.0,,,,,,,,,
2026-02-11,,,,,,,,,,,,,,,,,,,,,,,
2026-02-11,,,,,,,,,,,,,,,,,,,,,,,
2026-02-11,,,,,,f,10:00:00,11:00:00,59.99999999999995,5.0,,,6.0,6.0,,,,,,,,,
2026-02-11,,,,,,,,,,,,,,,,,,,,,,,
2026-02-11,,,,,,,,,,,,,,,10.0,,,,,, STW. Eckrungen Suchen   SR.019,,
2026-02-11,,,,,,,,,,,,,,,10.0,,,,,,STW Rungen Eingebaut ,,
2026-02-11,,,,,,,,,,,,,,,,,15,,,, STW nachgearbeitet ,,
2026-02-11,,,,,,,,,,,,,,,,,,,,,,,
2026-02-11,,,,,,f,12:00:00,13:15:00,75.00000000000006,5.0,,,5.0,5.0,,,15,,,, STW nachgearbeitet ,,
2026-02-11,,,,,,,,,,,,,,,,,,,,,,,
2026-02-11,,,,,,,,,,,,,,,,,,15,,,Reinigung,,
2026-02-11,,,,,,s,13:15:00,14:00:00,45.0,4.0,,,3.0,3.0,,,,15,,,Wartungsplan,,
2026-02-11,,,,,,f,09:30:00,10:00:00,30.000000000000053,5.0,,,4.0,4.0,,,,,,,,,
2026-02-11,,,,,,f,11:00:00,12:00:00,60.00000000000003,5.0,,,5.0,5.0,,,,,,,,,
2026-02-11,,,,,,,,,,,,,,,,,,,,,,,
2026-02-11,,,,,,f,08:00:00,09:00:00,60.00000000000003,5.0,,,5.0,5.0,15.0,,,,,, STW. Eckrungen Suchen   SR.011,,
2026-02-11,,,,,,,,,,,,,,,,,,,,,,,
2026-02-11,,,,,,,,,,,,,,,,,,,,,,,
2026-02-11,,,,,,f,07:00:00,08:00:00,59.99999999999995,5.0,,,6.0,6.0,,,,,,,,,
2026-02-11,,,,,,f,08:00:00,09:00:00,60.00000000000003,5.0,,,5.0,5.0,15.0,,,,,, STW. Eckrungen Suchen   SR.011,,
2026-02-11,,,,,,,,,,,,,,,10.0,,,,,, STW. Eckrungen Suchen   SR.019,,
2026-02-11,,,,,,f,07:00:00,08:00:00,59.99999999999995,5.0,,,6.0,6.0,,,,,,,,,
2026-02-11,,,,,,,,,,,,,,,,,,,,,,,
2026-02-11,,,,,,,,,,,,,,,,,,,,,,,
2026-02-11,,,,,,f,06:00:00,07:00:00,60.00000000000003,5.0,,,7.0,7.0,,,,,,,,,
2026-02-11,,,,,,,,,,,,,,,,,,,,,,,
2026-02-11,,,,,,,,,,,,,,,,,,,,,,,
2026-02-11,,,,,,f,04:45:00,06:00:00,75.00000000000001,5.0,,,7.0,7.0,,,,15,,,Wartungsplan,,
2026-02-11,,,,,,f,04:45:00,06:00:00,75.00000000000001,5.0,,,7.0,7.0,,,,15,,,Wartungsplan,,
2026-02-11,,,,,,,,,,,,,,,,,,,,,,,
2026-02-11,,,,,,,,,,,,,,,,,,,,,,,
2026-02-11,,,,,,,,,,,,,,,,,,,,,,,
2026-02-11,,,,,,,,,,,,,,,,,,,,,,,
2026-02-11,,,,,,f,06:00:00,07:00:00,60.00000000000003,5.0,,,7.0,7.0,,,,,,,,,
2026-02-12,,,,,,s,17:30:00,18:00:00,30.000000000000053,4.0,,,2.0,2.0,,,,,,,,,
2026-02-12,,,,,,,,,,,,,,,,,,,,,,,
2026-02-12,,,,,,,,,,,,,,,,,,,,,,,
2026-02-12,,,,,,,,,,,,,,,,,,,,,,,
2026-02-12,,,,,,,,,,,,,,,,,,,,,,,
2026-02-12,,,,,,s,15:00:00,16:00:00,59.99999999999995,4.0,,,5.0,5.0,,,,,,,,,
2026-02-12,,,,,,,,,,,,,,,,,,,,,,,
2026-02-12,,,,,,,,,,,,,,,,,,,,,,,
2026-02-12,,,,,,s,16:00:00,17:00:00,60.00000000000011,4.0,,,5.0,5.0,,,,,,,,,
2026-02-12,,,,,,,,,,,,,,,,,,,,,,,
2026-02-12,,,,,,,,,,,,,,,,,,,,,,,
2026-02-12,,,,,,,,,,,,,,,,,,,,,,,
2026-02-12,,,,,,,,,,,,,,,,,,,,,,,
2026-02-12,,,,,,s,19:00:00,20:00:00,60.00000000000011,4.0,,,6.0,6.0,,,,,,,,,
2026-02-12,,,,,,,,,,,,,,,,,,,,,,,
2026-02-12,,,,,,,,,,,,,,,,,,,,,,,
2026-02-12,,,,,,s,20:00:00,21:00:00,59.99999999999995,4.0,,,5.0,5.0,,,,,,,,,
2026-02-12,,,,,,,,,,,,,,,,,,,,,,,
2026-02-12,,,,,,,,,,,,,,,,,,,,,,,
2026-02-12,,,,,,,21:00:00,21:45:00,45.0,4.0,,,2.0,2.0,,,,,,,,,
2026-02-12,,,,,,s,,,,,,,,,,,,,,,,,
2026-02-12,,,,,,,,,,,,,,,,,,15,,,Reinigung + Werkzeug einschließen,,
2026-02-12,,,,,,s,18:00:00,19:00:00,59.99999999999995,4.0,,,5.0,5.0,,,,,,,,,
2026-02-12,,,,,,s,14:00:00,15:00:00,59.99999999999995,4.0,,,4.0,4.0,,,,,,,,,
2026-02-12,,,,,,f,11:00:00,12:00:00,60.00000000000003,5.0,,,7.0,7.0,,,,,,,,,
2026-02-12,,,,,,,,,,,,,,,,,,,,,,,
2026-02-12,,,,,,f,04:45:00,06:00:00,75.00000000000001,5.0,,1.0,6.0,7.0,,,,15,,,Wartungsplan,,
2026-02-12,,,,,,,,,,,,,,,,,,,,,,,
2026-02-12,,,,,,,,,,,,,,,,,,,,,,,
2026-02-12,,,,,,f,06:00:00,07:00:00,60.00000000000003,5.0,,8.0,,8.0,,,,,,,,,
2026-02-12,,,,,,,,,,,,,,,,,,,,,,,
2026-02-12,,,,,,,,,,,,,,,,,,,,,,,
2026-02-12,,,,,,f,07:00:00,08:00:00,59.99999999999995,5.0,,7.0,,7.0,,,,,,,,,
2026-02-12,,,,,,,,,,,,,,,,,,,,,,,
2026-02-12,,,,,,f,08:00:00,09:00:00,60.00000000000003,5.0,,7.0,,7.0,,,,,,,,,
2026-02-12,,,,,,,,,,,,,,,,,,,,,,,
2026-02-12,,,,,,,,,,,,,,,,,,,,,,,
2026-02-12,,,,,,f,09:30:00,10:00:00,30.000000000000053,5.0,,3.0,,3.0,,,,,,,,,
2026-02-12,,,,,,,,,,,,,,,,,,,,,,,
2026-02-12,,,,,,,,,,,,,,,,5,,,,R 05,Spanner- Knoten  1  spannen nicht in OP.70,,
2026-02-12,,,,,,f,10:00:00,11:00:00,59.99999999999995,5.0,,,7.0,7.0,,5,,,,R 05,Spanner- Knoten  1  spannen nicht in OP.70,,
2026-02-12,,,,,,,,,,,,,,,,,,,,,,,
2026-02-12,,,,,,,,,,,,,,,,,,,,,,,
2026-02-12,,,,,,,,,,,,,,,,,,,,,,,
2026-02-12,,,,,,,,,,,,,,,,,,,,,,,
2026-02-12,,,,,,f,12:00:00,13:15:00,75.00000000000006,5.0,,,8.0,8.0,,,,,,,,,
2026-02-12,,,,,,,,,,,,,,,,,,,,,,,
2026-02-12,,,,,,,,,,,,,,,,,,15,,,Reinigung,,
2026-02-12,,,,,,s,13:15:00,14:00:00,45.0,4.0,,,5.0,5.0,,,,15,,,Wartungsplan,,
2026-02-12,,,,,,,,,,,,,,,,,,,,,,,
2026-02-12,,,,,,,,,,,,,,,,,,,,,,,
2026-02-12,,,,,,,,,,,,,,,,,,,,,,,
2026-02-12,,,,,,,,,,,,,,,,,,,,,,,
2026-02-12,,,,,,,,,,,,,,,,,,15,,,Reinigung,,
2026-02-12,,,,,,,,,,,,,,,,,,,,,,,
2026-02-12,,,,,,f,12:00:00,13:15:00,75.00000000000006,5.0,,,8.0,8.0,,,,,,,,,
2026-02-12,,,,,,,,,,,,,,,,,,,,,,,
2026-02-12,,,,,,,,,,,,,,,,,,,,,,,
2026-02-12,,,,,,f,11:00:00,12:00:00,60.00000000000003,5.0,,,7.0,7.0,,,,,,,,,
2026-02-12,,,,,,,,,,,,,,,,,,,,,,,
2026-02-12,,,,,,,,,,,,,,,,,,,,,,,
2026-02-12,,,,,,f,10:00:00,11:00:00,59.99999999999995,5.0,,,7.0,7.0,,5,,,,R 05,Spanner- Knoten  1  spannen nicht in OP.70,,
2026-02-12,,,,,,,,,,,,,,,,5,,,,R 05,Spanner- Knoten  1  spannen nicht in OP.70,,
2026-02-12,,,,,,s,13:15:00,14:00:00,45.0,4.0,,,5.0,5.0,,,,15,,,Wartungsplan,,
2026-02-12,,,,,,,,,,,,,,,,,,,,,,,
2026-02-12,,,,,,,,,,,,,,,,,,,,,,,
2026-02-12,,,,,,,,,,,,,,,,,,,,,,,
2026-02-12,,,,,,f,08:00:00,09:00:00,60.00000000000003,5.0,,7.0,,7.0,,,,,,,,,
2026-02-12,,,,,,,,,,,,,,,,,,,,,,,
2026-02-12,,,,,,,,,,,,,,,,,,,,,,,
2026-02-12,,,,,,f,07:00:00,08:00:00,59.99999999999995,5.0,,7.0,,7.0,,,,,,,,,
2026-02-12,,,,,,,,,,,,,,,,,,,,,,,
2026-02-12,,,,,,,,,,,,,,,,,,,,,,,
2026-02-12,,,,,,f,06:00:00,07:00:00,60.00000000000003,5.0,,8.0,,8.0,,,,,,,,,
2026-02-12,,,,,,,,,,,,,,,,,,,,,,,
2026-02-12,,,,,,f,09:30:00,10:00:00,30.000000000000053,5.0,,3.0,,3.0,,,,,,,,,
2026-02-12,,,,,,f,04:45:00,06:00:00,75.00000000000001,5.0,,1.0,6.0,7.0,,,,15,,,Wartungsplan,,
2026-02-12,,,,,,,,,,,,,,,,,,,,,,,
2026-02-12,,,,,,s,14:00:00,15:00:00,59.99999999999995,4.0,,,4.0,4.0,,,,,,,,,
2026-02-12,,,,,,,,,,,,,,,,,,15,,,Reinigung + Werkzeug einschließen,,
2026-02-12,,,,,,s,,,,,,,,,,,,,,,,,
2026-02-12,,,,,,,21:00:00,21:45:00,45.0,4.0,,,2.0,2.0,,,,,,,,,
2026-02-12,,,,,,,,,,,,,,,,,,,,,,,
2026-02-12,,,,,,,,,,,,,,,,,,,,,,,
2026-02-12,,,,,,s,20:00:00,21:00:00,59.99999999999995,4.0,,,5.0,5.0,,,,,,,,,
2026-02-12,,,,,,,,,,,,,,,,,,,,,,,
2026-02-12,,,,,,,,,,,,,,,,,,,,,,,
2026-02-12,,,,,,s,19:00:00,20:00:00,60.00000000000011,4.0,,,6.0,6.0,,,,,,,,,
2026-02-12,,,,,,,,,,,,,,,,,,,,,,,
2026-02-12,,,,,,,,,,,,,,,,,,,,,,,
2026-02-12,,,,,,s,18:00:00,19:00:00,59.99999999999995,4.0,,,5.0,5.0,,,,,,,,,
2026-02-12,,,,,,,,,,,,,,,,,,,,,,,
2026-02-12,,,,,,,,,,,,,,,,,,,,,,,
2026-02-12,,,,,,s,17:30:00,18:00:00,30.000000000000053,4.0,,,2.0,2.0,,,,,,,,,
2026-02-12,,,,,,,,,,,,,,,,,,,,,,,
2026-02-12,,,,,,,,,,,,,,,,,,,,,,,
2026-02-12,,,,,,s,16:00:00,17:00:00,60.00000000000011,4.0,,,5.0,5.0,,,,,,,,,
2026-02-12,,,,,,,,,,,,,,,,,,,,,,,
2026-02-12,,,,,,,,,,,,,,,,,,,,,,,
2026-02-12,,,,,,s,15:00:00,16:00:00,59.99999999999995,4.0,,,5.0,5.0,,,,,,,,,
2026-02-12,,,,,,,,,,,,,,,,,,,,,,,
2026-02-12,,,,,,,,,,,,,,,,,,,,,,,
2026-02-12,,,,,,,,,,,,,,,,,,,,,,,
2026-02-12,,,,,,f,04:45:00,06:00:00,75.00000000000001,5.0,,1.0,6.0,7.0,,,,15,,,Wartungsplan,,
2026-02-12,,,,,,,,,,,,,,,,,,,,,,,
2026-02-12,,,,,,,,,,,,,,,,,,,,,,,
2026-02-12,,,,,,,,,,,,,,,,,,,,,,,
2026-02-12,,,,,,s,15:00:00,16:00:00,59.99999999999995,4.0,,,5.0,5.0,,,,,,,,,
2026-02-12,,,,,,,,,,,,,,,,,,,,,,,
2026-02-12,,,,,,,,,,,,,,,,,,,,,,,
2026-02-12,,,,,,s,16:00:00,17:00:00,60.00000000000011,4.0,,,5.0,5.0,,,,,,,,,
2026-02-12,,,,,,,,,,,,,,,,,,,,,,,
2026-02-12,,,,,,,,,,,,,,,,,,,,,,,
2026-02-12,,,,,,s,17:30:00,18:00:00,30.000000000000053,4.0,,,2.0,2.0,,,,,,,,,
2026-02-12,,,,,,,,,,,,,,,,,,,,,,,
2026-02-12,,,,,,,,,,,,,,,,,,,,,,,
2026-02-12,,,,,,s,18:00:00,19:00:00,59.99999999999995,4.0,,,5.0,5.0,,,,,,,,,
2026-02-12,,,,,,,,,,,,,,,,,,,,,,,
2026-02-12,,,,,,s,19:00:00,20:00:00,60.00000000000011,4.0,,,6.0,6.0,,,,,,,,,
2026-02-12,,,,,,,,,,,,,,,,,,,,,,,
2026-02-12,,,,,,,,,,,,,,,,,,,,,,,
2026-02-12,,,,,,s,20:00:00,21:00:00,59.99999999999995,4.0,,,5.0,5.0,,,,,,,,,
2026-02-12,,,,,,,,,,,,,,,,,,,,,,,
2026-02-12,,,,,,,,,,,,,,,,,,,,,,,
2026-02-12,,,,,,,21:00:00,21:45:00,45.0,4.0,,,2.0,2.0,,,,,,,,,
2026-02-12,,,,,,s,,,,,,,,,,,,,,,,,
2026-02-12,,,,,,,,,,,,,,,,,,15,,,Reinigung + Werkzeug einschließen,,
2026-02-12,,,,,,,,,,,,,,,,,,,,,,,
2026-02-12,,,,,,s,14:00:00,15:00:00,59.99999999999995,4.0,,,4.0,4.0,,,,,,,,,
2026-02-12,,,,,,,,,,,,,,,,,,,,,,,
2026-02-12,,,,,,,,,,,,,,,,,,,,,,,
2026-02-12,,,,,,,,,,,,,,,,,,,,,,,
2026-02-12,,,,,,,,,,,,,,,,,,,,,,,
2026-02-12,,,,,,,,,,,,,,,,,,,,,,,
2026-02-12,,,,,,f,07:00:00,08:00:00,59.99999999999995,5.0,,7.0,,7.0,,,,,,,,,
2026-02-12,,,,,,,,,,,,,,,,,,,,,,,
2026-02-12,,,,,,f,08:00:00,09:00:00,60.00000000000003,5.0,,7.0,,7.0,,,,,,,,,
2026-02-12,,,,,,,,,,,,,,,,,,,,,,,
2026-02-12,,,,,,,,,,,,,,,,,,,,,,,
2026-02-12,,,,,,f,09:30:00,10:00:00,30.000000000000053,5.0,,3.0,,3.0,,,,,,,,,
2026-02-12,,,,,,,,,,,,,,,,,,,,,,,
2026-02-12,,,,,,f,06:00:00,07:00:00,60.00000000000003,5.0,,8.0,,8.0,,,,,,,,,
2026-02-12,,,,,,f,10:00:00,11:00:00,59.99999999999995,5.0,,,7.0,7.0,,5,,,,R 05,Spanner- Knoten  1  spannen nicht in OP.70,,
2026-02-12,,,,,,,,,,,,,,,,,,,,,,,
2026-02-12,,,,,,,,,,,,,,,,,,,,,,,
2026-02-12,,,,,,f,11:00:00,12:00:00,60.00000000000003,5.0,,,7.0,7.0,,,,,,,,,
2026-02-12,,,,,,,,,,,,,,,,,,,,,,,
2026-02-12,,,,,,,,,,,,,,,,,,,,,,,
2026-02-12,,,,,,f,12:00:00,13:15:00,75.00000000000006,5.0,,,8.0,8.0,,,,,,,,,
2026-02-12,,,,,,,,,,,,,,,,,,,,,,,
2026-02-12,,,,,,,,,,,,,,,,,,15,,,Reinigung,,
2026-02-12,,,,,,s,13:15:00,14:00:00,45.0,4.0,,,5.0,5.0,,,,15,,,Wartungsplan,,
2026-02-12,,,,,,,,,,,,,,,,5,,,,R 05,Spanner- Knoten  1  spannen nicht in OP.70,,
2026-02-13,,,,,,s,14:00:00,15:00:00,59.99999999999995,3.0,,,3.0,3.0,,,,,,,,,
2026-02-13,,,,,,,,,,,,,,,,,,,,,"Anlage leer , auffüllen",,
2026-02-13,,,,,,f,11:00:00,12:00:00,60.00000000000003,5.0,,,6.0,6.0,,,,,,,,,
2026-02-13,,,,,,,,,,,,,,,,,,,,,,,
2026-02-13,,,,,,,,,,,,,,,,,,,,,,,
2026-02-13,,,,,,,,,,,,,,,,,,,,,,,
2026-02-13,,,,,,,,,,,,,,,,,,,,,,,
2026-02-13,,,,,,,,,,,,,,,,,,15,,,Reinigung,,
2026-02-13,,,,,,s,13:15:00,14:00:00,45.0,3.0,,,3.0,3.0,,,,15,,,Wartungsplan,,
2026-02-13,,,,,,,,,,,,,,,,,,,20.0,,Warten auf  STW Stütze ( 516012739 - 516012740 .),,
2026-02-13,,,,,,,,,,,,,,,,,,,,,,,
2026-02-13,,,,,,f,12:00:00,13:15:00,75.00000000000006,5.0,,,7.0,7.0,,,,,,,,,
2026-02-13,,,,,,f,10:00:00,11:00:00,59.99999999999995,5.0,,,6.0,6.0,,,,,,,,,
2026-02-13,,,,,,f,08:00:00,09:00:00,60.00000000000003,5.0,,,6.0,6.0,,,,,,,,,
2026-02-13,,,,,,,,,,,,,,,,,,,,,,,
2026-02-13,,,,,,f,09:30:00,10:00:00,30.000000000000053,5.0,,,3.0,3.0,,,,,,,,,
2026-02-13,,,,,,,,,,,,,,,,,,,,,,,
2026-02-13,,,,,,,,,,,,,,,,,,,,,,,
2026-02-13,,,,,,,,,,,,,,,,,,,,,,,
2026-02-13,,,,,,,,,,,,,,,,,,,,,,,
2026-02-13,,,,,,f,07:00:00,08:00:00,59.99999999999995,5.0,,,7.0,7.0,,,,,,,,,
2026-02-13,,,,,,,,,,,,,,,,,,,,,,,
2026-02-13,,,,,,,,,,,,,,,,,,,,,,,
2026-02-13,,,,,,,,,,,,,,,,,,,,,,,
2026-02-13,,,,,,,,,,,,,,,,,,,,,,,
2026-02-13,,,,,,,,,,,,,,,,,,,,,,,
2026-02-13,,,,,,f,06:00:00,07:00:00,60.00000000000003,5.0,,,7.0,7.0,,,,,,,,,
2026-02-13,,,,,,f,06:00:00,07:00:00,60.00000000000003,5.0,,,7.0,7.0,,,,,,,,,
2026-02-13,,,,,,s,15:00:00,16:00:00,59.99999999999995,3.0,,,4.0,4.0,,,,,,,,,
2026-02-13,,,,,,,,,,,,,,,,,,,,,,,
2026-02-13,,,,,,s,15:00:00,16:00:00,59.99999999999995,3.0,,,4.0,4.0,,,,,,,,,
2026-02-13,,,,,,,,,,,,,,,,,,,,,,,
2026-02-13,,,,,,,,,,,,,,,,,,,,,,,
2026-02-13,,,,,,s,14:00:00,15:00:00,59.99999999999995,3.0,,,3.0,3.0,,,,,,,,,
2026-02-13,,,,,,,,,,,,,,,,,,,,,,,
2026-02-13,,,,,,,,,,,,,,,,,,,,,,,
2026-02-13,,,,,,,,,,,,,,,,,,,,,,,
2026-02-13,,,,,,,,,,,,,,,,,,15,,,Reinigung,,
2026-02-13,,,,,,,,,,,,,,,,,,,,,,,
2026-02-13,,,,,,f,12:00:00,13:15:00,75.00000000000006,5.0,,,7.0,7.0,,,,,,,,,
2026-02-13,,,,,,,,,,,,,,,,,,,,,,,
2026-02-13,,,,,,,,,,,,,,,,,,,,,,,
2026-02-13,,,,,,f,11:00:00,12:00:00,60.00000000000003,5.0,,,6.0,6.0,,,,,,,,,
2026-02-13,,,,,,s,13:15:00,14:00:00,45.0,3.0,,,3.0,3.0,,,,15,,,Wartungsplan,,
2026-02-13,,,,,,s,16:00:00,17:00:00,60.00000000000011,3.0,,,4.0,4.0,,,,,,,,,
2026-02-13,,,,,,,,,,,,,,,,,,,,,,,
2026-02-13,,,,,,,,,,,,,,,,,,,,,,,
2026-02-13,,,,,,,,,,,,,,,,,,45,,,Reinigung,,
2026-02-13,,,,,,s,,,,,,,,,,,,,,,,,
2026-02-13,,,,,,,21:00:00,21:45:00,45.0,3.0,,,0.0,,,,,,,,Reinigung,,
2026-02-13,,,,,,,,,,,,,,,,,,,,,,,
2026-02-13,,,,,,,,,,,,,,,,,,60,,,,,
2026-02-13,,,,,,s,20:00:00,21:00:00,59.99999999999995,3.0,,,0.0,,,,,,,,Reinigung,,
2026-02-13,,,,,,,,,,,,,,,,,,,,,,,
2026-02-13,,,,,,,,,,,,,,,,,,,,,,,
2026-02-13,,,,,,s,19:00:00,20:00:00,60.00000000000011,3.0,,,3.0,3.0,,,,,,,WB 46 ist nicht da,,
2026-02-13,,,,,,,,,,,,,,,,,,,,,,,
2026-02-13,,,,,,,,,,,,,,,,,,,,,,,
2026-02-13,,,,,,s,18:00:00,19:00:00,59.99999999999995,3.0,,,3.0,3.0,,,,,,,,,
2026-02-13,,,,,,,,,,,,,,,,,,,,,,,
2026-02-13,,,,,,,,,,,,,,,,,,,,,,,
2026-02-13,,,,,,s,17:30:00,18:00:00,30.000000000000053,3.0,,,2.0,2.0,,,,,,,,,
2026-02-13,,,,,,,,,,,,,,,,,,,,,"Anlage leer , auffüllen",,
2026-02-13,,,,,,,,,,,,,,,,,,,20.0,,Warten auf  STW Stütze ( 516012739 - 516012740 .),,
2026-02-13,,,,,,f,10:00:00,11:00:00,59.99999999999995,5.0,,,6.0,6.0,,,,,,,,,
2026-02-13,,,,,,,,,,,,,,,,,,,,,,,
2026-02-13,,,,,,s,20:00:00,21:00:00,59.99999999999995,3.0,,,0.0,,,,,,,,Reinigung,,
2026-02-13,,,,,,,,,,,,,,,,,,,,,,,
2026-02-13,,,,,,,,,,,,,,,,,,,,,,,
2026-02-13,,,,,,s,19:00:00,20:00:00,60.00000000000011,3.0,,,3.0,3.0,,,,,,,WB 46 ist nicht da,,
2026-02-13,,,,,,,,,,,,,,,,,,,,,,,
2026-02-13,,,,,,,,,,,,,,,,,,,,,,,
2026-02-13,,,,,,s,18:00:00,19:00:00,59.99999999999995,3.0,,,3.0,3.0,,,,,,,,,
2026-02-13,,,,,,,,,,,,,,,,,,,,,,,
2026-02-13,,,,,,,,,,,,,,,,,,,,,,,
2026-02-13,,,,,,s,17:30:00,18:00:00,30.000000000000053,3.0,,,2.0,2.0,,,,,,,,,
2026-02-13,,,,,,,,,,,,,,,,,,,,,,,
2026-02-13,,,,,,,,,,,,,,,,,,,,,,,
2026-02-13,,,,,,s,16:00:00,17:00:00,60.00000000000011,3.0,,,4.0,4.0,,,,,,,,,
2026-02-13,,,,,,,,,,,,,,,,,,,,,,,
2026-02-13,,,,,,,,,,,,,,,,,,,,,,,
2026-02-13,,,,,,,,,,,,,,,,,,60,,,,,
2026-02-13,,,,,,,,,,,,,,,,,,,,,,,
2026-02-13,,,,,,,,,,,,,,,,,,,,,,,
2026-02-13,,,,,,s,,,,,,,,,,,,,,,,,
2026-02-13,,,,,,,,,,,,,,,,,,,,,,,
2026-02-13,,,,,,f,09:30:00,10:00:00,30.000000000000053,5.0,,,3.0,3.0,,,,,,,,,
2026-02-13,,,,,,,,,,,,,,,,,,,,,,,
2026-02-13,,,,,,,,,,,,,,,,,,,,,,,
2026-02-13,,,,,,f,08:00:00,09:00:00,60.00000000000003,5.0,,,6.0,6.0,,,,,,,,,
2026-02-13,,,,,,,,,,,,,,,,,,,,,,,
2026-02-13,,,,,,,,,,,,,,,,,,,,,,,
2026-02-13,,,,,,f,07:00:00,08:00:00,59.99999999999995,5.0,,,7.0,7.0,,,,,,,,,
2026-02-13,,,,,,,,,,,,,,,,,,,,,,,
2026-02-13,,,,,,,,,,,,,,,,,,,,,,,
2026-02-13,,,,,,f,06:00:00,07:00:00,60.00000000000003,5.0,,,7.0,7.0,,,,,,,,,
2026-02-13,,,,,,,,,,,,,,,,,,,,,,,
2026-02-13,,,,,,,,,,,,,,,,,,,,,,,
2026-02-13,,,,,,f,04:45:00,06:00:00,75.00000000000001,5.0,,,7.0,7.0,,,,15,,,Wartungsplan,,
2026-02-13,,,,,,,,,,,,,,,,,,45,,,Reinigung,,
2026-02-13,,,,,,,21:00:00,21:45:00,45.0,3.0,,,0.0,,,,,,,,Reinigung,,
2026-02-13,,,,,,,,,,,,,,,,,,,,,,,
2026-02-13,,,,,,f,04:45:00,06:00:00,75.00000000000001,5.0,,,7.0,7.0,,,,15,,,Wartungsplan,,
2026-02-13,,,,,,,,,,,,,,,,,,,,,,,
2026-02-13,,,,,,s,16:00:00,17:00:00,60.00000000000011,3.0,,,4.0,4.0,,,,,,,,,
2026-02-13,,,,,,,,,,,,,,,,,,,,,,,
2026-02-13,,,,,,,,,,,,,,,,,,,,,,,
2026-02-13,,,,,,s,17:30:00,18:00:00,30.000000000000053,3.0,,,2.0,2.0,,,,,,,,,
2026-02-13,,,,,,,,,,,,,,,,,,,,,,,
2026-02-13,,,,,,,,,,,,,,,,,,,,,,,
2026-02-13,,,,,,s,18:00:00,19:00:00,59.99999999999995,3.0,,,3.0,3.0,,,,,,,,,
2026-02-13,,,,,,,,,,,,,,,,,,,,,,,
2026-02-13,,,,,,,,,,,,,,,,,,,,,,,
2026-02-13,,,,,,,,,,,,,,,,,,,,,,,
2026-02-13,,,,,,s,19:00:00,20:00:00,60.00000000000011,3.0,,,3.0,3.0,,,,,,,WB 46 ist nicht da,,
2026-02-13,,,,,,,,,,,,,,,,,,,,,,,
2026-02-13,,,,,,s,20:00:00,21:00:00,59.99999999999995,3.0,,,0.0,,,,,,,,Reinigung,,
2026-02-13,,,,,,,,,,,,,,,,,,60,,,,,
2026-02-13,,,,,,,,,,,,,,,,,,,,,,,
2026-02-13,,,,,,,21:00:00,21:45:00,45.0,3.0,,,0.0,,,,,,,,Reinigung,,
2026-02-13,,,,,,s,,,,,,,,,,,,,,,,,
2026-02-13,,,,,,,,,,,,,,,,,,45,,,Reinigung,,
2026-02-13,,,,,,f,07:00:00,08:00:00,59.99999999999995,5.0,,,7.0,7.0,,,,,,,,,
2026-02-13,,,,,,,,,,,,,,,,,,,,,,,
2026-02-13,,,,,,,,,,,,,,,,,,,,,,,
2026-02-13,,,,,,,,,,,,,,,,,,,,,,,
2026-02-13,,,,,,,,,,,,,,,,,,,,,,,
2026-02-13,,,,,,,,,,,,,,,,,,,,,,,
2026-02-13,,,,,,f,08:00:00,09:00:00,60.00000000000003,5.0,,,6.0,6.0,,,,,,,,,
2026-02-13,,,,,,,,,,,,,,,,,,,,,,,
2026-02-13,,,,,,,,,,,,,,,,,,,,,,,
2026-02-13,,,,,,f,09:30:00,10:00:00,30.000000000000053,5.0,,,3.0,3.0,,,,,,,,,
2026-02-13,,,,,,,,,,,,,,,,,,,,,,,
2026-02-13,,,,,,,,,,,,,,,,,,,,,,,
2026-02-13,,,,,,f,10:00:00,11:00:00,59.99999999999995,5.0,,,6.0,6.0,,,,,,,,,
2026-02-13,,,,,,,,,,,,,,,,,,,20.0,,Warten auf  STW Stütze ( 516012739 - 516012740 .),,
2026-02-13,,,,,,,,,,,,,,,,,,,,,"Anlage leer , auffüllen",,
2026-02-13,,,,,,s,15:00:00,16:00:00,59.99999999999995,3.0,,,4.0,4.0,,,,,,,,,
2026-02-13,,,,,,f,11:00:00,12:00:00,60.00000000000003,5.0,,,6.0,6.0,,,,,,,,,
2026-02-13,,,,,,,,,,,,,,,,,,,,,,,
2026-02-13,,,,,,f,12:00:00,13:15:00,75.00000000000006,5.0,,,7.0,7.0,,,,,,,,,
2026-02-13,,,,,,,,,,,,,,,,,,,,,,,
2026-02-13,,,,,,,,,,,,,,,,,,15,,,Reinigung,,
2026-02-13,,,,,,s,13:15:00,14:00:00,45.0,3.0,,,3.0,3.0,,,,15,,,Wartungsplan,,
2026-02-13,,,,,,,,,,,,,,,,,,,,,,,
2026-02-13,,,,,,,,,,,,,,,,,,,,,,,
2026-02-13,,,,,,s,14:00:00,15:00:00,59.99999999999995,3.0,,,3.0,3.0,,,,,,,,,
2026-02-13,,,,,,,,,,,,,,,,,,,,,,,
2026-02-13,,,,,,,,,,,,,,,,,,,,,,,
2026-02-13,,,,,,,,,,,,,,,,,,,,,,,
2026-02-13,,,,,,,,,,,,,,,,,,,,,,,
2026-02-13,,,,,,f,04:45:00,06:00:00,75.00000000000001,5.0,,,7.0,7.0,,,,15,,,Wartungsplan,,
2026-02-13,,,,,,,,,,,,,,,,,,,,,,,
2026-02-16,,,,,,,,,,,,,,,,,,,,,,,
2026-02-16,,,,,,,,,,,,,,,,,,,,,,,
2026-02-16,,,,,,s,15:00:00,16:00:00,59.99999999999995,,,,5.0,5.0,,10,,,,R 05,Vakuumkreis 2 schaltet nicht,,
2026-02-16,,,,,,,,,,,,,,,,5,,,,R 06,Kollision,,
2026-02-16,,,,,,,,,,,,,,,,,,,,,,,
2026-02-16,,,,,,s,16:00:00,17:00:00,60.00000000000011,,,,3.0,3.0,,10,,,,R 06,Brennerkollision,,
2026-02-16,,,,,,,,,,,,,,,,,,,,,,,
2026-02-16,,,,,,,,,,,,,,,,,,,,,,,
2026-02-16,,,,,,s,17:30:00,18:00:00,30.000000000000053,,,,1.0,1.0,,10,,,,R 07,Brennerkollision,,
2026-02-16,,,,,,,,,,,,,,,,5,,,,R 05,Vakuumkreis 2 schaltet nicht,,
2026-02-16,,,,,,s,18:00:00,19:00:00,59.99999999999995,,,,5.0,5.0,,,,,,,,,
2026-02-16,,,,,,,,,,,,,,,,,,,,,,,
2026-02-16,,,,,,,,,,,,,,,,,,,,,,,
2026-02-16,,,,,,,,,,,,,,,,,,,,,,,
2026-02-16,,,,,,s,19:00:00,20:00:00,60.00000000000011,,,,5.0,5.0,,,,,,,,,
2026-02-16,,,,,,,,,,,,,,,,,,,,,,,
2026-02-16,,,,,,,,,,,,,,,,,,,,,,,
2026-02-16,,,,,,s,20:00:00,21:00:00,59.99999999999995,,,,4.0,4.0,,10,,,,R 06,Brennerkollision,,
2026-02-16,,,,,,,,,,,,,,,,,,,,,,,
2026-02-16,,,,,,,21:00:00,21:45:00,45.0,,,,2.0,2.0,,10,,,,R 06,Brennerkollision,,
2026-02-16,,,,,,,,,,,,,,,,,,,,,,,
2026-02-16,,,,,,s,14:00:00,15:00:00,59.99999999999995,,,,7.0,7.0,,,,,,,,,
2026-02-16,,,,,,,,,,,,,,,,,,,,,,,
2026-02-16,,,,,,,,,,,,,,,,,,,,,,,
2026-02-16,,,,,,,,,,,,,,,,,,10,,,Kran läuft nicht (Elektrika Angerufen),,
2026-02-16,,,,,,f,04:45:00,06:00:00,75.00000000000001,5.0,,,4.0,4.0,,,,15,,,Wartungsplan,,
2026-02-16,,,,,,,,,,,,,,,,,,,,,,,
2026-02-16,,,,,,f,07:00:00,08:00:00,59.99999999999995,5.0,,,5.0,5.0,,,,,,,,,
2026-02-16,,,,,,,,,,,,,,,,,,,,,,,
2026-02-16,,,,,,,,,,,,,,,,,,,,,,,
2026-02-16,,,,,,f,08:00:00,09:00:00,60.00000000000003,5.0,,,6.0,6.0,,,,,,,,,
2026-02-16,,,,,,,,,,,,,,,,,,,,,,,
2026-02-16,,,,,,,,,,,,,,,,,,,,,,,
2026-02-16,,,,,,f,09:30:00,10:00:00,30.000000000000053,5.0,,,3.0,3.0,,,,,,,,,
2026-02-16,,,,,,f,06:00:00,07:00:00,60.00000000000003,5.0,,,6.0,6.0,,,,,,,,,
2026-02-16,,,,,,,,,,,,,,,,,,,,,,,
2026-02-16,,,,,,f,10:00:00,11:00:00,59.99999999999995,5.0,,,6.0,6.0,,,,,,,,,
2026-02-16,,,,,,,,,,,,,,,,,,,,,,,
2026-02-16,,,,,,,,,,,,,,,,,,,,,,,
2026-02-16,,,,,,f,11:00:00,12:00:00,60.00000000000003,4.0,,,2.0,2.0,,,,,,,,,
2026-02-16,,,,,,,,,,,,,,,,,,,,,Problem mit MES Aufträgen,,
2026-02-16,,,,,,,,,,,,,,,,,,40,,,Reinigung ,,
2026-02-16,,,,,,f,12:00:00,13:15:00,75.00000000000006,4.0,,,0.0,,,,,,,,,,
2026-02-16,,,,,,,,,,,,,,,,,,75,,,Reinigung ,,
2026-02-16,,,,,,,,,,,,,,,,,,,,,,,
2026-02-16,,,,,,s,13:15:00,14:00:00,45.0,,,,1.0,1.0,,,,15,,,Wartungsplan,,
2026-02-16,,,,,,,,,,,,,,,,,,,,,,,
2026-02-16,,,,,,,,,,,,,,,,,,,,,,,
2026-02-16,,,,,,s,,,,,,,,,,10,,,,R 07,Brennerkollision,,
2026-02-16,,,,,,,,,,,,,,,,,,10,,,Kran läuft nicht (Elektrika Angerufen),,
2026-02-16,,,,,,,,,,,,,,,,,,,,,,,
2026-02-16,,,,,,s,15:00:00,16:00:00,59.99999999999995,,,,5.0,5.0,,10,,,,R 05,Vakuumkreis 2 schaltet nicht,,
2026-02-16,,,,,,,,,,,,,,,,5,,,,R 06,Kollision,,
2026-02-16,,,,,,,,,,,,,,,,,,,,,,,
2026-02-16,,,,,,s,16:00:00,17:00:00,60.00000000000011,,,,3.0,3.0,,10,,,,R 06,Brennerkollision,,
2026-02-16,,,,,,,,,,,,,,,,,,,,,,,
2026-02-16,,,,,,,,,,,,,,,,,,,,,,,
2026-02-16,,,,,,s,17:30:00,18:00:00,30.000000000000053,,,,1.0,1.0,,10,,,,R 07,Brennerkollision,,
2026-02-16,,,,,,,,,,,,,,,,5,,,,R 05,Vakuumkreis 2 schaltet nicht,,
2026-02-16,,,,,,,,,,,,,,,,,,,,,,,
2026-02-16,,,,,,,,,,,,,,,,,,,,,,,
2026-02-16,,,,,,s,18:00:00,19:00:00,59.99999999999995,,,,5.0,5.0,,,,,,,,,
2026-02-16,,,,,,,,,,,,,,,,,,,,,,,
2026-02-16,,,,,,s,19:00:00,20:00:00,60.00000000000011,,,,5.0,5.0,,,,,,,,,
2026-02-16,,,,,,,,,,,,,,,,,,,,,,,
2026-02-16,,,,,,,,,,,,,,,,,,,,,,,
2026-02-16,,,,,,s,20:00:00,21:00:00,59.99999999999995,,,,4.0,4.0,,10,,,,R 06,Brennerkollision,,
2026-02-16,,,,,,,,,,,,,,,,,,,,,,,
2026-02-16,,,,,,,,,,,,,,,,,,,,,,,
2026-02-16,,,,,,,21:00:00,21:45:00,45.0,,,,2.0,2.0,,10,,,,R 06,Brennerkollision,,
2026-02-16,,,,,,s,,,,,,,,,,10,,,,R 07,Brennerkollision,,
2026-02-16,,,,,,,,,,,,,,,,,,,,,,,
2026-02-16,,,,,,,,,,,,,,,,,,,,,,,
2026-02-16,,,,,,s,14:00:00,15:00:00,59.99999999999995,,,,7.0,7.0,,,,,,,,,
2026-02-16,,,,,,,,,,,,,,,,,,,,,,,
2026-02-16,,,,,,,,,,,,,,,,,,,,,,,
2026-02-16,,,,,,,,,,,,,,,,,,,,,,,
2026-02-16,,,,,,f,06:00:00,07:00:00,60.00000000000003,5.0,,,6.0,6.0,,,,,,,,,
2026-02-16,,,,,,,,,,,,,,,,,,,,,,,
2026-02-16,,,,,,,,,,,,,,,,,,,,,,,
2026-02-16,,,,,,f,07:00:00,08:00:00,59.99999999999995,5.0,,,5.0,5.0,,,,,,,,,
2026-02-16,,,,,,,,,,,,,,,,,,,,,,,
2026-02-16,,,,,,,,,,,,,,,,,,,,,,,
2026-02-16,,,,,,f,08:00:00,09:00:00,60.00000000000003,5.0,,,6.0,6.0,,,,,,,,,
2026-02-16,,,,,,,,,,,,,,,,,,,,,,,
2026-02-16,,,,,,,,,,,,,,,,,,,,,,,
2026-02-16,,,,,,f,09:30:00,10:00:00,30.000000000000053,5.0,,,3.0,3.0,,,,,,,,,
2026-02-16,,,,,,,,,,,,,,,,,,,,,,,
2026-02-16,,,,,,,,,,,,,,,,,,,,,,,
2026-02-16,,,,,,f,10:00:00,11:00:00,59.99999999999995,5.0,,,6.0,6.0,,,,,,,,,
2026-02-16,,,,,,,,,,,,,,,,,,,,,,,
2026-02-16,,,,,,,,,,,,,,,,,,,,,,,
2026-02-16,,,,,,f,11:00:00,12:00:00,60.00000000000003,4.0,,,2.0,2.0,,,,,,,,,
2026-02-16,,,,,,,,,,,,,,,,,,,,,Problem mit MES Aufträgen,,
2026-02-16,,,,,,,,,,,,,,,,,,40,,,Reinigung ,,
2026-02-16,,,,,,f,12:00:00,13:15:00,75.00000000000006,4.0,,,0.0,,,,,,,,,,
2026-02-16,,,,,,,,,,,,,,,,,,75,,,Reinigung ,,
2026-02-16,,,,,,,,,,,,,,,,,,,,,,,
2026-02-16,,,,,,s,13:15:00,14:00:00,45.0,,,,1.0,1.0,,,,15,,,Wartungsplan,,
2026-02-16,,,,,,f,04:45:00,06:00:00,75.00000000000001,5.0,,,4.0,4.0,,,,15,,,Wartungsplan,,
2026-02-16,,,,,,,,,,,,,,,,,,,,,,,
2026-02-16,,,,,,,,,,,,,,,,,,,,,,,
2026-02-16,,,,,,,,,,,,,,,,,,40,,,Reinigung ,,
2026-02-16,,,,,,,,,,,,,,,,5,,,,R 06,Kollision,,
2026-02-16,,,,,,s,15:00:00,16:00:00,59.99999999999995,,,,5.0,5.0,,10,,,,R 05,Vakuumkreis 2 schaltet nicht,,
2026-02-16,,,,,,,,,,,,,,,,,,,,,,,
2026-02-16,,,,,,,,,,,,,,,,,,,,,,,
2026-02-16,,,,,,s,14:00:00,15:00:00,59.99999999999995,,,,7.0,7.0,,,,,,,,,
2026-02-16,,,,,,,,,,,,,,,,,,,,,,,
2026-02-16,,,,,,,,,,,,,,,,,,,,,,,
2026-02-16,,,,,,s,13:15:00,14:00:00,45.0,,,,1.0,1.0,,,,15,,,Wartungsplan,,
2026-02-16,,,,,,,,,,,,,,,,,,,,,,,
2026-02-16,,,,,,,,,,,,,,,,,,75,,,Reinigung ,,
2026-02-16,,,,,,f,12:00:00,13:15:00,75.00000000000006,4.0,,,0.0,,,,,,,,,,
2026-02-16,,,,,,,,,,,,,,,,,,,,,Problem mit MES Aufträgen,,
2026-02-16,,,,,,f,11:00:00,12:00:00,60.00000000000003,4.0,,,2.0,2.0,,,,,,,,,
2026-02-16,,,,,,,,,,,,,,,,,,,,,,,
2026-02-16,,,,,,,,,,,,,,,,,,,,,,,
2026-02-16,,,,,,f,10:00:00,11:00:00,59.99999999999995,5.0,,,6.0,6.0,,,,,,,,,
2026-02-16,,,,,,,,,,,,,,,,,,,,,,,
2026-02-16,,,,,,f,04:45:00,06:00:00,75.00000000000001,5.0,,,4.0,4.0,,,,15,,,Wartungsplan,,
2026-02-16,,,,,,,,,,,,,,,,,,10,,,Kran läuft nicht (Elektrika Angerufen),,
2026-02-16,,,,,,,,,,,,,,,,,,,,,,,
2026-02-16,,,,,,f,06:00:00,07:00:00,60.00000000000003,5.0,,,6.0,6.0,,,,,,,,,
2026-02-16,,,,,,,,,,,,,,,,,,,,,,,
2026-02-16,,,,,,,,,,,,,,,,,,,,,,,
2026-02-16,,,,,,s,16:00:00,17:00:00,60.00000000000011,,,,3.0,3.0,,10,,,,R 06,Brennerkollision,,
2026-02-16,,,,,,f,07:00:00,08:00:00,59.99999999999995,5.0,,,5.0,5.0,,,,,,,,,
2026-02-16,,,,,,,,,,,,,,,,,,,,,,,
2026-02-16,,,,,,f,08:00:00,09:00:00,60.00000000000003,5.0,,,6.0,6.0,,,,,,,,,
2026-02-16,,,,,,,,,,,,,,,,,,,,,,,
2026-02-16,,,,,,,,,,,,,,,,,,,,,,,
2026-02-16,,,,,,f,09:30:00,10:00:00,30.000000000000053,5.0,,,3.0,3.0,,,,,,,,,
2026-02-16,,,,,,,,,,,,,,,,,,,,,,,
2026-02-16,,,,,,,,,,,,,,,,,,,,,,,
2026-02-16,,,,,,,,,,,,,,,,,,,,,,,
2026-02-16,,,,,,,,,,,,,,,,,,,,,,,
2026-02-16,,,,,,s,17:30:00,18:00:00,30.000000000000053,,,,1.0,1.0,,10,,,,R 07,Brennerkollision,,
2026-02-16,,,,,,,,,,,,,,,,,,,,,,,
2026-02-16,,,,,,,,,,,,,,,,,,,,,,,
2026-02-16,,,,,,s,,,,,,,,,,10,,,,R 07,Brennerkollision,,
2026-02-16,,,,,,,21:00:00,21:45:00,45.0,,,,2.0,2.0,,10,,,,R 06,Brennerkollision,,
2026-02-16,,,,,,,,,,,,,,,,,,,,,,,
2026-02-16,,,,,,s,20:00:00,21:00:00,59.99999999999995,,,,4.0,4.0,,10,,,,R 06,Brennerkollision,,
2026-02-16,,,,,,,,,,,,,,,,,,,,,,,
2026-02-16,,,,,,,,,,,,,,,,,,,,,,,
2026-02-16,,,,,,s,19:00:00,20:00:00,60.00000000000011,,,,5.0,5.0,,,,,,,,,
2026-02-16,,,,,,,,,,,,,,,,,,,,,,,
2026-02-16,,,,,,,,,,,,,,,,,,,,,,,
2026-02-16,,,,,,s,18:00:00,19:00:00,59.99999999999995,,,,5.0,5.0,,,,,,,,,
2026-02-16,,,,,,,,,,,,,,,,,,,,,,,
2026-02-16,,,,,,,,,,,,,,,,5,,,,R 05,Vakuumkreis 2 schaltet nicht,,
2026-02-16,,,,,,,,,,,,,,,,,,,,,,,
2026-02-17,,,,,,s,19:00:00,20:00:00,60.00000000000011,5.0,,,6.0,6.0,,,,,,,,,
2026-02-17,,,,,,,,,,,,,,,,,,,,,,,
2026-02-17,,,,,,,,,,,,,,,,,,,,,,,
2026-02-17,,,,,,s,20:00:00,21:00:00,59.99999999999995,5.0,,,6.0,6.0,,,,,,,,,
2026-02-17,,,,,,,,,,,,,,,,,,,,,,,
2026-02-17,,,,,,,,,,,,,,,,,,50,,,"Test fahren ( MT ohne QT oben ), Robtech und Teamleiter an der Anlage",,
2026-02-17,,,,,,,,,,,,,,,,,,,,,,,
2026-02-17,,,,,,,,,,,,,,,,,,,,,,,
2026-02-17,,,,,,,,,,,,,,,,,,,,,,,
2026-02-17,,,,,,,,,,,,,,,,,,,,,,,
2026-02-17,,,,,,,,,,,,,,,,,,,,,,,
2026-02-17,,,,,,,,,,,,,,,,,,,,,,,
2026-02-17,,,,,,,,,,,,,,,,,,,,,,,
2026-02-17,,,,,,s,17:30:00,18:00:00,30.000000000000053,5.0,,,0.0,,,30,,,,R 06,"Schweißstörung in OP120.1,  Robtech informiert Drahtsehne von Fass zur Banane gewechselt",,
2026-02-17,,,,,,,,,,,,,,,,,,,,,,,
2026-02-17,,,,,,,,,,,,,,,,5,, ,,R 06,Schweißstörung in OP120.1,,
2026-02-17,,,,,,s,16:00:00,17:00:00,60.00000000000011,5.0,,,2.0,2.0,,35,,,,R 02,Drahtfasswechsel,,
2026-02-17,,,,,,,,,,,,,,,,5,,,,OP120.1,"Spanner QT unten blockiert Stütze schwenken, Spanner vom QT unten Spannen justiert",,
2026-02-17,,,,,,s,15:00:00,16:00:00,59.99999999999995,5.0,,,5.0,5.0,,3,,,,R 06,"Draht festgebrannt, Kontaktrohr werchseln",,
2026-02-17,,,,,,s,14:00:00,15:00:00,59.99999999999995,5.0,,,1.0,1.0,,,,,,,,,
2026-02-17,,,,,,s,18:00:00,19:00:00,59.99999999999995,5.0,,,5.0,5.0,,,,,,,,,
2026-02-17,,,,,,,,,,,,,,,,,,,,,,,
2026-02-17,,,,,,,,,,,,,,,,,,,,,,,
2026-02-17,,,,,,s,13:15:00,14:00:00,45.0,5.0,,,2.0,2.0,,,,15,,,Wartungsplan,,
2026-02-17,,,,,,,,,,,,,,,,,,,,,"Auftragspuffer leer, Anlage leer, warten auf WB",,
2026-02-17,,,,,,,,,,,,,,,,,,10,,R 06,und R 07 Kollision (Bedienerschutz ausgelöst),,
2026-02-17,,,,,,f,06:00:00,07:00:00,60.00000000000003,4.0,,,4.0,4.0,,,,,,,,,
2026-02-17,,,,,,,,,,,,,,,,,,,,,,,
2026-02-17,,,,,,,,,,,,,,,,,,,,,,,
2026-02-17,,,,,,f,07:00:00,08:00:00,59.99999999999995,4.0,,,4.0,4.0,,,,20,,R 07,Kollisiion an der gleichen stelle (RobTech an der Anlage),,
2026-02-17,,,,,,,,,,,,,,,,,,,,,,,
2026-02-17,,,,,,,,,,,,,,,,,,,,,STW Rungen Montiert ,3x,
2026-02-17,,,,,,f,08:00:00,09:00:00,60.00000000000003,3.0,,,2.0,2.0,,,,,,,,,
2026-02-17,,,,,,,,,,,,,,,,,,10,,R 06,Bleibt stehen beim Schweißen ohne direkt erkennbaren grund ,2x,
2026-02-17,,,,,,,,,,,,,,,,,,,,,,,
2026-02-17,,,,,,f,09:30:00,10:00:00,30.000000000000053,3.0,,,1.0,1.0,,,,,,,,,
2026-02-17,,,,,,,,,,,,,,,,,,,,,,,
2026-02-17,,,,,,,,,,,,,,,,,,,,,,,
2026-02-17,,,,,,f,10:00:00,11:00:00,59.99999999999995,3.0,,,2.0,2.0,,,,15,,OP 90,Spanner schließen nicht (RobTechan der Anlage),,
2026-02-17,,,,,,,,,,,,,,,,,,,,,,,
2026-02-17,,,,,,,,,,,,,,,,,,,,,,,
2026-02-17,,,,,,,21:00:00,21:45:00,45.0,5.0,,,3.0,3.0,,,,,,,,,
2026-02-17,,,,,,f,11:00:00,12:00:00,60.00000000000003,3.0,,,2.0,2.0,,,,,,,,,
2026-02-17,,,,,,,,,,,,,,,,,,,,,,,
2026-02-17,,,,,,,,,,,,,,,,,,,,,,,
2026-02-17,,,,,,,,,,,,,,,,,,15,,,"Test fahren ( MT ohne QT oben ), Robtech und Teamleiter an der Anlage",,
2026-02-17,,,,,,s,,,,,,,,,,,,,,,,,
2026-02-17,,,,,,,,,,,,,,,,,,,,,,,
2026-02-17,,,,,,,,,,,,,,,,,,15,,,Reinigung + Werkzeug einschließen,,
2026-02-17,,,,,,s,13:15:00,14:00:00,45.0,5.0,,,2.0,2.0,,,,15,,,Wartungsplan,,
2026-02-17,,,,,,,,,,,,,,,,,,,,,,,
2026-02-17,,,,,,,,,,,,,,,,,,,,,,,
2026-02-17,,,,,,f,04:45:00,06:00:00,75.00000000000001,3.0,,,2.0,2.0,,,,15,,,Wartungsplan,,
2026-02-17,,,,,,,,,,,,,,,,,,,,,"Auftragspuffer leer, Anlage leer, warten auf WB",,
2026-02-17,,,,,,,,,,,,,,,,,,10,,R 06,und R 07 Kollision (Bedienerschutz ausgelöst),,
2026-02-17,,,,,,f,06:00:00,07:00:00,60.00000000000003,4.0,,,4.0,4.0,,,,,,,,,
2026-02-17,,,,,,,,,,,,,,,,,,,,,,,
2026-02-17,,,,,,,,,,,,,,,,,,,,,,,
2026-02-17,,,,,,,,,,,,,,,,,,15,,,"Test fahren ( MT ohne QT oben ), Robtech und Teamleiter an der Anlage",,
2026-02-17,,,,,,f,07:00:00,08:00:00,59.99999999999995,4.0,,,4.0,4.0,,,,20,,R 07,Kollisiion an der gleichen stelle (RobTech an der Anlage),,
2026-02-17,,,,,,,,,,,,,,,,,,,,,STW Rungen Montiert ,3x,
2026-02-17,,,,,,f,08:00:00,09:00:00,60.00000000000003,3.0,,,2.0,2.0,,,,,,,,,
2026-02-17,,,,,,,,,,,,,,,,,,10,,R 06,Bleibt stehen beim Schweißen ohne direkt erkennbaren grund ,2x,
2026-02-17,,,,,,,,,,,,,,,,,,,,,,,
2026-02-17,,,,,,f,09:30:00,10:00:00,30.000000000000053,3.0,,,1.0,1.0,,,,,,,,,
2026-02-17,,,,,,,,,,,,,,,,,,,,,,,
2026-02-17,,,,,,,,,,,,,,,,,,,,,,,
2026-02-17,,,,,,f,10:00:00,11:00:00,59.99999999999995,3.0,,,2.0,2.0,,,,15,,OP 90,Spanner schließen nicht (RobTechan der Anlage),,
2026-02-17,,,,,,,,,,,,,,,,,,,,,,,
2026-02-17,,,,,,,,,,,,,,,,,,,,,,,
2026-02-17,,,,,,f,04:45:00,06:00:00,75.00000000000001,3.0,,,2.0,2.0,,,,15,,,Wartungsplan,,
2026-02-17,,,,,,s,14:00:00,15:00:00,59.99999999999995,5.0,,,1.0,1.0,,,,,,,,,
2026-02-17,,,,,,,,,,,,,,,,,,50,,,"Test fahren ( MT ohne QT oben ), Robtech und Teamleiter an der Anlage",,
2026-02-17,,,,,,s,,,,,,,,,,,,,,,,,
2026-02-17,,,,,,,21:00:00,21:45:00,45.0,5.0,,,3.0,3.0,,,,,,,,,
2026-02-17,,,,,,,,,,,,,,,,,,,,,,,
2026-02-17,,,,,,,,,,,,,,,,,,,,,,,
2026-02-17,,,,,,s,20:00:00,21:00:00,59.99999999999995,5.0,,,6.0,6.0,,,,,,,,,
2026-02-17,,,,,,,,,,,,,,,,,,,,,,,
2026-02-17,,,,,,,,,,,,,,,,,,,,,,,
2026-02-17,,,,,,s,19:00:00,20:00:00,60.00000000000011,5.0,,,6.0,6.0,,,,,,,,,
2026-02-17,,,,,,,,,,,,,,,,,,,,,,,
2026-02-17,,,,,,,,,,,,,,,,,,,,,,,
2026-02-17,,,,,,s,18:00:00,19:00:00,59.99999999999995,5.0,,,5.0,5.0,,,,,,,,,
2026-02-17,,,,,,,,,,,,,,,,,,,,,,,
2026-02-17,,,,,,,,,,,,,,,,,,,,,,,
2026-02-17,,,,,,s,17:30:00,18:00:00,30.000000000000053,5.0,,,0.0,,,30,,,,R 06,"Schweißstörung in OP120.1,  Robtech informiert Drahtsehne von Fass zur Banane gewechselt",,
2026-02-17,,,,,,,,,,,,,,,,,,,,,,,
2026-02-17,,,,,,,,,,,,,,,,5,, ,,R 06,Schweißstörung in OP120.1,,
2026-02-17,,,,,,s,16:00:00,17:00:00,60.00000000000011,5.0,,,2.0,2.0,,35,,,,R 02,Drahtfasswechsel,,
2026-02-17,,,,,,,,,,,,,,,,,,,,,,,
2026-02-17,,,,,,,,,,,,,,,,5,,,,OP120.1,"Spanner QT unten blockiert Stütze schwenken, Spanner vom QT unten Spannen justiert",,
2026-02-17,,,,,,s,15:00:00,16:00:00,59.99999999999995,5.0,,,5.0,5.0,,3,,,,R 06,"Draht festgebrannt, Kontaktrohr werchseln",,
2026-02-17,,,,,,,,,,,,,,,,,,,,,,,
2026-02-17,,,,,,,,,,,,,,,,,,15,,,Reinigung + Werkzeug einschließen,,
2026-02-17,,,,,,s,20:00:00,21:00:00,59.99999999999995,5.0,,,6.0,6.0,,,,,,,,,
2026-02-17,,,,,,,,,,,,,,,,,,,,,,,
2026-02-17,,,,,,,,,,,,,,,,,,,,,,,
2026-02-17,,,,,,s,15:00:00,16:00:00,59.99999999999995,5.0,,,5.0,5.0,,3,,,,R 06,"Draht festgebrannt, Kontaktrohr werchseln",,
2026-02-17,,,,,,,,,,,,,,,,5,,,,OP120.1,"Spanner QT unten blockiert Stütze schwenken, Spanner vom QT unten Spannen justiert",,
2026-02-17,,,,,,,,,,,,,,,,,,,,,,,
2026-02-17,,,,,,s,16:00:00,17:00:00,60.00000000000011,5.0,,,2.0,2.0,,35,,,,R 02,Drahtfasswechsel,,
2026-02-17,,,,,,,,,,,,,,,,5,, ,,R 06,Schweißstörung in OP120.1,,
2026-02-17,,,,,,,,,,,,,,,,,,,,,,,
2026-02-17,,,,,,s,17:30:00,18:00:00,30.000000000000053,5.0,,,0.0,,,30,,,,R 06,"Schweißstörung in OP120.1,  Robtech informiert Drahtsehne von Fass zur Banane gewechselt",,
2026-02-17,,,,,,,,,,,,,,,,,,,,,,,
2026-02-17,,,,,,,,,,,,,,,,,,,,,,,
2026-02-17,,,,,,s,18:00:00,19:00:00,59.99999999999995,5.0,,,5.0,5.0,,,,,,,,,
2026-02-17,,,,,,,,,,,,,,,,,,,,,,,
2026-02-17,,,,,,,,,,,,,,,,,,,,,,,
2026-02-17,,,,,,s,19:00:00,20:00:00,60.00000000000011,5.0,,,6.0,6.0,,,,,,,,,
2026-02-17,,,,,,,,,,,,,,,,,,,,,,,
2026-02-17,,,,,,f,04:45:00,06:00:00,75.00000000000001,3.0,,,2.0,2.0,,,,15,,,Wartungsplan,,
2026-02-17,,,,,,,,,,,,,,,,,,,,,,,
2026-02-17,,,,,,,,,,,,,,,,,,,,,,,
2026-02-17,,,,,,,21:00:00,21:45:00,45.0,5.0,,,3.0,3.0,,,,,,,,,
2026-02-17,,,,,,f,11:00:00,12:00:00,60.00000000000003,3.0,,,2.0,2.0,,,,,,,,,
2026-02-17,,,,,,,,,,,,,,,,,,,,,,,
2026-02-17,,,,,,s,,,,,,,,,,,,,,,,,
2026-02-17,,,,,,,,,,,,,,,,,,50,,,"Test fahren ( MT ohne QT oben ), Robtech und Teamleiter an der Anlage",,
2026-02-17,,,,,,,,,,,,,,,,,,,,,,,
2026-02-17,,,,,,,,,,,,,,,,,,,,,,,
2026-02-17,,,,,,,,,,,,,,,,,,,,,,,
2026-02-17,,,,,,f,07:00:00,08:00:00,59.99999999999995,4.0,,,4.0,4.0,,,,20,,R 07,Kollisiion an der gleichen stelle (RobTech an der Anlage),,
2026-02-17,,,,,,,,,,,,,,,,,,,,,,,
2026-02-17,,,,,,,,,,,,,,,,,,,,,STW Rungen Montiert ,3x,
2026-02-17,,,,,,f,08:00:00,09:00:00,60.00000000000003,3.0,,,2.0,2.0,,,,,,,,,
2026-02-17,,,,,,,,,,,,,,,,,,10,,R 06,Bleibt stehen beim Schweißen ohne direkt erkennbaren grund ,2x,
2026-02-17,,,,,,,,,,,,,,,,,,,,,,,
2026-02-17,,,,,,f,09:30:00,10:00:00,30.000000000000053,3.0,,,1.0,1.0,,,,,,,,,
2026-02-17,,,,,,,,,,,,,,,,,,,,,,,
2026-02-17,,,,,,,,,,,,,,,,,,,,,,,
2026-02-17,,,,,,f,10:00:00,11:00:00,59.99999999999995,3.0,,,2.0,2.0,,,,15,,OP 90,Spanner schließen nicht (RobTechan der Anlage),,
2026-02-17,,,,,,,,,,,,,,,,,,,,,,,
2026-02-17,,,,,,,,,,,,,,,,,,,,,,,
2026-02-17,,,,,,f,11:00:00,12:00:00,60.00000000000003,3.0,,,2.0,2.0,,,,,,,,,
2026-02-17,,,,,,,,,,,,,,,,,,,,,,,
2026-02-17,,,,,,,,,,,,,,,,,,,,,"Auftragspuffer leer, Anlage leer, warten auf WB",,
2026-02-17,,,,,,s,13:15:00,14:00:00,45.0,5.0,,,2.0,2.0,,,,15,,,Wartungsplan,,
2026-02-17,,,,,,,,,,,,,,,,,,15,,,"Test fahren ( MT ohne QT oben ), Robtech und Teamleiter an der Anlage",,
2026-02-17,,,,,,s,14:00:00,15:00:00,59.99999999999995,5.0,,,1.0,1.0,,,,,,,,,
2026-02-17,,,,,,,,,,,,,,,,,,15,,,Reinigung + Werkzeug einschließen,,
2026-02-17,,,,,,,,,,,,,,,,,,10,,R 06,und R 07 Kollision (Bedienerschutz ausgelöst),,
2026-02-17,,,,,,f,06:00:00,07:00:00,60.00000000000003,4.0,,,4.0,4.0,,,,,,,,,
2026-02-18,,,,,,,,,,,,,,,,,,35,,R 07,Brenner und Programm werden überprüft von RobTech,,
2026-02-18,,,,,,f,11:00:00,12:00:00,60.00000000000003,4.0,,,1.0,1.0,,,,10,,R 07,Brennerkollision,,
2026-02-18,,,,,,,,,,,,,,,,,,,,,,,
2026-02-18,,,,,,,,,,,,,,,,,,,,,,,
2026-02-18,,,,,,f,10:00:00,11:00:00,59.99999999999995,4.0,,,4.0,4.0,,,,,,,,,
2026-02-18,,,,,,,,,,,,,,,,,,,,,,,
2026-02-18,,,,,,,,,,,,,,,,,,,,,,,
2026-02-18,,,,,,f,09:30:00,10:00:00,30.000000000000053,4.0,,,2.0,2.0,,,,,,,,,
2026-02-18,,,,,,,,,,,,,,,,,,,,,,,
2026-02-18,,,,,,,,,,,,,,,,,,,,,,,
2026-02-18,,,,,,,,,,,,,,,,,,,,,,,
2026-02-18,,,,,,,,,,,,,,,,,,,,,,,
2026-02-18,,,,,,,,,,,,,,,,,,,,,,,
2026-02-18,,,,,,,,,,,,,,,,,,,,,,,
2026-02-18,,,,,,,,,,,,,,,,,,,,,,,
2026-02-18,,,,,,,,,,,,,,,60.0,,,,,,Kein Montuer,,
2026-02-18,,,,,,f,06:00:00,07:00:00,60.00000000000003,2.0,,,0.0,,,,,,,,,,
2026-02-18,,,,,,,,,,,,,,,10.0,,,,,,Kein Montuer,,
2026-02-18,,,,,,,,,,,,,,,,,                                                                                                                                                                                                                                                                                                                                                                                                                                                                                                           ,,,,,,
2026-02-18,,,,,,f,04:45:00,06:00:00,75.00000000000001,3.0,,,3.0,3.0,,                                                                                                                                                                                                                                                                                                                                                                                                                                                                                                           ,,25,,,Wartungsplan und Tauschbox ,,
2026-02-18,,,,,,f,08:00:00,09:00:00,60.00000000000003,4.0,,,4.0,4.0,,,,,,,,,
2026-02-18,,,,,,,,,,,,,,,,,,,,,,,
2026-02-18,,,,,,f,12:00:00,13:15:00,75.00000000000006,4.0,,,,,,,,,,,,,
2026-02-18,,,,,,,,,,,,,,,,,,,,,,,
2026-02-18,,,,,,s,19:00:00,20:00:00,60.00000000000011,4.0,,6.0,,6.0,,,,,,,Anlage voll,,
2026-02-18,,,,,,,,,,,,,,,,,,,,,,,
2026-02-18,,,,,,,,,,,,,,,,,,,,,,,
2026-02-18,,,,,,s,20:00:00,21:00:00,59.99999999999995,4.0,,5.0,,5.0,,10,,,,R 05,Vakuumkreis 2 schaltet nicht,,
2026-02-18,,,,,,,,,,,,,,,,,,,,,Anlage voll,,
2026-02-18,,,,,,,,,,,,,,,,,,,,,Anlage voll,,
2026-02-18,,,,,,s,17:30:00,18:00:00,30.000000000000053,4.0,,2.0,,2.0,,20,,,,R 06,Probleme mit Schweißdraht,,
2026-02-18,,,,,,,,,,,,,,,,,,,,,,,
2026-02-18,,,,,,,,,,,,,,,,,,,,,,,
2026-02-18,,,,,,s,16:00:00,17:00:00,60.00000000000011,4.0,,,4.0,4.0,,,,,,,,,
2026-02-18,,,,,,,,,,,,,,,,,,,,,,,
2026-02-18,,,,,,,,,,,,,,,,,,,,,,,
2026-02-18,,,,,,s,15:00:00,16:00:00,59.99999999999995,4.0,,,4.0,4.0,,,,,,,,,
2026-02-18,,,,,,,,,,,,,,,,,,,,,,,
2026-02-18,,,,,,,,,,,,,,,,,,,,,,,
2026-02-18,,,,,,s,14:00:00,15:00:00,59.99999999999995,4.0,,,4.0,4.0,,,,,,,,,
2026-02-18,,,,,,,,,,,,,,,,,,,,,,,
2026-02-18,,,,,,,,,,,,,,,,,,,,,,,
2026-02-18,,,,,,s,13:15:00,14:00:00,45.0,4.0,,,4.0,4.0,,,15,,,,wartung ,,
2026-02-18,,,,,,,,,,,,,,,,,,,,,,,
2026-02-18,,,,,,,,,,,,,,,,,,,,,,,
2026-02-18,,,,,,f,07:00:00,08:00:00,59.99999999999995,3.0,,,4.0,4.0,20.0,,,,,,Kein Montuer,,
2026-02-18,,,,,,s,,,,,,,,,,,,,,,,,
2026-02-18,,,,,,,,,,,,,,,,,,,,,,,
2026-02-18,,,,,,s,14:00:00,15:00:00,59.99999999999995,4.0,,,4.0,4.0,,,,,,,,,
2026-02-18,,,,,,,,,,,,,,,,,,,,,,,
2026-02-18,,,,,,,,,,,,,,,,,,,,,,,
2026-02-18,,,,,,s,15:00:00,16:00:00,59.99999999999995,4.0,,,4.0,4.0,,,,,,,,,
2026-02-18,,,,,,,,,,,,,,,,,,,,,,,
2026-02-18,,,,,,,,,,,,,,,,,,,,,,,
2026-02-18,,,,,,s,16:00:00,17:00:00,60.00000000000011,4.0,,,4.0,4.0,,,,,,,,,
2026-02-18,,,,,,,,,,,,,,,,,,,,,,,
2026-02-18,,,,,,,,,,,,,,,,,,,,,,,
2026-02-18,,,,,,s,17:30:00,18:00:00,30.000000000000053,4.0,,2.0,,2.0,,20,,,,R 06,Probleme mit Schweißdraht,,
2026-02-18,,,,,,,,,,,,,,,,,,,,,Anlage voll,,
2026-02-18,,,,,,,,,,,,,,,,,,,,,,,
2026-02-18,,,,,,s,18:00:00,19:00:00,59.99999999999995,4.0,,5.0,,5.0,,5,,,,R 05,Vakuumkreis 3 schaltet nicht,,
2026-02-18,,,,,,,,,,,,,,,,,,,,,Anlage voll,,
2026-02-18,,,,,,,,,,,,,,,,,,,,,,,
2026-02-18,,,,,,s,18:00:00,19:00:00,59.99999999999995,4.0,,5.0,,5.0,,5,,,,R 05,Vakuumkreis 3 schaltet nicht,,
2026-02-18,,,,,,,,,,,,,,,,,,,,,Anlage voll,,
2026-02-18,,,,,,,,,,,,,,,,,,,,,,,
2026-02-18,,,,,,s,19:00:00,20:00:00,60.00000000000011,4.0,,6.0,,6.0,,,,,,,Anlage voll,,
2026-02-18,,,,,,,,,,,,,,,,,,,,,,,
2026-02-18,,,,,,,,,,,,,,,,,,,,,,,
2026-02-18,,,,,,s,20:00:00,21:00:00,59.99999999999995,4.0,,5.0,,5.0,,10,,,,R 05,Vakuumkreis 2 schaltet nicht,,
2026-02-18,,,,,,,,,,,,,,,,,,,,,,,
2026-02-18,,,,,,s,13:15:00,14:00:00,45.0,4.0,,,4.0,4.0,,,15,,,,wartung ,,
2026-02-18,,,,,,,,,,,,,,,,,,,,,,,
2026-02-18,,,,,,,,,,,,,,,,,,,,,,,
2026-02-18,,,,,,,21:00:00,21:45:00,45.0,4.0,,3.0,,3.0,,,,,,,Anlage voll,,
2026-02-18,,,,,,,,,,,,,,,,,,,,,,,
2026-02-18,,,,,,f,04:45:00,06:00:00,75.00000000000001,3.0,,,3.0,3.0,,                                                                                                                                                                                                                                                                                                                                                                                                                                                                                                           ,,25,,,Wartungsplan und Tauschbox ,,
2026-02-18,,,,,,,,,,,,,,,,,                                                                                                                                                                                                                                                                                                                                                                                                                                                                                                           ,,,,,,
2026-02-18,,,,,,,,,,,,,,,10.0,,,,,,Kein Montuer,,
2026-02-18,,,,,,f,06:00:00,07:00:00,60.00000000000003,2.0,,,0.0,,,,,,,,,,
2026-02-18,,,,,,,,,,,,,,,60.0,,,,,,Kein Montuer,,
2026-02-18,,,,,,,,,,,,,,,,,,,,,,,
2026-02-18,,,,,,f,07:00:00,08:00:00,59.99999999999995,3.0,,,4.0,4.0,20.0,,,,,,Kein Montuer,,
2026-02-18,,,,,,,,,,,,,,,,,,,,,,,
2026-02-18,,,,,,,,,,,,,,,,,,,,,,,
2026-02-18,,,,,,s,,,,,,,,,,,,,,,,,
2026-02-18,,,,,,f,08:00:00,09:00:00,60.00000000000003,4.0,,,4.0,4.0,,,,,,,,,
2026-02-18,,,,,,,,,,,,,,,,,,,,,,,
2026-02-18,,,,,,f,09:30:00,10:00:00,30.000000000000053,4.0,,,2.0,2.0,,,,,,,,,
2026-02-18,,,,,,,,,,,,,,,,,,,,,,,
2026-02-18,,,,,,,,,,,,,,,,,,,,,,,
2026-02-18,,,,,,f,10:00:00,11:00:00,59.99999999999995,4.0,,,4.0,4.0,,,,,,,,,
2026-02-18,,,,,,,,,,,,,,,,,,,,,,,
2026-02-18,,,,,,,,,,,,,,,,,,,,,,,
2026-02-18,,,,,,f,11:00:00,12:00:00,60.00000000000003,4.0,,,1.0,1.0,,,,10,,R 07,Brennerkollision,,
2026-02-18,,,,,,,,,,,,,,,,,,35,,R 07,Brenner und Programm werden überprüft von RobTech,,
2026-02-18,,,,,,,,,,,,,,,,,,,,,,,
2026-02-18,,,,,,f,12:00:00,13:15:00,75.00000000000006,4.0,,,,,,,,,,,,,
2026-02-18,,,,,,,,,,,,,,,,,,,,,,,
2026-02-18,,,,,,,21:00:00,21:45:00,45.0,4.0,,3.0,,3.0,,,,,,,Anlage voll,,
2026-02-18,,,,,,s,13:15:00,14:00:00,45.0,4.0,,,4.0,4.0,,,15,,,,wartung ,,
2026-02-18,,,,,,,,,,,,,,,,,,,,,Anlage voll,,
2026-02-18,,,,,,f,11:00:00,12:00:00,60.00000000000003,4.0,,,1.0,1.0,,,,10,,R 07,Brennerkollision,,
2026-02-18,,,,,,,,,,,,,,,,,,,,,,,
2026-02-18,,,,,,,,,,,,,,,,,,,,,,,
2026-02-18,,,,,,f,10:00:00,11:00:00,59.99999999999995,4.0,,,4.0,4.0,,,,,,,,,
2026-02-18,,,,,,,,,,,,,,,,,,,,,,,
2026-02-18,,,,,,,,,,,,,,,,,,,,,,,
2026-02-18,,,,,,f,09:30:00,10:00:00,30.000000000000053,4.0,,,2.0,2.0,,,,,,,,,
2026-02-18,,,,,,,,,,,,,,,,,,,,,,,
2026-02-18,,,,,,,,,,,,,,,,,,,,,,,
2026-02-18,,,,,,f,08:00:00,09:00:00,60.00000000000003,4.0,,,4.0,4.0,,,,,,,,,
2026-02-18,,,,,,,,,,,,,,,,,,,,,,,
2026-02-18,,,,,,,,,,,,,,,,,,,,,,,
2026-02-18,,,,,,f,07:00:00,08:00:00,59.99999999999995,3.0,,,4.0,4.0,20.0,,,,,,Kein Montuer,,
2026-02-18,,,,,,,,,,,,,,,,,,,,,,,
2026-02-18,,,,,,,,,,,,,,,60.0,,,,,,Kein Montuer,,
2026-02-18,,,,,,f,06:00:00,07:00:00,60.00000000000003,2.0,,,0.0,,,,,,,,,,
2026-02-18,,,,,,,,,,,,,,,10.0,,,,,,Kein Montuer,,
2026-02-18,,,,,,,,,,,,,,,,,                                                                                                                                                                                                                                                                                                                                                                                                                                                                                                           ,,,,,,
2026-02-18,,,,,,f,04:45:00,06:00:00,75.00000000000001,3.0,,,3.0,3.0,,                                                                                                                                                                                                                                                                                                                                                                                                                                                                                                           ,,25,,,Wartungsplan und Tauschbox ,,
2026-02-18,,,,,,,21:00:00,21:45:00,45.0,4.0,,3.0,,3.0,,,,,,,Anlage voll,,
2026-02-18,,,,,,s,,,,,,,,,,,,,,,,,
2026-02-18,,,,,,,,,,,,,,,,,,,,,,,
2026-02-18,,,,,,,,,,,,,,,,,,,,,,,
2026-02-18,,,,,,,,,,,,,,,,,,35,,R 07,Brenner und Programm werden überprüft von RobTech,,
2026-02-18,,,,,,,,,,,,,,,,,,,,,,,
2026-02-18,,,,,,,,,,,,,,,,,,,,,,,
2026-02-18,,,,,,,,,,,,,,,,,,,,,,,
2026-02-18,,,,,,f,12:00:00,13:15:00,75.00000000000006,4.0,,,,,,,,,,,,,
2026-02-18,,,,,,,,,,,,,,,,,,,,,,,
2026-02-18,,,,,,,,,,,,,,,,,,,,,,,
2026-02-18,,,,,,s,19:00:00,20:00:00,60.00000000000011,4.0,,6.0,,6.0,,,,,,,Anlage voll,,
2026-02-18,,,,,,,,,,,,,,,,,,,,,,,
2026-02-18,,,,,,,,,,,,,,,,,,,,,Anlage voll,,
2026-02-18,,,,,,s,18:00:00,19:00:00,59.99999999999995,4.0,,5.0,,5.0,,5,,,,R 05,Vakuumkreis 3 schaltet nicht,,
2026-02-18,,,,,,,,,,,,,,,,,,,,,,,
2026-02-18,,,,,,,,,,,,,,,,,,,,,Anlage voll,,
2026-02-18,,,,,,s,17:30:00,18:00:00,30.000000000000053,4.0,,2.0,,2.0,,20,,,,R 06,Probleme mit Schweißdraht,,
2026-02-18,,,,,,,,,,,,,,,,,,,,,,,
2026-02-18,,,,,,s,20:00:00,21:00:00,59.99999999999995,4.0,,5.0,,5.0,,10,,,,R 05,Vakuumkreis 2 schaltet nicht,,
2026-02-18,,,,,,s,16:00:00,17:00:00,60.00000000000011,4.0,,,4.0,4.0,,,,,,,,,
2026-02-18,,,,,,,,,,,,,,,,,,,,,,,
2026-02-18,,,,,,,,,,,,,,,,,,,,,,,
2026-02-18,,,,,,s,15:00:00,16:00:00,59.99999999999995,4.0,,,4.0,4.0,,,,,,,,,
2026-02-18,,,,,,,,,,,,,,,,,,,,,,,
2026-02-18,,,,,,,,,,,,,,,,,,,,,,,
2026-02-18,,,,,,s,14:00:00,15:00:00,59.99999999999995,4.0,,,4.0,4.0,,,,,,,,,
2026-02-18,,,,,,,,,,,,,,,,,,,,,,,
2026-02-18,,,,,,,,,,,,,,,,,,,,,,,
2026-02-18,,,,,,,,,,,,,,,,,,,,,Anlage voll,,
2026-02-18,,,,,,,,,,,,,,,,,,,,,,,
2026-02-18,,,,,,,,,,,,,,,,,,,,,,,
2026-02-19,,,,,,s,17:30:00,18:00:00,30.000000000000053,4.0,,,2.0,2.0,,,,,,,,,
2026-02-19,,,,,,,,,,,,,,,,,,,,,,,
2026-02-19,,,,,,,,,,,,,,,,,,,,,,,
2026-02-19,,,,,,,,,,,,,,,,,,,,,,,
2026-02-19,,,,,,,,,,,,,,,,,,,,,,,
2026-02-19,,,,,,,,,,,,,,,,,,,,,,,
2026-02-19,,,,,,s,15:00:00,16:00:00,59.99999999999995,4.0,,,5.0,5.0,,,,,,,,,
2026-02-19,,,,,,,,,,,,,,,,,,,,,,,
2026-02-19,,,,,,s,16:00:00,17:00:00,60.00000000000011,4.0,,,5.0,5.0,,,,,,,,,
2026-02-19,,,,,,,,,,,,,,,,,,,,,,,
2026-02-19,,,,,,s,19:00:00,20:00:00,60.00000000000011,4.0,,,5.0,5.0,,,,,,,,,
2026-02-19,,,,,,s,18:00:00,19:00:00,59.99999999999995,4.0,,,5.0,5.0,,,,,,,,,
2026-02-19,,,,,,,,,,,,,,,,,,,,,,,
2026-02-19,,,,,,,,,,,,,,,,,,,,,,,
2026-02-19,,,,,,,,,,,,,,,,,,,,,,,
2026-02-19,,,,,,,,,,,,,,,,,,,,,,,
2026-02-19,,,,,,s,20:00:00,21:00:00,59.99999999999995,4.0,,,3.0,3.0,,,15,,,,Mehraufwand beim Nacharbeiten von Stirnwänden,3,
2026-02-19,,,,,,,,,,,,,,,,,,,,,,,
2026-02-19,,,,,,,,,,,,,,,,,,,,,,,
2026-02-19,,,,,,,21:00:00,21:45:00,45.0,4.0,,,2.0,2.0,,,,,,,,,
2026-02-19,,,,,,s,14:00:00,15:00:00,59.99999999999995,6.0,,,6.0,6.0,,,,,,,,,
2026-02-19,,,,,,,,,,,,,,,,,,,,,,,
2026-02-19,,,,,,,,,,,,,,,,,,,,,,,
2026-02-19,,,,,,,,,,,,,,,,,,,,,,,
2026-02-19,,,,,,s,13:15:00,14:00:00,45.0,6.0,,,4.0,4.0,,,,15,,,Wartungsplan,,
2026-02-19,,,,,,,,,,,,,,,,,,,,,,,
2026-02-19,,,,,,,,,,,,,,,,,,,,,,,
2026-02-19,,,,,,f,06:00:00,07:00:00,60.00000000000003,3.0,,,6.0,6.0,,,,,,,,,
2026-02-19,,,,,,,,,,,,,,,,,,,,,,,
2026-02-19,,,,,,,,,,,,,,,,,,,,,,,
2026-02-19,,,,,,f,07:00:00,08:00:00,59.99999999999995,5.0,,,5.0,5.0,,,,,,,Zwei neue Montuere anlernen ,,
2026-02-19,,,,,,,,,,,,,,,,,,,,,,,
2026-02-19,,,,,,,,,,,,,,,,,,,,,,,
2026-02-19,,,,,,f,08:00:00,09:00:00,60.00000000000003,5.0,,,6.0,6.0,,,,,,,,,
2026-02-19,,,,,,,,,,,,,,,,,,5,,R 05,Ersten Knoten nicht gepackt ,,
2026-02-19,,,,,,,,,,,,,,,,,,,,,,,
2026-02-19,,,,,,,,,,,,,,,,,,,,,,,
2026-02-19,,,,,,,,,,,,,,,,,,,,,,,
2026-02-19,,,,,,f,10:00:00,11:00:00,59.99999999999995,6.0,,,5.0,5.0,,,,5,,R 05,Vakuum nicht vorhanden,,
2026-02-19,,,,,,,,,,,,,,,,,,,,,,,
2026-02-19,,,,,,,,,,,,,,,,,,,,,,,
2026-02-19,,,,,,f,11:00:00,12:00:00,60.00000000000003,6.0,,,6.0,6.0,,,,,,,,,
2026-02-19,,,,,,,,,,,,,,,,,,,,,,,
2026-02-19,,,,,,,,,,,,,,,,,,,,,,,
2026-02-19,,,,,,f,12:00:00,13:15:00,75.00000000000006,6.0,,,6.0,6.0,,,,,,,,,
2026-02-19,,,,,,,,,,,,,,,,,,,,,,,
2026-02-19,,,,,,,,,,,,,,,,,,15,,,Reinigung ,,
2026-02-19,,,,,,f,09:30:00,10:00:00,30.000000000000053,6.0,,,3.0,3.0,,,,,,,,,
2026-02-19,,,,,,f,04:45:00,06:00:00,75.00000000000001,3.0,,,5.0,5.0,,,,15,,,Wartungsplan,,
2026-02-19,,,,,,s,,,,,,,,,,,,,,,,,
2026-02-19,,,,,,,,,,,,,,,,,,,,,,,
2026-02-19,,,,,,s,16:00:00,17:00:00,60.00000000000011,4.0,,,5.0,5.0,,,,,,,,,
2026-02-19,,,,,,,,,,,,,,,,,,,,,,,
2026-02-19,,,,,,,,,,,,,,,,,,,,,,,
2026-02-19,,,,,,s,17:30:00,18:00:00,30.000000000000053,4.0,,,2.0,2.0,,,,,,,,,
2026-02-19,,,,,,,,,,,,,,,,,,,,,,,
2026-02-19,,,,,,,,,,,,,,,,,,,,,,,
2026-02-19,,,,,,s,18:00:00,19:00:00,59.99999999999995,4.0,,,5.0,5.0,,,,,,,,,
2026-02-19,,,,,,,,,,,,,,,,,,,,,,,
2026-02-19,,,,,,,,,,,,,,,,,,,,,,,
2026-02-19,,,,,,s,19:00:00,20:00:00,60.00000000000011,4.0,,,5.0,5.0,,,,,,,,,
2026-02-19,,,,,,,,,,,,,,,,,,,,,,,
2026-02-19,,,,,,,,,,,,,,,,,,,,,,,
2026-02-19,,,,,,s,20:00:00,21:00:00,59.99999999999995,4.0,,,3.0,3.0,,,15,,,,Mehraufwand beim Nacharbeiten von Stirnwänden,3,
2026-02-19,,,,,,,,,,,,,,,,,,,,,,,
2026-02-19,,,,,,,,,,,,,,,,,,,,,,,
2026-02-19,,,,,,s,18:00:00,19:00:00,59.99999999999995,4.0,,,5.0,5.0,,,,,,,,,
2026-02-19,,,,,,,,,,,,,,,,,,,,,,,
2026-02-19,,,,,,,,,,,,,,,,,,,,,,,
2026-02-19,,,,,,s,19:00:00,20:00:00,60.00000000000011,4.0,,,5.0,5.0,,,,,,,,,
2026-02-19,,,,,,,,,,,,,,,,,,,,,,,
2026-02-19,,,,,,,,,,,,,,,,,,,,,,,
2026-02-19,,,,,,s,20:00:00,21:00:00,59.99999999999995,4.0,,,3.0,3.0,,,15,,,,Mehraufwand beim Nacharbeiten von Stirnwänden,3,
2026-02-19,,,,,,,,,,,,,,,,,,,,,,,
2026-02-19,,,,,,,,,,,,,,,,,,,,,,,
2026-02-19,,,,,,,21:00:00,21:45:00,45.0,4.0,,,2.0,2.0,,,,,,,,,
2026-02-19,,,,,,s,,,,,,,,,,,,,,,,,
2026-02-19,,,,,,,,,,,,,,,,,,15,,,Reinigung + Werkzeug einschließen,,
2026-02-19,,,,,,,21:00:00,21:45:00,45.0,4.0,,,2.0,2.0,,,,,,,,,
2026-02-19,,,,,,,,,,,,,,,,,,,,,,,
2026-02-19,,,,,,f,04:45:00,06:00:00,75.00000000000001,3.0,,,5.0,5.0,,,,15,,,Wartungsplan,,
2026-02-19,,,,,,,,,,,,,,,,,,,,,,,
2026-02-19,,,,,,,,,,,,,,,,,,,,,,,
2026-02-19,,,,,,,,,,,,,,,,,,,,,,,
2026-02-19,,,,,,f,06:00:00,07:00:00,60.00000000000003,3.0,,,6.0,6.0,,,,,,,,,
2026-02-19,,,,,,,,,,,,,,,,,,,,,,,
2026-02-19,,,,,,,,,,,,,,,,,,,,,,,
2026-02-19,,,,,,f,07:00:00,08:00:00,59.99999999999995,5.0,,,5.0,5.0,,,,,,,Zwei neue Montuere anlernen ,,
2026-02-19,,,,,,,,,,,,,,,,,,,,,,,
2026-02-19,,,,,,,,,,,,,,,,,,,,,,,
2026-02-19,,,,,,s,,,,,,,,,,,,,,,,,
2026-02-19,,,,,,f,08:00:00,09:00:00,60.00000000000003,5.0,,,6.0,6.0,,,,,,,,,
2026-02-19,,,,,,,,,,,,,,,,,,5,,R 05,Ersten Knoten nicht gepackt ,,
2026-02-19,,,,,,,,,,,,,,,,,,,,,,,
2026-02-19,,,,,,f,09:30:00,10:00:00,30.000000000000053,6.0,,,3.0,3.0,,,,,,,,,
2026-02-19,,,,,,,,,,,,,,,,,,,,,,,
2026-02-19,,,,,,s,15:00:00,16:00:00,59.99999999999995,4.0,,,5.0,5.0,,,,,,,,,
2026-02-19,,,,,,,,,,,,,,,,,,,,,,,
2026-02-19,,,,,,,,,,,,,,,,,,,,,,,
2026-02-19,,,,,,,,,,,,,,,,,,,,,,,
2026-02-19,,,,,,f,11:00:00,12:00:00,60.00000000000003,6.0,,,6.0,6.0,,,,,,,,,
2026-02-19,,,,,,,,,,,,,,,,,,,,,,,
2026-02-19,,,,,,,,,,,,,,,,,,,,,,,
2026-02-19,,,,,,f,12:00:00,13:15:00,75.00000000000006,6.0,,,6.0,6.0,,,,,,,,,
2026-02-19,,,,,,,,,,,,,,,,,,,,,,,
2026-02-19,,,,,,,,,,,,,,,,,,15,,,Reinigung ,,
2026-02-19,,,,,,s,13:15:00,14:00:00,45.0,6.0,,,4.0,4.0,,,,15,,,Wartungsplan,,
2026-02-19,,,,,,,,,,,,,,,,,,,,,,,
2026-02-19,,,,,,,,,,,,,,,,,,,,,,,
2026-02-19,,,,,,s,14:00:00,15:00:00,59.99999999999995,6.0,,,6.0,6.0,,,,,,,,,
2026-02-19,,,,,,,,,,,,,,,,,,,,,,,
2026-02-19,,,,,,f,10:00:00,11:00:00,59.99999999999995,6.0,,,5.0,5.0,,,,5,,R 05,Vakuum nicht vorhanden,,
2026-02-19,,,,,,,,,,,,,,,,,,15,,,Reinigung + Werkzeug einschließen,,
2026-02-19,,,,,,,,,,,,,,,,,,,,,,,
2026-02-19,,,,,,f,11:00:00,12:00:00,60.00000000000003,6.0,,,6.0,6.0,,,,,,,,,
2026-02-19,,,,,,,,,,,,,,,,,,,,,,,
2026-02-19,,,,,,,,,,,,,,,,,,15,,,Reinigung ,,
2026-02-19,,,,,,s,13:15:00,14:00:00,45.0,6.0,,,4.0,4.0,,,,15,,,Wartungsplan,,
2026-02-19,,,,,,,,,,,,,,,,,,,,,,,
2026-02-19,,,,,,,,,,,,,,,,,,,,,,,
2026-02-19,,,,,,s,14:00:00,15:00:00,59.99999999999995,6.0,,,6.0,6.0,,,,,,,,,
2026-02-19,,,,,,,,,,,,,,,,,,,,,,,
2026-02-19,,,,,,,,,,,,,,,,,,,,,,,
2026-02-19,,,,,,s,15:00:00,16:00:00,59.99999999999995,4.0,,,5.0,5.0,,,,,,,,,
2026-02-19,,,,,,,,,,,,,,,,,,,,,,,
2026-02-19,,,,,,,,,,,,,,,,,,,,,,,
2026-02-19,,,,,,s,16:00:00,17:00:00,60.00000000000011,4.0,,,5.0,5.0,,,,,,,,,
2026-02-19,,,,,,,,,,,,,,,,,,,,,,,
2026-02-19,,,,,,,,,,,,,,,,,,,,,,,
2026-02-19,,,,,,s,17:30:00,18:00:00,30.000000000000053,4.0,,,2.0,2.0,,,,,,,,,
2026-02-19,,,,,,f,12:00:00,13:15:00,75.00000000000006,6.0,,,6.0,6.0,,,,,,,,,
2026-02-19,,,,,,,,,,,,,,,,,,,,,,,
2026-02-19,,,,,,,,,,,,,,,,,,,,,,,
2026-02-19,,,,,,,,,,,,,,,,,,,,,,,
2026-02-19,,,,,,,,,,,,,,,,,,,,,,,
2026-02-19,,,,,,f,06:00:00,07:00:00,60.00000000000003,3.0,,,6.0,6.0,,,,,,,,,
2026-02-19,,,,,,,,,,,,,,,,,,,,,,,
2026-02-19,,,,,,,,,,,,,,,,,,,,,,,
2026-02-19,,,,,,f,07:00:00,08:00:00,59.99999999999995,5.0,,,5.0,5.0,,,,,,,Zwei neue Montuere anlernen ,,
2026-02-19,,,,,,,,,,,,,,,,,,,,,,,
2026-02-19,,,,,,,,,,,,,,,,,,,,,,,
2026-02-19,,,,,,f,08:00:00,09:00:00,60.00000000000003,5.0,,,6.0,6.0,,,,,,,,,
2026-02-19,,,,,,,,,,,,,,,,,,5,,R 05,Ersten Knoten nicht gepackt ,,
2026-02-19,,,,,,,,,,,,,,,,,,,,,,,
2026-02-19,,,,,,f,09:30:00,10:00:00,30.000000000000053,6.0,,,3.0,3.0,,,,,,,,,
2026-02-19,,,,,,,,,,,,,,,,,,,,,,,
2026-02-19,,,,,,,,,,,,,,,,,,,,,,,
2026-02-19,,,,,,f,10:00:00,11:00:00,59.99999999999995,6.0,,,5.0,5.0,,,,5,,R 05,Vakuum nicht vorhanden,,
2026-02-19,,,,,,,,,,,,,,,,,,,,,,,
2026-02-19,,,,,,,,,,,,,,,,,,,,,,,
2026-02-19,,,,,,,,,,,,,,,,,,,,,,,
2026-02-19,,,,,,f,04:45:00,06:00:00,75.00000000000001,3.0,,,5.0,5.0,,,,15,,,Wartungsplan,,
2026-02-19,,,,,,,,,,,,,,,,,,15,,,Reinigung + Werkzeug einschließen,,
2026-02-20,,,,,,,,,,,,,,,,,,,,,,,
2026-02-20,,,,,,,,,,,,,,,,,,,,,,,
2026-02-20,,,,,,,,,,,,,,,,,,,,,,,
2026-02-20,,,,,,s,15:00:00,16:00:00,59.99999999999995,5.0,,,6.0,6.0,,,,,,,,,
2026-02-20,,,,,,,,,,,,,,,,,,,,,,,
2026-02-20,,,,,,,,,,,,,,,,,,,,,,,
2026-02-20,,,,,,,,,,,,,,,,,,,,,,,
2026-02-20,,,,,,s,16:00:00,17:00:00,60.00000000000011,5.0,,,6.0,6.0,,,,,,,,,
2026-02-20,,,,,,,,,,,,,,,,,,,,,,,
2026-02-20,,,,,,,,,,,,,,,,,,,,,,,
2026-02-20,,,,,,s,17:30:00,18:00:00,30.000000000000053,5.0,,,3.0,3.0,,,,,,,,,
2026-02-20,,,,,,,,,,,,,,,,,,,,,,,
2026-02-20,,,,,,,,,,,,,,,,,,,,,,,
2026-02-20,,,,,,s,18:00:00,19:00:00,59.99999999999995,5.0,,,6.0,6.0,,,,,,,,,
2026-02-20,,,,,,,,,,,,,,,,,,,,,,,
2026-02-20,,,,,,,,,,,,,,,,,,,,,,,
2026-02-20,,,,,,s,19:00:00,20:00:00,60.00000000000011,5.0,,,6.0,6.0,,,,,,,,,
2026-02-20,,,,,,s,14:00:00,15:00:00,59.99999999999995,5.0,,,6.0,6.0,,,,,,,,,
2026-02-20,,,,,,,,,,,,,,,,,,,,,,,
2026-02-20,,,,,,s,20:00:00,21:00:00,59.99999999999995,5.0,,,6.0,6.0,,,,,,,,,
2026-02-20,,,,,,,,,,,,,,,,,,,,,,,
2026-02-20,,,,,,s,14:00:00,15:00:00,59.99999999999995,5.0,,,6.0,6.0,,,,,,,,,
2026-02-20,,,,,,,,,,,,,,,,,,,,,,,
2026-02-20,,,,,,,,,,,,,,,,,,,,,,,
2026-02-20,,,,,,s,13:15:00,14:00:00,45.0,6.0,,,4.0,4.0,,,,15,,,Wartungsplan,,
2026-02-20,,,,,,f,08:00:00,09:00:00,60.00000000000003,6.0,,,7.0,7.0,,,,,,,,,
2026-02-20,,,,,,,,,,,,,,,,,,,,,,,
2026-02-20,,,,,,,,,,,,,,,,,,,,,,,
2026-02-20,,,,,,f,07:00:00,08:00:00,59.99999999999995,6.0,,,7.0,7.0,,,,,,,,,
2026-02-20,,,,,,f,09:30:00,10:00:00,30.000000000000053,6.0,,,4.0,4.0,,,,,,,,,
2026-02-20,,,,,,,,,,,,,,,,,,,,,,,
2026-02-20,,,,,,f,06:00:00,07:00:00,60.00000000000003,5.0,,,5.0,5.0,,,,,,,,,
2026-02-20,,,,,,,,,,,,,,,,,,,,,,,
2026-02-20,,,,,,,,,,,,,,,,,,,,,,,
2026-02-20,,,,,,f,04:45:00,06:00:00,75.00000000000001,4.0,,,5.0,5.0,,,,15,,,Wartungsplan und Tauschbox ,,
2026-02-20,,,,,,,,,,,,,,,,,,,,,,,
2026-02-20,,,,,,f,04:45:00,06:00:00,75.00000000000001,4.0,,,5.0,5.0,,,,15,,,Wartungsplan und Tauschbox ,,
2026-02-20,,,,,,,,,,,,,,,,,,,,,,,
2026-02-20,,,,,,f,10:00:00,11:00:00,59.99999999999995,6.0,,,7.0,7.0,,,,,,,,,
2026-02-20,,,,,,,,,,,,,,,,,,,,,,,
2026-02-20,,,,,,,,,,,,,,,,,,,,,,,
2026-02-20,,,,,,f,11:00:00,12:00:00,60.00000000000003,6.0,,,7.0,7.0,,,,,,,,,
2026-02-20,,,,,,,,,,,,,,,,,,,,,,,
2026-02-20,,,,,,,,,,,,,,,,,,,,,,,
2026-02-20,,,,,,f,12:00:00,13:15:00,75.00000000000006,6.0,,,4.0,4.0,,,,,,,,,
2026-02-20,,,,,,,,,,,,,,,,,,,,,,,
2026-02-20,,,,,,,,,,,,,,,,,,15,,,Reinigung ,,
2026-02-20,,,,,,,,,,,,,,,,,,,,,,,
2026-02-20,,,,,,,,,,,,,,,,,,,,,,,
2026-02-20,,,,,,,,,,,,,,,,,,,,,,,
2026-02-20,,,,,,,,,,,,,,,,,,,,,,,
2026-02-20,,,,,,,,,,,,,,,,,,,,,,,
2026-02-20,,,,,,s,15:00:00,16:00:00,59.99999999999995,5.0,,,6.0,6.0,,,,,,,,,
2026-02-20,,,,,,,,,,,,,,,,,,,,,,,
2026-02-20,,,,,,,,,,,,,,,,,,,,,,,
2026-02-20,,,,,,s,16:00:00,17:00:00,60.00000000000011,5.0,,,6.0,6.0,,,,,,,,,
2026-02-20,,,,,,,,,,,,,,,,,,,,,,,
2026-02-20,,,,,,,,,,,,,,,,,,,,,,,
2026-02-20,,,,,,s,17:30:00,18:00:00,30.000000000000053,5.0,,,3.0,3.0,,,,,,,,,
2026-02-20,,,,,,,,,,,,,,,,,,,,,,,
2026-02-20,,,,,,,,,,,,,,,,,,,,,,,
2026-02-20,,,,,,,,,,,,,,,,,,,,,,,
2026-02-20,,,,,,s,18:00:00,19:00:00,59.99999999999995,5.0,,,6.0,6.0,,,,,,,,,
2026-02-20,,,,,,,,,,,,,,,,,,,,,,,
2026-02-20,,,,,,s,19:00:00,20:00:00,60.00000000000011,5.0,,,6.0,6.0,,,,,,,,,
2026-02-20,,,,,,,,,,,,,,,,,,,,,,,
2026-02-20,,,,,,,,,,,,,,,,,,,,,,,
2026-02-20,,,,,,s,20:00:00,21:00:00,59.99999999999995,5.0,,,6.0,6.0,,,,,,,,,
2026-02-20,,,,,,,,,,,,,,,,,,,,,,,
2026-02-20,,,,,,,,,,,,,,,,,,,,,,,
2026-02-20,,,,,,,21:00:00,21:45:00,45.0,5.0,,,1.0,1.0,,3,,,,R07,Draht festgebrannt,,
2026-02-20,,,,,,s,,,,,,,,,,5,,,,R06,"Leoiefahrt Störung, per hand neu durchgefahren",,
2026-02-20,,,,,,,,,,,,,,,,,,15,,,Reinigung + Werkzeug einschließen,,
2026-02-20,,,,,,,,,,,,,,,,,,,,,,,
2026-02-20,,,,,,,,,,,,,,,,,,,,,,,
2026-02-20,,,,,,s,14:00:00,15:00:00,59.99999999999995,5.0,,,6.0,6.0,,,,,,,,,
2026-02-20,,,,,,,,,,,,,,,,,,,,,,,
2026-02-20,,,,,,f,06:00:00,07:00:00,60.00000000000003,5.0,,,5.0,5.0,,,,,,,,,
2026-02-20,,,,,,,,,,,,,,,,,,,,,,,
2026-02-20,,,,,,,,,,,,,,,,,,,,,,,
2026-02-20,,,,,,f,07:00:00,08:00:00,59.99999999999995,6.0,,,7.0,7.0,,,,,,,,,
2026-02-20,,,,,,,,,,,,,,,,,,,,,,,
2026-02-20,,,,,,,,,,,,,,,,,,,,,,,
2026-02-20,,,,,,f,08:00:00,09:00:00,60.00000000000003,6.0,,,7.0,7.0,,,,,,,,,
2026-02-20,,,,,,,,,,,,,,,,,,,,,,,
2026-02-20,,,,,,,,,,,,,,,,,,,,,,,
2026-02-20,,,,,,f,09:30:00,10:00:00,30.000000000000053,6.0,,,4.0,4.0,,,,,,,,,
2026-02-20,,,,,,,,,,,,,,,,,,,,,,,
2026-02-20,,,,,,,,,,,,,,,,,,,,,,,
2026-02-20,,,,,,f,10:00:00,11:00:00,59.99999999999995,6.0,,,7.0,7.0,,,,,,,,,
2026-02-20,,,,,,,,,,,,,,,,,,,,,,,
2026-02-20,,,,,,,,,,,,,,,,,,,,,,,
2026-02-20,,,,,,f,11:00:00,12:00:00,60.00000000000003,6.0,,,7.0,7.0,,,,,,,,,
2026-02-20,,,,,,,,,,,,,,,,,,,,,,,
2026-02-20,,,,,,,,,,,,,,,,,,,,,,,
2026-02-20,,,,,,f,12:00:00,13:15:00,75.00000000000006,6.0,,,4.0,4.0,,,,,,,,,
2026-02-20,,,,,,,,,,,,,,,,,,,,,,,
2026-02-20,,,,,,,,,,,,,,,,,,15,,,Reinigung ,,
2026-02-20,,,,,,s,13:15:00,14:00:00,45.0,6.0,,,4.0,4.0,,,,15,,,Wartungsplan,,
2026-02-20,,,,,,,,,,,,,,,,,,,,,,,
2026-02-20,,,,,,,21:00:00,21:45:00,45.0,5.0,,,1.0,1.0,,3,,,,R07,Draht festgebrannt,,
2026-02-20,,,,,,,,,,,,,,,,,,,,,,,
2026-02-20,,,,,,,,,,,,,,,,,,15,,,Reinigung + Werkzeug einschließen,,
2026-02-20,,,,,,s,,,,,,,,,,5,,,,R06,"Leoiefahrt Störung, per hand neu durchgefahren",,
2026-02-20,,,,,,,,,,,,,,,,,,,,,,,
2026-02-20,,,,,,,,,,,,,,,,,,,,,,,
2026-02-20,,,,,,s,15:00:00,16:00:00,59.99999999999995,5.0,,,6.0,6.0,,,,,,,,,
2026-02-20,,,,,,,,,,,,,,,,,,,,,,,
2026-02-20,,,,,,,,,,,,,,,,,,,,,,,
2026-02-20,,,,,,s,16:00:00,17:00:00,60.00000000000011,5.0,,,6.0,6.0,,,,,,,,,
2026-02-20,,,,,,,,,,,,,,,,,,,,,,,
2026-02-20,,,,,,,,,,,,,,,,,,,,,,,
2026-02-20,,,,,,s,17:30:00,18:00:00,30.000000000000053,5.0,,,3.0,3.0,,,,,,,,,
2026-02-20,,,,,,,,,,,,,,,,,,,,,,,
2026-02-20,,,,,,s,18:00:00,19:00:00,59.99999999999995,5.0,,,6.0,6.0,,,,,,,,,
2026-02-20,,,,,,,,,,,,,,,,,,,,,,,
2026-02-20,,,,,,,,,,,,,,,,,,,,,,,
2026-02-20,,,,,,s,19:00:00,20:00:00,60.00000000000011,5.0,,,6.0,6.0,,,,,,,,,
2026-02-20,,,,,,,,,,,,,,,,,,,,,,,
2026-02-20,,,,,,,,,,,,,,,,,,,,,,,
2026-02-20,,,,,,s,20:00:00,21:00:00,59.99999999999995,5.0,,,6.0,6.0,,,,,,,,,
2026-02-20,,,,,,,,,,,,,,,,,,,,,,,
2026-02-20,,,,,,,,,,,,,,,,,,,,,,,
2026-02-20,,,,,,,21:00:00,21:45:00,45.0,5.0,,,1.0,1.0,,3,,,,R07,Draht festgebrannt,,
2026-02-20,,,,,,,,,,,,,,,,,,,,,,,
2026-02-20,,,,,,s,,,,,,,,,,5,,,,R06,"Leoiefahrt Störung, per hand neu durchgefahren",,
2026-02-20,,,,,,,,,,,,,,,,,,,,,,,
2026-02-20,,,,,,,,,,,,,,,,,,,,,,,
2026-02-20,,,,,,,,,,,,,,,,,,,,,,,
2026-02-20,,,,,,s,13:15:00,14:00:00,45.0,6.0,,,4.0,4.0,,,,15,,,Wartungsplan,,
2026-02-20,,,,,,,,,,,,,,,,,,15,,,Reinigung ,,
2026-02-20,,,,,,,,,,,,,,,,,,,,,,,
2026-02-20,,,,,,f,12:00:00,13:15:00,75.00000000000006,6.0,,,4.0,4.0,,,,,,,,,
2026-02-20,,,,,,,,,,,,,,,,,,,,,,,
2026-02-20,,,,,,,,,,,,,,,,,,,,,,,
2026-02-20,,,,,,f,11:00:00,12:00:00,60.00000000000003,6.0,,,7.0,7.0,,,,,,,,,
2026-02-20,,,,,,,,,,,,,,,,,,,,,,,
2026-02-20,,,,,,,,,,,,,,,,,,,,,,,
2026-02-20,,,,,,f,10:00:00,11:00:00,59.99999999999995,6.0,,,7.0,7.0,,,,,,,,,
2026-02-20,,,,,,,,,,,,,,,,,,,,,,,
2026-02-20,,,,,,,,,,,,,,,,,,,,,,,
2026-02-20,,,,,,f,09:30:00,10:00:00,30.000000000000053,6.0,,,4.0,4.0,,,,,,,,,
2026-02-20,,,,,,,,,,,,,,,,,,,,,,,
2026-02-20,,,,,,,,,,,,,,,,,,,,,,,
2026-02-20,,,,,,f,08:00:00,09:00:00,60.00000000000003,6.0,,,7.0,7.0,,,,,,,,,
2026-02-20,,,,,,,,,,,,,,,,,,,,,,,
2026-02-20,,,,,,,,,,,,,,,,,,,,,,,
2026-02-20,,,,,,f,07:00:00,08:00:00,59.99999999999995,6.0,,,7.0,7.0,,,,,,,,,
2026-02-20,,,,,,,,,,,,,,,,,,,,,,,
2026-02-20,,,,,,f,06:00:00,07:00:00,60.00000000000003,5.0,,,5.0,5.0,,,,,,,,,
2026-02-20,,,,,,,,,,,,,,,,,,15,,,Reinigung + Werkzeug einschließen,,
2026-02-20,,,,,,f,04:45:00,06:00:00,75.00000000000001,4.0,,,5.0,5.0,,,,15,,,Wartungsplan und Tauschbox ,,
2026-02-20,,,,,,,,,,,,,,,,,,,,,,,
2026-02-24,,,,,,,,,,,,,,,,,,15,,,Reinigung,,
2026-02-24,,,,,,,,,,,,,,,,10,,,,R 07,Brennerkollision  Tauschen,,
2026-02-24,,,,,,f,12:00:00,13:15:00,75.00000000000006,,,,5.0,5.0,,,,,,,,,
2026-02-24,,,,,,,,,,,,,,,,,,,,,,,
2026-02-24,,,,,,,,,,,,,,,,,,,,,"Anlage leer durch Störungen, auffüllen",,
2026-02-24,,,,,,f,11:00:00,12:00:00,60.00000000000003,,,,4.0,4.0,,5,,,,R 06,Drahtfasswechsel,,
2026-02-24,,,,,,,,,,,,,,,,10,,,,R 06,Drahtfasswechsel,,
2026-02-24,,,,,,,,,,,,,,,,,,,,,,,
2026-02-24,,,,,,f,10:00:00,11:00:00,59.99999999999995,,,7.0,,7.0,,,,,,,,,
2026-02-24,,,,,,,,,,,,,,,,,,,,,,,
2026-02-24,,,,,,,,,,,,,,,,,,,,,,,
2026-02-24,,,,,,f,09:30:00,10:00:00,30.000000000000053,,,3.0,,3.0,,,,,,,"Anlage leer durch Störungen, auffüllen",,
2026-02-24,,,,,,,,,,,,,,,,15,,,,OP 130.2,Störung OP.130-2  fährt nicht in Position (Roboteh Informiert.),,
2026-02-24,,,,,,,,,,,,,,,,,,,,,,,
2026-02-24,,,,,,f,08:00:00,09:00:00,60.00000000000003,,,6.0,,6.0,,,,,,,,,
2026-02-24,,,,,,,,,,,,,,,,,,,,,,,
2026-02-24,,,,,,,,,,,,,,,,,,,,,,,
2026-02-24,,,,,,f,07:00:00,08:00:00,59.99999999999995,,,,6.0,6.0,,,,,,,,,
2026-02-24,,,,,,,,,,,,,,,,,,,,,"Anlage leer durch Störungen, auffüllen",,
2026-02-24,,,,,,,,,,,,,,,,,,,,,Reinigung + Werkzeug einschließen,,
2026-02-24,,,,,,f,06:00:00,07:00:00,60.00000000000003,,,6.0,,6.0,,,,,,,,,
2026-02-24,,,,,,s,13:15:00,14:00:00,45.0,5.0,,,4.0,4.0,,,,15,,,Wartungsplan,,
2026-02-24,,,,,,,,,,,,,,,,,,,,,,,
2026-02-24,,,,,,,,,,,,,,,,,,,,,,,
2026-02-24,,,,,,s,14:00:00,15:00:00,59.99999999999995,5.0,,,5.0,5.0,,,,,,,,,
2026-02-24,,,,,,s,,,,,,,,,,,,,,,Anlage leer gefahren (Warten auf Stapler),,
2026-02-24,,,,,,,21:00:00,21:45:00,45.0,5.0,,,2.0,2.0,,,,,,OP 10,"Bleche 952 sind falsch gebucht, Liftmaster in OP 10L ohne blech",,
2026-02-24,,,,,,,,,,,,,,,,,,,,,,,
2026-02-24,,,,,,,,,,,,,,,,,,,,,,,
2026-02-24,,,,,,s,20:00:00,21:00:00,59.99999999999995,5.0,,,5.0,5.0,,,,,,,,,
2026-02-24,,,,,,,,,,,,,,,,,,,,,,,
2026-02-24,,,,,,,,,,,,,,,,,,,,,,,
2026-02-24,,,,,,s,19:00:00,20:00:00,60.00000000000011,5.0,,,5.0,5.0,,,,,,,,,
2026-02-24,,,,,,,,,,,,,,,,,,,,,,,
2026-02-24,,,,,,,,,,,,,,,,,,,,,,,
2026-02-24,,,,,,,,,,,,,,,,,,,,,,,
2026-02-24,,,,,,s,18:00:00,19:00:00,59.99999999999995,5.0,,,5.0,5.0,,,,,,,,,
2026-02-24,,,,,,,,,,,,,,,,,,,,,,,
2026-02-24,,,,,,s,17:30:00,18:00:00,30.000000000000053,5.0,,,2.0,2.0,,,,,,,,,
2026-02-24,,,,,,,,,,,,,,,,,,,,,,,
2026-02-24,,,,,,,,,,,,,,,,,,,,,,,
2026-02-24,,,,,,s,16:00:00,17:00:00,60.00000000000011,5.0,,,5.0,5.0,,,,,,,,,
2026-02-24,,,,,,,,,,,,,,,,,,,,,,,
2026-02-24,,,,,,,,,,,,,,,,,,,,,,,
2026-02-24,,,,,,s,15:00:00,16:00:00,59.99999999999995,5.0,,,5.0,5.0,,,,,,,,,
2026-02-24,,,,,,,,,,,,,,,,,,,,,,,
2026-02-24,,,,,,,,,,,,,,,,,,,,,,,
2026-02-24,,,,,,,,,,,,,,,,,,,,,,,
2026-02-24,,,,,,,,,,,,,,,,,,,,,,,
2026-02-24,,,,,,,,,,,,,,,,,,,,,,,
2026-02-24,,,,,,s,,,,,,,,,,,,,,,Anlage leer gefahren (Warten auf Stapler),,
2026-02-24,,,,,,,,,,,,,,,,10,,,,R 07,Brennerkollision  Tauschen,,
2026-02-24,,,,,,f,12:00:00,13:15:00,75.00000000000006,,,,5.0,5.0,,,,,,,,,
2026-02-24,,,,,,,,,,,,,,,,,,,,,,,
2026-02-24,,,,,,,,,,,,,,,,,,,,,"Anlage leer durch Störungen, auffüllen",,
2026-02-24,,,,,,f,11:00:00,12:00:00,60.00000000000003,,,,4.0,4.0,,5,,,,R 06,Drahtfasswechsel,,
2026-02-24,,,,,,,,,,,,,,,,10,,,,R 06,Drahtfasswechsel,,
2026-02-24,,,,,,,,,,,,,,,,,,,,,,,
2026-02-24,,,,,,,,,,,,,,,,,,,,,Reinigung + Werkzeug einschließen,,
2026-02-24,,,,,,f,10:00:00,11:00:00,59.99999999999995,,,7.0,,7.0,,,,,,,,,
2026-02-24,,,,,,,,,,,,,,,,,,,,,,,
2026-02-24,,,,,,,,,,,,,,,,,,15,,,Reinigung,,
2026-02-24,,,,,,,,,,,,,,,,,,,,,,,
2026-02-24,,,,,,,,,,,,,,,,15,,,,OP 130.2,Störung OP.130-2  fährt nicht in Position (Roboteh Informiert.),,
2026-02-24,,,,,,,,,,,,,,,,,,,,,,,
2026-02-24,,,,,,f,08:00:00,09:00:00,60.00000000000003,,,6.0,,6.0,,,,,,,,,
2026-02-24,,,,,,,,,,,,,,,,,,,,,,,
2026-02-24,,,,,,,,,,,,,,,,,,,,,,,
2026-02-24,,,,,,f,07:00:00,08:00:00,59.99999999999995,,,,6.0,6.0,,,,,,,,,
2026-02-24,,,,,,,,,,,,,,,,,,,,,"Anlage leer durch Störungen, auffüllen",,
2026-02-24,,,,,,,,,,,,,,,,15,,,,R 07,Drahtfasswechsel,,
2026-02-24,,,,,,f,06:00:00,07:00:00,60.00000000000003,,,6.0,,6.0,,,,,,,,,
2026-02-24,,,,,,f,04:45:00,06:00:00,75.00000000000001,,,3.0,4.0,7.0,,,,15,,,Wartungsplan,,
2026-02-24,,,,,,f,09:30:00,10:00:00,30.000000000000053,,,3.0,,3.0,,,,,,,"Anlage leer durch Störungen, auffüllen",,
2026-02-24,,,,,,,,,,,,,,,,,,,,,,,
2026-02-24,,,,,,s,13:15:00,14:00:00,45.0,5.0,,,4.0,4.0,,,,15,,,Wartungsplan,,
2026-02-24,,,,,,,,,,,,,,,,,,,,,,,
2026-02-24,,,,,,,21:00:00,21:45:00,45.0,5.0,,,2.0,2.0,,,,,,OP 10,"Bleche 952 sind falsch gebucht, Liftmaster in OP 10L ohne blech",,
2026-02-24,,,,,,,,,,,,,,,,,,,,,,,
2026-02-24,,,,,,,,,,,,,,,,,,,,,,,
2026-02-24,,,,,,s,20:00:00,21:00:00,59.99999999999995,5.0,,,5.0,5.0,,,,,,,,,
2026-02-24,,,,,,,,,,,,,,,,,,,,,,,
2026-02-24,,,,,,,,,,,,,,,,,,,,,,,
2026-02-24,,,,,,s,19:00:00,20:00:00,60.00000000000011,5.0,,,5.0,5.0,,,,,,,,,
2026-02-24,,,,,,,,,,,,,,,,,,,,,,,
2026-02-24,,,,,,,,,,,,,,,,,,,,,,,
2026-02-24,,,,,,s,18:00:00,19:00:00,59.99999999999995,5.0,,,5.0,5.0,,,,,,,,,
2026-02-24,,,,,,,,,,,,,,,,,,,,,,,
2026-02-24,,,,,,,,,,,,,,,,,,,,,,,
2026-02-24,,,,,,s,17:30:00,18:00:00,30.000000000000053,5.0,,,2.0,2.0,,,,,,,,,
2026-02-24,,,,,,,,,,,,,,,,,,,,,,,
2026-02-24,,,,,,,,,,,,,,,,,,,,,,,
2026-02-24,,,,,,s,16:00:00,17:00:00,60.00000000000011,5.0,,,5.0,5.0,,,,,,,,,
2026-02-24,,,,,,,,,,,,,,,,,,,,,,,
2026-02-24,,,,,,,,,,,,,,,,,,,,,,,
2026-02-24,,,,,,s,15:00:00,16:00:00,59.99999999999995,5.0,,,5.0,5.0,,,,,,,,,
2026-02-24,,,,,,,,,,,,,,,,,,,,,,,
2026-02-24,,,,,,,,,,,,,,,,,,,,,,,
2026-02-24,,,,,,s,14:00:00,15:00:00,59.99999999999995,5.0,,,5.0,5.0,,,,,,,,,
2026-02-24,,,,,,,,,,,,,,,,,,,,,,,
2026-02-24,,,,,,f,04:45:00,06:00:00,75.00000000000001,,,3.0,4.0,7.0,,,,15,,,Wartungsplan,,
2026-02-24,,,,,,,,,,,,,,,,15,,,,R 07,Drahtfasswechsel,,
2026-02-24,,,,,,s,20:00:00,21:00:00,59.99999999999995,5.0,,,5.0,5.0,,,,,,,,,
2026-02-24,,,,,,s,14:00:00,15:00:00,59.99999999999995,5.0,,,5.0,5.0,,,,,,,,,
2026-02-24,,,,,,,,,,,,,,,,,,,,,,,
2026-02-24,,,,,,,,,,,,,,,,,,,,,,,
2026-02-24,,,,,,s,15:00:00,16:00:00,59.99999999999995,5.0,,,5.0,5.0,,,,,,,,,
2026-02-24,,,,,,,,,,,,,,,,,,,,,,,
2026-02-24,,,,,,,,,,,,,,,,,,,,,,,
2026-02-24,,,,,,s,16:00:00,17:00:00,60.00000000000011,5.0,,,5.0,5.0,,,,,,,,,
2026-02-24,,,,,,,,,,,,,,,,,,,,,,,
2026-02-24,,,,,,s,17:30:00,18:00:00,30.000000000000053,5.0,,,2.0,2.0,,,,,,,,,
2026-02-24,,,,,,,,,,,,,,,,,,,,,,,
2026-02-24,,,,,,,,,,,,,,,,,,,,,,,
2026-02-24,,,,,,,,,,,,,,,,,,,,,,,
2026-02-24,,,,,,,,,,,,,,,,,,,,,,,
2026-02-24,,,,,,,,,,,,,,,,,,,,,,,
2026-02-24,,,,,,s,19:00:00,20:00:00,60.00000000000011,5.0,,,5.0,5.0,,,,,,,,,
2026-02-24,,,,,,,,,,,,,,,,,,,,,,,
2026-02-24,,,,,,,,,,,,,,,,,,,,,,,
2026-02-24,,,,,,,,,,,,,,,,,,,,,,,
2026-02-24,,,,,,,,,,,,,,,,,,,,,,,
2026-02-24,,,,,,,21:00:00,21:45:00,45.0,5.0,,,2.0,2.0,,,,,,OP 10,"Bleche 952 sind falsch gebucht, Liftmaster in OP 10L ohne blech",,
2026-02-24,,,,,,s,,,,,,,,,,,,,,,Anlage leer gefahren (Warten auf Stapler),,
2026-02-24,,,,,,,,,,,,,,,,,,,,,Reinigung + Werkzeug einschließen,,
2026-02-24,,,,,,s,18:00:00,19:00:00,59.99999999999995,5.0,,,5.0,5.0,,,,,,,,,
2026-02-24,,,,,,,,,,,,,,,,,,,,,,,
2026-02-24,,,,,,,,,,,,,,,,,,,,,,,
2026-02-24,,,,,,,,,,,,,,,,,,15,,,Reinigung,,
2026-02-24,,,,,,f,04:45:00,06:00:00,75.00000000000001,,,3.0,4.0,7.0,,,,15,,,Wartungsplan,,
2026-02-24,,,,,,,,,,,,,,,,,,,,,,,
2026-02-24,,,,,,,,,,,,,,,,,,,,,,,
2026-02-24,,,,,,s,13:15:00,14:00:00,45.0,5.0,,,4.0,4.0,,,,15,,,Wartungsplan,,
2026-02-24,,,,,,,,,,,,,,,,15,,,,R 07,Drahtfasswechsel,,
2026-02-24,,,,,,,,,,,,,,,,,,,,,"Anlage leer durch Störungen, auffüllen",,
2026-02-24,,,,,,f,07:00:00,08:00:00,59.99999999999995,,,,6.0,6.0,,,,,,,,,
2026-02-24,,,,,,,,,,,,,,,,,,,,,,,
2026-02-24,,,,,,,,,,,,,,,,,,,,,,,
2026-02-24,,,,,,f,08:00:00,09:00:00,60.00000000000003,,,6.0,,6.0,,,,,,,,,
2026-02-24,,,,,,,,,,,,,,,,,,,,,,,
2026-02-24,,,,,,,,,,,,,,,,15,,,,OP 130.2,Störung OP.130-2  fährt nicht in Position (Roboteh Informiert.),,
2026-02-24,,,,,,f,06:00:00,07:00:00,60.00000000000003,,,6.0,,6.0,,,,,,,,,
2026-02-24,,,,,,,,,,,,,,,,,,,,,,,
2026-02-24,,,,,,f,09:30:00,10:00:00,30.000000000000053,,,3.0,,3.0,,,,,,,"Anlage leer durch Störungen, auffüllen",,
2026-02-24,,,,,,,,,,,,,,,,10,,,,R 07,Brennerkollision  Tauschen,,
2026-02-24,,,,,,f,12:00:00,13:15:00,75.00000000000006,,,,5.0,5.0,,,,,,,,,
2026-02-24,,,,,,,,,,,,,,,,,,,,,"Anlage leer durch Störungen, auffüllen",,
2026-02-24,,,,,,f,11:00:00,12:00:00,60.00000000000003,,,,4.0,4.0,,5,,,,R 06,Drahtfasswechsel,,
2026-02-24,,,,,,,,,,,,,,,,,,,,,,,
2026-02-24,,,,,,,,,,,,,,,,10,,,,R 06,Drahtfasswechsel,,
2026-02-24,,,,,,,,,,,,,,,,,,,,,,,
2026-02-24,,,,,,f,10:00:00,11:00:00,59.99999999999995,,,7.0,,7.0,,,,,,,,,
2026-02-24,,,,,,,,,,,,,,,,,,,,,,,
2026-02-25,,,,,,,,,,,,,,,,,,,,,,,
2026-02-25,,,,,,,,,,,,,,,,,,,,,,,
2026-02-25,,,,,,f,08:00:00,09:00:00,60.00000000000003,6.0,,,6.0,6.0,,,,,,,,,
2026-02-25,,,,,,,,,,,,,,,,,,,,,,,
2026-02-25,,,,,,,,,,,,,,,,,,,,,,,
2026-02-25,,,,,,f,09:30:00,10:00:00,30.000000000000053,6.0,,3.0,1.0,4.0,,,,,,,,,
2026-02-25,,,,,,,,,,,,,,,,,,,,,,,
2026-02-25,,,,,,,,,,,,,,,,,,,,,,,
2026-02-25,,,,,,f,10:00:00,11:00:00,59.99999999999995,6.0,,,6.0,6.0,,,,,,,,,
2026-02-25,,,,,,,,,,,,,,,,,,,,,,,
2026-02-25,,,,,,,,,,,,,,,,,,,,,,,
2026-02-25,,,,,,f,11:00:00,12:00:00,60.00000000000003,6.0,,1.0,6.0,7.0,,,,,,,,,
2026-02-25,,,,,,,,,,,,,,,,,,,,,,,
2026-02-25,,,,,,f,12:00:00,13:15:00,75.00000000000006,6.0,,,7.0,7.0,,,,,,,,,
2026-02-25,,,,,,,,,,,,,,,,,,,,,,,
2026-02-25,,,,,,,,,,,,,,,,,,15,,,Reinigung,,
2026-02-25,,,,,,s,13:15:00,14:00:00,45.0,5.0,,,4.0,4.0,,,,15,,,Wartungsplan,,
2026-02-25,,,,,,f,07:00:00,08:00:00,59.99999999999995,6.0,,,7.0,7.0,,,,,,,,,
2026-02-25,,,,,,,,,,,,,,,,,,,,,,,
2026-02-25,,,,,,f,04:45:00,06:00:00,75.00000000000001,6.0,,,6.0,6.0,,,,15,,,Wartungsplan,,
2026-02-25,,,,,,s,14:00:00,15:00:00,59.99999999999995,5.0,,,5.0,5.0,,,,,,,,,
2026-02-25,,,,,,,,,,,,,,,,,,,,,,,
2026-02-25,,,,,,,,,,,,,,,,,,,,,,,
2026-02-25,,,,,,,,,,,,,,,,,,,,,,,
2026-02-25,,,,,,f,11:00:00,12:00:00,60.00000000000003,6.0,,1.0,6.0,7.0,,,,,,,,,
2026-02-25,,,,,,,,,,,,,,,,,,,,,,,
2026-02-25,,,,,,,,,,,,,,,,,,,,,,,
2026-02-25,,,,,,f,10:00:00,11:00:00,59.99999999999995,6.0,,,6.0,6.0,,,,,,,,,
2026-02-25,,,,,,,,,,,,,,,,,,,,,,,
2026-02-25,,,,,,,,,,,,,,,,,,,,,,,
2026-02-25,,,,,,,,,,,,,,,,10,,,,R 02,Schweißstörung .,,
2026-02-25,,,,,,f,09:30:00,10:00:00,30.000000000000053,6.0,,3.0,1.0,4.0,,,,,,,,,
2026-02-25,,,,,,,,,,,,,,,,,,,,,,,
2026-02-25,,,,,,f,08:00:00,09:00:00,60.00000000000003,6.0,,,6.0,6.0,,,,,,,,,
2026-02-25,,,,,,,,,,,,,,,,,,,,,,,
2026-02-25,,,,,,,,,,,,,,,,,,,,,,,
2026-02-25,,,,,,f,07:00:00,08:00:00,59.99999999999995,6.0,,,7.0,7.0,,,,,,,,,
2026-02-25,,,,,,,,,,,,,,,,,,,,,,,
2026-02-25,,,,,,,,,,,,,,,,,,,,,,,
2026-02-25,,,,,,f,06:00:00,07:00:00,60.00000000000003,6.0,,,7.0,7.0,,,,,,,,,
2026-02-25,,,,,,,,,,,,,,,,,,,,,,,
2026-02-25,,,,,,,,,,,,,,,,,,,,,,,
2026-02-25,,,,,,,,,,,,,,,,,,,,,,,
2026-02-25,,,,,,,,,,,,,,,,,,,,,,,
2026-02-25,,,,,,s,16:00:00,17:00:00,60.00000000000011,4.0,,,4.0,4.0,,,,,,,,,
2026-02-25,,,,,,,,,,,,,,,,,,,,,,,
2026-02-25,,,,,,,,,,,,,,,,,,,,,,,
2026-02-25,,,,,,s,17:30:00,18:00:00,30.000000000000053,4.0,,,2.0,2.0,,,,,,,,,
2026-02-25,,,,,,,,,,,,,,,,,,,,,,,
2026-02-25,,,,,,,,,,,,,,,,,,,,,,,
2026-02-25,,,,,,s,18:00:00,19:00:00,59.99999999999995,4.0,,,4.0,4.0,,,,,,,,,
2026-02-25,,,,,,,,,,,,,,,,,,,,,,,
2026-02-25,,,,,,,,,,,,,,,,,,,,,Reinigung + Werkzeug einschließen,,
2026-02-25,,,,,,,,,,,,,,,,,,,,,,,
2026-02-25,,,,,,,,,,,,,,,,,,,,,,,
2026-02-25,,,,,,,,,,,,,,,,,,,,,,,
2026-02-25,,,,,,s,20:00:00,21:00:00,59.99999999999995,5.0,,,4.0,4.0,,,,,,,,,
2026-02-25,,,,,,,,,,,,,,,,15,,,,OP25,"Störung beim abholen von Blech, Robtech informiert",,
2026-02-25,,,,,,,,,,,,,,,,,,,,,,,
2026-02-25,,,,,,,21:00:00,21:45:00,45.0,5.0,,,2.0,2.0,,,,,,,,,
2026-02-25,,,,,,s,,,,,,,,,,15,,,,OP25,"Störung beim abholen von Blech, Robtech informiert",,
2026-02-25,,,,,,,,,,,,,,,,,,,,,Reinigung + Werkzeug einschließen,,
2026-02-25,,,,,,s,19:00:00,20:00:00,60.00000000000011,4.0,,,4.0,4.0,,,,,,,,,
2026-02-25,,,,,,s,14:00:00,15:00:00,59.99999999999995,5.0,,,5.0,5.0,,,,,,,,,
2026-02-25,,,,,,s,,,,,,,,,,15,,,,OP25,"Störung beim abholen von Blech, Robtech informiert",,
2026-02-25,,,,,,,,,,,,,,,,,,,,,,,
2026-02-25,,,,,,,,,,,,,,,,,,,,,,,
2026-02-25,,,,,,s,15:00:00,16:00:00,59.99999999999995,4.0,,,4.0,4.0,,,,,,,,,
2026-02-25,,,,,,,,,,,,,,,,,,,,,,,
2026-02-25,,,,,,,,,,,,,,,,,,,,,,,
2026-02-25,,,,,,s,16:00:00,17:00:00,60.00000000000011,4.0,,,4.0,4.0,,,,,,,,,
2026-02-25,,,,,,,,,,,,,,,,,,,,,,,
2026-02-25,,,,,,,,,,,,,,,,,,,,,,,
2026-02-25,,,,,,s,17:30:00,18:00:00,30.000000000000053,4.0,,,2.0,2.0,,,,,,,,,
2026-02-25,,,,,,,21:00:00,21:45:00,45.0,5.0,,,2.0,2.0,,,,,,,,,
2026-02-25,,,,,,,,,,,,,,,,,,,,,,,
2026-02-25,,,,,,s,18:00:00,19:00:00,59.99999999999995,4.0,,,4.0,4.0,,,,,,,,,
2026-02-25,,,,,,,,,,,,,,,,,,,,,,,
2026-02-25,,,,,,,,,,,,,,,,,,,,,,,
2026-02-25,,,,,,s,19:00:00,20:00:00,60.00000000000011,4.0,,,4.0,4.0,,,,,,,,,
2026-02-25,,,,,,,,,,,,,,,,,,,,,,,
2026-02-25,,,,,,,,,,,,,,,,,,,,,,,
2026-02-25,,,,,,s,20:00:00,21:00:00,59.99999999999995,5.0,,,4.0,4.0,,,,,,,,,
2026-02-25,,,,,,,,,,,,,,,,15,,,,OP25,"Störung beim abholen von Blech, Robtech informiert",,
2026-02-25,,,,,,,,,,,,,,,,,,,,,,,
2026-02-25,,,,,,f,12:00:00,13:15:00,75.00000000000006,6.0,,,7.0,7.0,,,,,,,,,
2026-02-25,,,,,,,,,,,,,,,,,,,,,,,
2026-02-25,,,,,,,,,,,,,,,,,,15,,,Reinigung,,
2026-02-25,,,,,,,,,,,,,,,,,,,,,,,
2026-02-25,,,,,,s,13:15:00,14:00:00,45.0,5.0,,,4.0,4.0,,,,15,,,Wartungsplan,,
2026-02-25,,,,,,,,,,,,,,,,,,15,,,Reinigung,,
2026-02-25,,,,,,,,,,,,,,,,,,,,,,,
2026-02-25,,,,,,f,12:00:00,13:15:00,75.00000000000006,6.0,,,7.0,7.0,,,,,,,,,
2026-02-25,,,,,,,,,,,,,,,,,,,,,,,
2026-02-25,,,,,,,,,,,,,,,,,,,,,,,
2026-02-25,,,,,,f,11:00:00,12:00:00,60.00000000000003,6.0,,1.0,6.0,7.0,,,,,,,,,
2026-02-25,,,,,,,,,,,,,,,,,,,,,,,
2026-02-25,,,,,,,,,,,,,,,,,,,,,,,
2026-02-25,,,,,,f,10:00:00,11:00:00,59.99999999999995,6.0,,,6.0,6.0,,,,,,,,,
2026-02-25,,,,,,,,,,,,,,,,,,,,,,,
2026-02-25,,,,,,,,,,,,,,,,,,,,,,,
2026-02-25,,,,,,f,09:30:00,10:00:00,30.000000000000053,6.0,,3.0,1.0,4.0,,,,,,,,,
2026-02-25,,,,,,,,,,,,,,,,,,,,,,,
2026-02-25,,,,,,,,,,,,,,,,,,,,,,,
2026-02-25,,,,,,,,,,,,,,,,,,,,,,,
2026-02-25,,,,,,,,,,,,,,,,,,,,,,,
2026-02-25,,,,,,f,07:00:00,08:00:00,59.99999999999995,6.0,,,7.0,7.0,,,,,,,,,
2026-02-25,,,,,,,,,,,,,,,,,,,,,,,
2026-02-25,,,,,,,,,,,,,,,,,,,,,,,
2026-02-25,,,,,,f,06:00:00,07:00:00,60.00000000000003,6.0,,,7.0,7.0,,,,,,,,,
2026-02-25,,,,,,,,,,,,,,,,,,,,,,,
2026-02-25,,,,,,,,,,,,,,,,10,,,,R 02,Schweißstörung .,,
2026-02-25,,,,,,f,04:45:00,06:00:00,75.00000000000001,6.0,,,6.0,6.0,,,,15,,,Wartungsplan,,
2026-02-25,,,,,,,,,,,,,,,,,,,,,,,
2026-02-25,,,,,,f,06:00:00,07:00:00,60.00000000000003,6.0,,,7.0,7.0,,,,,,,,,
2026-02-25,,,,,,,,,,,,,,,,,,,,,,,
2026-02-25,,,,,,,,,,,,,,,,10,,,,R 02,Schweißstörung .,,
2026-02-25,,,,,,f,04:45:00,06:00:00,75.00000000000001,6.0,,,6.0,6.0,,,,15,,,Wartungsplan,,
2026-02-25,,,,,,f,08:00:00,09:00:00,60.00000000000003,6.0,,,6.0,6.0,,,,,,,,,
2026-02-25,,,,,,s,14:00:00,15:00:00,59.99999999999995,5.0,,,5.0,5.0,,,,,,,,,
2026-02-25,,,,,,,,,,,,,,,,,,,,,,,
2026-02-25,,,,,,,,,,,,,,,,,,,,,,,
2026-02-25,,,,,,,,,,,,,,,,,,,,,,,
2026-02-25,,,,,,,,,,,,,,,,,,,,,,,
2026-02-25,,,,,,s,13:15:00,14:00:00,45.0,5.0,,,4.0,4.0,,,,15,,,Wartungsplan,,
2026-02-25,,,,,,,,,,,,,,,,,,,,,,,
2026-02-25,,,,,,,,,,,,,,,,,,,,,,,
2026-02-25,,,,,,s,15:00:00,16:00:00,59.99999999999995,4.0,,,4.0,4.0,,,,,,,,,
2026-02-25,,,,,,,,,,,,,,,,,,,,,,,
2026-02-25,,,,,,,,,,,,,,,,,,,,,,,
2026-02-25,,,,,,,,,,,,,,,,,,,,,,,
2026-02-25,,,,,,,,,,,,,,,,,,,,,,,
2026-02-25,,,,,,,,,,,,,,,,,,,,,,,
2026-02-25,,,,,,s,17:30:00,18:00:00,30.000000000000053,4.0,,,2.0,2.0,,,,,,,,,
2026-02-25,,,,,,,,,,,,,,,,,,,,,,,
2026-02-25,,,,,,,,,,,,,,,,,,,,,,,
2026-02-25,,,,,,s,18:00:00,19:00:00,59.99999999999995,4.0,,,4.0,4.0,,,,,,,,,
2026-02-25,,,,,,s,16:00:00,17:00:00,60.00000000000011,4.0,,,4.0,4.0,,,,,,,,,
2026-02-25,,,,,,,,,,,,,,,,,,,,,,,
2026-02-25,,,,,,s,15:00:00,16:00:00,59.99999999999995,4.0,,,4.0,4.0,,,,,,,,,
2026-02-25,,,,,,,,,,,,,,,,,,,,,,,
2026-02-25,,,,,,,,,,,,,,,,,,,,,,,
2026-02-25,,,,,,,,,,,,,,,,,,,,,Reinigung + Werkzeug einschließen,,
2026-02-25,,,,,,s,,,,,,,,,,15,,,,OP25,"Störung beim abholen von Blech, Robtech informiert",,
2026-02-25,,,,,,,21:00:00,21:45:00,45.0,5.0,,,2.0,2.0,,,,,,,,,
2026-02-25,,,,,,,,,,,,,,,,,,,,,,,
2026-02-25,,,,,,,,,,,,,,,,15,,,,OP25,"Störung beim abholen von Blech, Robtech informiert",,
2026-02-25,,,,,,s,20:00:00,21:00:00,59.99999999999995,5.0,,,4.0,4.0,,,,,,,,,
2026-02-25,,,,,,,,,,,,,,,,,,,,,,,
2026-02-25,,,,,,s,19:00:00,20:00:00,60.00000000000011,4.0,,,4.0,4.0,,,,,,,,,
2026-02-25,,,,,,,,,,,,,,,,,,,,,,,
2026-02-25,,,,,,,,,,,,,,,,,,,,,,,
2026-02-25,,,,,,,,,,,,,,,,,,,,,,,
2026-02-26,,,,,,s,15:00:00,16:00:00,59.99999999999995,4.0,,,4.0,4.0,,,,,,,,,
2026-02-26,,,,,,,,,,,,,,,,,,,,,,,
2026-02-26,,,,,,,,,,,,,,,,,,,,,,,
2026-02-26,,,,,,s,14:00:00,15:00:00,59.99999999999995,4.0,,,4.0,4.0,,,,,,,,,
2026-02-26,,,,,,,,,,,,,,,,,,,,,,,
2026-02-26,,,,,,s,13:15:00,14:00:00,45.0,4.0,,,2.0,2.0,,,,15,,,Wartungsplan,,
2026-02-26,,,,,,,,,,,,,,,,,,15,,,Reinigung,,
2026-02-26,,,,,,f,11:00:00,12:00:00,60.00000000000003,5.0,,,7.0,7.0,,,,,,,,,
2026-02-26,,,,,,f,12:00:00,13:15:00,75.00000000000006,5.0,,,7.0,7.0,,,,,,,,,
2026-02-26,,,,,,,,,,,,,,,,,,,,,,,
2026-02-26,,,,,,,,,,,,,,,,,,,,,,,
2026-02-26,,,,,,,,,,,,,,,,,,,,,,,
2026-02-26,,,,,,,,,,,,,,,,,,,,,,,
2026-02-26,,,,,,,,,,,,,,,,,,,,,,,
2026-02-26,,,,,,,,,,,,,,,,,,,,,,,
2026-02-26,,,,,,,,,,,,,,,,,,,,,,,
2026-02-26,,,,,,,21:00:00,21:45:00,45.0,4.0,,,1.0,1.0,,,,15,,,"Kran Störung, Schlosser informiert ( Kran nichtmehr Parallel und lässt sich nicht mehr bewegen",,
2026-02-26,,,,,,,,,,,,,,,,,,,,,,,
2026-02-26,,,,,,,,,,,,,,,,,,,,,,,
2026-02-26,,,,,,s,20:00:00,21:00:00,59.99999999999995,4.0,,,3.0,3.0,,,,15,,,"Kran Störung, Schlosser informiert ( Kran nichtmehr Parallel und lässt sich nicht mehr bewegen",,
2026-02-26,,,,,,,,,,,,,,,,,,,,,,,
2026-02-26,,,,,,s,19:00:00,20:00:00,60.00000000000011,4.0,,,4.0,4.0,,,,,,,,,
2026-02-26,,,,,,,,,,,,,,,,,,,,,,,
2026-02-26,,,,,,,,,,,,,,,,,,,,,,,
2026-02-26,,,,,,s,18:00:00,19:00:00,59.99999999999995,4.0,,,3.0,3.0,,,,,,,,,
2026-02-26,,,,,,,,,,,,,,,,,,,,,,,
2026-02-26,,,,,,,,,,,,,,,,,,,,,,,
2026-02-26,,,,,,s,17:30:00,18:00:00,30.000000000000053,4.0,,,2.0,2.0,,,,,,,,,
2026-02-26,,,,,,,,,,,,,,,,,,,,,,,
2026-02-26,,,,,,,,,,,,,,,,,,,,,,,
2026-02-26,,,,,,s,16:00:00,17:00:00,60.00000000000011,4.0,,,4.0,4.0,,,,,,,,,
2026-02-26,,,,,,,,,,,,,,,,,,,,,,,
2026-02-26,,,,,,,,,,,,,,,,10,,,,R 07,R.06  Störung   ( A.3.)  Robotec Informiert.,,
2026-02-26,,,,,,s,18:00:00,19:00:00,59.99999999999995,4.0,,,3.0,3.0,,,,,,,,,
2026-02-26,,,,,,,,,,,,,,,,,,,,,,,
2026-02-26,,,,,,,,,,,,,,,,,,,,,,,
2026-02-26,,,,,,s,20:00:00,21:00:00,59.99999999999995,4.0,,,3.0,3.0,,,,15,,,"Kran Störung, Schlosser informiert ( Kran nichtmehr Parallel und lässt sich nicht mehr bewegen",,
2026-02-26,,,,,,,,,,,,,,,,,,,,,,,
2026-02-26,,,,,,,,,,,,,,,,,,,,,,,
2026-02-26,,,,,,s,19:00:00,20:00:00,60.00000000000011,4.0,,,4.0,4.0,,,,,,,,,
2026-02-26,,,,,,,,,,,,,,,,,,,,,,,
2026-02-26,,,,,,,,,,,,,,,,,,,,,,,
2026-02-26,,,,,,,,,,,,,,,,,,,,,,,
2026-02-26,,,,,,,,,,,,,,,,,,,,,,,
2026-02-26,,,,,,,,,,,,,,,,,,,,,,,
2026-02-26,,,,,,s,17:30:00,18:00:00,30.000000000000053,4.0,,,2.0,2.0,,,,,,,,,
2026-02-26,,,,,,,,,,,,,,,,,,,,,,,
2026-02-26,,,,,,,,,,,,,,,,,,,,,,,
2026-02-26,,,,,,s,16:00:00,17:00:00,60.00000000000011,4.0,,,4.0,4.0,,,,,,,,,
2026-02-26,,,,,,s,,,,,,,,,,,,,,,,,
2026-02-26,,,,,,f,10:00:00,11:00:00,59.99999999999995,5.0,,4.0,2.0,6.0,,,,,,,,,
2026-02-26,,,,,,,21:00:00,21:45:00,45.0,4.0,,,1.0,1.0,,,,15,,,"Kran Störung, Schlosser informiert ( Kran nichtmehr Parallel und lässt sich nicht mehr bewegen",,
2026-02-26,,,,,,,,,,,,,,,,,,15,,,Reinigung + Werkzeug einschließen,,
2026-02-26,,,,,,,,,,,,,,,,,,,,,,,
2026-02-26,,,,,,f,09:30:00,10:00:00,30.000000000000053,5.0,,3.0,,3.0,,,,,,,,,
2026-02-26,,,,,,,,,,,,,,,,,,,,,,,
2026-02-26,,,,,,,,,,,,,,,,,10,,,, STW nachgearbeitet ,,
2026-02-26,,,,,,f,08:00:00,09:00:00,60.00000000000003,5.0,,3.0,3.0,6.0,,,,,,,,,
2026-02-26,,,,,,,,,,,,,,,,,,,,,,,
2026-02-26,,,,,,s,,,,,,,,,,,,,,,,,
2026-02-26,,,,,,,,,,,,,,,,,,,,,,,
2026-02-26,,,,,,,,,,,,,,,,,,,,,,,
2026-02-26,,,,,,,,,,,,,,,,,,,,,,,
2026-02-26,,,,,,f,06:00:00,07:00:00,60.00000000000003,5.0,,,7.0,7.0,,,,,,,,,
2026-02-26,,,,,,,,,,,,,,,,,,,,,,,
2026-02-26,,,,,,,,,,,,,,,,,,,,,,,
2026-02-26,,,,,,f,04:45:00,06:00:00,75.00000000000001,5.0,,,7.0,7.0,,,,15,,,Wartungsplan,,
2026-02-26,,,,,,f,07:00:00,08:00:00,59.99999999999995,5.0,,,7.0,7.0,,,,,,,,,
2026-02-26,,,,,,,,,,,,,,,,,,15,,,Reinigung + Werkzeug einschließen,,
2026-02-26,,,,,,s,13:15:00,14:00:00,45.0,4.0,,,2.0,2.0,,,,15,,,Wartungsplan,,
2026-02-26,,,,,,,,,,,,,,,,,,,,,,,
2026-02-26,,,,,,f,09:30:00,10:00:00,30.000000000000053,5.0,,3.0,,3.0,,,,,,,,,
2026-02-26,,,,,,,,,,,,,,,,,,,,,,,
2026-02-26,,,,,,,,,,,,,,,,,10,,,, STW nachgearbeitet ,,
2026-02-26,,,,,,f,08:00:00,09:00:00,60.00000000000003,5.0,,3.0,3.0,6.0,,,,,,,,,
2026-02-26,,,,,,,21:00:00,21:45:00,45.0,4.0,,,1.0,1.0,,,,15,,,"Kran Störung, Schlosser informiert ( Kran nichtmehr Parallel und lässt sich nicht mehr bewegen",,
2026-02-26,,,,,,,,,,,,,,,,,,,,,,,
2026-02-26,,,,,,f,07:00:00,08:00:00,59.99999999999995,5.0,,,7.0,7.0,,,,,,,,,
2026-02-26,,,,,,,,,,,,,,,,,,,,,,,
2026-02-26,,,,,,,,,,,,,,,,,,,,,,,
2026-02-26,,,,,,f,06:00:00,07:00:00,60.00000000000003,5.0,,,7.0,7.0,,,,,,,,,
2026-02-26,,,,,,,,,,,,,,,,,,,,,,,
2026-02-26,,,,,,,,,,,,,,,,,,,,,,,
2026-02-26,,,,,,f,04:45:00,06:00:00,75.00000000000001,5.0,,,7.0,7.0,,,,15,,,Wartungsplan,,
2026-02-26,,,,,,f,04:45:00,06:00:00,75.00000000000001,5.0,,,7.0,7.0,,,,15,,,Wartungsplan,,
2026-02-26,,,,,,,,,,,,,,,,,,,,,,,
2026-02-26,,,,,,,,,,,,,,,,,,,,,,,
2026-02-26,,,,,,f,06:00:00,07:00:00,60.00000000000003,5.0,,,7.0,7.0,,,,,,,,,
2026-02-26,,,,,,,,,,,,,,,,,,,,,,,
2026-02-26,,,,,,,,,,,,,,,,,,,,,,,
2026-02-26,,,,,,f,07:00:00,08:00:00,59.99999999999995,5.0,,,7.0,7.0,,,,,,,,,
2026-02-26,,,,,,,,,,,,,,,,,,,,,,,
2026-02-26,,,,,,,,,,,,,,,,,,,,,,,
2026-02-26,,,,,,f,08:00:00,09:00:00,60.00000000000003,5.0,,3.0,3.0,6.0,,,,,,,,,
2026-02-26,,,,,,,,,,,,,,,,,10,,,, STW nachgearbeitet ,,
2026-02-26,,,,,,,,,,,,,,,,,,,,,,,
2026-02-26,,,,,,f,09:30:00,10:00:00,30.000000000000053,5.0,,3.0,,3.0,,,,,,,,,
2026-02-26,,,,,,,,,,,,,,,,,,,,,,,
2026-02-26,,,,,,,,,,,,,,,,,,,,,,,
2026-02-26,,,,,,f,10:00:00,11:00:00,59.99999999999995,5.0,,4.0,2.0,6.0,,,,,,,,,
2026-02-26,,,,,,,,,,,,,,,,,,,,,,,
2026-02-26,,,,,,,,,,,,,,,,10,,,,R 07,R.06  Störung   ( A.3.)  Robotec Informiert.,,
2026-02-26,,,,,,,,,,,,,,,,,,,,,,,
2026-02-26,,,,,,,,,,,,,,,,10,,,,R 07,R.06  Störung   ( A.3.)  Robotec Informiert.,,
2026-02-26,,,,,,s,20:00:00,21:00:00,59.99999999999995,4.0,,,3.0,3.0,,,,15,,,"Kran Störung, Schlosser informiert ( Kran nichtmehr Parallel und lässt sich nicht mehr bewegen",,
2026-02-26,,,,,,,,,,,,,,,,,,,,,,,
2026-02-26,,,,,,,,,,,,,,,,,,,,,,,
2026-02-26,,,,,,s,19:00:00,20:00:00,60.00000000000011,4.0,,,4.0,4.0,,,,,,,,,
2026-02-26,,,,,,,,,,,,,,,,,,,,,,,
2026-02-26,,,,,,,,,,,,,,,,,,,,,,,
2026-02-26,,,,,,s,18:00:00,19:00:00,59.99999999999995,4.0,,,3.0,3.0,,,,,,,,,
2026-02-26,,,,,,,,,,,,,,,,,,,,,,,
2026-02-26,,,,,,,,,,,,,,,,,,,,,,,
2026-02-26,,,,,,s,17:30:00,18:00:00,30.000000000000053,4.0,,,2.0,2.0,,,,,,,,,
2026-02-26,,,,,,,,,,,,,,,,,,,,,,,
2026-02-26,,,,,,,,,,,,,,,,,,,,,,,
2026-02-26,,,,,,s,16:00:00,17:00:00,60.00000000000011,4.0,,,4.0,4.0,,,,,,,,,
2026-02-26,,,,,,,,,,,,,,,,,,,,,,,
2026-02-26,,,,,,,,,,,,,,,,,,,,,,,
2026-02-26,,,,,,s,15:00:00,16:00:00,59.99999999999995,4.0,,,4.0,4.0,,,,,,,,,
2026-02-26,,,,,,,,,,,,,,,,,,,,,,,
2026-02-26,,,,,,,,,,,,,,,,,,,,,,,
2026-02-26,,,,,,s,14:00:00,15:00:00,59.99999999999995,4.0,,,4.0,4.0,,,,,,,,,
2026-02-26,,,,,,,,,,,,,,,,,,,,,,,
2026-02-26,,,,,,,,,,,,,,,,,,,,,,,
2026-02-26,,,,,,s,13:15:00,14:00:00,45.0,4.0,,,2.0,2.0,,,,15,,,Wartungsplan,,
2026-02-26,,,,,,,,,,,,,,,,,,15,,,Reinigung,,
2026-02-26,,,,,,,,,,,,,,,,,,,,,,,
2026-02-26,,,,,,f,12:00:00,13:15:00,75.00000000000006,5.0,,,7.0,7.0,,,,,,,,,
2026-02-26,,,,,,,,,,,,,,,,,,,,,,,
2026-02-26,,,,,,,,,,,,,,,,,,,,,,,
2026-02-26,,,,,,f,11:00:00,12:00:00,60.00000000000003,5.0,,,7.0,7.0,,,,,,,,,
2026-02-26,,,,,,,,,,,,,,,,,,,,,,,
2026-02-26,,,,,,f,10:00:00,11:00:00,59.99999999999995,5.0,,4.0,2.0,6.0,,,,,,,,,
2026-02-26,,,,,,,,,,,,,,,,,,,,,,,
2026-02-26,,,,,,,,,,,,,,,,,,,,,,,
2026-02-26,,,,,,,,,,,,,,,,,,,,,,,
2026-02-26,,,,,,f,11:00:00,12:00:00,60.00000000000003,5.0,,,7.0,7.0,,,,,,,,,
2026-02-26,,,,,,,,,,,,,,,,,,15,,,Reinigung + Werkzeug einschließen,,
2026-02-26,,,,,,,,,,,,,,,,,,,,,,,
2026-02-26,,,,,,,,,,,,,,,,,,,,,,,
2026-02-26,,,,,,s,15:00:00,16:00:00,59.99999999999995,4.0,,,4.0,4.0,,,,,,,,,
2026-02-26,,,,,,,,,,,,,,,,,,,,,,,
2026-02-26,,,,,,,,,,,,,,,,,,,,,,,
2026-02-26,,,,,,,,,,,,,,,,,,,,,,,
2026-02-26,,,,,,,,,,,,,,,,,,,,,,,
2026-02-26,,,,,,,,,,,,,,,,,,,,,,,
2026-02-26,,,,,,s,,,,,,,,,,,,,,,,,
2026-02-26,,,,,,,,,,,,,,,,,,15,,,Reinigung,,
2026-02-26,,,,,,,,,,,,,,,,,,,,,,,
2026-02-26,,,,,,f,12:00:00,13:15:00,75.00000000000006,5.0,,,7.0,7.0,,,,,,,,,
2026-02-26,,,,,,s,14:00:00,15:00:00,59.99999999999995,4.0,,,4.0,4.0,,,,,,,,,
2026-02-26,,,,,,,,,,,,,,,,,,,,,,,
2026-03-02,,,,,,s,16:00:00,17:00:00,60.00000000000011,5.0,,4.0,2.0,6.0,,,,,,,,,
2026-03-02,,,,,,,,,,,,,,,,,,,,,,,
2026-03-02,,,,,,,,,,,,,,,,,,,,,,,
2026-03-02,,,,,,,,,,,,,,,,,,,,,,,
2026-03-02,,,,,,,,,,,,,,,,,,,,,,,
2026-03-02,,,,,,,,,,,,,,,,,,,,,,,
2026-03-02,,,,,,s,14:00:00,15:00:00,59.99999999999995,5.0,,5.0,1.0,6.0,,,,,,,,,
2026-03-02,,,,,,s,15:00:00,16:00:00,59.99999999999995,5.0,,6.0,,6.0,,,,,,,,,
2026-03-02,,,,,,,,,,,,,,,,,,,,,,,
2026-03-02,,,,,,,,,,,,,,,,,,,,,,,
2026-03-02,,,,,,,,,,,,,,,,,,,,,,,
2026-03-02,,,,,,,,,,,,,,,,,,,,,,,
2026-03-02,,,,,,s,18:00:00,19:00:00,59.99999999999995,5.0,,1.0,5.0,6.0,,,,,,,,,
2026-03-02,,,,,,,,,,,,,,,,,,,,,,,
2026-03-02,,,,,,,,,,,,,,,,,,,,,,,
2026-03-02,,,,,,s,19:00:00,20:00:00,60.00000000000011,5.0,,,6.0,6.0,,,,,,,,,
2026-03-02,,,,,,,,,,,,,,,,,,,,,,,
2026-03-02,,,,,,,,,,,,,,,,,,,,,,,
2026-03-02,,,,,,s,20:00:00,21:00:00,59.99999999999995,5.0,,,6.0,6.0,,,,,,,,,
2026-03-02,,,,,,,,,,,,,,,,,,,,,,,
2026-03-02,,,,,,,,,,,,,,,,,,,,,,,
2026-03-02,,,,,,s,17:30:00,18:00:00,30.000000000000053,5.0,,3.0,,3.0,,,,,,,,,
2026-03-02,,,,,,,,,,,,,,,,,,,,,,,
2026-03-02,,,,,,f,12:00:00,13:15:00,75.00000000000006,3.0,,,3.0,3.0,,,,,,,,,
2026-03-02,,,,,,,,,,,,,,,,,,,,,,,
2026-03-02,,,,,,f,04:45:00,06:00:00,75.00000000000001,3.0,,,3.0,3.0,,,,,,,,,
2026-03-02,,,,,,,,,,,,,,,,,,,,,,,
2026-03-02,,,,,,,,,,,,,,,,,,,,,,,
2026-03-02,,,,,,f,06:00:00,07:00:00,60.00000000000003,3.0,,,3.0,3.0,,,,,,,,,
2026-03-02,,,,,,,,,,,,,,,,,,,,,,,
2026-03-02,,,,,,,,,,,,,,,,,,,,,,,
2026-03-02,,,,,,f,07:00:00,08:00:00,59.99999999999995,3.0,,,3.0,3.0,,,,,,,,,
2026-03-02,,,,,,,,,,,,,,,,,,,,,,,
2026-03-02,,,,,,,,,,,,,,,,,,,,,,,
2026-03-02,,,,,,f,08:00:00,09:00:00,60.00000000000003,3.0,,,3.0,3.0,,,,,,,,,
2026-03-02,,,,,,,,,,,,,,,,,,,,,,,
2026-03-02,,,,,,,,,,,,,,,,,,,,,,,
2026-03-02,,,,,,f,09:30:00,10:00:00,30.000000000000053,1.0,,,1.0,1.0,,,,,,,,,
2026-03-02,,,,,,,,,,,,,,,,,,,,,,,
2026-03-02,,,,,,,,,,,,,,,,,,,,,,,
2026-03-02,,,,,,f,10:00:00,11:00:00,59.99999999999995,3.0,,,3.0,3.0,,,,,,,,,
2026-03-02,,,,,,,,,,,,,,,,,,,,,,,
2026-03-02,,,,,,f,11:00:00,12:00:00,60.00000000000003,3.0,,,3.0,3.0,,,,,,,,,
2026-03-02,,,,,,,,,,,,,,,,,,,,,,,
2026-03-02,,,,,,,,,,,,,,,,,,,,,,,
2026-03-02,,,,,,,,,,,,,,,,,,,,,,,
2026-03-02,,,,,,s,13:15:00,14:00:00,45.0,5.0,,,3.0,3.0,,,,15,,,Wartungsplan,,
2026-03-02,,,,,,,,,,,,,,,,,,,,,,,
2026-03-02,,,,,,,,,,,,,,,,,,,,,,,
2026-03-02,,,,,,,21:00:00,21:45:00,45.0,5.0,,,1.0,1.0,,,10,,,, STW nachgearbeitet ,,
2026-03-02,,,,,,,,,,,,,,,,,,,,,,,
2026-03-02,,,,,,,,,,,,,,,,,,,,,,,
2026-03-02,,,,,,f,12:00:00,13:15:00,75.00000000000006,3.0,,,3.0,3.0,,,,,,,,,
2026-03-02,,,,,,,,,,,,,,,,,,,,,,,
2026-03-02,,,,,,,,,,,,,,,,,,,,,,,
2026-03-02,,,,,,f,11:00:00,12:00:00,60.00000000000003,3.0,,,3.0,3.0,,,,,,,,,
2026-03-02,,,,,,,,,,,,,,,,,,,,,,,
2026-03-02,,,,,,,,,,,,,,,,,,,,,,,
2026-03-02,,,,,,f,10:00:00,11:00:00,59.99999999999995,3.0,,,3.0,3.0,,,,,,,,,
2026-03-02,,,,,,f,04:45:00,06:00:00,75.00000000000001,3.0,,,3.0,3.0,,,,,,,,,
2026-03-02,,,,,,s,13:15:00,14:00:00,45.0,5.0,,,3.0,3.0,,,,15,,,Wartungsplan,,
2026-03-02,,,,,,,,,,,,,,,,,,,,,,,
2026-03-02,,,,,,f,06:00:00,07:00:00,60.00000000000003,3.0,,,3.0,3.0,,,,,,,,,
2026-03-02,,,,,,,,,,,,,,,,,,,,,,,
2026-03-02,,,,,,,,,,,,,,,,,,,,,,,
2026-03-02,,,,,,f,07:00:00,08:00:00,59.99999999999995,3.0,,,3.0,3.0,,,,,,,,,
2026-03-02,,,,,,,,,,,,,,,,,,,,,,,
2026-03-02,,,,,,,,,,,,,,,,,,,,,,,
2026-03-02,,,,,,f,08:00:00,09:00:00,60.00000000000003,3.0,,,3.0,3.0,,,,,,,,,
2026-03-02,,,,,,,,,,,,,,,,,,,,,,,
2026-03-02,,,,,,,,,,,,,,,,,,,,,,,
2026-03-02,,,,,,f,09:30:00,10:00:00,30.000000000000053,1.0,,,1.0,1.0,,,,,,,,,
2026-03-02,,,,,,,,,,,,,,,,,,,,,,,
2026-03-02,,,,,,,,,,,,,,,,,,,,,,,
2026-03-02,,,,,,,,,,,,,,,,,,,,,,,
2026-03-02,,,,,,s,14:00:00,15:00:00,59.99999999999995,5.0,,5.0,1.0,6.0,,,,,,,,,
2026-03-02,,,,,,,,,,,,,,,,,,15,,,Reinigung + Werkzeug einschließen,,
2026-03-02,,,,,,s,,,,,,,,,,,,,,,,,
2026-03-02,,,,,,,21:00:00,21:45:00,45.0,5.0,,,1.0,1.0,,,10,,,, STW nachgearbeitet ,,
2026-03-02,,,,,,,,,,,,,,,,,,,,,,,
2026-03-02,,,,,,,,,,,,,,,,,,,,,,,
2026-03-02,,,,,,s,20:00:00,21:00:00,59.99999999999995,5.0,,,6.0,6.0,,,,,,,,,
2026-03-02,,,,,,,,,,,,,,,,,,,,,,,
2026-03-02,,,,,,,,,,,,,,,,,,,,,,,
2026-03-02,,,,,,s,19:00:00,20:00:00,60.00000000000011,5.0,,,6.0,6.0,,,,,,,,,
2026-03-02,,,,,,,,,,,,,,,,,,,,,,,
2026-03-02,,,,,,,,,,,,,,,,,,,,,,,
2026-03-02,,,,,,s,18:00:00,19:00:00,59.99999999999995,5.0,,1.0,5.0,6.0,,,,,,,,,
2026-03-02,,,,,,,,,,,,,,,,,,,,,,,
2026-03-02,,,,,,,,,,,,,,,,,,,,,,,
2026-03-02,,,,,,s,17:30:00,18:00:00,30.000000000000053,5.0,,3.0,,3.0,,,,,,,,,
2026-03-02,,,,,,,,,,,,,,,,,,,,,,,
2026-03-02,,,,,,,,,,,,,,,,,,,,,,,
2026-03-02,,,,,,s,16:00:00,17:00:00,60.00000000000011,5.0,,4.0,2.0,6.0,,,,,,,,,
2026-03-02,,,,,,,,,,,,,,,,,,,,,,,
2026-03-02,,,,,,,,,,,,,,,,,,,,,,,
2026-03-02,,,,,,s,15:00:00,16:00:00,59.99999999999995,5.0,,6.0,,6.0,,,,,,,,,
2026-03-02,,,,,,,,,,,,,,,,,,,,,,,
2026-03-02,,,,,,,,,,,,,,,,,,,,,,,
2026-03-02,,,,,,,,,,,,,,,,,,,,,,,
2026-03-02,,,,,,,,,,,,,,,,,,15,,,Reinigung + Werkzeug einschließen,,
2026-03-02,,,,,,s,,,,,,,,,,,,,,,,,
2026-03-02,,,,,,f,07:00:00,08:00:00,59.99999999999995,3.0,,,3.0,3.0,,,,,,,,,
2026-03-02,,,,,,,,,,,,,,,,,,,,,,,
2026-03-02,,,,,,,,,,,,,,,,,,,,,,,
2026-03-02,,,,,,s,13:15:00,14:00:00,45.0,5.0,,,3.0,3.0,,,,15,,,Wartungsplan,,
2026-03-02,,,,,,,,,,,,,,,,,,,,,,,
2026-03-02,,,,,,,,,,,,,,,,,,,,,,,
2026-03-02,,,,,,f,12:00:00,13:15:00,75.00000000000006,3.0,,,3.0,3.0,,,,,,,,,
2026-03-02,,,,,,,,,,,,,,,,,,,,,,,
2026-03-02,,,,,,f,11:00:00,12:00:00,60.00000000000003,3.0,,,3.0,3.0,,,,,,,,,
2026-03-02,,,,,,,,,,,,,,,,,,,,,,,
2026-03-02,,,,,,,,,,,,,,,,,,,,,,,
2026-03-02,,,,,,f,10:00:00,11:00:00,59.99999999999995,3.0,,,3.0,3.0,,,,,,,,,
2026-03-02,,,,,,,,,,,,,,,,,,,,,,,
2026-03-02,,,,,,,,,,,,,,,,,,,,,,,
2026-03-02,,,,,,f,09:30:00,10:00:00,30.000000000000053,1.0,,,1.0,1.0,,,,,,,,,
2026-03-02,,,,,,,,,,,,,,,,,,,,,,,
2026-03-02,,,,,,,,,,,,,,,,,,,,,,,
2026-03-02,,,,,,f,08:00:00,09:00:00,60.00000000000003,3.0,,,3.0,3.0,,,,,,,,,
2026-03-02,,,,,,,,,,,,,,,,,,,,,,,
2026-03-02,,,,,,,,,,,,,,,,,,,,,,,
2026-03-02,,,,,,,,,,,,,,,,,,,,,,,
2026-03-02,,,,,,,,,,,,,,,,,,,,,,,
2026-03-02,,,,,,f,06:00:00,07:00:00,60.00000000000003,3.0,,,3.0,3.0,,,,,,,,,
2026-03-02,,,,,,,,,,,,,,,,,,,,,,,
2026-03-02,,,,,,,,,,,,,,,,,,,,,,,
2026-03-02,,,,,,f,04:45:00,06:00:00,75.00000000000001,3.0,,,3.0,3.0,,,,,,,,,
2026-03-02,,,,,,s,14:00:00,15:00:00,59.99999999999995,5.0,,5.0,1.0,6.0,,,,,,,,,
2026-03-02,,,,,,,,,,,,,,,,,,,,,,,
2026-03-02,,,,,,,,,,,,,,,,,,,,,,,
2026-03-02,,,,,,s,15:00:00,16:00:00,59.99999999999995,5.0,,6.0,,6.0,,,,,,,,,
2026-03-02,,,,,,,,,,,,,,,,,,,,,,,
2026-03-02,,,,,,s,,,,,,,,,,,,,,,,,
2026-03-02,,,,,,,21:00:00,21:45:00,45.0,5.0,,,1.0,1.0,,,10,,,, STW nachgearbeitet ,,
2026-03-02,,,,,,,,,,,,,,,,,,,,,,,
2026-03-02,,,,,,,,,,,,,,,,,,,,,,,
2026-03-02,,,,,,s,20:00:00,21:00:00,59.99999999999995,5.0,,,6.0,6.0,,,,,,,,,
2026-03-02,,,,,,,,,,,,,,,,,,,,,,,
2026-03-02,,,,,,,,,,,,,,,,,,,,,,,
2026-03-02,,,,,,s,19:00:00,20:00:00,60.00000000000011,5.0,,,6.0,6.0,,,,,,,,,
2026-03-02,,,,,,,,,,,,,,,,,,,,,,,
2026-03-02,,,,,,,,,,,,,,,,,,15,,,Reinigung + Werkzeug einschließen,,
2026-03-02,,,,,,s,18:00:00,19:00:00,59.99999999999995,5.0,,1.0,5.0,6.0,,,,,,,,,
2026-03-02,,,,,,,,,,,,,,,,,,,,,,,
2026-03-02,,,,,,,,,,,,,,,,,,,,,,,
2026-03-02,,,,,,s,16:00:00,17:00:00,60.00000000000011,5.0,,4.0,2.0,6.0,,,,,,,,,
2026-03-02,,,,,,,,,,,,,,,,,,,,,,,
2026-03-02,,,,,,,,,,,,,,,,,,,,,,,
2026-03-02,,,,,,s,17:30:00,18:00:00,30.000000000000053,5.0,,3.0,,3.0,,,,,,,,,
2026-03-02,,,,,,,,,,,,,,,,,,,,,,,
2026-03-02,,,,,,,,,,,,,,,,,,,,,,,
2026-03-02,,,,,,,,,,,,,,,,,,,,,,,
2026-03-03,,,,,,s,14:00:00,15:00:00,59.99999999999995,3.0,,,4.0,4.0,,,,,,,,,
2026-03-03,,,,,,,,,,,,,,,,,,,,,,,
2026-03-03,,,,,,s,17:30:00,18:00:00,30.000000000000053,3.0,,,2.0,2.0,,,,,,,,,
2026-03-03,,,,,,,,,,,,,,,,,,,,,,,
2026-03-03,,,,,,s,15:00:00,16:00:00,59.99999999999995,3.0,,,4.0,4.0,,,,,,,,,
2026-03-03,,,,,,,,,,,,,,,,,,,,,,,
2026-03-03,,,,,,,,,,,,,,,,,,,,,,,
2026-03-03,,,,,,s,16:00:00,17:00:00,60.00000000000011,3.0,,,4.0,4.0,,,,,,,,,
2026-03-03,,,,,,,,,,,,,,,,,,,,,,,
2026-03-03,,,,,,,,,,,,,,,,,,,,,,,
2026-03-03,,,,,,,,,,,,,,,,,,,,,,,
2026-03-03,,,,,,s,19:00:00,20:00:00,60.00000000000011,3.0,,2.0,2.0,4.0,,,,,,,,,
2026-03-03,,,,,,s,18:00:00,19:00:00,59.99999999999995,3.0,,,4.0,4.0,,,,,,,,,
2026-03-03,,,,,,,,,,,,,,,,,,,,,,,
2026-03-03,,,,,,,,,,,,,,,,,,,,,,,
2026-03-03,,,,,,,21:00:00,21:45:00,45.0,3.0,,1.0,,1.0,,,10,,,, STW nachgearbeitet ,,
2026-03-03,,,,,,,,,,,,,,,,,,,,,,,
2026-03-03,,,,,,,,,,,,,,,,,,,,,,,
2026-03-03,,,,,,s,20:00:00,21:00:00,59.99999999999995,3.0,,4.0,,4.0,,,,,,,,,
2026-03-03,,,,,,,,,,,,,,,,,,,,,,,
2026-03-03,,,,,,,,,,,,,,,,,,,,,,,
2026-03-03,,,,,,,,,,,,,,,,,,,,,,,
2026-03-03,,,,,,,,,,,,,,,,,,,,,,,
2026-03-03,,,,,,,,,,,,,,,,,,,,,,,
2026-03-03,,,,,,,21:00:00,21:45:00,45.0,3.0,,1.0,,1.0,,,10,,,, STW nachgearbeitet ,,
2026-03-03,,,,,,,,,,,,,,,,,,15,,,Reinigung,,
2026-03-03,,,,,,,,,,,,,,,,,,,,,,,
2026-03-03,,,,,,f,06:00:00,07:00:00,60.00000000000003,4.0,,,4.0,4.0,,,,,,,,,
2026-03-03,,,,,,,,,,,,,,,,,,,,,,,
2026-03-03,,,,,,,,,,,,,,,,,,10,,OP 25,Schrittketten störung (RobTech an der Anlage),,
2026-03-03,,,,,,f,07:00:00,08:00:00,59.99999999999995,4.0,,,4.0,4.0,,,,10,,OP 25,Schrittketten störung (RobTech an der Anlage),,
2026-03-03,,,,,,s,,,,,,,,,,,,,,,,,
2026-03-03,,,,,,,,,,,,,,,,,,,,,,,
2026-03-03,,,,,,,,,,,,,,,,,,,,,,,
2026-03-03,,,,,,s,,,,,,,,,,,,,,,,,
2026-03-03,,,,,,,,,,,,,,,,,,,,,,,
2026-03-03,,,,,,s,13:15:00,14:00:00,45.0,3.0,,,3.0,3.0,,,,15,,,Wartungsplan,,
2026-03-03,,,,,,,,,,,,,,,,,,,,,,,
2026-03-03,,,,,,,,,,,,,,,,,,,,,,,
2026-03-03,,,,,,,,,,,,,,,,,,,,,,,
2026-03-03,,,,,,f,10:00:00,11:00:00,59.99999999999995,4.0,,,5.0,5.0,,,,,,,,,
2026-03-03,,,,,,,,,,,,,,,,,,,,,,,
2026-03-03,,,,,,,,,,,,,,,,,,,,,,,
2026-03-03,,,,,,f,11:00:00,12:00:00,60.00000000000003,4.0,,,4.0,4.0,,,,,,,,,
2026-03-03,,,,,,,,,,,,,,,,,,,,,,,
2026-03-03,,,,,,,,,,,,,,,,,,,,,,,
2026-03-03,,,,,,f,12:00:00,13:15:00,75.00000000000006,4.0,,,5.0,5.0,,,,,,,,,
2026-03-03,,,,,,,,,,,,,,,,,,,,,,,
2026-03-03,,,,,,f,09:30:00,10:00:00,30.000000000000053,4.0,,,2.0,2.0,,,,,,,,,
2026-03-03,,,,,,,,,,,,,,,,,,15,,,Reinigung + Werkzeug einschließen,,
2026-03-03,,,,,,,,,,,,,,,,,,,,,,,
2026-03-03,,,,,,s,,,,,,,,,,,,,,,,,
2026-03-03,,,,,,,,,,,,,,,,,,,,,,,
2026-03-03,,,,,,f,12:00:00,13:15:00,75.00000000000006,4.0,,,5.0,5.0,,,,,,,,,
2026-03-03,,,,,,,,,,,,,,,,,,,,,,,
2026-03-03,,,,,,,,,,,,,,,,,,,,,,,
2026-03-03,,,,,,f,11:00:00,12:00:00,60.00000000000003,4.0,,,4.0,4.0,,,,,,,,,
2026-03-03,,,,,,,,,,,,,,,,,,,,,,,
2026-03-03,,,,,,,,,,,,,,,,,,,,,,,
2026-03-03,,,,,,f,10:00:00,11:00:00,59.99999999999995,4.0,,,5.0,5.0,,,,,,,,,
2026-03-03,,,,,,,,,,,,,,,,,,,,,,,
2026-03-03,,,,,,,,,,,,,,,,,,,,,,,
2026-03-03,,,,,,f,09:30:00,10:00:00,30.000000000000053,4.0,,,2.0,2.0,,,,,,,,,
2026-03-03,,,,,,,,,,,,,,,,,,,,,,,
2026-03-03,,,,,,,,,,,,,,,,,,,,,,,
2026-03-03,,,,,,f,08:00:00,09:00:00,60.00000000000003,4.0,,,5.0,5.0,,,,,,,,,
2026-03-03,,,,,,,,,,,,,,,,,,,,,,,
2026-03-03,,,,,,,,,,,,,,,,,,,,,,,
2026-03-03,,,,,,f,04:45:00,06:00:00,75.00000000000001,4.0,,,4.0,4.0,,,,15,,,Wartungsplan + Tauschbox ,,
2026-03-03,,,,,,,,,,,,,,,,,,,,,,,
2026-03-03,,,,,,,,,,,,,,,,,,,,,,,
2026-03-03,,,,,,f,06:00:00,07:00:00,60.00000000000003,4.0,,,4.0,4.0,,,,,,,,,
2026-03-03,,,,,,,,,,,,,,,,,,,,,,,
2026-03-03,,,,,,,,,,,,,,,,,,15,,,Reinigung,,
2026-03-03,,,,,,s,13:15:00,14:00:00,45.0,3.0,,,3.0,3.0,,,,15,,,Wartungsplan,,
2026-03-03,,,,,,,,,,,,,,,,,,,,,,,
2026-03-03,,,,,,,,,,,,,,,,,,,,,,,
2026-03-03,,,,,,,21:00:00,21:45:00,45.0,3.0,,1.0,,1.0,,,10,,,, STW nachgearbeitet ,,
2026-03-03,,,,,,,,,,,,,,,,,,,,,,,
2026-03-03,,,,,,,,,,,,,,,,,,,,,,,
2026-03-03,,,,,,s,20:00:00,21:00:00,59.99999999999995,3.0,,4.0,,4.0,,,,,,,,,
2026-03-03,,,,,,,,,,,,,,,,,,,,,,,
2026-03-03,,,,,,,,,,,,,,,,,,,,,,,
2026-03-03,,,,,,s,19:00:00,20:00:00,60.00000000000011,3.0,,2.0,2.0,4.0,,,,,,,,,
2026-03-03,,,,,,,,,,,,,,,,,,,,,,,
2026-03-03,,,,,,,,,,,,,,,,,,,,,,,
2026-03-03,,,,,,s,18:00:00,19:00:00,59.99999999999995,3.0,,,4.0,4.0,,,,,,,,,
2026-03-03,,,,,,,,,,,,,,,,,,15,,,Reinigung + Werkzeug einschließen,,
2026-03-03,,,,,,,,,,,,,,,,,,,,,,,
2026-03-03,,,,,,s,17:30:00,18:00:00,30.000000000000053,3.0,,,2.0,2.0,,,,,,,,,
2026-03-03,,,,,,,,,,,,,,,,,,,,,,,
2026-03-03,,,,,,,,,,,,,,,,,,,,,,,
2026-03-03,,,,,,s,16:00:00,17:00:00,60.00000000000011,3.0,,,4.0,4.0,,,,,,,,,
2026-03-03,,,,,,,,,,,,,,,,,,,,,,,
2026-03-03,,,,,,,,,,,,,,,,,,,,,,,
2026-03-03,,,,,,s,15:00:00,16:00:00,59.99999999999995,3.0,,,4.0,4.0,,,,,,,,,
2026-03-03,,,,,,,,,,,,,,,,,,,,,,,
2026-03-03,,,,,,,,,,,,,,,,,,,,,,,
2026-03-03,,,,,,s,14:00:00,15:00:00,59.99999999999995,3.0,,,4.0,4.0,,,,,,,,,
2026-03-03,,,,,,,,,,,,,,,,,,,,,,,
2026-03-03,,,,,,f,04:45:00,06:00:00,75.00000000000001,4.0,,,4.0,4.0,,,,15,,,Wartungsplan + Tauschbox ,,
2026-03-03,,,,,,f,08:00:00,09:00:00,60.00000000000003,4.0,,,5.0,5.0,,,,,,,,,
2026-03-03,,,,,,,,,,,,,,,,,,10,,OP 25,Schrittketten störung (RobTech an der Anlage),,
2026-03-03,,,,,,,,,,,,,,,,,,,,,,,
2026-03-03,,,,,,,,,,,,,,,,,,,,,,,
2026-03-03,,,,,,f,11:00:00,12:00:00,60.00000000000003,4.0,,,4.0,4.0,,,,,,,,,
2026-03-03,,,,,,,,,,,,,,,,,,,,,,,
2026-03-03,,,,,,,,,,,,,,,,,,,,,,,
2026-03-03,,,,,,f,10:00:00,11:00:00,59.99999999999995,4.0,,,5.0,5.0,,,,,,,,,
2026-03-03,,,,,,,,,,,,,,,,,,,,,,,
2026-03-03,,,,,,,,,,,,,,,,,,,,,,,
2026-03-03,,,,,,f,09:30:00,10:00:00,30.000000000000053,4.0,,,2.0,2.0,,,,,,,,,
2026-03-03,,,,,,,,,,,,,,,,,,,,,,,
2026-03-03,,,,,,f,12:00:00,13:15:00,75.00000000000006,4.0,,,5.0,5.0,,,,,,,,,
2026-03-03,,,,,,,,,,,,,,,,,,,,,,,
2026-03-03,,,,,,,,,,,,,,,,,,,,,,,
2026-03-03,,,,,,f,07:00:00,08:00:00,59.99999999999995,4.0,,,4.0,4.0,,,,10,,OP 25,Schrittketten störung (RobTech an der Anlage),,
2026-03-03,,,,,,,,,,,,,,,,,,10,,OP 25,Schrittketten störung (RobTech an der Anlage),,
2026-03-03,,,,,,,,,,,,,,,,,,,,,,,
2026-03-03,,,,,,f,06:00:00,07:00:00,60.00000000000003,4.0,,,4.0,4.0,,,,,,,,,
2026-03-03,,,,,,,,,,,,,,,,,,,,,,,
2026-03-03,,,,,,,,,,,,,,,,,,,,,,,
2026-03-03,,,,,,f,04:45:00,06:00:00,75.00000000000001,4.0,,,4.0,4.0,,,,15,,,Wartungsplan + Tauschbox ,,
2026-03-03,,,,,,,,,,,,,,,,,,15,,,Reinigung + Werkzeug einschließen,,
2026-03-03,,,,,,f,07:00:00,08:00:00,59.99999999999995,4.0,,,4.0,4.0,,,,10,,OP 25,Schrittketten störung (RobTech an der Anlage),,
2026-03-03,,,,,,f,08:00:00,09:00:00,60.00000000000003,4.0,,,5.0,5.0,,,,,,,,,
2026-03-03,,,,,,,,,,,,,,,,,,,,,,,
2026-03-03,,,,,,,,,,,,,,,,,,,,,,,
2026-03-03,,,,,,s,13:15:00,14:00:00,45.0,3.0,,,3.0,3.0,,,,15,,,Wartungsplan,,
2026-03-03,,,,,,,,,,,,,,,,,,15,,,Reinigung,,
2026-03-03,,,,,,,,,,,,,,,,,,,,,,,
2026-03-03,,,,,,,,,,,,,,,,,,,,,,,
2026-03-03,,,,,,s,20:00:00,21:00:00,59.99999999999995,3.0,,4.0,,4.0,,,,,,,,,
2026-03-03,,,,,,,,,,,,,,,,,,,,,,,
2026-03-03,,,,,,,,,,,,,,,,,,,,,,,
2026-03-03,,,,,,,,,,,,,,,,,,,,,,,
2026-03-03,,,,,,,,,,,,,,,,,,,,,,,
2026-03-03,,,,,,s,18:00:00,19:00:00,59.99999999999995,3.0,,,4.0,4.0,,,,,,,,,
2026-03-03,,,,,,,,,,,,,,,,,,,,,,,
2026-03-03,,,,,,,,,,,,,,,,,,,,,,,
2026-03-03,,,,,,s,19:00:00,20:00:00,60.00000000000011,3.0,,2.0,2.0,4.0,,,,,,,,,
2026-03-03,,,,,,,,,,,,,,,,,,,,,,,
2026-03-03,,,,,,,,,,,,,,,,,,,,,,,
2026-03-03,,,,,,s,17:30:00,18:00:00,30.000000000000053,3.0,,,2.0,2.0,,,,,,,,,
2026-03-03,,,,,,,,,,,,,,,,,,,,,,,
2026-03-03,,,,,,s,14:00:00,15:00:00,59.99999999999995,3.0,,,4.0,4.0,,,,,,,,,
2026-03-03,,,,,,,,,,,,,,,,,,,,,,,
2026-03-03,,,,,,s,15:00:00,16:00:00,59.99999999999995,3.0,,,4.0,4.0,,,,,,,,,
2026-03-03,,,,,,,,,,,,,,,,,,,,,,,
2026-03-03,,,,,,,,,,,,,,,,,,,,,,,
2026-03-03,,,,,,,,,,,,,,,,,,,,,,,
2026-03-03,,,,,,s,16:00:00,17:00:00,60.00000000000011,3.0,,,4.0,4.0,,,,,,,,,
2026-03-03,,,,,,,,,,,,,,,,,,,,,,,
2026-03-04,,,,,,,,,,,,,,,,,,,,,,,
2026-03-04,,,,,,,,,,,,,,,,,,,,,,,
2026-03-04,,,,,,s,15:00:00,16:00:00,59.99999999999995,3.0,,1.0,4.0,5.0,,,,,,,,,
2026-03-04,,,,,,s,16:00:00,17:00:00,60.00000000000011,3.0,,,4.0,4.0,,,,,,,,,
2026-03-04,,,,,,,,,,,,,,,,,,,,,,,
2026-03-04,,,,,,,,,,,,,,,,,,15,,,Reinigung + Werkzeug einschließen,,
2026-03-04,,,,,,s,20:00:00,21:00:00,59.99999999999995,3.0,,,5.0,5.0,,,,,,,,,
2026-03-04,,,,,,,21:00:00,21:45:00,45.0,3.0,,,2.0,2.0,,,,,,,,,
2026-03-04,,,,,,,,,,,,,,,,,,,,,,,
2026-03-04,,,,,,,,,,,,,,,,,,,,,,,
2026-03-04,,,,,,,,,,,,,,,,,,,,,,,
2026-03-04,,,,,,,,,,,,,,,,,,,,,,,
2026-03-04,,,,,,s,,,,,,,,,,,,,,,,,
2026-03-04,,,,,,,,,,,,,,,,,,,,,,,
2026-03-04,,,,,,,,,,,,,,,,,,,,,Anlage leer gefahren ,,
2026-03-04,,,,,,,,,,,,,,,,,,,,,,,
2026-03-04,,,,,,,,,,,,,,,,,,,,,,,
2026-03-04,,,,,,s,13:15:00,14:00:00,45.0,3.0,,,3.0,3.0,,,,15,,,Wartungsplan,,
2026-03-04,,,,,,,,,,,,,,,,,,15,,,Reinigung,,
2026-03-04,,,,,,,,,,,,,,,,,,,,,,,
2026-03-04,,,,,,f,12:00:00,13:15:00,75.00000000000006,4.0,,,5.0,5.0,,,,,,,,,
2026-03-04,,,,,,,,,,,,,,,,,,,,,,,
2026-03-04,,,,,,,,,,,,,,,,,,,,,,,
2026-03-04,,,,,,f,11:00:00,12:00:00,60.00000000000003,4.0,,,5.0,5.0,,,,,,,,,
2026-03-04,,,,,,,,,,,,,,,,,,,,,,,
2026-03-04,,,,,,f,10:00:00,11:00:00,59.99999999999995,4.0,,4.0,,4.0,,,,15,,R 05,Vakuum nicht vorhanden ( Ursache nicht erkennbar) RobTech an der Anlage ,,
2026-03-04,,,,,,,,,,,,,,,,,,,,,,,
2026-03-04,,,,,,,,,,,,,,,,,,,,,,,
2026-03-04,,,,,,s,14:00:00,15:00:00,59.99999999999995,3.0,,,5.0,5.0,,,,,,,,,
2026-03-04,,,,,,s,19:00:00,20:00:00,60.00000000000011,3.0,,,4.0,4.0,,,,,,,,,
2026-03-04,,,,,,,,,,,,,,,,,,,,,Anlage leer gefahren ,,
2026-03-04,,,,,,,,,,,,,,,,,,,,,,,
2026-03-04,,,,,,,,,,,,,,,,,,,,,,,
2026-03-04,,,,,,f,09:30:00,10:00:00,30.000000000000053,4.0,,2.0,,2.0,,,,,,,,,
2026-03-04,,,,,,,,,,,,,,,,,,,,,,,
2026-03-04,,,,,,,,,,,,,,,,,,,,,,,
2026-03-04,,,,,,f,10:00:00,11:00:00,59.99999999999995,4.0,,4.0,,4.0,,,,15,,R 05,Vakuum nicht vorhanden ( Ursache nicht erkennbar) RobTech an der Anlage ,,
2026-03-04,,,,,,,,,,,,,,,,,,,,,,,
2026-03-04,,,,,,,,,,,,,,,,,,,,,,,
2026-03-04,,,,,,f,11:00:00,12:00:00,60.00000000000003,4.0,,,5.0,5.0,,,,,,,,,
2026-03-04,,,,,,,,,,,,,,,,,,,,,,,
2026-03-04,,,,,,,,,,,,,,,,,,,,,,,
2026-03-04,,,,,,f,12:00:00,13:15:00,75.00000000000006,4.0,,,5.0,5.0,,,,,,,,,
2026-03-04,,,,,,,,,,,,,,,,,,,,,,,
2026-03-04,,,,,,,,,,,,,,,,,,15,,,Reinigung,,
2026-03-04,,,,,,,,,,,,,,,,,,,,,,,
2026-03-04,,,,,,s,13:15:00,14:00:00,45.0,3.0,,,3.0,3.0,,,,15,,,Wartungsplan,,
2026-03-04,,,,,,,,,,,,,,,,,,,,,,,
2026-03-04,,,,,,s,14:00:00,15:00:00,59.99999999999995,3.0,,,5.0,5.0,,,,,,,,,
2026-03-04,,,,,,,,,,,,,,,,,,,,,,,
2026-03-04,,,,,,,,,,,,,,,,,,,,,,,
2026-03-04,,,,,,s,15:00:00,16:00:00,59.99999999999995,3.0,,1.0,4.0,5.0,,,,,,,,,
2026-03-04,,,,,,,,,,,,,,,,,,,,,,,
2026-03-04,,,,,,,,,,,,,,,,,,,,,,,
2026-03-04,,,,,,s,16:00:00,17:00:00,60.00000000000011,3.0,,,4.0,4.0,,,,,,,,,
2026-03-04,,,,,,,,,,,,,,,,,,,,,,,
2026-03-04,,,,,,s,17:30:00,18:00:00,30.000000000000053,3.0,,,2.0,2.0,,,,,,,,,
2026-03-04,,,,,,,,,,,,,,,,,,,,,,,
2026-03-04,,,,,,,,,,,,,,,,,,,,,,,
2026-03-04,,,,,,s,18:00:00,19:00:00,59.99999999999995,3.0,,,5.0,5.0,,,,,,,,,
2026-03-04,,,,,,,,,,,,,,,,,,,,,,,
2026-03-04,,,,,,f,09:30:00,10:00:00,30.000000000000053,4.0,,2.0,,2.0,,,,,,,,,
2026-03-04,,,,,,,,,,,,,,,,,,,,,,,
2026-03-04,,,,,,,,,,,,,,,,,,,,,,,
2026-03-04,,,,,,s,14:00:00,15:00:00,59.99999999999995,3.0,,,5.0,5.0,,,,,,,,,
2026-03-04,,,,,,,,,,,,,,,,,,,,,,,
2026-03-04,,,,,,,,,,,,,,,,,,,,,,,
2026-03-04,,,,,,s,13:15:00,14:00:00,45.0,3.0,,,3.0,3.0,,,,15,,,Wartungsplan,,
2026-03-04,,,,,,,,,,,,,,,,,,15,,,Reinigung,,
2026-03-04,,,,,,,,,,,,,,,,,,,,,,,
2026-03-04,,,,,,f,12:00:00,13:15:00,75.00000000000006,4.0,,,5.0,5.0,,,,,,,,,
2026-03-04,,,,,,,,,,,,,,,,,,,,,,,
2026-03-04,,,,,,,,,,,,,,,,,,,,,,,
2026-03-04,,,,,,f,11:00:00,12:00:00,60.00000000000003,4.0,,,5.0,5.0,,,,,,,,,
2026-03-04,,,,,,,,,,,,,,,,,,,,,,,
2026-03-04,,,,,,,,,,,,,,,,,,,,,Anlage leer gefahren ,,
2026-03-04,,,,,,f,10:00:00,11:00:00,59.99999999999995,4.0,,4.0,,4.0,,,,15,,R 05,Vakuum nicht vorhanden ( Ursache nicht erkennbar) RobTech an der Anlage ,,
2026-03-04,,,,,,,,,,,,,,,,,,,,,,,
2026-03-04,,,,,,,,,,,,,,,,,,,,,,,
2026-03-04,,,,,,f,09:30:00,10:00:00,30.000000000000053,4.0,,2.0,,2.0,,,,,,,,,
2026-03-04,,,,,,,,,,,,,,,,,,,,,,,
2026-03-04,,,,,,,,,,,,,,,,,,,,,,,
2026-03-04,,,,,,f,08:00:00,09:00:00,60.00000000000003,4.0,,5.0,,5.0,,,,,,,,,
2026-03-04,,,,,,,,,,,,,,,,,,,,,,,
2026-03-04,,,,,,,,,,,,,,,,,,,,,,,
2026-03-04,,,,,,f,07:00:00,08:00:00,59.99999999999995,4.0,,5.0,,5.0,,,,5,,R 05,Vakuum nicht vorhanden,,
2026-03-04,,,,,,,,,,,,,,,,,,,,,,,
2026-03-04,,,,,,,,,,,,,,,,,,,,,,,
2026-03-04,,,,,,f,06:00:00,07:00:00,60.00000000000003,4.0,,5.0,,5.0,,,,,,,,,
2026-03-04,,,,,,,,,,,,,,,,,,,,,,,
2026-03-04,,,,,,,,,,,,,,,,,,,,,,,
2026-03-04,,,,,,f,04:45:00,06:00:00,75.00000000000001,4.0,,5.0,,5.0,,,,15,,,Wartungsplan,,
2026-03-04,,,,,,,,,,,,,,,,,,,,,,,
2026-03-04,,,,,,,,,,,,,,,,,,,,,,,
2026-03-04,,,,,,,,,,,,,,,,,,,,,,,
2026-03-04,,,,,,,,,,,,,,,,,,,,,,,
2026-03-04,,,,,,f,08:00:00,09:00:00,60.00000000000003,4.0,,5.0,,5.0,,,,,,,,,
2026-03-04,,,,,,,,,,,,,,,,,,,,,,,
2026-03-04,,,,,,,,,,,,,,,,,,,,,,,
2026-03-04,,,,,,f,07:00:00,08:00:00,59.99999999999995,4.0,,5.0,,5.0,,,,5,,R 05,Vakuum nicht vorhanden,,
2026-03-04,,,,,,,,,,,,,,,,,,,,,,,
2026-03-04,,,,,,,,,,,,,,,,,,,,,,,
2026-03-04,,,,,,f,06:00:00,07:00:00,60.00000000000003,4.0,,5.0,,5.0,,,,,,,,,
2026-03-04,,,,,,,,,,,,,,,,,,,,,,,
2026-03-04,,,,,,,,,,,,,,,,,,,,,,,
2026-03-04,,,,,,f,04:45:00,06:00:00,75.00000000000001,4.0,,5.0,,5.0,,,,15,,,Wartungsplan,,
2026-03-04,,,,,,s,,,,,,,,,,,,,,,,,
2026-03-04,,,,,,,21:00:00,21:45:00,45.0,3.0,,,2.0,2.0,,,,,,,,,
2026-03-04,,,,,,,,,,,,,,,,,,,,,,,
2026-03-04,,,,,,s,15:00:00,16:00:00,59.99999999999995,3.0,,1.0,4.0,5.0,,,,,,,,,
2026-03-04,,,,,,,,,,,,,,,,,,,,,,,
2026-03-04,,,,,,,,,,,,,,,,,,,,,,,
2026-03-04,,,,,,,,,,,,,,,,,,,,,,,
2026-03-04,,,,,,s,19:00:00,20:00:00,60.00000000000011,3.0,,,4.0,4.0,,,,,,,,,
2026-03-04,,,,,,,,,,,,,,,,,,,,,,,
2026-03-04,,,,,,,,,,,,,,,,,,,,,,,
2026-03-04,,,,,,s,18:00:00,19:00:00,59.99999999999995,3.0,,,5.0,5.0,,,,,,,,,
2026-03-04,,,,,,,,,,,,,,,,,,,,,,,
2026-03-04,,,,,,,,,,,,,,,,,,,,,,,
2026-03-04,,,,,,s,17:30:00,18:00:00,30.000000000000053,3.0,,,2.0,2.0,,,,,,,,,
2026-03-04,,,,,,,,,,,,,,,,,,,,,,,
2026-03-04,,,,,,,,,,,,,,,,,,,,,,,
2026-03-04,,,,,,s,16:00:00,17:00:00,60.00000000000011,3.0,,,4.0,4.0,,,,,,,,,
2026-03-04,,,,,,,,,,,,,,,,,,,,,,,
2026-03-04,,,,,,s,20:00:00,21:00:00,59.99999999999995,3.0,,,5.0,5.0,,,,,,,,,
2026-03-04,,,,,,f,08:00:00,09:00:00,60.00000000000003,4.0,,5.0,,5.0,,,,,,,,,
2026-03-04,,,,,,,,,,,,,,,,,,,,,,,
2026-03-04,,,,,,,,,,,,,,,,,,,,,,,
2026-03-04,,,,,,,,,,,,,,,,,,,,,,,
2026-03-04,,,,,,,,,,,,,,,,,,,,,,,
2026-03-04,,,,,,s,18:00:00,19:00:00,59.99999999999995,3.0,,,5.0,5.0,,,,,,,,,
2026-03-04,,,,,,,,,,,,,,,,,,,,,,,
2026-03-04,,,,,,,,,,,,,,,,,,,,,,,
2026-03-04,,,,,,s,19:00:00,20:00:00,60.00000000000011,3.0,,,4.0,4.0,,,,,,,,,
2026-03-04,,,,,,s,17:30:00,18:00:00,30.000000000000053,3.0,,,2.0,2.0,,,,,,,,,
2026-03-04,,,,,,,,,,,,,,,,,,,,,,,
2026-03-04,,,,,,s,20:00:00,21:00:00,59.99999999999995,3.0,,,5.0,5.0,,,,,,,,,
2026-03-04,,,,,,,,,,,,,,,,,,,,,,,
2026-03-04,,,,,,,,,,,,,,,,,,,,,,,
2026-03-04,,,,,,,21:00:00,21:45:00,45.0,3.0,,,2.0,2.0,,,,,,,,,
2026-03-04,,,,,,s,,,,,,,,,,,,,,,,,
2026-03-04,,,,,,,,,,,,,,,,,,15,,,Reinigung + Werkzeug einschließen,,
2026-03-04,,,,,,,,,,,,,,,,,,,,,,,
2026-03-04,,,,,,,,,,,,,,,,,,,,,,,
2026-03-04,,,,,,,,,,,,,,,,,,,,,,,
2026-03-04,,,,,,f,06:00:00,07:00:00,60.00000000000003,4.0,,5.0,,5.0,,,,,,,,,
2026-03-04,,,,,,f,07:00:00,08:00:00,59.99999999999995,4.0,,5.0,,5.0,,,,5,,R 05,Vakuum nicht vorhanden,,
2026-03-04,,,,,,,,,,,,,,,,,,,,,,,
2026-03-04,,,,,,,,,,,,,,,,,,,,,,,
2026-03-04,,,,,,,,,,,,,,,,,,,,,,,
2026-03-04,,,,,,,,,,,,,,,,,,,,,,,
2026-03-04,,,,,,f,04:45:00,06:00:00,75.00000000000001,4.0,,5.0,,5.0,,,,15,,,Wartungsplan,,
2026-03-04,,,,,,,,,,,,,,,,,,15,,,Reinigung + Werkzeug einschließen,,
2026-03-05,,,,,,,,,,,,,,,,,,,,,,,
2026-03-05,,,,,,f,,,0.0,4.0,,,4.0,4.0,,,,,,,,,
2026-03-05,,,,,,,,,,,,,,,,,,,,,,,
2026-03-05,,,,,,,07:00:00,08:00:00,,,,,,,,,,,,,,,
2026-03-05,,,,,,f,,,0.0,4.0,,,5.0,5.0,,,,,,,,,
2026-03-05,,,,,,,,,,,,,,,,,,,,,,,
2026-03-05,,,,,,,06:00:00,07:00:00,,,,,,,,,,,,,,,
2026-03-05,,,,,,f,,,0.0,4.0,,,4.0,4.0,,,,,,,,,
2026-03-05,,,,,,,,,,,,,,,,,,,,,,,
2026-03-05,,,,,,,04:45:00,06:00:00,,,,,,,,,,,,,,,
2026-03-05,,,,,,f,,,0.0,4.0,,,5.0,5.0,,,,15,,,Wartungsplan + Tauschbox ,,
2026-03-05,,,,,,,,,,,,,,,,,,,,,,,
2026-03-05,,,,,,,,,,,,,,,,,,,,,,,
2026-03-05,,,,,,s,19:00:00,20:00:00,60.00000000000011,3.0,,,4.0,4.0,,,,,,,,,
2026-03-05,,,,,,,,,,,,,,,,,,,,,,,
2026-03-05,,,,,,,,,,,,,,,,,,,,,,,
2026-03-05,,,,,,,,,,,,,,,,,,,,,,,
2026-03-05,,,,,,s,20:00:00,21:00:00,59.99999999999995,3.0,,,5.0,5.0,,,,,,,,,
2026-03-05,,,,,,,08:00:00,09:00:00,,,,,,,,,,,,,,,
2026-03-05,,,,,,f,,,0.0,4.0,,,5.0,5.0,,,,15,,,Wartungsplan + Tauschbox ,,
2026-03-05,,,,,,,04:45:00,06:00:00,,,,,,,,,,,,,,,
2026-03-05,,,,,,,,,,,,,,,,,,,,,,,
2026-03-05,,,,,,f,,,0.0,4.0,,,4.0,4.0,,,,,,,,,
2026-03-05,,,,,,,06:00:00,07:00:00,,,,,,,,,,,,,,,
2026-03-05,,,,,,,,,,,,,,,,,,,,,,,
2026-03-05,,,,,,f,,,0.0,4.0,,,5.0,5.0,,,,,,,,,
2026-03-05,,,,,,,07:00:00,08:00:00,,,,,,,,,,,,,,,
2026-03-05,,,,,,s,,,,,,,,,,,,,,,,,
2026-03-05,,,,,,,21:00:00,21:45:00,45.0,3.0,,,1.0,1.0,,,,,,,,,
2026-03-05,,,,,,,,,,,,,,,,,,,,,,,
2026-03-05,,,,,,,,,,,,,,,,,,,,,,,
2026-03-05,,,,,,f,,,0.0,4.0,,,3.0,3.0,,,,,,,,,
2026-03-05,,,,,,,09:30:00,10:00:00,,,,,,,,,,,,,,,
2026-03-05,,,,,,,,,,,,,,,,,,,,,,,
2026-03-05,,,,,,s,17:30:00,18:00:00,30.000000000000053,3.0,,,2.0,2.0,,,,,,,,,
2026-03-05,,,,,,,,,,,,,,,,,,,,,,,
2026-03-05,,,,,,,,,,,,,,,,,,,,,,,
2026-03-05,,,,,,s,18:00:00,19:00:00,59.99999999999995,3.0,,,3.0,3.0,,,,,,,,,
2026-03-05,,,,,,,,,,,,,,,,,,,,,,,
2026-03-05,,,,,,,,,,,,,,,,,,,,,,,
2026-03-05,,,,,,,,,,,,,,,,,,,,,,,
2026-03-05,,,,,,s,19:00:00,20:00:00,60.00000000000011,3.0,,,4.0,4.0,,,,,,,,,
2026-03-05,,,,,,,,,,,,,,,,,,,,,,,
2026-03-05,,,,,,s,20:00:00,21:00:00,59.99999999999995,3.0,,,5.0,5.0,,,,,,,,,
2026-03-05,,,,,,,,,,,,,,,,,,,,,,,
2026-03-05,,,,,,,,,,,,,,,,,,,,,,,
2026-03-05,,,,,,,21:00:00,21:45:00,45.0,3.0,,,1.0,1.0,,,,,,,,,
2026-03-05,,,,,,s,,,,,,,,,,,,,,,,,
2026-03-05,,,,,,,,,,,,,,,,,,15,,,Reinigung + Werkzeug einschließen,,
2026-03-05,,,,,,,,,,,,,,,,,,,,,,,
2026-03-05,,,,,,s,16:00:00,17:00:00,60.00000000000011,3.0,,,4.0,4.0,,,,,,,,,
2026-03-05,,,,,,,,,,,,,,,,,,,,,,,
2026-03-05,,,,,,,,,,,,,,,,,,,,,,,
2026-03-05,,,,,,,,,,,,,,,,,,,,,,,
2026-03-05,,,,,,f,,,0.0,4.0,,,4.0,4.0,,,,,,,,,
2026-03-05,,,,,,,10:00:00,11:00:00,,,,,,,,,,,,,,,
2026-03-05,,,,,,,,,,,,,,,,,,,,,,,
2026-03-05,,,,,,f,,,0.0,4.0,,,4.0,4.0,,,,,,,,,
2026-03-05,,,,,,,11:00:00,12:00:00,,,,,,,,,,,,,,,
2026-03-05,,,,,,,,,,,,,,,,,,,,,,,
2026-03-05,,,,,,f,,,0.0,4.0,,,4.0,4.0,,,,,,,,,
2026-03-05,,,,,,,12:00:00,13:15:00,,,,,,,,,,,,,,,
2026-03-05,,,,,,,,,,,,,,,,,,15,,,Reinigung,,
2026-03-05,,,,,,s,13:15:00,14:00:00,45.0,3.0,,,3.0,3.0,,,,15,,,Wartungsplan,,
2026-03-05,,,,,,,,,,,,,,,,,,,,,,,
2026-03-05,,,,,,,,,,,,,,,,,,,,,,,
2026-03-05,,,,,,s,14:00:00,15:00:00,59.99999999999995,3.0,,,4.0,4.0,,,,,,,,,
2026-03-05,,,,,,,,,,,,,,,,,,,,,,,
2026-03-05,,,,,,,,,,,,,,,,,,,,,,,
2026-03-05,,,,,,s,15:00:00,16:00:00,59.99999999999995,3.0,,,4.0,4.0,,,,,,,,,
2026-03-05,,,,,,s,18:00:00,19:00:00,59.99999999999995,3.0,,,3.0,3.0,,,,,,,,,
2026-03-05,,,,,,,,,,,,,,,,,,,,,,,
2026-03-05,,,,,,f,,,0.0,4.0,,,4.0,4.0,,,,,,,,,
2026-03-05,,,,,,s,17:30:00,18:00:00,30.000000000000053,3.0,,,2.0,2.0,,,,,,,,,
2026-03-05,,,,,,s,15:00:00,16:00:00,59.99999999999995,3.0,,,4.0,4.0,,,,,,,,,
2026-03-05,,,,,,,,,,,,,,,,,,,,,,,
2026-03-05,,,,,,f,,,0.0,4.0,,,5.0,5.0,,,,15,,,Wartungsplan + Tauschbox ,,
2026-03-05,,,,,,,04:45:00,06:00:00,,,,,,,,,,,,,,,
2026-03-05,,,,,,,,,,,,,,,,,,,,,,,
2026-03-05,,,,,,f,,,0.0,4.0,,,4.0,4.0,,,,,,,,,
2026-03-05,,,,,,,06:00:00,07:00:00,,,,,,,,,,,,,,,
2026-03-05,,,,,,,,,,,,,,,,,,,,,,,
2026-03-05,,,,,,,,,,,,,,,,,,,,,,,
2026-03-05,,,,,,,07:00:00,08:00:00,,,,,,,,,,,,,,,
2026-03-05,,,,,,,,,,,,,,,,,,,,,,,
2026-03-05,,,,,,f,,,0.0,4.0,,,4.0,4.0,,,,,,,,,
2026-03-05,,,,,,,08:00:00,09:00:00,,,,,,,,,,,,,,,
2026-03-05,,,,,,,,,,,,,,,,,,,,,,,
2026-03-05,,,,,,f,,,0.0,4.0,,,3.0,3.0,,,,,,,,,
2026-03-05,,,,,,,09:30:00,10:00:00,,,,,,,,,,,,,,,
2026-03-05,,,,,,f,,,0.0,4.0,,,5.0,5.0,,,,,,,,,
2026-03-05,,,,,,,,,,,,,,,,,,,,,,,
2026-03-05,,,,,,s,14:00:00,15:00:00,59.99999999999995,3.0,,,4.0,4.0,,,,,,,,,
2026-03-05,,,,,,,,,,,,,,,,,,,,,,,
2026-03-05,,,,,,,08:00:00,09:00:00,,,,,,,,,,,,,,,
2026-03-05,,,,,,,,,,,,,,,,,,,,,,,
2026-03-05,,,,,,f,,,0.0,4.0,,,3.0,3.0,,,,,,,,,
2026-03-05,,,,,,,09:30:00,10:00:00,,,,,,,,,,,,,,,
2026-03-05,,,,,,,,,,,,,,,,,,,,,,,
2026-03-05,,,,,,f,,,0.0,4.0,,,4.0,4.0,,,,,,,,,
2026-03-05,,,,,,,,,,,,,,,,,,15,,,Reinigung + Werkzeug einschließen,,
2026-03-05,,,,,,,10:00:00,11:00:00,,,,,,,,,,,,,,,
2026-03-05,,,,,,,,,,,,,,,,,,,,,,,
2026-03-05,,,,,,f,,,0.0,4.0,,,4.0,4.0,,,,,,,,,
2026-03-05,,,,,,,11:00:00,12:00:00,,,,,,,,,,,,,,,
2026-03-05,,,,,,,,,,,,,,,,,,,,,,,
2026-03-05,,,,,,f,,,0.0,4.0,,,4.0,4.0,,,,,,,,,
2026-03-05,,,,,,,,,,,,,,,,,,,,,,,
2026-03-05,,,,,,,,,,,,,,,,,,15,,,Reinigung,,
2026-03-05,,,,,,s,13:15:00,14:00:00,45.0,3.0,,,3.0,3.0,,,,15,,,Wartungsplan,,
2026-03-05,,,,,,,,,,,,,,,,,,,,,,,
2026-03-05,,,,,,,,,,,,,,,,,,,,,,,
2026-03-05,,,,,,f,,,0.0,4.0,,,4.0,4.0,,,,,,,,,
2026-03-05,,,,,,,12:00:00,13:15:00,,,,,,,,,,,,,,,
2026-03-05,,,,,,,,,,,,,,,,,,,,,,,
2026-03-05,,,,,,s,18:00:00,19:00:00,59.99999999999995,3.0,,,3.0,3.0,,,,,,,,,
2026-03-05,,,,,,,,,,,,,,,,,,,,,,,
2026-03-05,,,,,,,,,,,,,,,,,,,,,,,
2026-03-05,,,,,,s,19:00:00,20:00:00,60.00000000000011,3.0,,,4.0,4.0,,,,,,,,,
2026-03-05,,,,,,,,,,,,,,,,,,,,,,,
2026-03-05,,,,,,,,,,,,,,,,,,,,,,,
2026-03-05,,,,,,s,20:00:00,21:00:00,59.99999999999995,3.0,,,5.0,5.0,,,,,,,,,
2026-03-05,,,,,,,,,,,,,,,,,,,,,,,
2026-03-05,,,,,,,,,,,,,,,,,,,,,,,
2026-03-05,,,,,,s,,,,,,,,,,,,,,,,,
2026-03-05,,,,,,,,,,,,,,,,,,15,,,Reinigung + Werkzeug einschließen,,
2026-03-05,,,,,,,,,,,,,,,,,,,,,,,
2026-03-05,,,,,,s,16:00:00,17:00:00,60.00000000000011,3.0,,,4.0,4.0,,,,,,,,,
2026-03-05,,,,,,,,,,,,,,,,,,,,,,,
2026-03-05,,,,,,,,,,,,,,,,,,,,,,,
2026-03-05,,,,,,,10:00:00,11:00:00,,,,,,,,,,,,,,,
2026-03-05,,,,,,,,,,,,,,,,,,,,,,,
2026-03-05,,,,,,,,,,,,,,,,,,,,,,,
2026-03-05,,,,,,,21:00:00,21:45:00,45.0,3.0,,,1.0,1.0,,,,,,,,,
2026-03-05,,,,,,,,,,,,,,,,,,,,,,,
2026-03-05,,,,,,f,,,0.0,4.0,,,4.0,4.0,,,,,,,,,
2026-03-05,,,,,,s,17:30:00,18:00:00,30.000000000000053,3.0,,,2.0,2.0,,,,,,,,,
2026-03-05,,,,,,,11:00:00,12:00:00,,,,,,,,,,,,,,,
2026-03-05,,,,,,,,,,,,,,,,,,,,,,,
2026-03-05,,,,,,f,,,0.0,4.0,,,4.0,4.0,,,,,,,,,
2026-03-05,,,,,,,,,,,,,,,,,,15,,,Reinigung,,
2026-03-05,,,,,,s,13:15:00,14:00:00,45.0,3.0,,,3.0,3.0,,,,15,,,Wartungsplan,,
2026-03-05,,,,,,,,,,,,,,,,,,,,,,,
2026-03-05,,,,,,,12:00:00,13:15:00,,,,,,,,,,,,,,,
2026-03-05,,,,,,s,14:00:00,15:00:00,59.99999999999995,3.0,,,4.0,4.0,,,,,,,,,
2026-03-05,,,,,,,,,,,,,,,,,,,,,,,
2026-03-05,,,,,,,,,,,,,,,,,,,,,,,
2026-03-05,,,,,,s,15:00:00,16:00:00,59.99999999999995,3.0,,,4.0,4.0,,,,,,,,,
2026-03-05,,,,,,,,,,,,,,,,,,,,,,,
2026-03-05,,,,,,,,,,,,,,,,,,,,,,,
2026-03-05,,,,,,,,,,,,,,,,,,,,,,,
2026-03-05,,,,,,,,,,,,,,,,,,,,,,,
2026-03-05,,,,,,s,16:00:00,17:00:00,60.00000000000011,3.0,,,4.0,4.0,,,,,,,,,
2026-03-06,,,,,,s,17:30:00,18:00:00,30.000000000000053,3.0,,2.0,,2.0,,,,,,,,,
2026-03-06,,,,,,,,,,,,,,,,,,,,,,,
2026-03-06,,,,,,,,,,,,,,,,,,,,,,,
2026-03-06,,,,,,s,16:00:00,17:00:00,60.00000000000011,3.0,,5.0,,5.0,,,,,,,,,
2026-03-06,,,,,,s,15:00:00,16:00:00,59.99999999999995,3.0,,5.0,,5.0,,,,,,,,,
2026-03-06,,,,,,,,,,,,,,,,,,,,,,,
2026-03-06,,,,,,,,,,,,,,,,,,,,,,,
2026-03-06,,,,,,,,,,,,,,,,,,,,,,,
2026-03-06,,,,,,,,,,,,,,,,,,,,,,,
2026-03-06,,,,,,,,,,,,,,,,,,,,,,,
2026-03-06,,,,,,,,,,,,,,,,,,,,,,,
2026-03-06,,,,,,,,,,,,,,,,,,,,,,,
2026-03-06,,,,,,,,,,,,,,,,,,,,,,,
2026-03-06,,,,,,,,,,,,,,,,,,,,,,,
2026-03-06,,,,,,s,19:00:00,20:00:00,60.00000000000011,3.0,,1.0,3.0,4.0,,,,,,,,,
2026-03-06,,,,,,,,,,,,,,,,,,,,,,,
2026-03-06,,,,,,,,,,,,,,,,,,,,,,,
2026-03-06,,,,,,s,20:00:00,21:00:00,59.99999999999995,3.0,,,4.0,4.0,,,,,,,,,
2026-03-06,,,,,,,,,,,,,,,,,,,,,,,
2026-03-06,,,,,,,21:00:00,21:45:00,45.0,3.0,,,1.0,1.0,,,,,,,,,
2026-03-06,,,,,,s,,,,,,,,,,,,,,,,,
2026-03-06,,,,,,s,14:00:00,15:00:00,59.99999999999995,3.0,,4.0,,4.0,,,,,,,,,
2026-03-06,,,,,,s,18:00:00,19:00:00,59.99999999999995,3.0,,4.0,,4.0,,,,,,,,,
2026-03-06,,,,,,,,,,,,,,,,,,,,,,,
2026-03-06,,,,,,f,,,0.0,4.0,,,5.0,5.0,,,,,,,,,
2026-03-06,,,,,,s,13:15:00,14:00:00,45.0,3.0,,1.0,2.0,3.0,,,,15,,,Wartungsplan,,
2026-03-06,,,,,,f,,,0.0,4.0,,,5.0,5.0,,,,15,,,Wartungsplan,,
2026-03-06,,,,,,,04:45:00,06:00:00,,,,,,,,,,,,,,,
2026-03-06,,,,,,,,,,,,,,,,,,,,,,,
2026-03-06,,,,,,f,,,0.0,4.0,,,5.0,5.0,,,,,,,,,
2026-03-06,,,,,,,06:00:00,07:00:00,,,,,,,,,,,,,,,
2026-03-06,,,,,,,,,,,,,,,,,,,,,,,
2026-03-06,,,,,,,07:00:00,08:00:00,,,,,,,,,,,,,,,
2026-03-06,,,,,,,,,,,,,,,,,,,,,,,
2026-03-06,,,,,,f,,,0.0,4.0,,,6.0,6.0,,,,,,,,,
2026-03-06,,,,,,,08:00:00,09:00:00,,,,,,,,,,,,,,,
2026-03-06,,,,,,,,,,,,,,,,,,,,,,,
2026-03-06,,,,,,f,,,0.0,4.0,,,2.0,2.0,,,,,,,,,
2026-03-06,,,,,,,09:30:00,10:00:00,,,,,,,,,,,,,,,
2026-03-06,,,,,,,,,,,,,,,,,,,,,,,
2026-03-06,,,,,,f,,,0.0,4.0,,,5.0,5.0,,,,,,,,,
2026-03-06,,,,,,,10:00:00,11:00:00,,,,,,,,,,,,,,,
2026-03-06,,,,,,,,,,,,,,,,,,,,,,,
2026-03-06,,,,,,f,,,0.0,4.0,,,3.0,3.0,,,,30,,R 02,Drahtfasswechsel,,
2026-03-06,,,,,,,11:00:00,12:00:00,,,,,,,,,,,,,Anlage leer gefahren wegen Drahtwechsel ,,
2026-03-06,,,,,,,,,,,,,,,,,,,,,,,
2026-03-06,,,,,,f,,,0.0,4.0,,,,,,,,,,,,,
2026-03-06,,,,,,,12:00:00,13:15:00,,,,,,,,,,,,,,,
2026-03-06,,,,,,,,,,,,,,,,,,15,,,Reinigung,,
2026-03-06,,,,,,,,,,,,,,,,,,,,,,,
2026-03-06,,,,,,,,,,,,,,,,,,15,,,Reinigung + Werkzeug einschließen,,
2026-03-06,,,,,,s,16:00:00,17:00:00,60.00000000000011,3.0,,5.0,,5.0,,,,,,,,,
2026-03-06,,,,,,s,20:00:00,21:00:00,59.99999999999995,3.0,,,4.0,4.0,,,,,,,,,
2026-03-06,,,,,,,,,,,,,,,,,,,,,,,
2026-03-06,,,,,,,,,,,,,,,,,,,,,,,
2026-03-06,,,,,,s,14:00:00,15:00:00,59.99999999999995,3.0,,4.0,,4.0,,,,,,,,,
2026-03-06,,,,,,,,,,,,,,,,,,,,,,,
2026-03-06,,,,,,,,,,,,,,,,,,,,,,,
2026-03-06,,,,,,s,15:00:00,16:00:00,59.99999999999995,3.0,,5.0,,5.0,,,,,,,,,
2026-03-06,,,,,,,,,,,,,,,,,,,,,,,
2026-03-06,,,,,,,,,,,,,,,,,,,,,,,
2026-03-06,,,,,,,,,,,,,,,,,,,,,,,
2026-03-06,,,,,,,,,,,,,,,,,,15,,,Reinigung + Werkzeug einschließen,,
2026-03-06,,,,,,s,,,,,,,,,,,,,,,,,
2026-03-06,,,,,,,21:00:00,21:45:00,45.0,3.0,,,1.0,1.0,,,,,,,,,
2026-03-06,,,,,,,,,,,,,,,,,,,,,,,
2026-03-06,,,,,,,,,,,,,,,,,,,,,,,
2026-03-06,,,,,,s,20:00:00,21:00:00,59.99999999999995,3.0,,,4.0,4.0,,,,,,,,,
2026-03-06,,,,,,,,,,,,,,,,,,,,,,,
2026-03-06,,,,,,,,,,,,,,,,,,,,,,,
2026-03-06,,,,,,,,,,,,,,,,,,,,,,,
2026-03-06,,,,,,,,,,,,,,,,,,,,,,,
2026-03-06,,,,,,s,18:00:00,19:00:00,59.99999999999995,3.0,,4.0,,4.0,,,,,,,,,
2026-03-06,,,,,,,,,,,,,,,,,,,,,,,
2026-03-06,,,,,,s,13:15:00,14:00:00,45.0,3.0,,1.0,2.0,3.0,,,,15,,,Wartungsplan,,
2026-03-06,,,,,,,,,,,,,,,,,,15,,,Reinigung,,
2026-03-06,,,,,,,12:00:00,13:15:00,,,,,,,,,,,,,,,
2026-03-06,,,,,,f,,,0.0,4.0,,,,,,,,,,,,,
2026-03-06,,,,,,f,,,0.0,4.0,,,5.0,5.0,,,,15,,,Wartungsplan,,
2026-03-06,,,,,,,04:45:00,06:00:00,,,,,,,,,,,,,,,
2026-03-06,,,,,,,,,,,,,,,,,,,,,,,
2026-03-06,,,,,,f,,,0.0,4.0,,,5.0,5.0,,,,,,,,,
2026-03-06,,,,,,,06:00:00,07:00:00,,,,,,,,,,,,,,,
2026-03-06,,,,,,,,,,,,,,,,,,,,,,,
2026-03-06,,,,,,f,,,0.0,4.0,,,5.0,5.0,,,,,,,,,
2026-03-06,,,,,,,07:00:00,08:00:00,,,,,,,,,,,,,,,
2026-03-06,,,,,,,,,,,,,,,,,,,,,,,
2026-03-06,,,,,,f,,,0.0,4.0,,,6.0,6.0,,,,,,,,,
2026-03-06,,,,,,,,,,,,,,,,,,,,,,,
2026-03-06,,,,,,,08:00:00,09:00:00,,,,,,,,,,,,,,,
2026-03-06,,,,,,,,,,,,,,,,,,,,,,,
2026-03-06,,,,,,f,,,0.0,4.0,,,2.0,2.0,,,,,,,,,
2026-03-06,,,,,,,09:30:00,10:00:00,,,,,,,,,,,,,,,
2026-03-06,,,,,,,,,,,,,,,,,,,,,,,
2026-03-06,,,,,,f,,,0.0,4.0,,,5.0,5.0,,,,,,,,,
2026-03-06,,,,,,,10:00:00,11:00:00,,,,,,,,,,,,,,,
2026-03-06,,,,,,,,,,,,,,,,,,,,,,,
2026-03-06,,,,,,f,,,0.0,4.0,,,3.0,3.0,,,,30,,R 02,Drahtfasswechsel,,
2026-03-06,,,,,,,11:00:00,12:00:00,,,,,,,,,,,,,Anlage leer gefahren wegen Drahtwechsel ,,
2026-03-06,,,,,,,,,,,,,,,,,,,,,,,
2026-03-06,,,,,,,,,,,,,,,,,,,,,,,
2026-03-06,,,,,,s,17:30:00,18:00:00,30.000000000000053,3.0,,2.0,,2.0,,,,,,,,,
2026-03-06,,,,,,s,19:00:00,20:00:00,60.00000000000011,3.0,,1.0,3.0,4.0,,,,,,,,,
2026-03-06,,,,,,,,,,,,,,,,,,,,,,,
2026-03-06,,,,,,,,,,,,,,,,,,,,,,,
2026-03-06,,,,,,,07:00:00,08:00:00,,,,,,,,,,,,,,,
2026-03-06,,,,,,f,,,0.0,4.0,,,5.0,5.0,,,,,,,,,
2026-03-06,,,,,,,,,,,,,,,,,,,,,,,
2026-03-06,,,,,,,,,,,,,,,,,,,,,,,
2026-03-06,,,,,,f,,,0.0,4.0,,,5.0,5.0,,,,,,,,,
2026-03-06,,,,,,,,,,,,,,,,,,,,,,,
2026-03-06,,,,,,,04:45:00,06:00:00,,,,,,,,,,,,,,,
2026-03-06,,,,,,f,,,0.0,4.0,,,5.0,5.0,,,,15,,,Wartungsplan,,
2026-03-06,,,,,,,,,,,,,,,,,,,,,,,
2026-03-06,,,,,,s,17:30:00,18:00:00,30.000000000000053,3.0,,2.0,,2.0,,,,,,,,,
2026-03-06,,,,,,,,,,,,,,,,,,,,,,,
2026-03-06,,,,,,,,,,,,,,,,,,,,,,,
2026-03-06,,,,,,s,18:00:00,19:00:00,59.99999999999995,3.0,,4.0,,4.0,,,,,,,,,
2026-03-06,,,,,,,,,,,,,,,,,,,,,,,
2026-03-06,,,,,,,,,,,,,,,,,,,,,,,
2026-03-06,,,,,,s,19:00:00,20:00:00,60.00000000000011,3.0,,1.0,3.0,4.0,,,,,,,,,
2026-03-06,,,,,,,,,,,,,,,,,,,,,,,
2026-03-06,,,,,,,,,,,,,,,,,,,,,,,
2026-03-06,,,,,,,,,,,,,,,,,,15,,,Reinigung + Werkzeug einschließen,,
2026-03-06,,,,,,s,,,,,,,,,,,,,,,,,
2026-03-06,,,,,,,21:00:00,21:45:00,45.0,3.0,,,1.0,1.0,,,,,,,,,
2026-03-06,,,,,,,,,,,,,,,,,,,,,,,
2026-03-06,,,,,,f,,,0.0,4.0,,,6.0,6.0,,,,,,,,,
2026-03-06,,,,,,,08:00:00,09:00:00,,,,,,,,,,,,,,,
2026-03-06,,,,,,,06:00:00,07:00:00,,,,,,,,,,,,,,,
2026-03-06,,,,,,f,,,0.0,4.0,,,2.0,2.0,,,,,,,,,
2026-03-06,,,,,,s,16:00:00,17:00:00,60.00000000000011,3.0,,5.0,,5.0,,,,,,,,,
2026-03-06,,,,,,,,,,,,,,,,,,,,,,,
2026-03-06,,,,,,,,,,,,,,,,,,,,,,,
2026-03-06,,,,,,s,15:00:00,16:00:00,59.99999999999995,3.0,,5.0,,5.0,,,,,,,,,
2026-03-06,,,,,,,,,,,,,,,,,,,,,,,
2026-03-06,,,,,,,,,,,,,,,,,,,,,,,
2026-03-06,,,,,,,,,,,,,,,,,,,,,,,
2026-03-06,,,,,,s,14:00:00,15:00:00,59.99999999999995,3.0,,4.0,,4.0,,,,,,,,,
2026-03-06,,,,,,,,,,,,,,,,,,,,,,,
2026-03-06,,,,,,s,13:15:00,14:00:00,45.0,3.0,,1.0,2.0,3.0,,,,15,,,Wartungsplan,,
2026-03-06,,,,,,,,,,,,,,,,,,15,,,Reinigung,,
2026-03-06,,,,,,,,,,,,,,,,,,,,,,,
2026-03-06,,,,,,f,,,0.0,4.0,,,,,,,,,,,,,
2026-03-06,,,,,,,,,,,,,,,,,,,,,,,
2026-03-06,,,,,,,11:00:00,12:00:00,,,,,,,,,,,,,Anlage leer gefahren wegen Drahtwechsel ,,
2026-03-06,,,,,,f,,,0.0,4.0,,,3.0,3.0,,,,30,,R 02,Drahtfasswechsel,,
2026-03-06,,,,,,,,,,,,,,,,,,,,,,,
2026-03-06,,,,,,,10:00:00,11:00:00,,,,,,,,,,,,,,,
2026-03-06,,,,,,f,,,0.0,4.0,,,5.0,5.0,,,,,,,,,
2026-03-06,,,,,,,,,,,,,,,,,,,,,,,
2026-03-06,,,,,,,09:30:00,10:00:00,,,,,,,,,,,,,,,
2026-03-06,,,,,,,12:00:00,13:15:00,,,,,,,,,,,,,,,
2026-03-09,,,,,,f,,,0.0,4.0,,,6.0,6.0,,,,,,,,,
2026-03-09,,,,,,,,,,,,,,,,,,,,,,,
2026-03-09,,,,,,f,,,0.0,4.0,,,7.0,7.0,,,,,,,,,
2026-03-09,,,,,,,06:00:00,07:00:00,,,,,,,,,,,,,,,
2026-03-09,,,,,,,,,,,,,,,,,,,,,,,
2026-03-09,,,,,,,07:00:00,08:00:00,,,,,,,,,,,,,,,
2026-03-09,,,,,,,04:45:00,06:00:00,,,,,,,,,,,,,,,
2026-03-09,,,,,,f,,,0.0,4.0,,,3.0,3.0,,,,,,,,,
2026-03-09,,,,,,,08:00:00,09:00:00,,,,,,,,30,,,,,"Kran Störung,  Elektriker an der Anlage    ( Sensor Störung.)",,
2026-03-09,,,,,,,,,,,,,,,,,,,,,,,
2026-03-09,,,,,,f,,,0.0,5.0,,,3.0,3.0,,,,,,,,,
2026-03-09,,,,,,,09:30:00,10:00:00,,,,,,,,,,,,,,,
2026-03-09,,,,,,,,,,,,,,,,,,,,,,,
2026-03-09,,,,,,,,,,,,,,,,,,,,,,,
2026-03-09,,,,,,f,,,0.0,4.0,,,6.0,6.0,,,,15,,,Wartungsplan,,
2026-03-09,,,,,,,,,,,,,,,,,,15,,,Reinigung + Werkzeug einschließen,,
2026-03-09,,,,,,,04:45:00,06:00:00,,,,,,,,,,,,,,,
2026-03-09,,,,,,,,,,,,,,,,,,,,,,,
2026-03-09,,,,,,f,,,0.0,5.0,,,6.0,6.0,,,,,,,,,
2026-03-09,,,,,,,12:00:00,13:15:00,,,,,,,,,,,,,,,
2026-03-09,,,,,,,,,,,,,,,,,,15,,,Reinigung,,
2026-03-09,,,,,,s,13:15:00,14:00:00,45.0,6.0,,,4.0,4.0,,,,15,,,Wartungsplan,,
2026-03-09,,,,,,,,,,,,,,,,,,,,,,,
2026-03-09,,,,,,,,,,,,,,,,,,,,,,,
2026-03-09,,,,,,s,14:00:00,15:00:00,59.99999999999995,6.0,,,7.0,7.0,,,,,,,,,
2026-03-09,,,,,,,,,,,,,,,,,,,,,,,
2026-03-09,,,,,,,,,,,,,,,,,,,,,,,
2026-03-09,,,,,,s,15:00:00,16:00:00,59.99999999999995,6.0,,,7.0,7.0,,,,,,,,,
2026-03-09,,,,,,,,,,,,,,,,,,,,,,,
2026-03-09,,,,,,,,,,,,,,,,,,,,,,,
2026-03-09,,,,,,,11:00:00,12:00:00,,,,,,,,,,,,,,,
2026-03-09,,,,,,s,16:00:00,17:00:00,60.00000000000011,5.0,,,5.0,5.0,,,,5,,R 05,Vakuum nicht vorhanden,,
2026-03-09,,,,,,s,17:30:00,18:00:00,30.000000000000053,5.0,,,4.0,4.0,,,,,,,,,
2026-03-09,,,,,,,,,,,,,,,,,,,,,,,
2026-03-09,,,,,,,,,,,,,,,,,,,,,,,
2026-03-09,,,,,,s,18:00:00,19:00:00,59.99999999999995,5.0,,3.0,3.0,6.0,,,,,,,,,
2026-03-09,,,,,,,,,,,,,,,,,,,,,,,
2026-03-09,,,,,,,,,,,,,,,,,,,,,,,
2026-03-09,,,,,,s,19:00:00,20:00:00,60.00000000000011,5.0,,6.0,,6.0,10.0,,,,,,Warten auf Stapler (Gestelle voll) ,,
2026-03-09,,,,,,,,,,,,,,,,,,,,,,,
2026-03-09,,,,,,,,,,,,,,,,,,,,,,,
2026-03-09,,,,,,s,20:00:00,21:00:00,59.99999999999995,5.0,,7.0,,7.0,,,,,,,,,
2026-03-09,,,,,,,,,,,,,,,,,,,,,,,
2026-03-09,,,,,,,,,,,,,,,,,,,,,,,
2026-03-09,,,,,,,21:00:00,21:45:00,45.0,5.0,,2.0,,2.0,,,,,,,,,
2026-03-09,,,,,,,,,,,,,,,,,,,,,,,
2026-03-09,,,,,,f,,,0.0,5.0,,,7.0,7.0,,,,,,,,,
2026-03-09,,,,,,,,,,,,,,,,,,,,,,,
2026-03-09,,,,,,,10:00:00,11:00:00,,,,,,,,,,,,,,,
2026-03-09,,,,,,,,,,,,,,,,,,,,,,,
2026-03-09,,,,,,f,,,0.0,4.0,,,7.0,7.0,,,,,,,,,
2026-03-09,,,,,,,06:00:00,07:00:00,,,,,,,,,,,,,,,
2026-03-09,,,,,,,,,,,,,,,,,,,,,,,
2026-03-09,,,,,,f,,,0.0,4.0,,,6.0,6.0,,,,,,,,,
2026-03-09,,,,,,,07:00:00,08:00:00,,,,,,,,,,,,,,,
2026-03-09,,,,,,,,,,,,,,,,,,,,,,,
2026-03-09,,,,,,f,,,0.0,4.0,,,3.0,3.0,,,,,,,,,
2026-03-09,,,,,,,08:00:00,09:00:00,,,,,,,,30,,,,,"Kran Störung,  Elektriker an der Anlage    ( Sensor Störung.)",,
2026-03-09,,,,,,,,,,,,,,,,,,,,,,,
2026-03-09,,,,,,f,,,0.0,5.0,,,3.0,3.0,,,,,,,,,
2026-03-09,,,,,,,09:30:00,10:00:00,,,,,,,,,,,,,,,
2026-03-09,,,,,,s,,,,,,,,,,,,,,,,,
2026-03-09,,,,,,,21:00:00,21:45:00,45.0,5.0,,2.0,,2.0,,,,,,,,,
2026-03-09,,,,,,,,,,,,,,,,,,,,,,,
2026-03-09,,,,,,,,,,,,,,,,,,,,,,,
2026-03-09,,,,,,s,20:00:00,21:00:00,59.99999999999995,5.0,,7.0,,7.0,,,,,,,,,
2026-03-09,,,,,,,,,,,,,,,,,,,,,,,
2026-03-09,,,,,,,,,,,,,,,,,,,,,,,
2026-03-09,,,,,,s,19:00:00,20:00:00,60.00000000000011,5.0,,6.0,,6.0,10.0,,,,,,Warten auf Stapler (Gestelle voll) ,,
2026-03-09,,,,,,,,,,,,,,,,,,,,,,,
2026-03-09,,,,,,,,,,,,,,,,,,,,,,,
2026-03-09,,,,,,s,18:00:00,19:00:00,59.99999999999995,5.0,,3.0,3.0,6.0,,,,,,,,,
2026-03-09,,,,,,,,,,,,,,,,,,,,,,,
2026-03-09,,,,,,s,17:30:00,18:00:00,30.000000000000053,5.0,,,4.0,4.0,,,,,,,,,
2026-03-09,,,,,,,,,,,,,,,,,,,,,,,
2026-03-09,,,,,,,,,,,,,,,,,,,,,,,
2026-03-09,,,,,,,,,,,,,,,,,,,,,,,
2026-03-09,,,,,,f,,,0.0,5.0,,,7.0,7.0,,,,,,,,,
2026-03-09,,,,,,f,,,0.0,4.0,,,6.0,6.0,,,,15,,,Wartungsplan,,
2026-03-09,,,,,,,,,,,,,,,,,,,,,,,
2026-03-09,,,,,,,12:00:00,13:15:00,,,,,,,,,,,,,,,
2026-03-09,,,,,,,04:45:00,06:00:00,,,,,,,,,,,,,,,
2026-03-09,,,,,,,,,,,,,,,,,,,,,,,
2026-03-09,,,,,,,,,,,,,,,,,,,,,,,
2026-03-09,,,,,,s,15:00:00,16:00:00,59.99999999999995,6.0,,,7.0,7.0,,,,,,,,,
2026-03-09,,,,,,,,,,,,,,,,,,,,,,,
2026-03-09,,,,,,,,,,,,,,,,,,,,,,,
2026-03-09,,,,,,s,14:00:00,15:00:00,59.99999999999995,6.0,,,7.0,7.0,,,,,,,,,
2026-03-09,,,,,,s,16:00:00,17:00:00,60.00000000000011,5.0,,,5.0,5.0,,,,5,,R 05,Vakuum nicht vorhanden,,
2026-03-09,,,,,,,,,,,,,,,,,,,,,,,
2026-03-09,,,,,,s,13:15:00,14:00:00,45.0,6.0,,,4.0,4.0,,,,15,,,Wartungsplan,,
2026-03-09,,,,,,,,,,,,,,,,,,15,,,Reinigung,,
2026-03-09,,,,,,,12:00:00,13:15:00,,,,,,,,,,,,,,,
2026-03-09,,,,,,f,,,0.0,5.0,,,6.0,6.0,,,,,,,,,
2026-03-09,,,,,,,,,,,,,,,,,,,,,,,
2026-03-09,,,,,,,11:00:00,12:00:00,,,,,,,,,,,,,,,
2026-03-09,,,,,,,,,,,,,,,,,,,,,,,
2026-03-09,,,,,,f,,,0.0,5.0,,,7.0,7.0,,,,,,,,,
2026-03-09,,,,,,,,,,,,,,,,,,,,,,,
2026-03-09,,,,,,s,17:30:00,18:00:00,30.000000000000053,5.0,,,4.0,4.0,,,,,,,,,
2026-03-09,,,,,,,,,,,,,,,,,,15,,,Reinigung + Werkzeug einschließen,,
2026-03-09,,,,,,s,,,,,,,,,,,,,,,,,
2026-03-09,,,,,,,21:00:00,21:45:00,45.0,5.0,,2.0,,2.0,,,,,,,,,
2026-03-09,,,,,,,,,,,,,,,,,,,,,,,
2026-03-09,,,,,,,,,,,,,,,,,,,,,,,
2026-03-09,,,,,,s,20:00:00,21:00:00,59.99999999999995,5.0,,7.0,,7.0,,,,,,,,,
2026-03-09,,,,,,,,,,,,,,,,,,,,,,,
2026-03-09,,,,,,,,,,,,,,,,,,,,,,,
2026-03-09,,,,,,s,19:00:00,20:00:00,60.00000000000011,5.0,,6.0,,6.0,10.0,,,,,,Warten auf Stapler (Gestelle voll) ,,
2026-03-09,,,,,,f,,,0.0,4.0,,,6.0,6.0,,,,15,,,Wartungsplan,,
2026-03-09,,,,,,,,,,,,,,,,,,,,,,,
2026-03-09,,,,,,s,18:00:00,19:00:00,59.99999999999995,5.0,,3.0,3.0,6.0,,,,,,,,,
2026-03-09,,,,,,,,,,,,,,,,,,,,,,,
2026-03-09,,,,,,,,,,,,,,,,,,,,,,,
2026-03-09,,,,,,,,,,,,,,,,,,,,,,,
2026-03-09,,,,,,,,,,,,,,,,,,,,,,,
2026-03-09,,,,,,,,,,,,,,,,,,,,,,,
2026-03-09,,,,,,f,,,0.0,5.0,,,7.0,7.0,,,,,,,,,
2026-03-09,,,,,,f,,,0.0,5.0,,,7.0,7.0,,,,,,,,,
2026-03-09,,,,,,,,,,,,,,,,,,,,,,,
2026-03-09,,,,,,,09:30:00,10:00:00,,,,,,,,,,,,,,,
2026-03-09,,,,,,f,,,0.0,5.0,,,3.0,3.0,,,,,,,,,
2026-03-09,,,,,,,,,,,,,,,,,,,,,,,
2026-03-09,,,,,,,08:00:00,09:00:00,,,,,,,,30,,,,,"Kran Störung,  Elektriker an der Anlage    ( Sensor Störung.)",,
2026-03-09,,,,,,f,,,0.0,4.0,,,3.0,3.0,,,,,,,,,
2026-03-09,,,,,,,,,,,,,,,,,,,,,,,
2026-03-09,,,,,,,07:00:00,08:00:00,,,,,,,,,,,,,,,
2026-03-09,,,,,,f,,,0.0,4.0,,,6.0,6.0,,,,,,,,,
2026-03-09,,,,,,,,,,,,,,,,,,,,,,,
2026-03-09,,,,,,,06:00:00,07:00:00,,,,,,,,,,,,,,,
2026-03-09,,,,,,f,,,0.0,4.0,,,7.0,7.0,,,,,,,,,
2026-03-09,,,,,,,,,,,,,,,,,,,,,,,
2026-03-09,,,,,,,10:00:00,11:00:00,,,,,,,,,,,,,,,
2026-03-09,,,,,,,10:00:00,11:00:00,,,,,,,,,,,,,,,
2026-03-09,,,,,,,,,,,,,,,,,,,,,,,
2026-03-09,,,,,,,,,,,,,,,,,,15,,,Reinigung + Werkzeug einschließen,,
2026-03-09,,,,,,,11:00:00,12:00:00,,,,,,,,,,,,,,,
2026-03-09,,,,,,f,,,0.0,5.0,,,7.0,7.0,,,,,,,,,
2026-03-09,,,,,,,,,,,,,,,,,,,,,,,
2026-03-09,,,,,,s,16:00:00,17:00:00,60.00000000000011,5.0,,,5.0,5.0,,,,5,,R 05,Vakuum nicht vorhanden,,
2026-03-09,,,,,,,,,,,,,,,,,,,,,,,
2026-03-09,,,,,,s,15:00:00,16:00:00,59.99999999999995,6.0,,,7.0,7.0,,,,,,,,,
2026-03-09,,,,,,,,,,,,,,,,,,,,,,,
2026-03-09,,,,,,,,,,,,,,,,,,,,,,,
2026-03-09,,,,,,,,,,,,,,,,,,,,,,,
2026-03-09,,,,,,,,,,,,,,,,,,,,,,,
2026-03-09,,,,,,,,,,,,,,,,,,,,,,,
2026-03-09,,,,,,s,13:15:00,14:00:00,45.0,6.0,,,4.0,4.0,,,,15,,,Wartungsplan,,
2026-03-09,,,,,,,,,,,,,,,,,,15,,,Reinigung,,
2026-03-09,,,,,,s,,,,,,,,,,,,,,,,,
2026-03-09,,,,,,f,,,0.0,5.0,,,6.0,6.0,,,,,,,,,
2026-03-09,,,,,,s,14:00:00,15:00:00,59.99999999999995,6.0,,,7.0,7.0,,,,,,,,,
2026-03-09,,,,,,,,,,,,,,,,,,,,,,,
2026-03-10,,,,,,s,17:30:00,18:00:00,30.000000000000053,6.0,,,3.0,3.0,,,,10,,R 07,"     Robotech in der Anlage .   QT .  teachen, Schweißnahtposition",,
2026-03-10,,,,,,,,,,,,,,,,,,,,,,,
2026-03-10,,,,,,,,,,,,,,,,,,,,,,,
2026-03-10,,,,,,s,16:00:00,17:00:00,60.00000000000011,6.0,,,6.0,6.0,,,,,,,,,
2026-03-10,,,,,,s,15:00:00,16:00:00,59.99999999999995,6.0,,,6.0,6.0,,,,,,,,,
2026-03-10,,,,,,,,,,,,,,,,,,,,,,,
2026-03-10,,,,,,,,,,,,,,,,,,,,,,,
2026-03-10,,,,,,,,,,,,,,,,,,,,,,,
2026-03-10,,,,,,,,,,,,,,,,,,,,,,,
2026-03-10,,,,,,,,,,,,,,,,,,,,,,,
2026-03-10,,,,,,,,,,,,,,,,,,,,,,,
2026-03-10,,,,,,,,,,,,,,,,,,,,,,,
2026-03-10,,,,,,,,,,,,,,,,,,,,,,,
2026-03-10,,,,,,,,,,,,,,,,,,,,,,,
2026-03-10,,,,,,s,19:00:00,20:00:00,60.00000000000011,6.0,,,6.0,6.0,,,,,,,,,
2026-03-10,,,,,,,,,,,,,,,,,,,,,,,
2026-03-10,,,,,,,,,,,,,,,,,,,,,,,
2026-03-10,,,,,,s,20:00:00,21:00:00,59.99999999999995,6.0,,,6.0,6.0,,,,,,,,,
2026-03-10,,,,,,s,14:00:00,15:00:00,59.99999999999995,6.0,,,6.0,6.0,,,,,,,Anlage wegen L4 fahrt leer gefahren ,,
2026-03-10,,,,,,,,,,,,,,,,,,,,,,,
2026-03-10,,,,,,,21:00:00,21:45:00,45.0,5.0,,,2.0,2.0,,,,,,,,,
2026-03-10,,,,,,s,,,,,,,,,,,,,,,,,
2026-03-10,,,,,,,,,,,,,,,,,,15,,,Reinigung + Werkzeug einschließen,,
2026-03-10,,,,,,s,18:00:00,19:00:00,59.99999999999995,6.0,,,6.0,6.0,,,,,,,,,
2026-03-10,,,,,,,,,,,,,,,,,,,,,,,
2026-03-10,,,,,,f,,,0.0,4.0,,,5.0,5.0,,,,,,,,,
2026-03-10,,,,,,s,13:15:00,14:00:00,45.0,6.0,,,5.0,5.0,,,,15,,,Wartungsplan,,
2026-03-10,,,,,,f,,,0.0,4.0,,5.0,1.0,6.0,,,,15,,,Wartungsplan,,
2026-03-10,,,,,,,04:45:00,06:00:00,,,,,,,,,,,,,,,
2026-03-10,,,,,,,,,,,,,,,,,,,,,,,
2026-03-10,,,,,,f,,,0.0,4.0,,3.0,3.0,6.0,,,,,,,,,
2026-03-10,,,,,,,06:00:00,07:00:00,,,,,,,,,,,,,,,
2026-03-10,,,,,,,,,,,,,,,,,,,,,,,
2026-03-10,,,,,,f,,,0.0,4.0,,,5.0,5.0,,,,,,,,,
2026-03-10,,,,,,,07:00:00,08:00:00,,,,,,,,,,,12.0,OP 10-R,Störung ( Bleche Falsch Rum.),,
2026-03-10,,,,,,,,,,,,,,,,,,,,,,,
2026-03-10,,,,,,f,,,0.0,4.0,,2.0,3.0,5.0,,,,,,,,,
2026-03-10,,,,,,,08:00:00,09:00:00,,,,,,,,,15,,,OP 90,OP.100.  STW.Nachgearbeite (Schweißung N.I.O. Mietelnat.) L-4,2,
2026-03-10,,,,,,,,,,,,,,,,,,,,, STW nachgearbeitet ,,
2026-03-10,,,,,,f,,,0.0,4.0,,2.0,,2.0,,,,,,,,,
2026-03-10,,,,,,,09:30:00,10:00:00,,,,,,,,,10,,,OP 110,  STW.Nachgearbeite (Schweißung N.I.O. Mietelnat.) L-4,,
2026-03-10,,,,,,,,,,,,,,,,,,,,,,,
2026-03-10,,,,,,f,,,0.0,4.0,,1.0,5.0,6.0,,,,,,,,,
2026-03-10,,,,,,,10:00:00,11:00:00,,,,,,,,,,,,,,,
2026-03-10,,,,,,,,,,,,,,,,,,,,,,,
2026-03-10,,,,,,,11:00:00,12:00:00,,,,,,,,10,,,,R 07,"     Robotech in der Anlage .   QT .  teachen, Schweißnahtposition",,
2026-03-10,,,,,,,,,,,,,,,,,,,,,,,
2026-03-10,,,,,,f,,,0.0,4.0,,,4.0,4.0,,,,,,,,,
2026-03-10,,,,,,,12:00:00,13:15:00,,,,,,,,,15,,,, STW nachgearbeitet ,2,
2026-03-10,,,,,,,,,,,,,,,,,,15,,,Reinigung,,
2026-03-10,,,,,,,,,,,,,,,,,,,,,,,
2026-03-10,,,,,,,,,,,,,,,,,,,,,,,
2026-03-10,,,,,,s,17:30:00,18:00:00,30.000000000000053,6.0,,,3.0,3.0,,,,10,,R 07,"     Robotech in der Anlage .   QT .  teachen, Schweißnahtposition",,
2026-03-10,,,,,,,04:45:00,06:00:00,,,,,,,,,,,,,,,
2026-03-10,,,,,,,,,,,,,,,,,,,,,,,
2026-03-10,,,,,,s,17:30:00,18:00:00,30.000000000000053,6.0,,,3.0,3.0,,,,10,,R 07,"     Robotech in der Anlage .   QT .  teachen, Schweißnahtposition",,
2026-03-10,,,,,,,,,,,,,,,,,,,,,,,
2026-03-10,,,,,,,,,,,,,,,,,,,,,,,
2026-03-10,,,,,,s,16:00:00,17:00:00,60.00000000000011,6.0,,,6.0,6.0,,,,,,,,,
2026-03-10,,,,,,,,,,,,,,,,,,,,,,,
2026-03-10,,,,,,,,,,,,,,,,,,,,,,,
2026-03-10,,,,,,s,15:00:00,16:00:00,59.99999999999995,6.0,,,6.0,6.0,,,,,,,,,
2026-03-10,,,,,,,,,,,,,,,,,,,,,,,
2026-03-10,,,,,,,,,,,,,,,,,,,,,,,
2026-03-10,,,,,,s,14:00:00,15:00:00,59.99999999999995,6.0,,,6.0,6.0,,,,,,,Anlage wegen L4 fahrt leer gefahren ,,
2026-03-10,,,,,,,,,,,,,,,,,,,,,,,
2026-03-10,,,,,,,,,,,,,,,,,,,,,,,
2026-03-10,,,,,,s,13:15:00,14:00:00,45.0,6.0,,,5.0,5.0,,,,15,,,Wartungsplan,,
2026-03-10,,,,,,,,,,,,,,,,,,15,,,Reinigung,,
2026-03-10,,,,,,,12:00:00,13:15:00,,,,,,,,,15,,,, STW nachgearbeitet ,2,
2026-03-10,,,,,,f,,,0.0,4.0,,,4.0,4.0,,,,,,,,,
2026-03-10,,,,,,,,,,,,,,,,,,,,,,,
2026-03-10,,,,,,,11:00:00,12:00:00,,,,,,,,10,,,,R 07,"     Robotech in der Anlage .   QT .  teachen, Schweißnahtposition",,
2026-03-10,,,,,,f,,,0.0,4.0,,,5.0,5.0,,,,,,,,,
2026-03-10,,,,,,,,,,,,,,,,,,,,,,,
2026-03-10,,,,,,,,,,,,,,,,,,,,,,,
2026-03-10,,,,,,s,18:00:00,19:00:00,59.99999999999995,6.0,,,6.0,6.0,,,,,,,,,
2026-03-10,,,,,,,,,,,,,,,,,,,,,,,
2026-03-10,,,,,,,,,,,,,,,,,,,,,,,
2026-03-10,,,,,,s,19:00:00,20:00:00,60.00000000000011,6.0,,,6.0,6.0,,,,,,,,,
2026-03-10,,,,,,,,,,,,,,,,,,,,,,,
2026-03-10,,,,,,,,,,,,,,,,,,,,,,,
2026-03-10,,,,,,s,20:00:00,21:00:00,59.99999999999995,6.0,,,6.0,6.0,,,,,,,,,
2026-03-10,,,,,,,,,,,,,,,,,,,,,,,
2026-03-10,,,,,,,,,,,,,,,,,,,,,,,
2026-03-10,,,,,,,21:00:00,21:45:00,45.0,5.0,,,2.0,2.0,,,,,,,,,
2026-03-10,,,,,,s,,,,,,,,,,,,,,,,,
2026-03-10,,,,,,,,,,,,,,,,,,15,,,Reinigung + Werkzeug einschließen,,
2026-03-10,,,,,,s,18:00:00,19:00:00,59.99999999999995,6.0,,,6.0,6.0,,,,,,,,,
2026-03-10,,,,,,,10:00:00,11:00:00,,,,,,,,,,,,,,,
2026-03-10,,,,,,,,,,,,,,,,,,,,,,,
2026-03-10,,,,,,f,,,0.0,4.0,,5.0,1.0,6.0,,,,15,,,Wartungsplan,,
2026-03-10,,,,,,,,,,,,,,,,,,15,,,Reinigung + Werkzeug einschließen,,
2026-03-10,,,,,,s,,,,,,,,,,,,,,,,,
2026-03-10,,,,,,,21:00:00,21:45:00,45.0,5.0,,,2.0,2.0,,,,,,,,,
2026-03-10,,,,,,,,,,,,,,,,,,,,,,,
2026-03-10,,,,,,,,,,,,,,,,,,,,,,,
2026-03-10,,,,,,s,20:00:00,21:00:00,59.99999999999995,6.0,,,6.0,6.0,,,,,,,,,
2026-03-10,,,,,,,,,,,,,,,,,,,,,,,
2026-03-10,,,,,,,,,,,,,,,,,,,,,,,
2026-03-10,,,,,,s,19:00:00,20:00:00,60.00000000000011,6.0,,,6.0,6.0,,,,,,,,,
2026-03-10,,,,,,,,,,,,,,,,,,,,,,,
2026-03-10,,,,,,f,,,0.0,4.0,,1.0,5.0,6.0,,,,,,,,,
2026-03-10,,,,,,,,,,,,,,,,,,,,,,,
2026-03-10,,,,,,,09:30:00,10:00:00,,,,,,,,,10,,,OP 110,  STW.Nachgearbeite (Schweißung N.I.O. Mietelnat.) L-4,,
2026-03-10,,,,,,,12:00:00,13:15:00,,,,,,,,,15,,,, STW nachgearbeitet ,2,
2026-03-10,,,,,,f,,,0.0,4.0,,,4.0,4.0,,,,,,,,,
2026-03-10,,,,,,,,,,,,,,,,,,,,,,,
2026-03-10,,,,,,,11:00:00,12:00:00,,,,,,,,10,,,,R 07,"     Robotech in der Anlage .   QT .  teachen, Schweißnahtposition",,
2026-03-10,,,,,,f,,,0.0,4.0,,,5.0,5.0,,,,,,,,,
2026-03-10,,,,,,,,,,,,,,,,,,,,,,,
2026-03-10,,,,,,,10:00:00,11:00:00,,,,,,,,,,,,,,,
2026-03-10,,,,,,f,,,0.0,4.0,,1.0,5.0,6.0,,,,,,,,,
2026-03-10,,,,,,,,,,,,,,,,,,,,,,,
2026-03-10,,,,,,,,,,,,,,,,,,,,,,,
2026-03-10,,,,,,,,,,,,,,,,,,15,,,Reinigung,,
2026-03-10,,,,,,,09:30:00,10:00:00,,,,,,,,,10,,,OP 110,  STW.Nachgearbeite (Schweißung N.I.O. Mietelnat.) L-4,,
2026-03-10,,,,,,,,,,,,,,,,,,,,, STW nachgearbeitet ,,
2026-03-10,,,,,,,08:00:00,09:00:00,,,,,,,,,15,,,OP 90,OP.100.  STW.Nachgearbeite (Schweißung N.I.O. Mietelnat.) L-4,2,
2026-03-10,,,,,,f,,,0.0,4.0,,2.0,3.0,5.0,,,,,,,,,
2026-03-10,,,,,,,,,,,,,,,,,,,,,,,
2026-03-10,,,,,,,07:00:00,08:00:00,,,,,,,,,,,12.0,OP 10-R,Störung ( Bleche Falsch Rum.),,
2026-03-10,,,,,,f,,,0.0,4.0,,,5.0,5.0,,,,,,,,,
2026-03-10,,,,,,,,,,,,,,,,,,,,,,,
2026-03-10,,,,,,,06:00:00,07:00:00,,,,,,,,,,,,,,,
2026-03-10,,,,,,f,,,0.0,4.0,,3.0,3.0,6.0,,,,,,,,,
2026-03-10,,,,,,,,,,,,,,,,,,,,,,,
2026-03-10,,,,,,f,,,0.0,4.0,,2.0,,2.0,,,,,,,,,
2026-03-10,,,,,,s,13:15:00,14:00:00,45.0,6.0,,,5.0,5.0,,,,15,,,Wartungsplan,,
2026-03-10,,,,,,,,,,,,,,,,,,,,,,,
2026-03-10,,,,,,,,,,,,,,,,,,,,,,,
2026-03-10,,,,,,,,,,,,,,,,,,,,,,,
2026-03-10,,,,,,f,,,0.0,4.0,,5.0,1.0,6.0,,,,15,,,Wartungsplan,,
2026-03-10,,,,,,,04:45:00,06:00:00,,,,,,,,,,,,,,,
2026-03-10,,,,,,f,,,0.0,4.0,,3.0,3.0,6.0,,,,,,,,,
2026-03-10,,,,,,,06:00:00,07:00:00,,,,,,,,,,,,,,,
2026-03-10,,,,,,,,,,,,,,,,,,,,,,,
2026-03-10,,,,,,f,,,0.0,4.0,,,5.0,5.0,,,,,,,,,
2026-03-10,,,,,,,07:00:00,08:00:00,,,,,,,,,,,12.0,OP 10-R,Störung ( Bleche Falsch Rum.),,
2026-03-10,,,,,,,,,,,,,,,,,,,,,,,
2026-03-10,,,,,,f,,,0.0,4.0,,2.0,3.0,5.0,,,,,,,,,
2026-03-10,,,,,,,,,,,,,,,,,,,,,,,
2026-03-10,,,,,,,,,,,,,,,,,,,,, STW nachgearbeitet ,,
2026-03-10,,,,,,,08:00:00,09:00:00,,,,,,,,,15,,,OP 90,OP.100.  STW.Nachgearbeite (Schweißung N.I.O. Mietelnat.) L-4,2,
2026-03-10,,,,,,,,,,,,,,,,,,,,,,,
2026-03-10,,,,,,s,14:00:00,15:00:00,59.99999999999995,6.0,,,6.0,6.0,,,,,,,Anlage wegen L4 fahrt leer gefahren ,,
2026-03-10,,,,,,s,15:00:00,16:00:00,59.99999999999995,6.0,,,6.0,6.0,,,,,,,,,
2026-03-10,,,,,,,,,,,,,,,,,,,,,,,
2026-03-10,,,,,,,,,,,,,,,,,,,,,,,
2026-03-10,,,,,,s,16:00:00,17:00:00,60.00000000000011,6.0,,,6.0,6.0,,,,,,,,,
2026-03-10,,,,,,,,,,,,,,,,,,,,,,,
2026-03-10,,,,,,f,,,0.0,4.0,,2.0,,2.0,,,,,,,,,
2026-03-10,,,,,,,,,,,,,,,,,,,,,,,
2026-03-11,,,,,,,,,,,,,,,,,,,,,,,
2026-03-11,,,,,,f,,,0.0,4.0,,,5.0,5.0,,,,,,,,,
2026-03-11,,,,,,,09:30:00,10:00:00,,,,,,,,,,,,,,,
2026-03-11,,,,,,f,,,0.0,4.0,,,2.0,2.0,,,10,,,, STW.  Eckrungen  nachgearbeitet   aus.  SR.09,,
2026-03-11,,,,,,,,,,,,,,,,,5,,,, STW.  Eckrungen  nachgearbeitet   aus.  SR.09,,
2026-03-11,,,,,,,08:00:00,09:00:00,,,,,,,,,,,,,,,
2026-03-11,,,,,,,,,,,,,,,,,,,,,,,
2026-03-11,,,,,,f,,,0.0,4.0,,,6.0,6.0,,,,,,,,,
2026-03-11,,,,,,f,,,0.0,4.0,,,6.0,6.0,,,,,,,,,
2026-03-11,,,,,,,,,,,,,,,,,,,,,,,
2026-03-11,,,,,,,06:00:00,07:00:00,,,,,,,,,,,,,,,
2026-03-11,,,,,,,,,,,,,,,,,,,,,,,
2026-03-11,,,,,,,04:45:00,06:00:00,,,,,,,,,,,,,,,
2026-03-11,,,,,,f,,,0.0,4.0,,,5.0,5.0,,,,15,,,Wartungsplan,,
2026-03-11,,,,,,f,,,0.0,4.0,,,6.0,6.0,,,,,,,,,
2026-03-11,,,,,,,07:00:00,08:00:00,,,,,,,,,,,,,,,
2026-03-11,,,,,,,10:00:00,11:00:00,,,,,,,,,,,,,,,
2026-03-11,,,,,,,12:00:00,13:15:00,,,,,,,,,,,,,,,
2026-03-11,,,,,,,11:00:00,12:00:00,,,,,,,,,,,,,,,
2026-03-11,,,,,,,,,,,,,,,,,,,,,,,
2026-03-11,,,,,,,,,,,,,,,,,,,,,,,
2026-03-11,,,,,,s,20:00:00,21:00:00,59.99999999999995,6.0,,,6.0,6.0,,,,,,,,,
2026-03-11,,,,,,,,,,,,,,,,,,,,,,,
2026-03-11,,,,,,,,,,,,,,,,,,,,,,,
2026-03-11,,,,,,s,19:00:00,20:00:00,60.00000000000011,6.0,,,6.0,6.0,,,,,,,,,
2026-03-11,,,,,,,,,,,,,,,,,,,,,,,
2026-03-11,,,,,,,,,,,,,,,,,,,,,,,
2026-03-11,,,,,,s,18:00:00,19:00:00,59.99999999999995,6.0,,,6.0,6.0,,,,,,,,,
2026-03-11,,,,,,,,,,,,,,,,,,,,,,,
2026-03-11,,,,,,,,,,,,,,,,,,,,,,,
2026-03-11,,,,,,s,17:30:00,18:00:00,30.000000000000053,6.0,,,3.0,3.0,,,,,,,,,
2026-03-11,,,,,,,,,,,,,,,,5,,,,R 06,Festgebrannt ,,
2026-03-11,,,,,,,21:00:00,21:45:00,45.0,6.0,,,,,,,,,,,,,
2026-03-11,,,,,,s,16:00:00,17:00:00,60.00000000000011,6.0,,,5.0,5.0,,,,,,,,,
2026-03-11,,,,,,,,,,,,,,,,,,,,,Anlage leer gefahren ,,
2026-03-11,,,,,,,,,,,,,,,,30,,,,R 06,kollision wegen daten verlust (RobTech an der Anlage),,
2026-03-11,,,,,,s,15:00:00,16:00:00,59.99999999999995,6.0,,,0.0,,,30,,,,OP 120.1,Bauteilspanner spannen nicht,,
2026-03-11,,,,,,,,,,,,,,,,,,,,,,,
2026-03-11,,,,,,,,,,,,,,,,30,,,,OP 120.1,Bauteilspanner spannen nicht,,
2026-03-11,,,,,,s,14:00:00,15:00:00,59.99999999999995,6.0,,,3.0,3.0,,,,,,,,,
2026-03-11,,,,,,,,,,,,,,,,,,,,,,,
2026-03-11,,,,,,,,,,,,,,,,,,,,,,,
2026-03-11,,,,,,s,13:15:00,14:00:00,45.0,6.0,,,5.0,5.0,,,,15,,,Wartungsplan,,
2026-03-11,,,,,,,,,,,,,,,,,,15,,,Reinigung,,
2026-03-11,,,,,,f,,,0.0,4.0,,,6.0,6.0,,,,,,,,,
2026-03-11,,,,,,,,,,,,,,,,,,,,,,,
2026-03-11,,,,,,f,,,0.0,4.0,,,5.0,5.0,,,,,,,,,
2026-03-11,,,,,,,,,,,,,,,,,,,,,,,
2026-03-11,,,,,,,,,,,,,,,,,,,,,,,
2026-03-11,,,,,,s,,,,,,,,,,,,,,,,,
2026-03-11,,,,,,f,,,0.0,4.0,,,6.0,6.0,,,,,,,,,
2026-03-11,,,,,,,,,,,,,,,,,,,,,,,
2026-03-11,,,,,,,11:00:00,12:00:00,,,,,,,,,,,,,,,
2026-03-11,,,,,,f,,,0.0,4.0,,,5.0,5.0,,,,,,,,,
2026-03-11,,,,,,,,,,,,,,,,,,,,,,,
2026-03-11,,,,,,,10:00:00,11:00:00,,,,,,,,,,,,,,,
2026-03-11,,,,,,f,,,0.0,4.0,,,6.0,6.0,,,,,,,,,
2026-03-11,,,,,,,09:30:00,10:00:00,,,,,,,,,,,,,,,
2026-03-11,,,,,,f,,,0.0,4.0,,,2.0,2.0,,,10,,,, STW.  Eckrungen  nachgearbeitet   aus.  SR.09,,
2026-03-11,,,,,,,,,,,,,,,,,5,,,, STW.  Eckrungen  nachgearbeitet   aus.  SR.09,,
2026-03-11,,,,,,,12:00:00,13:15:00,,,,,,,,,,,,,,,
2026-03-11,,,,,,,08:00:00,09:00:00,,,,,,,,,,,,,,,
2026-03-11,,,,,,,,,,,,,,,,,,,,,,,
2026-03-11,,,,,,,07:00:00,08:00:00,,,,,,,,,,,,,,,
2026-03-11,,,,,,f,,,0.0,4.0,,,6.0,6.0,,,,,,,,,
2026-03-11,,,,,,,,,,,,,,,,,,,,,,,
2026-03-11,,,,,,,06:00:00,07:00:00,,,,,,,,,,,,,,,
2026-03-11,,,,,,f,,,0.0,4.0,,,6.0,6.0,,,,,,,,,
2026-03-11,,,,,,,,,,,,,,,,,,,,,,,
2026-03-11,,,,,,,04:45:00,06:00:00,,,,,,,,,,,,,,,
2026-03-11,,,,,,f,,,0.0,4.0,,,5.0,5.0,,,,15,,,Wartungsplan,,
2026-03-11,,,,,,s,,,,,,,,,,,,,,,,,
2026-03-11,,,,,,f,,,0.0,4.0,,,5.0,5.0,,,,,,,,,
2026-03-11,,,,,,,,,,,,,,,,,,15,,,Reinigung,,
2026-03-11,,,,,,s,13:15:00,14:00:00,45.0,6.0,,,5.0,5.0,,,,15,,,Wartungsplan,,
2026-03-11,,,,,,,,,,,,,,,,,,,,,,,
2026-03-11,,,,,,,21:00:00,21:45:00,45.0,6.0,,,,,,,,,,,,,
2026-03-11,,,,,,,,,,,,,,,,,,,,,,,
2026-03-11,,,,,,,,,,,,,,,,,,,,,,,
2026-03-11,,,,,,s,20:00:00,21:00:00,59.99999999999995,6.0,,,6.0,6.0,,,,,,,,,
2026-03-11,,,,,,,,,,,,,,,,,,,,,,,
2026-03-11,,,,,,,,,,,,,,,,,,,,,,,
2026-03-11,,,,,,s,19:00:00,20:00:00,60.00000000000011,6.0,,,6.0,6.0,,,,,,,,,
2026-03-11,,,,,,,,,,,,,,,,,,,,,,,
2026-03-11,,,,,,,,,,,,,,,,,,,,,,,
2026-03-11,,,,,,s,18:00:00,19:00:00,59.99999999999995,6.0,,,6.0,6.0,,,,,,,,,
2026-03-11,,,,,,,,,,,,,,,,,,,,,,,
2026-03-11,,,,,,,,,,,,,,,,,,,,,,,
2026-03-11,,,,,,s,17:30:00,18:00:00,30.000000000000053,6.0,,,3.0,3.0,,,,,,,,,
2026-03-11,,,,,,,,,,,,,,,,5,,,,R 06,Festgebrannt ,,
2026-03-11,,,,,,,,,,,,,,,,,,,,,,,
2026-03-11,,,,,,s,16:00:00,17:00:00,60.00000000000011,6.0,,,5.0,5.0,,,,,,,,,
2026-03-11,,,,,,,,,,,,,,,,,,,,,Anlage leer gefahren ,,
2026-03-11,,,,,,,,,,,,,,,,30,,,,R 06,kollision wegen daten verlust (RobTech an der Anlage),,
2026-03-11,,,,,,s,15:00:00,16:00:00,59.99999999999995,6.0,,,0.0,,,30,,,,OP 120.1,Bauteilspanner spannen nicht,,
2026-03-11,,,,,,,,,,,,,,,,,,,,,,,
2026-03-11,,,,,,,,,,,,,,,,30,,,,OP 120.1,Bauteilspanner spannen nicht,,
2026-03-11,,,,,,s,14:00:00,15:00:00,59.99999999999995,6.0,,,3.0,3.0,,,,,,,,,
2026-03-11,,,,,,,,,,,,,,,,,,,,,,,
2026-03-11,,,,,,,,,,,,,,,,,,15,,,Reinigung + Werkzeug einschließen,,
2026-03-11,,,,,,,,,,,,,,,,,,15,,,Reinigung + Werkzeug einschließen,,
2026-03-11,,,,,,,,,,,,,,,,,,,,,,,
2026-03-11,,,,,,s,,,,,,,,,,,,,,,,,
2026-03-11,,,,,,,11:00:00,12:00:00,,,,,,,,,,,,,,,
2026-03-11,,,,,,,,,,,,,,,,,,,,,,,
2026-03-11,,,,,,f,,,0.0,4.0,,,6.0,6.0,,,,,,,,,
2026-03-11,,,,,,,12:00:00,13:15:00,,,,,,,,,,,,,,,
2026-03-11,,,,,,,,,,,,,,,,,,15,,,Reinigung,,
2026-03-11,,,,,,s,13:15:00,14:00:00,45.0,6.0,,,5.0,5.0,,,,15,,,Wartungsplan,,
2026-03-11,,,,,,,,,,,,,,,,,,,,,,,
2026-03-11,,,,,,,,,,,,,,,,,,,,,,,
2026-03-11,,,,,,s,14:00:00,15:00:00,59.99999999999995,6.0,,,3.0,3.0,,,,,,,,,
2026-03-11,,,,,,,,,,,,,,,,30,,,,OP 120.1,Bauteilspanner spannen nicht,,
2026-03-11,,,,,,,,,,,,,,,,,,,,,,,
2026-03-11,,,,,,s,15:00:00,16:00:00,59.99999999999995,6.0,,,0.0,,,30,,,,OP 120.1,Bauteilspanner spannen nicht,,
2026-03-11,,,,,,,,,,,,,,,,30,,,,R 06,kollision wegen daten verlust (RobTech an der Anlage),,
2026-03-11,,,,,,,,,,,,,,,,,,,,,Anlage leer gefahren ,,
2026-03-11,,,,,,s,16:00:00,17:00:00,60.00000000000011,6.0,,,5.0,5.0,,,,,,,,,
2026-03-11,,,,,,,,,,,,,,,,,,,,,,,
2026-03-11,,,,,,,,,,,,,,,,5,,,,R 06,Festgebrannt ,,
2026-03-11,,,,,,s,17:30:00,18:00:00,30.000000000000053,6.0,,,3.0,3.0,,,,,,,,,
2026-03-11,,,,,,,,,,,,,,,,,,,,,,,
2026-03-11,,,,,,,,,,,,,,,,,,15,,,Reinigung + Werkzeug einschließen,,
2026-03-11,,,,,,,,,,,,,,,,,,,,,,,
2026-03-11,,,,,,,21:00:00,21:45:00,45.0,6.0,,,,,,,,,,,,,
2026-03-11,,,,,,,,,,,,,,,,,,,,,,,
2026-03-11,,,,,,,,,,,,,,,,,,,,,,,
2026-03-11,,,,,,s,20:00:00,21:00:00,59.99999999999995,6.0,,,6.0,6.0,,,,,,,,,
2026-03-11,,,,,,,,,,,,,,,,,,,,,,,
2026-03-11,,,,,,,,,,,,,,,,,,,,,,,
2026-03-11,,,,,,s,19:00:00,20:00:00,60.00000000000011,6.0,,,6.0,6.0,,,,,,,,,
2026-03-11,,,,,,,,,,,,,,,,,,,,,,,
2026-03-11,,,,,,f,,,0.0,4.0,,,5.0,5.0,,,,,,,,,
2026-03-11,,,,,,,,,,,,,,,,,,,,,,,
2026-03-11,,,,,,s,18:00:00,19:00:00,59.99999999999995,6.0,,,6.0,6.0,,,,,,,,,
2026-03-11,,,,,,,08:00:00,09:00:00,,,,,,,,,,,,,,,
2026-03-11,,,,,,,10:00:00,11:00:00,,,,,,,,,,,,,,,
2026-03-11,,,,,,f,,,0.0,4.0,,,6.0,6.0,,,,,,,,,
2026-03-11,,,,,,,,,,,,,,,,,,,,,,,
2026-03-11,,,,,,,09:30:00,10:00:00,,,,,,,,,,,,,,,
2026-03-11,,,,,,f,,,0.0,4.0,,,2.0,2.0,,,10,,,, STW.  Eckrungen  nachgearbeitet   aus.  SR.09,,
2026-03-11,,,,,,,,,,,,,,,,,5,,,, STW.  Eckrungen  nachgearbeitet   aus.  SR.09,,
2026-03-11,,,,,,f,,,0.0,4.0,,,5.0,5.0,,,,,,,,,
2026-03-11,,,,,,,,,,,,,,,,,,,,,,,
2026-03-11,,,,,,,,,,,,,,,,,,,,,,,
2026-03-11,,,,,,f,,,0.0,4.0,,,6.0,6.0,,,,,,,,,
2026-03-11,,,,,,,,,,,,,,,,,,,,,,,
2026-03-11,,,,,,,06:00:00,07:00:00,,,,,,,,,,,,,,,
2026-03-11,,,,,,f,,,0.0,4.0,,,6.0,6.0,,,,,,,,,
2026-03-11,,,,,,,,,,,,,,,,,,,,,,,
2026-03-11,,,,,,,04:45:00,06:00:00,,,,,,,,,,,,,,,
2026-03-11,,,,,,f,,,0.0,4.0,,,5.0,5.0,,,,15,,,Wartungsplan,,
2026-03-11,,,,,,,07:00:00,08:00:00,,,,,,,,,,,,,,,
2026-03-12,,,,,,,,,,,,,,,,,,,,,,,
2026-03-12,,,,,,s,15:00:00,16:00:00,59.99999999999995,5.0,,,5.0,5.0,,,,5,,R 05,Vakuum nicht vorhanden,,
2026-03-12,,,,,,,,,,,,,,,,30,,,,R 07,Brennerkollision    Robotech Informiert,,
2026-03-12,,,,,,,,,,,,,,,,,,10,,R 05,R 06-07 folgen Fehler ,,
2026-03-12,,,,,,,,,,,,,,,,,,,,,,,
2026-03-12,,,,,,s,14:00:00,15:00:00,59.99999999999995,5.0,,,5.0,5.0,,,,5,,,Bedienerschutz wurde ausgelöst ,,
2026-03-12,,,,,,,,,,,,,,,,,,,,,,,
2026-03-12,,,,,,,,,,,,,,,,,,,,,,,
2026-03-12,,,,,,,10:00:00,11:00:00,,,,,,,,,,,,,,,
2026-03-12,,,,,,f,,,0.0,4.0,,,4.0,4.0,,,,,,,,,
2026-03-12,,,,,,,,,,,,,,,,,,,,,,,
2026-03-12,,,,,,,09:30:00,10:00:00,,,,,,,,,,,,,,,
2026-03-12,,,,,,f,,,0.0,4.0,,,3.0,3.0,,,,,,,,,
2026-03-12,,,,,,,,,,,,,,,,,,,,,,,
2026-03-12,,,,,,,08:00:00,09:00:00,,,,,,,,,,,,,,,
2026-03-12,,,,,,,11:00:00,12:00:00,,,,,,,,20,,,,R 07,Störung Robotech Informiert,,
2026-03-12,,,,,,,,,,,,,,,,,,,,,,,
2026-03-12,,,,,,,07:00:00,08:00:00,,,,,,,,,,,,,,,
2026-03-12,,,,,,f,,,0.0,4.0,,,,,,,,,,,Anlage leer gefahren wegen Störung,,
2026-03-12,,,,,,f,,,0.0,4.0,,2.0,4.0,6.0,,,,,,,,,
2026-03-12,,,,,,,06:00:00,07:00:00,,,,,,,,,,,,,,,
2026-03-12,,,,,,f,,,0.0,4.0,,6.0,,6.0,,,,,,,,,
2026-03-12,,,,,,,,,,,,,,,,,,,,,,,
2026-03-12,,,,,,,04:45:00,06:00:00,,,,,,,,,,,,,,,
2026-03-12,,,,,,f,,,0.0,4.0,,5.0,,5.0,,,,15,,,Wartungsplan,,
2026-03-12,,,,,,,,,,,,,,,,,,,,,Anlage leer gefahren wegen Störung,,
2026-03-12,,,,,,f,,,0.0,4.0,,,4.0,4.0,,,,,,,,,
2026-03-12,,,,,,,12:00:00,13:15:00,,,,,,,,,10,,,OP 100, STW nachgearbeitet ,,
2026-03-12,,,,,,,,,,,,,,,,,,,,,,,
2026-03-12,,,,,,s,13:15:00,14:00:00,45.0,4.0,,,5.0,5.0,,,,15,,,Wartungsplan,,
2026-03-12,,,,,,,,,,,,,,,,,,,,,,,
2026-03-12,,,,,,f,,,0.0,4.0,,,5.0,5.0,,,,,,,,,
2026-03-12,,,,,,f,,,0.0,4.0,,5.0,,5.0,,,,15,,,Wartungsplan,,
2026-03-12,,,,,,,04:45:00,06:00:00,,,,,,,,,,,,,,,
2026-03-12,,,,,,,,,,,,,,,,,,,,,,,
2026-03-12,,,,,,,,,,,,,,,,,,,,,,,
2026-03-12,,,,,,s,13:15:00,14:00:00,45.0,4.0,,,5.0,5.0,,,,15,,,Wartungsplan,,
2026-03-12,,,,,,,,,,,,,,,,,,,,,,,
2026-03-12,,,,,,,12:00:00,13:15:00,,,,,,,,,10,,,OP 100, STW nachgearbeitet ,,
2026-03-12,,,,,,f,,,0.0,4.0,,,4.0,4.0,,,,,,,,,
2026-03-12,,,,,,,,,,,,,,,,,,,,,Anlage leer gefahren wegen Störung,,
2026-03-12,,,,,,,11:00:00,12:00:00,,,,,,,,20,,,,R 07,Störung Robotech Informiert,,
2026-03-12,,,,,,f,,,0.0,4.0,,,,,,,,,,,Anlage leer gefahren wegen Störung,,
2026-03-12,,,,,,,,,,,,,,,,30,,,,R 07,Brennerkollision    Robotech Informiert,,
2026-03-12,,,,,,,10:00:00,11:00:00,,,,,,,,,,,,,,,
2026-03-12,,,,,,f,,,0.0,4.0,,,4.0,4.0,,,,,,,,,
2026-03-12,,,,,,,,,,,,,,,,,,,,,,,
2026-03-12,,,,,,,09:30:00,10:00:00,,,,,,,,,,,,,,,
2026-03-12,,,,,,f,,,0.0,4.0,,,3.0,3.0,,,,,,,,,
2026-03-12,,,,,,,,,,,,,,,,,,,,,,,
2026-03-12,,,,,,,08:00:00,09:00:00,,,,,,,,,,,,,,,
2026-03-12,,,,,,f,,,0.0,4.0,,,5.0,5.0,,,,,,,,,
2026-03-12,,,,,,,,,,,,,,,,,,,,,,,
2026-03-12,,,,,,,07:00:00,08:00:00,,,,,,,,,,,,,,,
2026-03-12,,,,,,f,,,0.0,4.0,,2.0,4.0,6.0,,,,,,,,,
2026-03-12,,,,,,,,,,,,,,,,,,,,,,,
2026-03-12,,,,,,,06:00:00,07:00:00,,,,,,,,,,,,,,,
2026-03-12,,,,,,s,14:00:00,15:00:00,59.99999999999995,5.0,,,5.0,5.0,,,,5,,,Bedienerschutz wurde ausgelöst ,,
2026-03-12,,,,,,,,,,,,,,,,,,10,,R 05,R 06-07 folgen Fehler ,,
2026-03-12,,,,,,,,,,,,,,,,,,,,,,,
2026-03-12,,,,,,s,15:00:00,16:00:00,59.99999999999995,5.0,,,5.0,5.0,,,,5,,R 05,Vakuum nicht vorhanden,,
2026-03-12,,,,,,f,,,0.0,4.0,,6.0,,6.0,,,,,,,,,
2026-03-12,,,,,,,,,,,,,,,,,,,,,,,
2026-03-12,,,,,,f,,,0.0,4.0,,5.0,,5.0,,,,15,,,Wartungsplan,,
2026-03-12,,,,,,,04:45:00,06:00:00,,,,,,,,,,,,,,,
2026-03-12,,,,,,,,,,,,,,,,,,15,,,Reinigung ,,
2026-03-12,,,,,,s,,,,,,,,,,,,,,,Anlage auffühlen ,,
2026-03-12,,,,,,,21:00:00,21:45:00,45.0,5.0,,,0.0,,,,,10,,R 03,"Stromdüse, Stromkappe, Gasdüse wechseln ",,
2026-03-12,,,,,,,,,,,,,,,,,,,,,,,
2026-03-12,,,,,,,,,,,,,,,,,,,,,,,
2026-03-12,,,,,,s,20:00:00,21:00:00,59.99999999999995,5.0,,,4.0,4.0,,,,,,,,,
2026-03-12,,,,,,,,,,,,,,,,,,,,,,,
2026-03-12,,,,,,f,,,0.0,4.0,,6.0,,6.0,,,,,,,,,
2026-03-12,,,,,,,,,,,,,,,,,,,,,Fahren nur noch mit OP 130,,
2026-03-12,,,,,,,,,,,,,,,,,,10,,,RobTech an der Anlage,,
2026-03-12,,,,,,,,,,,,,,,,,,30,,,Reinigung ,,
2026-03-12,,,,,,s,18:00:00,19:00:00,59.99999999999995,5.0,,,1.0,1.0,,,,,,,,,
2026-03-12,,,,,,,,,,,,,,,,,,,,,RobTech Informiert ,,
2026-03-12,,,,,,,,,,,,,,,,,,15,,OP 120.1,Verbiegt die Spanner,,
2026-03-12,,,,,,s,17:30:00,18:00:00,30.000000000000053,5.0,,,1.0,1.0,,,,,,,,,
2026-03-12,,,,,,,,,,,,,,,,,,,,,Von R06 der Pult ist kaputt (RobTech informiert),,
2026-03-12,,,,,,,,,,,,,,,,,,,,,,,
2026-03-12,,,,,,s,16:00:00,17:00:00,60.00000000000011,5.0,,,5.0,5.0,,,,,,R 05,Vakuum nicht vorhanden,,
2026-03-12,,,,,,,,,,,,,,,,,,,,,,,
2026-03-12,,,,,,,,,,,,,,,,,,,,,,,
2026-03-12,,,,,,s,19:00:00,20:00:00,60.00000000000011,5.0,,,5.0,5.0,,,,,,OP 120.1,Wurde Ausgeschaltet ,,
2026-03-12,,,,,,s,16:00:00,17:00:00,60.00000000000011,5.0,,,5.0,5.0,,,,,,R 05,Vakuum nicht vorhanden,,
2026-03-12,,,,,,,,,,,,,,,,,,,,,,,
2026-03-12,,,,,,,,,,,,,,,,,,,,,Von R06 der Pult ist kaputt (RobTech informiert),,
2026-03-12,,,,,,,,,,,,,,,,,,,,,,,
2026-03-12,,,,,,s,15:00:00,16:00:00,59.99999999999995,5.0,,,5.0,5.0,,,,5,,R 05,Vakuum nicht vorhanden,,
2026-03-12,,,,,,,,,,,,,,,,,,,,,,,
2026-03-12,,,,,,,,,,,,,,,,,,,,,,,
2026-03-12,,,,,,s,16:00:00,17:00:00,60.00000000000011,5.0,,,5.0,5.0,,,,,,R 05,Vakuum nicht vorhanden,,
2026-03-12,,,,,,,,,,,,,,,,,,,,,,,
2026-03-12,,,,,,,,,,,,,,,,,,,,,Von R06 der Pult ist kaputt (RobTech informiert),,
2026-03-12,,,,,,s,17:30:00,18:00:00,30.000000000000053,5.0,,,1.0,1.0,,,,,,,,,
2026-03-12,,,,,,,,,,,,,,,,,,15,,OP 120.1,Verbiegt die Spanner,,
2026-03-12,,,,,,,,,,,,,,,,,,,,,RobTech Informiert ,,
2026-03-12,,,,,,s,18:00:00,19:00:00,59.99999999999995,5.0,,,1.0,1.0,,,,,,,,,
2026-03-12,,,,,,,,,,,,,,,,,,30,,,Reinigung ,,
2026-03-12,,,,,,,,,,,,,,,,,,10,,,RobTech an der Anlage,,
2026-03-12,,,,,,s,19:00:00,20:00:00,60.00000000000011,5.0,,,5.0,5.0,,,,,,OP 120.1,Wurde Ausgeschaltet ,,
2026-03-12,,,,,,,,,,,,,,,,,,,,,Fahren nur noch mit OP 130,,
2026-03-12,,,,,,,,,,,,,,,,,,,,,,,
2026-03-12,,,,,,s,20:00:00,21:00:00,59.99999999999995,5.0,,,4.0,4.0,,,,,,,,,
2026-03-12,,,,,,,,,,,,,,,,,,,,,,,
2026-03-12,,,,,,,,,,,,,,,,,,,,,,,
2026-03-12,,,,,,,21:00:00,21:45:00,45.0,5.0,,,0.0,,,,,10,,R 03,"Stromdüse, Stromkappe, Gasdüse wechseln ",,
2026-03-12,,,,,,s,,,,,,,,,,,,,,,Anlage auffühlen ,,
2026-03-12,,,,,,,,,,,,,,,,,,10,,R 05,R 06-07 folgen Fehler ,,
2026-03-12,,,,,,,,,,,,,,,,,,15,,,Reinigung ,,
2026-03-12,,,,,,s,14:00:00,15:00:00,59.99999999999995,5.0,,,5.0,5.0,,,,5,,,Bedienerschutz wurde ausgelöst ,,
2026-03-12,,,,,,,,,,,,,,,,,,,,,,,
2026-03-12,,,,,,,06:00:00,07:00:00,,,,,,,,,,,,,,,
2026-03-12,,,,,,,,,,,,,,,,,,,,,,,
2026-03-12,,,,,,f,,,0.0,4.0,,2.0,4.0,6.0,,,,,,,,,
2026-03-12,,,,,,,07:00:00,08:00:00,,,,,,,,,,,,,,,
2026-03-12,,,,,,,,,,,,,,,,,,,,,,,
2026-03-12,,,,,,f,,,0.0,4.0,,,5.0,5.0,,,,,,,,,
2026-03-12,,,,,,,08:00:00,09:00:00,,,,,,,,,,,,,,,
2026-03-12,,,,,,,,,,,,,,,,,,,,,,,
2026-03-12,,,,,,f,,,0.0,4.0,,,3.0,3.0,,,,,,,,,
2026-03-12,,,,,,,09:30:00,10:00:00,,,,,,,,,,,,,,,
2026-03-12,,,,,,,,,,,,,,,,,,,,,,,
2026-03-12,,,,,,f,,,0.0,4.0,,,4.0,4.0,,,,,,,,,
2026-03-12,,,,,,,10:00:00,11:00:00,,,,,,,,,,,,,,,
2026-03-12,,,,,,,,,,,,,,,,30,,,,R 07,Brennerkollision    Robotech Informiert,,
2026-03-12,,,,,,f,,,0.0,4.0,,,,,,,,,,,Anlage leer gefahren wegen Störung,,
2026-03-12,,,,,,,11:00:00,12:00:00,,,,,,,,20,,,,R 07,Störung Robotech Informiert,,
2026-03-12,,,,,,,,,,,,,,,,,,,,,Anlage leer gefahren wegen Störung,,
2026-03-12,,,,,,f,,,0.0,4.0,,,4.0,4.0,,,,,,,,,
2026-03-12,,,,,,,12:00:00,13:15:00,,,,,,,,,10,,,OP 100, STW nachgearbeitet ,,
2026-03-12,,,,,,,,,,,,,,,,,,,,,,,
2026-03-12,,,,,,s,13:15:00,14:00:00,45.0,4.0,,,5.0,5.0,,,,15,,,Wartungsplan,,
2026-03-12,,,,,,,,,,,,,,,,,,,,,,,
2026-03-12,,,,,,,,,,,,,,,,,,,,,,,
2026-03-12,,,,,,,,,,,,,,,,,,,,,,,
2026-03-12,,,,,,s,18:00:00,19:00:00,59.99999999999995,5.0,,,1.0,1.0,,,,,,,,,
2026-03-12,,,,,,s,17:30:00,18:00:00,30.000000000000053,5.0,,,1.0,1.0,,,,,,,,,
2026-03-12,,,,,,,,,,,,,,,,,,15,,OP 120.1,Verbiegt die Spanner,,
2026-03-12,,,,,,,,,,,,,,,,,,,,,RobTech Informiert ,,
2026-03-12,,,,,,,,,,,,,,,,,,30,,,Reinigung ,,
2026-03-12,,,,,,,,,,,,,,,,,,10,,,RobTech an der Anlage,,
2026-03-12,,,,,,s,19:00:00,20:00:00,60.00000000000011,5.0,,,5.0,5.0,,,,,,OP 120.1,Wurde Ausgeschaltet ,,
2026-03-12,,,,,,,,,,,,,,,,,,,,,Fahren nur noch mit OP 130,,
2026-03-12,,,,,,,,,,,,,,,,,,,,,,,
2026-03-12,,,,,,s,20:00:00,21:00:00,59.99999999999995,5.0,,,4.0,4.0,,,,,,,,,
2026-03-12,,,,,,,,,,,,,,,,,,,,,,,
2026-03-12,,,,,,,21:00:00,21:45:00,45.0,5.0,,,0.0,,,,,10,,R 03,"Stromdüse, Stromkappe, Gasdüse wechseln ",,
2026-03-12,,,,,,,,,,,,,,,,,,,,,,,
2026-03-12,,,,,,,,,,,,,,,,,,15,,,Reinigung ,,
2026-03-12,,,,,,s,,,,,,,,,,,,,,,Anlage auffühlen ,,
2026-03-16,,,,,,,,,,,,,,,,10,,,,R 03,Kollision . Warten auf Robotech,,
2026-03-16,,,,,,,,,,,,,,,,,,,,,Anlage leer gefahren ,,
2026-03-16,,,,,,,,,,,,,,,,,,,,,,,
2026-03-16,,,,,,s,15:00:00,16:00:00,59.99999999999995,6.0,,4.0,,4.0,,,,,,,,,
2026-03-16,,,,,,,,,,,,,,,,,,,,,,,
2026-03-16,,,,,,f,,,0.0,5.0,,,5.0,5.0,,,,15,,,Wartungsplan,,
2026-03-16,,,,,,,,,,,,,,,,,,10,,,"RobTech hat angerufen, Rob6-7 auf null gestellt (Rob6 Schweißt nicht am punkt)",,
2026-03-16,,,,,,,04:45:00,06:00:00,,,,,,,,,,,,,,,
2026-03-16,,,,,,s,14:00:00,15:00:00,59.99999999999995,6.0,,4.0,,4.0,,10,,,,R 03,Robtech an der Anlage ,,
2026-03-16,,,,,,f,,,0.0,5.0,,,5.0,5.0,,,,15,,,Wartungsplan,,
2026-03-16,,,,,,,,,,,,,,,,,,15,,,Reinigung + Werkzeug einschließen,,
2026-03-16,,,,,,s,16:00:00,17:00:00,60.00000000000011,4.0,,4.0,,4.0,,,10,,,, STW nachgearbeitet ,,
2026-03-16,,,,,,s,,,,,,,,,,,,,,,,,
2026-03-16,,,,,,,,,,,,,,,,,,,,,Anlage leer Übernomen,,
2026-03-16,,,,,,,,,,,,,,,,,,,,,,,
2026-03-16,,,,,,,,,,,,,,,,,,15,,,Reinigung ,,
2026-03-16,,,,,,,12:00:00,13:15:00,,,,,,,,,,30,,,RobTech Informiert ,,
2026-03-16,,,,,,,21:00:00,21:45:00,45.0,4.0,,,2.0,2.0,,,,,,,,,
2026-03-16,,,,,,f,,,0.0,7.0,,,2.0,2.0,,,,,,R 03,Bleibt beim Schweißen ohne grund stehen,,
2026-03-16,,,,,,,,,,,,,,,,,,,,,RobTech Informiert ,,
2026-03-16,,,,,,,11:00:00,12:00:00,,,,,,,,,,30,,R 07,Bleibt beim Schweißen ohne grund stehen,,
2026-03-16,,,,,,f,,,0.0,7.0,,,4.0,4.0,,,,,,R 03,Bleibt beim Schweißen ohne grund stehen,,
2026-03-16,,,,,,,,,,,,,,,,,,,,,,,
2026-03-16,,,,,,,10:00:00,11:00:00,,,,,,,,,,,,,Warten auf Elektriker ,,
2026-03-16,,,,,,f,,,0.0,7.0,,,3.0,3.0,,,,40,,,Schweißgeräte bei OP90/100/110 haben kein Strom ,,
2026-03-16,,,,,,,,,,,,,,,,,,,,,,,
2026-03-16,,,,,,,09:30:00,10:00:00,,,,,,,,,,,,,,,
2026-03-16,,,,,,f,,,0.0,7.0,,,2.0,2.0,,,,,,,,,
2026-03-16,,,,,,s,13:15:00,14:00:00,45.0,6.0,,1.0,,1.0,,,,15,,,Wartungsplan,,
2026-03-16,,,,,,,,,,,,,,,,,,,,,,,
2026-03-16,,,,,,,,,,,,,,,,,,,,,,,
2026-03-16,,,,,,s,20:00:00,21:00:00,59.99999999999995,4.0,,,6.0,6.0,,,,,,,,,
2026-03-16,,,,,,f,,,0.0,7.0,,,2.0,2.0,,,,,,R 03,Bleibt beim Schweißen ohne grund stehen,,
2026-03-16,,,,,,,,,,,,,,,,,,,,,RobTech Informiert ,,
2026-03-16,,,,,,,11:00:00,12:00:00,,,,,,,,,,30,,R 07,Bleibt beim Schweißen ohne grund stehen,,
2026-03-16,,,,,,f,,,0.0,7.0,,,4.0,4.0,,,,,,R 03,Bleibt beim Schweißen ohne grund stehen,,
2026-03-16,,,,,,,,,,,,,,,,,,,,,,,
2026-03-16,,,,,,,10:00:00,11:00:00,,,,,,,,,,,,,Warten auf Elektriker ,,
2026-03-16,,,,,,f,,,0.0,7.0,,,3.0,3.0,,,,40,,,Schweißgeräte bei OP90/100/110 haben kein Strom ,,
2026-03-16,,,,,,,,,,,,,,,,,,,,,,,
2026-03-16,,,,,,,09:30:00,10:00:00,,,,,,,,,,,,,,,
2026-03-16,,,,,,f,,,0.0,7.0,,,2.0,2.0,,,,,,,,,
2026-03-16,,,,,,,,,,,,,,,,,,,,,,,
2026-03-16,,,,,,,08:00:00,09:00:00,,,,,,,,,,,,,Anlage leer gefahren ,,
2026-03-16,,,,,,f,,,0.0,7.0,,,2.0,2.0,,,,60,,,Robtech an der Anlage ,,
2026-03-16,,,,,,,,,,,,,,,,,,,,,Anlage leer gefahren ,,
2026-03-16,,,,,,,07:00:00,08:00:00,,,,,,,,,,,,,Robtech an der Anlage ,,
2026-03-16,,,,,,f,,,0.0,7.0,,,1.0,1.0,,,,60,,,Warten auf RobTech,,
2026-03-16,,,,,,,,,,,,,,,,,,,,,Warten auf RobTech,,
2026-03-16,,,,,,,06:00:00,07:00:00,,,,,,,,,,,,,Anlage leer gefahren ,,
2026-03-16,,,,,,f,,,0.0,5.0,,,0.0,,,,,60,,,"RobTech an der Anlage gewessen, warten auf RobTech",,
2026-03-16,,,,,,,12:00:00,13:15:00,,,,,,,,,,30,,,RobTech Informiert ,,
2026-03-16,,,,,,,,,,,,,,,,,,,,,,,
2026-03-16,,,,,,,,,,,,,,,,,,15,,,Reinigung ,,
2026-03-16,,,,,,,,,,,,,,,,,,,,,Anlage leer Übernomen,,
2026-03-16,,,,,,,,,,,,,,,,,,,,,,,
2026-03-16,,,,,,,,,,,,,,,,,,,,,,,
2026-03-16,,,,,,s,19:00:00,20:00:00,60.00000000000011,4.0,,3.0,2.0,5.0,,,,,,,,,
2026-03-16,,,,,,,,,,,,,,,,,,,,,,,
2026-03-16,,,,,,,,,,,,,,,,,,,,,,,
2026-03-16,,,,,,s,18:00:00,19:00:00,59.99999999999995,4.0,,6.0,,6.0,,,,,,,,,
2026-03-16,,,,,,,,,,,,,,,,,,,,,,,
2026-03-16,,,,,,,,,,,,,,,,,,,,,,,
2026-03-16,,,,,,s,17:30:00,18:00:00,30.000000000000053,4.0,,3.0,,3.0,,,,,,,,,
2026-03-16,,,,,,,,,,,,,,,,10,,,,R 05,Spanner- Knoten 1  spannen nicht in OP.70,,
2026-03-16,,,,,,,,,,,,,,,,,,,,,,,
2026-03-16,,,,,,s,16:00:00,17:00:00,60.00000000000011,4.0,,4.0,,4.0,,,10,,,, STW nachgearbeitet ,,
2026-03-16,,,,,,,,,,,,,,,,,,,,,,,
2026-03-16,,,,,,,,,,,,,,,,,,,,,,,
2026-03-16,,,,,,s,15:00:00,16:00:00,59.99999999999995,6.0,,4.0,,4.0,,,,,,,,,
2026-03-16,,,,,,,,,,,,,,,,,,,,,,,
2026-03-16,,,,,,,,,,,,,,,,,,,,,Anlage leer gefahren ,,
2026-03-16,,,,,,s,14:00:00,15:00:00,59.99999999999995,6.0,,4.0,,4.0,,10,,,,R 03,Robtech an der Anlage ,,
2026-03-16,,,,,,,,,,,,,,,,10,,,,R 03,Kollision . Warten auf Robotech,,
2026-03-16,,,,,,s,13:15:00,14:00:00,45.0,6.0,,1.0,,1.0,,,,15,,,Wartungsplan,,
2026-03-16,,,,,,f,,,0.0,5.0,,,0.0,,,,,60,,,"RobTech an der Anlage gewessen, warten auf RobTech",,
2026-03-16,,,,,,,,,,,,,,,,,,,,,,,
2026-03-16,,,,,,f,,,0.0,7.0,,,2.0,2.0,,,,60,,,Robtech an der Anlage ,,
2026-03-16,,,,,,,,,,,,,,,,,,,,,Anlage leer gefahren ,,
2026-03-16,,,,,,f,,,0.0,7.0,,,2.0,2.0,,,,60,,,Robtech an der Anlage ,,
2026-03-16,,,,,,,08:00:00,09:00:00,,,,,,,,,,,,,Anlage leer gefahren ,,
2026-03-16,,,,,,,,,,,,,,,,,,,,,,,
2026-03-16,,,,,,f,,,0.0,7.0,,,2.0,2.0,,,,,,,,,
2026-03-16,,,,,,,09:30:00,10:00:00,,,,,,,,,,,,,,,
2026-03-16,,,,,,,,,,,,,,,,,,,,,,,
2026-03-16,,,,,,f,,,0.0,7.0,,,3.0,3.0,,,,40,,,Schweißgeräte bei OP90/100/110 haben kein Strom ,,
2026-03-16,,,,,,,10:00:00,11:00:00,,,,,,,,,,,,,Warten auf Elektriker ,,
2026-03-16,,,,,,,,,,,,,,,,,,,,,,,
2026-03-16,,,,,,f,,,0.0,7.0,,,4.0,4.0,,,,,,R 03,Bleibt beim Schweißen ohne grund stehen,,
2026-03-16,,,,,,,11:00:00,12:00:00,,,,,,,,,,30,,R 07,Bleibt beim Schweißen ohne grund stehen,,
2026-03-16,,,,,,,,,,,,,,,,,,,,,RobTech Informiert ,,
2026-03-16,,,,,,f,,,0.0,7.0,,,2.0,2.0,,,,,,R 03,Bleibt beim Schweißen ohne grund stehen,,
2026-03-16,,,,,,,12:00:00,13:15:00,,,,,,,,,,30,,,RobTech Informiert ,,
2026-03-16,,,,,,,07:00:00,08:00:00,,,,,,,,,,,,,Robtech an der Anlage ,,
2026-03-16,,,,,,,,,,,,,,,,,,15,,,Reinigung ,,
2026-03-16,,,,,,f,,,0.0,7.0,,,1.0,1.0,,,,60,,,Warten auf RobTech,,
2026-03-16,,,,,,,06:00:00,07:00:00,,,,,,,,,,,,,Anlage leer gefahren ,,
2026-03-16,,,,,,,,,,,,,,,,10,,,,R 05,Spanner- Knoten 1  spannen nicht in OP.70,,
2026-03-16,,,,,,s,17:30:00,18:00:00,30.000000000000053,4.0,,3.0,,3.0,,,,,,,,,
2026-03-16,,,,,,,,,,,,,,,,,,,,,,,
2026-03-16,,,,,,,,,,,,,,,,,,,,,,,
2026-03-16,,,,,,s,18:00:00,19:00:00,59.99999999999995,4.0,,6.0,,6.0,,,,,,,,,
2026-03-16,,,,,,,,,,,,,,,,,,,,,,,
2026-03-16,,,,,,,,,,,,,,,,,,,,,,,
2026-03-16,,,,,,s,19:00:00,20:00:00,60.00000000000011,4.0,,3.0,2.0,5.0,,,,,,,,,
2026-03-16,,,,,,,,,,,,,,,,,,,,,,,
2026-03-16,,,,,,,,,,,,,,,,,,,,,,,
2026-03-16,,,,,,s,20:00:00,21:00:00,59.99999999999995,4.0,,,6.0,6.0,,,,,,,,,
2026-03-16,,,,,,,,,,,,,,,,,,,,,,,
2026-03-16,,,,,,,,,,,,,,,,,,,,,,,
2026-03-16,,,,,,,21:00:00,21:45:00,45.0,4.0,,,2.0,2.0,,,,,,,,,
2026-03-16,,,,,,s,,,,,,,,,,,,,,,,,
2026-03-16,,,,,,,,,,,,,,,,,,,,,Warten auf RobTech,,
2026-03-16,,,,,,s,13:15:00,14:00:00,45.0,6.0,,1.0,,1.0,,,,15,,,Wartungsplan,,
2026-03-16,,,,,,,,,,,,,,,,,,,,,Anlage leer Übernomen,,
2026-03-16,,,,,,,,,,,,,,,,10,,,,R 03,Kollision . Warten auf Robotech,,
2026-03-16,,,,,,,,,,,,,,,,,,,,,,,
2026-03-16,,,,,,,21:00:00,21:45:00,45.0,4.0,,,2.0,2.0,,,,,,,,,
2026-03-16,,,,,,s,,,,,,,,,,,,,,,,,
2026-03-16,,,,,,,,,,,,,,,,,,15,,,Reinigung + Werkzeug einschließen,,
2026-03-16,,,,,,,,,,,,,,,,,,15,,,Reinigung + Werkzeug einschließen,,
2026-03-16,,,,,,f,,,0.0,5.0,,,5.0,5.0,,,,15,,,Wartungsplan,,
2026-03-16,,,,,,,04:45:00,06:00:00,,,,,,,,,,,,,,,
2026-03-16,,,,,,,,,,,,,,,,,,10,,,"RobTech hat angerufen, Rob6-7 auf null gestellt (Rob6 Schweißt nicht am punkt)",,
2026-03-16,,,,,,f,,,0.0,5.0,,,0.0,,,,,60,,,"RobTech an der Anlage gewessen, warten auf RobTech",,
2026-03-16,,,,,,,,,,,,,,,,,,10,,,"RobTech hat angerufen, Rob6-7 auf null gestellt (Rob6 Schweißt nicht am punkt)",,
2026-03-16,,,,,,,06:00:00,07:00:00,,,,,,,,,,,,,Anlage leer gefahren ,,
2026-03-16,,,,,,,,,,,,,,,,,,,,,Warten auf RobTech,,
2026-03-16,,,,,,f,,,0.0,7.0,,,1.0,1.0,,,,60,,,Warten auf RobTech,,
2026-03-16,,,,,,,07:00:00,08:00:00,,,,,,,,,,,,,Robtech an der Anlage ,,
2026-03-16,,,,,,,,,,,,,,,,,,,,,Anlage leer gefahren ,,
2026-03-16,,,,,,,,,,,,,,,,,,,,,,,
2026-03-16,,,,,,s,20:00:00,21:00:00,59.99999999999995,4.0,,,6.0,6.0,,,,,,,,,
2026-03-16,,,,,,,,,,,,,,,,,,,,,,,
2026-03-16,,,,,,,,,,,,,,,,,,,,,,,
2026-03-16,,,,,,s,14:00:00,15:00:00,59.99999999999995,6.0,,4.0,,4.0,,10,,,,R 03,Robtech an der Anlage ,,
2026-03-16,,,,,,,,,,,,,,,,,,,,,Anlage leer gefahren ,,
2026-03-16,,,,,,,,,,,,,,,,,,,,,,,
2026-03-16,,,,,,s,15:00:00,16:00:00,59.99999999999995,6.0,,4.0,,4.0,,,,,,,,,
2026-03-16,,,,,,,,,,,,,,,,,,,,,,,
2026-03-16,,,,,,,,,,,,,,,,,,,,,,,
2026-03-16,,,,,,s,16:00:00,17:00:00,60.00000000000011,4.0,,4.0,,4.0,,,10,,,, STW nachgearbeitet ,,
2026-03-16,,,,,,,08:00:00,09:00:00,,,,,,,,,,,,,Anlage leer gefahren ,,
2026-03-16,,,,,,,,,,,,,,,,,,,,,,,
2026-03-16,,,,,,s,17:30:00,18:00:00,30.000000000000053,4.0,,3.0,,3.0,,,,,,,,,
2026-03-16,,,,,,,,,,,,,,,,,,,,,,,
2026-03-16,,,,,,,,,,,,,,,,,,,,,,,
2026-03-16,,,,,,s,18:00:00,19:00:00,59.99999999999995,4.0,,6.0,,6.0,,,,,,,,,
2026-03-16,,,,,,,,,,,,,,,,,,,,,,,
2026-03-16,,,,,,,,,,,,,,,,,,,,,,,
2026-03-16,,,,,,s,19:00:00,20:00:00,60.00000000000011,4.0,,3.0,2.0,5.0,,,,,,,,,
2026-03-16,,,,,,,,,,,,,,,,10,,,,R 05,Spanner- Knoten 1  spannen nicht in OP.70,,
2026-03-16,,,,,,,04:45:00,06:00:00,,,,,,,,,,,,,,,
2026-03-17,,,,,,,,,,,,,,,,,,,,,,,
2026-03-17,,,,,,s,,,,,,,,,,,,,,,,,
2026-03-17,,,,,,,12:00:00,13:15:00,,,,,,,,,,,,,,,
2026-03-17,,,,,,f,,,0.0,5.0,,,5.0,5.0,,,,,,,,,
2026-03-17,,,,,,,11:00:00,12:00:00,,,,,,,,,,,,,,,
2026-03-17,,,,,,f,,,0.0,5.0,,,6.0,6.0,,,,,,,,,
2026-03-17,,,,,,,,,,,,,,,,,,,,,,,
2026-03-17,,,,,,,10:00:00,11:00:00,,,,,,,,,,,,,,,
2026-03-17,,,,,,f,,,0.0,5.0,,,6.0,6.0,,,,,,,,,
2026-03-17,,,,,,,,,,,,,,,,,,,,,,,
2026-03-17,,,,,,,09:30:00,10:00:00,,,,,,,,,,,,,Anlage leer gefahren ,,
2026-03-17,,,,,,f,,,0.0,5.0,,,0.0,,,,,20,,,OP25 Schrittkette übersprungen (RobTech an der Anlage),,
2026-03-17,,,,,,,,,,,,,,,,,,,,,Anlage leer gefahren ,,
2026-03-17,,,,,,,08:00:00,09:00:00,,,,,,,,,,10,,OP 20,OP25 Schrittkette übersprungen (RobTech an der Anlage),,
2026-03-17,,,,,,f,,,0.0,5.0,,,5.0,5.0,,,,,,,,,
2026-03-17,,,,,,,,,,,,,,,,,,,,,,,
2026-03-17,,,,,,,07:00:00,08:00:00,,,,,,,,,,,,,,,
2026-03-17,,,,,,f,,,0.0,5.0,,,6.0,6.0,,,,,,,,,
2026-03-17,,,,,,,,,,,,,,,,,,,,,,,
2026-03-17,,,,,,,06:00:00,07:00:00,,,,,,,,,,,,,,,
2026-03-17,,,,,,f,,,0.0,5.0,,,6.0,6.0,,,,,,,,,
2026-03-17,,,,,,,,,,,,,,,,,,,,,,,
2026-03-17,,,,,,f,,,0.0,5.0,,,6.0,6.0,,,,15,,,Wartungsplan,,
2026-03-17,,,,,,,,,,,,,,,,,,15,,,Reinigung,,
2026-03-17,,,,,,,,,,,,,,,,,,15,,,Reinigung + Werkzeug einschließen,,
2026-03-17,,,,,,s,13:15:00,14:00:00,45.0,6.0,,,4.0,4.0,,,,15,,,Wartungsplan,,
2026-03-17,,,,,,,,,,,,,,,,,,,,,,,
2026-03-17,,,,,,,21:00:00,21:45:00,45.0,6.0,,,3.0,3.0,,,,,,,,,
2026-03-17,,,,,,,,,,,,,,,,,,,,,,,
2026-03-17,,,,,,,,,,,,,,,,,,,,,,,
2026-03-17,,,,,,s,20:00:00,21:00:00,59.99999999999995,6.0,,,6.0,6.0,,,,,,,,,
2026-03-17,,,,,,,,,,,,,,,,,,,,,,,
2026-03-17,,,,,,s,19:00:00,20:00:00,60.00000000000011,6.0,,,6.0,6.0,,,,,,,,,
2026-03-17,,,,,,,,,,,,,,,,,,,,,,,
2026-03-17,,,,,,,,,,,,,,,,,,,,,,,
2026-03-17,,,,,,s,18:00:00,19:00:00,59.99999999999995,6.0,,,7.0,7.0,,,,,,,,,
2026-03-17,,,,,,,,,,,,,,,,,,,,,,,
2026-03-17,,,,,,,,,,,,,,,,,,,,,,,
2026-03-17,,,,,,s,17:30:00,18:00:00,30.000000000000053,6.0,,,3.0,3.0,,,,,,,,,
2026-03-17,,,,,,,,,,,,,,,,,,,,,,,
2026-03-17,,,,,,,,,,,,,,,,,,,,,,,
2026-03-17,,,,,,s,16:00:00,17:00:00,60.00000000000011,6.0,,,6.0,6.0,,,,,,,,,
2026-03-17,,,,,,,,,,,,,,,,,,,,,Anlage leer gefahren ,,
2026-03-17,,,,,,,,,,,,,,,,20,,,,R 07,Schweißstörung am Fronius in OP.120-1 Robotech an der Anlage,,
2026-03-17,,,,,,s,15:00:00,16:00:00,59.99999999999995,6.0,,,3.0,3.0,,10,,,,R 07,Schweißstörung am Fronius in OP.120-1 Robotech Informiert,2,
2026-03-17,,,,,,,,,,,,,,,,,,,,,,,
2026-03-17,,,,,,,,,,,,,,,,,,,,,,,
2026-03-17,,,,,,s,14:00:00,15:00:00,59.99999999999995,6.0,,,5.0,5.0,,10,,,,R 07,Schweißstörung am Fronius in OP.120-1,1,
2026-03-17,,,,,,,,,,,,,,,,5,,,,,Schweißstörung am Fronius in OP.120-1,,
2026-03-17,,,,,,,,,,,,,,,,,,,,,,,
2026-03-17,,,,,,,04:45:00,06:00:00,,,,,,,,,,,,,,,
2026-03-17,,,,,,,04:45:00,06:00:00,,,,,,,,,,,,,,,
2026-03-17,,,,,,,,,,,,,,,,,,15,,,Reinigung,,
2026-03-17,,,,,,,12:00:00,13:15:00,,,,,,,,,,,,,,,
2026-03-17,,,,,,f,,,0.0,5.0,,,5.0,5.0,,,,,,,,,
2026-03-17,,,,,,,,,,,,,,,,,,,,,,,
2026-03-17,,,,,,,11:00:00,12:00:00,,,,,,,,,,,,,,,
2026-03-17,,,,,,f,,,0.0,5.0,,,6.0,6.0,,,,,,,,,
2026-03-17,,,,,,,,,,,,,,,,,,,,,,,
2026-03-17,,,,,,,10:00:00,11:00:00,,,,,,,,,,,,,,,
2026-03-17,,,,,,f,,,0.0,5.0,,,6.0,6.0,,,,,,,,,
2026-03-17,,,,,,,,,,,,,,,,,,,,,,,
2026-03-17,,,,,,,09:30:00,10:00:00,,,,,,,,,,,,,Anlage leer gefahren ,,
2026-03-17,,,,,,f,,,0.0,5.0,,,0.0,,,,,20,,,OP25 Schrittkette übersprungen (RobTech an der Anlage),,
2026-03-17,,,,,,,,,,,,,,,,,,,,,Anlage leer gefahren ,,
2026-03-17,,,,,,,08:00:00,09:00:00,,,,,,,,,,10,,OP 20,OP25 Schrittkette übersprungen (RobTech an der Anlage),,
2026-03-17,,,,,,f,,,0.0,5.0,,,5.0,5.0,,,,,,,,,
2026-03-17,,,,,,,,,,,,,,,,,,,,,,,
2026-03-17,,,,,,,07:00:00,08:00:00,,,,,,,,,,,,,,,
2026-03-17,,,,,,f,,,0.0,5.0,,,6.0,6.0,,,,,,,,,
2026-03-17,,,,,,,,,,,,,,,,,,,,,,,
2026-03-17,,,,,,,06:00:00,07:00:00,,,,,,,,,,,,,,,
2026-03-17,,,,,,f,,,0.0,5.0,,,6.0,6.0,,,,,,,,,
2026-03-17,,,,,,,,,,,,,,,,,,,,,,,
2026-03-17,,,,,,,04:45:00,06:00:00,,,,,,,,,,,,,,,
2026-03-17,,,,,,s,13:15:00,14:00:00,45.0,6.0,,,4.0,4.0,,,,15,,,Wartungsplan,,
2026-03-17,,,,,,f,,,0.0,5.0,,,6.0,6.0,,,,15,,,Wartungsplan,,
2026-03-17,,,,,,,,,,,,,,,,5,,,,,Schweißstörung am Fronius in OP.120-1,,
2026-03-17,,,,,,s,14:00:00,15:00:00,59.99999999999995,6.0,,,5.0,5.0,,10,,,,R 07,Schweißstörung am Fronius in OP.120-1,1,
2026-03-17,,,,,,,,,,,,,,,,,,15,,,Reinigung + Werkzeug einschließen,,
2026-03-17,,,,,,s,,,,,,,,,,,,,,,,,
2026-03-17,,,,,,,21:00:00,21:45:00,45.0,6.0,,,3.0,3.0,,,,,,,,,
2026-03-17,,,,,,,,,,,,,,,,,,,,,,,
2026-03-17,,,,,,,,,,,,,,,,,,,,,,,
2026-03-17,,,,,,s,20:00:00,21:00:00,59.99999999999995,6.0,,,6.0,6.0,,,,,,,,,
2026-03-17,,,,,,,,,,,,,,,,,,,,,,,
2026-03-17,,,,,,,,,,,,,,,,,,,,,,,
2026-03-17,,,,,,s,19:00:00,20:00:00,60.00000000000011,6.0,,,6.0,6.0,,,,,,,,,
2026-03-17,,,,,,,,,,,,,,,,,,,,,,,
2026-03-17,,,,,,,,,,,,,,,,,,,,,,,
2026-03-17,,,,,,s,18:00:00,19:00:00,59.99999999999995,6.0,,,7.0,7.0,,,,,,,,,
2026-03-17,,,,,,,,,,,,,,,,,,,,,,,
2026-03-17,,,,,,,,,,,,,,,,,,,,,,,
2026-03-17,,,,,,s,17:30:00,18:00:00,30.000000000000053,6.0,,,3.0,3.0,,,,,,,,,
2026-03-17,,,,,,,,,,,,,,,,,,,,,,,
2026-03-17,,,,,,,,,,,,,,,,,,,,,,,
2026-03-17,,,,,,s,16:00:00,17:00:00,60.00000000000011,6.0,,,6.0,6.0,,,,,,,,,
2026-03-17,,,,,,,,,,,,,,,,,,,,,Anlage leer gefahren ,,
2026-03-17,,,,,,,,,,,,,,,,20,,,,R 07,Schweißstörung am Fronius in OP.120-1 Robotech an der Anlage,,
2026-03-17,,,,,,s,15:00:00,16:00:00,59.99999999999995,6.0,,,3.0,3.0,,10,,,,R 07,Schweißstörung am Fronius in OP.120-1 Robotech Informiert,2,
2026-03-17,,,,,,,,,,,,,,,,,,,,,,,
2026-03-17,,,,,,,,,,,,,,,,,,,,,,,
2026-03-17,,,,,,,,,,,,,,,,,,,,,,,
2026-03-17,,,,,,f,,,0.0,5.0,,,6.0,6.0,,,,15,,,Wartungsplan,,
2026-03-17,,,,,,,,,,,,,,,,,,,,,,,
2026-03-17,,,,,,,,,,,,,,,,,,15,,,Reinigung + Werkzeug einschließen,,
2026-03-17,,,,,,,,,,,,,,,,,,,,,,,
2026-03-17,,,,,,,,,,,,,,,,,,,,,,,
2026-03-17,,,,,,s,15:00:00,16:00:00,59.99999999999995,6.0,,,3.0,3.0,,10,,,,R 07,Schweißstörung am Fronius in OP.120-1 Robotech Informiert,2,
2026-03-17,,,,,,,,,,,,,,,,20,,,,R 07,Schweißstörung am Fronius in OP.120-1 Robotech an der Anlage,,
2026-03-17,,,,,,,,,,,,,,,,,,,,,Anlage leer gefahren ,,
2026-03-17,,,,,,s,16:00:00,17:00:00,60.00000000000011,6.0,,,6.0,6.0,,,,,,,,,
2026-03-17,,,,,,,,,,,,,,,,,,,,,,,
2026-03-17,,,,,,,,,,,,,,,,,,,,,,,
2026-03-17,,,,,,s,17:30:00,18:00:00,30.000000000000053,6.0,,,3.0,3.0,,,,,,,,,
2026-03-17,,,,,,,,,,,,,,,,,,,,,,,
2026-03-17,,,,,,,,,,,,,,,,,,,,,,,
2026-03-17,,,,,,s,18:00:00,19:00:00,59.99999999999995,6.0,,,7.0,7.0,,,,,,,,,
2026-03-17,,,,,,,,,,,,,,,,,,,,,,,
2026-03-17,,,,,,,,,,,,,,,,,,,,,,,
2026-03-17,,,,,,s,19:00:00,20:00:00,60.00000000000011,6.0,,,6.0,6.0,,,,,,,,,
2026-03-17,,,,,,,,,,,,,,,,,,,,,,,
2026-03-17,,,,,,,,,,,,,,,,,,,,,,,
2026-03-17,,,,,,s,20:00:00,21:00:00,59.99999999999995,6.0,,,6.0,6.0,,,,,,,,,
2026-03-17,,,,,,,,,,,,,,,,,,,,,,,
2026-03-17,,,,,,,,,,,,,,,,,,,,,,,
2026-03-17,,,,,,,21:00:00,21:45:00,45.0,6.0,,,3.0,3.0,,,,,,,,,
2026-03-17,,,,,,s,14:00:00,15:00:00,59.99999999999995,6.0,,,5.0,5.0,,10,,,,R 07,Schweißstörung am Fronius in OP.120-1,1,
2026-03-17,,,,,,s,,,,,,,,,,,,,,,,,
2026-03-17,,,,,,,,,,,,,,,,5,,,,,Schweißstörung am Fronius in OP.120-1,,
2026-03-17,,,,,,,,,,,,,,,,,,15,,,Reinigung,,
2026-03-17,,,,,,,,,,,,,,,,,,,,,,,
2026-03-17,,,,,,f,,,0.0,5.0,,,6.0,6.0,,,,,,,,,
2026-03-17,,,,,,,06:00:00,07:00:00,,,,,,,,,,,,,,,
2026-03-17,,,,,,,,,,,,,,,,,,,,,,,
2026-03-17,,,,,,f,,,0.0,5.0,,,6.0,6.0,,,,,,,,,
2026-03-17,,,,,,,07:00:00,08:00:00,,,,,,,,,,,,,,,
2026-03-17,,,,,,,,,,,,,,,,,,,,,,,
2026-03-17,,,,,,f,,,0.0,5.0,,,5.0,5.0,,,,,,,,,
2026-03-17,,,,,,,08:00:00,09:00:00,,,,,,,,,,10,,OP 20,OP25 Schrittkette übersprungen (RobTech an der Anlage),,
2026-03-17,,,,,,,,,,,,,,,,,,,,,Anlage leer gefahren ,,
2026-03-17,,,,,,f,,,0.0,5.0,,,0.0,,,,,20,,,OP25 Schrittkette übersprungen (RobTech an der Anlage),,
2026-03-17,,,,,,,09:30:00,10:00:00,,,,,,,,,,,,,Anlage leer gefahren ,,
2026-03-17,,,,,,,,,,,,,,,,,,,,,,,
2026-03-17,,,,,,f,,,0.0,5.0,,,6.0,6.0,,,,,,,,,
2026-03-17,,,,,,,10:00:00,11:00:00,,,,,,,,,,,,,,,
2026-03-17,,,,,,,,,,,,,,,,,,,,,,,
2026-03-17,,,,,,f,,,0.0,5.0,,,6.0,6.0,,,,,,,,,
2026-03-17,,,,,,,11:00:00,12:00:00,,,,,,,,,,,,,,,
2026-03-17,,,,,,,,,,,,,,,,,,,,,,,
2026-03-17,,,,,,f,,,0.0,5.0,,,5.0,5.0,,,,,,,,,
2026-03-17,,,,,,,12:00:00,13:15:00,,,,,,,,,,,,,,,
2026-03-17,,,,,,s,13:15:00,14:00:00,45.0,6.0,,,4.0,4.0,,,,15,,,Wartungsplan,,
2026-03-18,,,,,,,06:00:00,07:00:00,,,,,,,,,,,,,,,
2026-03-18,,,,,,,,,,,,,,,,,,,,,,,
2026-03-18,,,,,,,04:45:00,06:00:00,,,,,,,,,,,,,,,
2026-03-18,,,,,,,,,,,,,,,,,,,,,,,
2026-03-18,,,,,,,,,,,,,,,,,,,,,,,
2026-03-18,,,,,,s,13:15:00,14:00:00,45.0,6.0,,4.0,,4.0,,,,15,,,Wartungsplan,,
2026-03-18,,,,,,,,,,,,,,,,,,15,,,Reinigung,,
2026-03-18,,,,,,,12:00:00,13:15:00,,,,,,,,15,,,,OP 25,Messung n.i.O  aber masse passen (RobTech korregiert die werte),,
2026-03-18,,,,,,f,,,0.0,5.0,,,3.0,3.0,,10,,,,OP 10,Vakuum nicht vorhanden,,
2026-03-18,,,,,,,,,,,,,,,,,,,,OP 10,RobTech an der Anlage ,,
2026-03-18,,,,,,,11:00:00,12:00:00,,,,,,,,60,,,,OP 10,Sauger defekt,,
2026-03-18,,,,,,f,,,0.0,5.0,,,0.0,,,,,,,,Anlage leer gefahren,,
2026-03-18,,,,,,,,,,,,,,,,,,,,OP 10,RobTech an der Anlage ,,
2026-03-18,,,,,,,10:00:00,11:00:00,,,,,,,,30,,,,OP 10,Sauger defekt ,,
2026-03-18,,,,,,f,,,0.0,5.0,,,2.0,2.0,,,15,,,,Nacharbeiten STW ,,
2026-03-18,,,,,,,,,,,,,,,,,,,,,,,
2026-03-18,,,,,,,09:30:00,10:00:00,,,,,,,,15,,,,OP 10,RobTech an der Anlage ,,
2026-03-18,,,,,,f,,,0.0,5.0,,,2.0,2.0,,,,,,OP 10,Sauger defekt oder verdreht,,
2026-03-18,,,,,,,,,,,,,,,,,,,,,,,
2026-03-18,,,,,,,08:00:00,09:00:00,,,,,,,,,,,,,,,
2026-03-18,,,,,,f,,,0.0,5.0,,,6.0,6.0,,,10,,,,Nacharbeiten STW ,1,
2026-03-18,,,,,,,,,,,,,,,,,,,,,Anlage leer gefahren,,
2026-03-18,,,,,,,07:00:00,08:00:00,,,,,,,,,,10,,OP 130.1,Schrittketten Fehler (RobTech an der Anlage),,
2026-03-18,,,,,,f,,,0.0,5.0,,,4.0,4.0,,,,10,,R 05,Schrittketten Fehler (RobTech an der Anlage),,
2026-03-18,,,,,,f,,,0.0,5.0,,,6.0,6.0,,,,,,,,,
2026-03-18,,,,,,f,,,0.0,5.0,,,6.0,6.0,,,,15,,,Wartungsplan,,
2026-03-18,,,,,,,,,,,,,,,,,,,,,,,
2026-03-18,,,,,,s,15:00:00,16:00:00,59.99999999999995,6.0,,6.0,,6.0,,,,,,,,,
2026-03-18,,,,,,,,,,,,,,,,,,,,,,,
2026-03-18,,,,,,,,,,,,,,,,,,15,,,Reinigung + Werkzeug einschließen,,
2026-03-18,,,,,,s,,,,,,,,,,,,,,,,,
2026-03-18,,,,,,,21:00:00,21:45:00,45.0,4.0,,,2.0,2.0,,,,,,,,,
2026-03-18,,,,,,,,,,,,,,,,,,,,,,,
2026-03-18,,,,,,,,,,,,,,,,,,,,,,,
2026-03-18,,,,,,s,20:00:00,21:00:00,59.99999999999995,4.0,,,5.0,5.0,,,,,,,,,
2026-03-18,,,,,,,,,,,,,,,,,,,,,,,
2026-03-18,,,,,,,,,,,,,,,,,,,,,,,
2026-03-18,,,,,,s,19:00:00,20:00:00,60.00000000000011,6.0,,,6.0,6.0,,,,,,,,,
2026-03-18,,,,,,,,,,,,,,,,,,,,,,,
2026-03-18,,,,,,,,,,,,,,,,,,,,,,,
2026-03-18,,,,,,s,18:00:00,19:00:00,59.99999999999995,6.0,,,6.0,6.0,,,,,,,,,
2026-03-18,,,,,,,,,,,,,,,,,,,,,,,
2026-03-18,,,,,,,,,,,,,,,,,,,,,,,
2026-03-18,,,,,,s,17:30:00,18:00:00,30.000000000000053,6.0,,,3.0,3.0,,,,,,,,,
2026-03-18,,,,,,,,,,,,,,,,,,,,,,,
2026-03-18,,,,,,,,,,,,,,,,,,,,,Anlage leer gefahren,,
2026-03-18,,,,,,s,16:00:00,17:00:00,60.00000000000011,6.0,,5.0,,5.0,,8,,,,,Bedienerschutz wurde ausgelöst  Robotech. An der Anlage,,
2026-03-18,,,,,,,,,,,,,,,,10,,,,,Bedienerschutz wurde ausgelöst  Warten auf Robotech.,,
2026-03-18,,,,,,,,,,,,,,,,,,,,,,,
2026-03-18,,,,,,,,,,,,,,,,,,,,,,,
2026-03-18,,,,,,s,14:00:00,15:00:00,59.99999999999995,6.0,,7.0,,7.0,,,,,,,,,
2026-03-18,,,,,,f,,,0.0,5.0,,,0.0,,,,,,,,Anlage leer gefahren,,
2026-03-18,,,,,,f,,,0.0,5.0,,,6.0,6.0,,,,15,,,Wartungsplan,,
2026-03-18,,,,,,s,13:15:00,14:00:00,45.0,6.0,,4.0,,4.0,,,,15,,,Wartungsplan,,
2026-03-18,,,,,,,,,,,,,,,,,,15,,,Reinigung,,
2026-03-18,,,,,,,12:00:00,13:15:00,,,,,,,,15,,,,OP 25,Messung n.i.O  aber masse passen (RobTech korregiert die werte),,
2026-03-18,,,,,,f,,,0.0,5.0,,,3.0,3.0,,10,,,,OP 10,Vakuum nicht vorhanden,,
2026-03-18,,,,,,,,,,,,,,,,,,,,OP 10,RobTech an der Anlage ,,
2026-03-18,,,,,,f,,,0.0,5.0,,,6.0,6.0,,,,15,,,Wartungsplan,,
2026-03-18,,,,,,,04:45:00,06:00:00,,,,,,,,,,,,,,,
2026-03-18,,,,,,,,,,,,,,,,,,,,,,,
2026-03-18,,,,,,f,,,0.0,5.0,,,6.0,6.0,,,,,,,,,
2026-03-18,,,,,,,06:00:00,07:00:00,,,,,,,,,,,,,,,
2026-03-18,,,,,,,,,,,,,,,,,,,,,,,
2026-03-18,,,,,,f,,,0.0,5.0,,,4.0,4.0,,,,10,,R 05,Schrittketten Fehler (RobTech an der Anlage),,
2026-03-18,,,,,,,07:00:00,08:00:00,,,,,,,,,,10,,OP 130.1,Schrittketten Fehler (RobTech an der Anlage),,
2026-03-18,,,,,,,,,,,,,,,,,,,,,Anlage leer gefahren,,
2026-03-18,,,,,,f,,,0.0,5.0,,,6.0,6.0,,,10,,,,Nacharbeiten STW ,1,
2026-03-18,,,,,,,08:00:00,09:00:00,,,,,,,,,,,,,,,
2026-03-18,,,,,,,,,,,,,,,,,,,,,,,
2026-03-18,,,,,,f,,,0.0,5.0,,,2.0,2.0,,,,,,OP 10,Sauger defekt oder verdreht,,
2026-03-18,,,,,,,09:30:00,10:00:00,,,,,,,,15,,,,OP 10,RobTech an der Anlage ,,
2026-03-18,,,,,,,,,,,,,,,,,,,,,,,
2026-03-18,,,,,,f,,,0.0,5.0,,,2.0,2.0,,,15,,,,Nacharbeiten STW ,,
2026-03-18,,,,,,,,,,,,,,,,,,,,,,,
2026-03-18,,,,,,,,,,,,,,,,,,,,,,,
2026-03-18,,,,,,s,14:00:00,15:00:00,59.99999999999995,6.0,,7.0,,7.0,,,,,,,,,
2026-03-18,,,,,,,,,,,,,,,,,,,,,,,
2026-03-18,,,,,,,,,,,,,,,,,,15,,,Reinigung + Werkzeug einschließen,,
2026-03-18,,,,,,s,,,,,,,,,,,,,,,,,
2026-03-18,,,,,,,21:00:00,21:45:00,45.0,4.0,,,2.0,2.0,,,,,,,,,
2026-03-18,,,,,,,,,,,,,,,,,,,,,,,
2026-03-18,,,,,,,,,,,,,,,,,,,,,,,
2026-03-18,,,,,,s,20:00:00,21:00:00,59.99999999999995,4.0,,,5.0,5.0,,,,,,,,,
2026-03-18,,,,,,,,,,,,,,,,,,,,,,,
2026-03-18,,,,,,,,,,,,,,,,,,,,,,,
2026-03-18,,,,,,s,19:00:00,20:00:00,60.00000000000011,6.0,,,6.0,6.0,,,,,,,,,
2026-03-18,,,,,,,,,,,,,,,,,,,,,,,
2026-03-18,,,,,,,10:00:00,11:00:00,,,,,,,,30,,,,OP 10,Sauger defekt ,,
2026-03-18,,,,,,,,,,,,,,,,,,,,,,,
2026-03-18,,,,,,,,,,,,,,,,,,,,,,,
2026-03-18,,,,,,,,,,,,,,,,,,,,,,,
2026-03-18,,,,,,s,17:30:00,18:00:00,30.000000000000053,6.0,,,3.0,3.0,,,,,,,,,
2026-03-18,,,,,,,,,,,,,,,,,,,,,,,
2026-03-18,,,,,,,,,,,,,,,,,,,,,Anlage leer gefahren,,
2026-03-18,,,,,,s,16:00:00,17:00:00,60.00000000000011,6.0,,5.0,,5.0,,8,,,,,Bedienerschutz wurde ausgelöst  Robotech. An der Anlage,,
2026-03-18,,,,,,,,,,,,,,,,10,,,,,Bedienerschutz wurde ausgelöst  Warten auf Robotech.,,
2026-03-18,,,,,,,,,,,,,,,,,,,,,,,
2026-03-18,,,,,,s,15:00:00,16:00:00,59.99999999999995,6.0,,6.0,,6.0,,,,,,,,,
2026-03-18,,,,,,,,,,,,,,,,,,,,,,,
2026-03-18,,,,,,s,18:00:00,19:00:00,59.99999999999995,6.0,,,6.0,6.0,,,,,,,,,
2026-03-18,,,,,,,,,,,,,,,,,,,,OP 10,RobTech an der Anlage ,,
2026-03-18,,,,,,,11:00:00,12:00:00,,,,,,,,60,,,,OP 10,Sauger defekt,,
2026-03-18,,,,,,,,,,,,,,,,,,,,,,,
2026-03-18,,,,,,,21:00:00,21:45:00,45.0,4.0,,,2.0,2.0,,,,,,,,,
2026-03-18,,,,,,s,,,,,,,,,,,,,,,,,
2026-03-18,,,,,,,,,,,,,,,,,,,,,,,
2026-03-18,,,,,,,,,,,,,,,,,,,,,,,
2026-03-18,,,,,,s,13:15:00,14:00:00,45.0,6.0,,4.0,,4.0,,,,15,,,Wartungsplan,,
2026-03-18,,,,,,,,,,,,,,,,,,15,,,Reinigung,,
2026-03-18,,,,,,,12:00:00,13:15:00,,,,,,,,15,,,,OP 25,Messung n.i.O  aber masse passen (RobTech korregiert die werte),,
2026-03-18,,,,,,f,,,0.0,5.0,,,3.0,3.0,,10,,,,OP 10,Vakuum nicht vorhanden,,
2026-03-18,,,,,,,,,,,,,,,,,,,,OP 10,RobTech an der Anlage ,,
2026-03-18,,,,,,,11:00:00,12:00:00,,,,,,,,60,,,,OP 10,Sauger defekt,,
2026-03-18,,,,,,f,,,0.0,5.0,,,0.0,,,,,,,,Anlage leer gefahren,,
2026-03-18,,,,,,,,,,,,,,,,,,,,OP 10,RobTech an der Anlage ,,
2026-03-18,,,,,,,10:00:00,11:00:00,,,,,,,,30,,,,OP 10,Sauger defekt ,,
2026-03-18,,,,,,f,,,0.0,5.0,,,2.0,2.0,,,15,,,,Nacharbeiten STW ,,
2026-03-18,,,,,,,,,,,,,,,,,,,,,,,
2026-03-18,,,,,,,,,,,,,,,,,,,,,,,
2026-03-18,,,,,,,09:30:00,10:00:00,,,,,,,,15,,,,OP 10,RobTech an der Anlage ,,
2026-03-18,,,,,,,,,,,,,,,,,,,,,,,
2026-03-18,,,,,,,,,,,,,,,,,,,,,,,
2026-03-18,,,,,,,,,,,,,,,,,,,,,,,
2026-03-18,,,,,,s,15:00:00,16:00:00,59.99999999999995,6.0,,6.0,,6.0,,,,,,,,,
2026-03-18,,,,,,,,,,,,,,,,,,,,,,,
2026-03-18,,,,,,,,,,,,,,,,10,,,,,Bedienerschutz wurde ausgelöst  Warten auf Robotech.,,
2026-03-18,,,,,,s,16:00:00,17:00:00,60.00000000000011,6.0,,5.0,,5.0,,8,,,,,Bedienerschutz wurde ausgelöst  Robotech. An der Anlage,,
2026-03-18,,,,,,,,,,,,,,,,,,,,,Anlage leer gefahren,,
2026-03-18,,,,,,,,,,,,,,,,,,,,,,,
2026-03-18,,,,,,s,17:30:00,18:00:00,30.000000000000053,6.0,,,3.0,3.0,,,,,,,,,
2026-03-18,,,,,,,,,,,,,,,,,,,,,,,
2026-03-18,,,,,,,,,,,,,,,,,,15,,,Reinigung + Werkzeug einschließen,,
2026-03-18,,,,,,s,18:00:00,19:00:00,59.99999999999995,6.0,,,6.0,6.0,,,,,,,,,
2026-03-18,,,,,,,,,,,,,,,,,,,,,,,
2026-03-18,,,,,,,,,,,,,,,,,,,,,,,
2026-03-18,,,,,,s,19:00:00,20:00:00,60.00000000000011,6.0,,,6.0,6.0,,,,,,,,,
2026-03-18,,,,,,,,,,,,,,,,,,,,,,,
2026-03-18,,,,,,s,20:00:00,21:00:00,59.99999999999995,4.0,,,5.0,5.0,,,,,,,,,
2026-03-18,,,,,,,,,,,,,,,,,,,,,,,
2026-03-18,,,,,,f,,,0.0,5.0,,,2.0,2.0,,,,,,OP 10,Sauger defekt oder verdreht,,
2026-03-18,,,,,,,08:00:00,09:00:00,,,,,,,,,,,,,,,
2026-03-18,,,,,,,,,,,,,,,,,,,,,,,
2026-03-18,,,,,,,04:45:00,06:00:00,,,,,,,,,,,,,,,
2026-03-18,,,,,,,,,,,,,,,,,,,,,,,
2026-03-18,,,,,,f,,,0.0,5.0,,,6.0,6.0,,,,,,,,,
2026-03-18,,,,,,,06:00:00,07:00:00,,,,,,,,,,,,,,,
2026-03-18,,,,,,s,14:00:00,15:00:00,59.99999999999995,6.0,,7.0,,7.0,,,,,,,,,
2026-03-18,,,,,,f,,,0.0,5.0,,,4.0,4.0,,,,10,,R 05,Schrittketten Fehler (RobTech an der Anlage),,
2026-03-18,,,,,,,07:00:00,08:00:00,,,,,,,,,,10,,OP 130.1,Schrittketten Fehler (RobTech an der Anlage),,
2026-03-18,,,,,,,,,,,,,,,,,,,,,Anlage leer gefahren,,
2026-03-18,,,,,,f,,,0.0,5.0,,,6.0,6.0,,,10,,,,Nacharbeiten STW ,1,
2026-03-18,,,,,,,,,,,,,,,,,,,,,,,
2026-03-20,,,,,,s,13:15:00,14:00:00,45.0,4.0,,,4.0,4.0,,,,15,,,Wartungsplan,,
2026-03-20,,,,,,,,,,,,,,,,,,,,,,,
2026-03-20,,,,,,,12:00:00,13:15:00,,,,,,,,,,,,,,,
2026-03-20,,,,,,f,,,0.0,5.0,,,,,,60,,,,,Reinigung,,
2026-03-20,,,,,,,,,,,,,,,,,,,,,,,
2026-03-20,,,,,,,11:00:00,12:00:00,,,,,,,,,,,,,,,
2026-03-20,,,,,,f,,,0.0,5.0,,,,,,60,,,,,Reinigung,,
2026-03-20,,,,,,,,,,,,,,,,,,,,,,,
2026-03-20,,,,,,,10:00:00,11:00:00,,,,,,,,,,,,,,,
2026-03-20,,,,,,f,,,0.0,5.0,,,2.0,2.0,,25,,,,R 05,Vakuumkreis 2 schaltet nicht,,
2026-03-20,,,,,,,,,,,,,,,,,,,,,,,
2026-03-20,,,,,,,,,,,,,,,,,,,,,,,
2026-03-20,,,,,,f,,,0.0,5.0,,,3.0,3.0,,,,,,,,,
2026-03-20,,,,,,,08:00:00,09:00:00,,,,,,,,,,,,,,,
2026-03-20,,,,,,f,,,0.0,5.0,,,6.0,6.0,,,,,,,,,
2026-03-20,,,,,,,07:00:00,08:00:00,,,,,,,,,,,,,,,
2026-03-20,,,,,,f,,,0.0,5.0,,,4.0,4.0,,,,,,,,,
2026-03-20,,,,,,,,,,,,,,,,,,,,,,,
2026-03-20,,,,,,,06:00:00,07:00:00,,,,,,,,,,,,,,,
2026-03-20,,,,,,f,,,0.0,5.0,,,7.0,7.0,,,,,,,,,
2026-03-20,,,,,,,,,,,,,,,,,,,,,,,
2026-03-20,,,,,,,04:45:00,06:00:00,,,,,,,,,,,,,,,
2026-03-20,,,,,,f,,,0.0,5.0,,,6.0,6.0,,,,15,,,Wartungsplan,,
2026-03-20,,,,,,,09:30:00,10:00:00,,,,,,,,,,,,,,,
2026-03-20,,,,,,,,,,,,,,,,,,,,,,,
2026-03-20,,,,,,,,,0.0,,,,,,,,,,,,,,
2026-03-20,,,,,,,04:45:00,06:00:00,,,,,,,,,,,,,,,
2026-03-20,,,,,,,,,,,,,,,,,,,,,,,
2026-03-20,,,,,,s,15:00:00,16:00:00,59.99999999999995,4.0,,,3.0,3.0,,,,,,,,,
2026-03-20,,,,,,,,,,,,,,,,,15,,,,STW  Nacharbeiten  (Kratzer ),2,
2026-03-20,,,,,,,,,,,,,,,,,,,,,,,
2026-03-20,,,,,,s,16:00:00,17:00:00,60.00000000000011,4.0,,,5.0,5.0,,,,,,,,,
2026-03-20,,,,,,,,,,,,,,,,,,,,,,,
2026-03-20,,,,,,,,,,,,,,,,,,,,,,,
2026-03-20,,,,,,s,17:30:00,18:00:00,30.000000000000053,4.0,,,2.0,2.0,,,,,,,,,
2026-03-20,,,,,,,,,,,,,,,,,,,,,,,
2026-03-20,,,,,,,,,,,,,,,,,,,,,,,
2026-03-20,,,,,,,,,,,,,,,,,,,,,,,
2026-03-20,,,,,,s,18:00:00,19:00:00,59.99999999999995,4.0,,,6.0,6.0,,,,,,,,,
2026-03-20,,,,,,,,,,,,,,,,,,,,,,,
2026-03-20,,,,,,s,19:00:00,20:00:00,60.00000000000011,4.0,,,5.0,5.0,,,,,,,,,
2026-03-20,,,,,,,,,,,,,,,,,,,,,,,
2026-03-20,,,,,,,,,,,,,,,,,,,,,,,
2026-03-20,,,,,,s,20:00:00,21:00:00,59.99999999999995,4.0,,,3.0,3.0,,,,,,,,,
2026-03-20,,,,,,,,,,,,,,,,,20,,,,STW  Nacharbeiten  ,2,
2026-03-20,,,,,,,,,,,,,,,,,,,,,,,
2026-03-20,,,,,,,21:00:00,21:45:00,45.0,4.0,,,2.0,2.0,,,,,,,,,
2026-03-20,,,,,,s,,,,,,,,,,,,,,,,,
2026-03-20,,,,,,,,,,,,,,,,,,15,,,Reinigung + Werkzeug einschließen,,
2026-03-20,,,,,,,,,,,,,,,,,,,,,,,
2026-03-20,,,,,,s,14:00:00,15:00:00,59.99999999999995,4.0,,,4.0,4.0,,,,,,,,,
2026-03-20,,,,,,,,,,,,,,,,,,,,,,,
2026-03-20,,,,,,,,,,,,,,,,,,,,,,,
2026-03-20,,,,,,,,,,,,,,,,,,,,,,,
2026-03-20,,,,,,f,,,0.0,5.0,,,7.0,7.0,,,,,,,,,
2026-03-20,,,,,,,06:00:00,07:00:00,,,,,,,,,,,,,,,
2026-03-20,,,,,,,,,,,,,,,,,,,,,,,
2026-03-20,,,,,,f,,,0.0,5.0,,,4.0,4.0,,,,,,,,,
2026-03-20,,,,,,,07:00:00,08:00:00,,,,,,,,,,,,,,,
2026-03-20,,,,,,,,,,,,,,,,,,,,,,,
2026-03-20,,,,,,f,,,0.0,5.0,,,6.0,6.0,,,,,,,,,
2026-03-20,,,,,,,08:00:00,09:00:00,,,,,,,,,,,,,,,
2026-03-20,,,,,,,,,,,,,,,,,,,,,,,
2026-03-20,,,,,,f,,,0.0,5.0,,,3.0,3.0,,,,,,,,,
2026-03-20,,,,,,,,,,,,,,,,,,,,,,,
2026-03-20,,,,,,,,,,,,,,,,,,,,,,,
2026-03-20,,,,,,f,,,0.0,5.0,,,2.0,2.0,,25,,,,R 05,Vakuumkreis 2 schaltet nicht,,
2026-03-20,,,,,,,10:00:00,11:00:00,,,,,,,,,,,,,,,
2026-03-20,,,,,,,,,,,,,,,,,,,,,,,
2026-03-20,,,,,,f,,,0.0,5.0,,,,,,60,,,,,Reinigung,,
2026-03-20,,,,,,,11:00:00,12:00:00,,,,,,,,,,,,,,,
2026-03-20,,,,,,,,,,,,,,,,,,,,,,,
2026-03-20,,,,,,f,,,0.0,5.0,,,,,,60,,,,,Reinigung,,
2026-03-20,,,,,,,12:00:00,13:15:00,,,,,,,,,,,,,,,
2026-03-20,,,,,,,,,,,,,,,,,,,,,,,
2026-03-20,,,,,,s,13:15:00,14:00:00,45.0,4.0,,,4.0,4.0,,,,15,,,Wartungsplan,,
2026-03-20,,,,,,f,,,0.0,5.0,,,6.0,6.0,,,,15,,,Wartungsplan,,
2026-03-20,,,,,,,09:30:00,10:00:00,,,,,,,,,,,,,,,
2026-03-20,,,,,,s,14:00:00,15:00:00,59.99999999999995,4.0,,,4.0,4.0,,,,,,,,,
2026-03-20,,,,,,,,,,,,,,,,,,,,,,,
2026-03-20,,,,,,s,14:00:00,15:00:00,59.99999999999995,4.0,,,4.0,4.0,,,,,,,,,
2026-03-20,,,,,,,,,,,,,,,,,,,,,,,
2026-03-20,,,,,,,,,,,,,,,,,,,,,,,
2026-03-20,,,,,,s,15:00:00,16:00:00,59.99999999999995,4.0,,,3.0,3.0,,,,,,,,,
2026-03-20,,,,,,,,,,,,,,,,,15,,,,STW  Nacharbeiten  (Kratzer ),2,
2026-03-20,,,,,,,,,,,,,,,,,,,,,,,
2026-03-20,,,,,,s,16:00:00,17:00:00,60.00000000000011,4.0,,,5.0,5.0,,,,,,,,,
2026-03-20,,,,,,,,,,,,,,,,,,,,,,,
2026-03-20,,,,,,,,,,,,,,,,,,,,,,,
2026-03-20,,,,,,s,17:30:00,18:00:00,30.000000000000053,4.0,,,2.0,2.0,,,,,,,,,
2026-03-20,,,,,,,,,,,,,,,,,,,,,,,
2026-03-20,,,,,,,,,,,,,,,,,,,,,,,
2026-03-20,,,,,,,,,,,,,,,,,,,,,,,
2026-03-20,,,,,,,,,,,,,,,,,,,,,,,
2026-03-20,,,,,,,,,,,,,,,,,,,,,,,
2026-03-20,,,,,,s,19:00:00,20:00:00,60.00000000000011,4.0,,,5.0,5.0,,,,,,,,,
2026-03-20,,,,,,,,,,,,,,,,,,,,,,,
2026-03-20,,,,,,,,,,,,,,,,,,,,,,,
2026-03-20,,,,,,s,20:00:00,21:00:00,59.99999999999995,4.0,,,3.0,3.0,,,,,,,,,
2026-03-20,,,,,,,,,,,,,,,,,20,,,,STW  Nacharbeiten  ,2,
2026-03-20,,,,,,,,,,,,,,,,,,,,,,,
2026-03-20,,,,,,,21:00:00,21:45:00,45.0,4.0,,,2.0,2.0,,,,,,,,,
2026-03-20,,,,,,s,,,,,,,,,,,,,,,,,
2026-03-20,,,,,,,,,,,,,,,,,,,,,,,
2026-03-20,,,,,,,,,,,,,,,,,,15,,,Reinigung + Werkzeug einschließen,,
2026-03-20,,,,,,,,,,,,,,,,,,,,,,,
2026-03-20,,,,,,,,,,,,,,,,,,,,,,,
2026-03-20,,,,,,f,,,0.0,5.0,,,6.0,6.0,,,,15,,,Wartungsplan,,
2026-03-20,,,,,,,04:45:00,06:00:00,,,,,,,,,,,,,,,
2026-03-20,,,,,,,,,,,,,,,,,,,,,,,
2026-03-20,,,,,,f,,,0.0,5.0,,,7.0,7.0,,,,,,,,,
2026-03-20,,,,,,,06:00:00,07:00:00,,,,,,,,,,,,,,,
2026-03-20,,,,,,,,,,,,,,,,,,,,,,,
2026-03-20,,,,,,f,,,0.0,5.0,,,4.0,4.0,,,,,,,,,
2026-03-20,,,,,,,07:00:00,08:00:00,,,,,,,,,,,,,,,
2026-03-20,,,,,,,,,,,,,,,,,,,,,,,
2026-03-20,,,,,,f,,,0.0,5.0,,,6.0,6.0,,,,,,,,,
2026-03-20,,,,,,,08:00:00,09:00:00,,,,,,,,,,,,,,,
2026-03-20,,,,,,,,,,,,,,,,,,,,,,,
2026-03-20,,,,,,f,,,0.0,5.0,,,3.0,3.0,,,,,,,,,
2026-03-20,,,,,,,09:30:00,10:00:00,,,,,,,,,,,,,,,
2026-03-20,,,,,,,,,,,,,,,,,,,,,,,
2026-03-20,,,,,,f,,,0.0,5.0,,,2.0,2.0,,25,,,,R 05,Vakuumkreis 2 schaltet nicht,,
2026-03-20,,,,,,,10:00:00,11:00:00,,,,,,,,,,,,,,,
2026-03-20,,,,,,,,,,,,,,,,,,,,,,,
2026-03-20,,,,,,f,,,0.0,5.0,,,,,,60,,,,,Reinigung,,
2026-03-20,,,,,,,11:00:00,12:00:00,,,,,,,,,,,,,,,
2026-03-20,,,,,,,,,,,,,,,,,,,,,,,
2026-03-20,,,,,,f,,,0.0,5.0,,,,,,60,,,,,Reinigung,,
2026-03-20,,,,,,,12:00:00,13:15:00,,,,,,,,,,,,,,,
2026-03-20,,,,,,s,13:15:00,14:00:00,45.0,4.0,,,4.0,4.0,,,,15,,,Wartungsplan,,
2026-03-20,,,,,,,,,0.0,,,,,,,,,,,,,,
2026-03-20,,,,,,s,18:00:00,19:00:00,59.99999999999995,4.0,,,6.0,6.0,,,,,,,,,
2026-03-20,,,,,,,,,,,,,,,,,,,,,,,
2026-03-20,,,,,,s,15:00:00,16:00:00,59.99999999999995,4.0,,,3.0,3.0,,,,,,,,,
2026-03-20,,,,,,,,,0.0,,,,,,,,,,,,,,
2026-03-20,,,,,,,,,,,,,,,,,,15,,,Reinigung + Werkzeug einschließen,,
2026-03-20,,,,,,s,,,,,,,,,,,,,,,,,
2026-03-20,,,,,,,21:00:00,21:45:00,45.0,4.0,,,2.0,2.0,,,,,,,,,
2026-03-20,,,,,,,,,,,,,,,,,,,,,,,
2026-03-20,,,,,,,,,,,,,,,,,20,,,,STW  Nacharbeiten  ,2,
2026-03-20,,,,,,s,20:00:00,21:00:00,59.99999999999995,4.0,,,3.0,3.0,,,,,,,,,
2026-03-20,,,,,,,,,,,,,,,,,,,,,,,
2026-03-20,,,,,,,,,,,,,,,,,,,,,,,
2026-03-20,,,,,,s,19:00:00,20:00:00,60.00000000000011,4.0,,,5.0,5.0,,,,,,,,,
2026-03-20,,,,,,,,,,,,,,,,,15,,,,STW  Nacharbeiten  (Kratzer ),2,
2026-03-20,,,,,,,,,,,,,,,,,,,,,,,
2026-03-20,,,,,,s,18:00:00,19:00:00,59.99999999999995,4.0,,,6.0,6.0,,,,,,,,,
2026-03-20,,,,,,,,,,,,,,,,,,,,,,,
2026-03-20,,,,,,,,,,,,,,,,,,,,,,,
2026-03-20,,,,,,s,17:30:00,18:00:00,30.000000000000053,4.0,,,2.0,2.0,,,,,,,,,
2026-03-20,,,,,,,,,,,,,,,,,,,,,,,
2026-03-20,,,,,,,,,,,,,,,,,,,,,,,
2026-03-20,,,,,,,,,,,,,,,,,,,,,,,
2026-03-20,,,,,,s,16:00:00,17:00:00,60.00000000000011,4.0,,,5.0,5.0,,,,,,,,,
2026-03-20,,,,,,,,,,,,,,,,,,,,,,,
2026-03-23,,,,,,,,,,,,,,,,,,,,,,,
2026-03-23,,,,,,,,,,,,,,,,,,,,,,,
2026-03-23,,,,,,s,15:00:00,16:00:00,59.99999999999995,5.0,,,6.0,6.0,,,,,,,,,
2026-03-23,,,,,,,,,,,,,,,,,,,,,,,
2026-03-23,,,,,,,,,,,,,,,,,,,,,,,
2026-03-23,,,,,,s,16:00:00,17:00:00,60.00000000000011,5.0,,,6.0,6.0,,,,,,,,,
2026-03-23,,,,,,,,,,,,,,,,,,,,,,,
2026-03-23,,,,,,,,,,,,,,,,,,,,,,,
2026-03-23,,,,,,s,17:30:00,18:00:00,30.000000000000053,5.0,,,2.0,2.0,,,10,,,,STW Nacharbeiten ,1,
2026-03-23,,,,,,,,,,,,,,,,,,,,,,,
2026-03-23,,,,,,f,,,0.0,4.0,,,5.0,5.0,,,,15,,,Wartungsplan,,
2026-03-23,,,,,,,,,,,,,,,,,,,,,,,
2026-03-23,,,,,,,,,,,,,,,,,,,,,,,
2026-03-23,,,,,,,,,,,,,,,,,,,,,,,
2026-03-23,,,,,,s,19:00:00,20:00:00,60.00000000000011,5.0,,,6.0,6.0,,,,,,,,,
2026-03-23,,,,,,,,,,,,,,,,,,,,,,,
2026-03-23,,,,,,,,,,,,,,,,,,,,,,,
2026-03-23,,,,,,s,20:00:00,21:00:00,59.99999999999995,5.0,,,6.0,6.0,,,,,,,,,
2026-03-23,,,,,,,,,,,,,,,,,,,,,,,
2026-03-23,,,,,,,,,,,,,,,,,,,,,,,
2026-03-23,,,,,,,21:00:00,21:45:00,45.0,5.0,,,1.0,1.0,,,10,,,,STW Nacharbeiten ,1,
2026-03-23,,,,,,s,18:00:00,19:00:00,59.99999999999995,5.0,,,5.0,5.0,,,10,,,R 03,Probleme mit Schweißdraht,,
2026-03-23,,,,,,,04:45:00,06:00:00,,,,,,,,,,,,,,,
2026-03-23,,,,,,,,,,,,,,,,,,,,,,,
2026-03-23,,,,,,f,,,0.0,4.0,,,4.0,4.0,,,,,,,,,
2026-03-23,,,,,,,,,,,,,,,,,,,,,,,
2026-03-23,,,,,,s,13:15:00,14:00:00,45.0,5.0,,,4.0,4.0,,,,15,,,Wartungsplan,,
2026-03-23,,,,,,,,,,,,,,,,,,,,,,,
2026-03-23,,,,,,,12:00:00,13:15:00,,,,,,,,,,,,,,,
2026-03-23,,,,,,f,,,0.0,5.0,,,5.0,5.0,,,,,,,,,
2026-03-23,,,,,,,,,,,,,,,,,,15,,,Reinigung,,
2026-03-23,,,,,,,11:00:00,12:00:00,,,,,,,,,,,,,,,
2026-03-23,,,,,,f,,,0.0,5.0,,,5.0,5.0,,,,,,,,,
2026-03-23,,,,,,,,,,,,,,,,,,,,,,,
2026-03-23,,,,,,,10:00:00,11:00:00,,,,,,,,,,,,,,,
2026-03-23,,,,,,,,,,,,,,,,,,,,,,,
2026-03-23,,,,,,,,,,,,,,,,,,,,,,,
2026-03-23,,,,,,f,,,0.0,5.0,,,2.0,2.0,,,,,,,,,
2026-03-23,,,,,,,,,,,,,,,,,,,,,,,
2026-03-23,,,,,,,08:00:00,09:00:00,,,,,,,,,,,,,,,
2026-03-23,,,,,,f,,,0.0,4.0,,5.0,1.0,6.0,,,,,,,,,
2026-03-23,,,,,,,,,,,,,,,,,,,,,,,
2026-03-23,,,,,,,07:00:00,08:00:00,,,,,,,,,,,,,,,
2026-03-23,,,,,,f,,,0.0,4.0,,4.0,1.0,5.0,,,,,,,,,
2026-03-23,,,,,,,,,,,,,,,,,,,,,,,
2026-03-23,,,,,,,06:00:00,07:00:00,,,,,,,,,15,,,,STW  Nacharbeiten  ,2,
2026-03-23,,,,,,s,14:00:00,15:00:00,59.99999999999995,5.0,,,6.0,6.0,,,,,,,,,
2026-03-23,,,,,,,09:30:00,10:00:00,,,,,,,,,,,,,,,
2026-03-23,,,,,,,,,,,,,,,,,,,,,,,
2026-03-23,,,,,,s,,,,,,,,,,,,,,,,,
2026-03-23,,,,,,s,14:00:00,15:00:00,59.99999999999995,5.0,,,6.0,6.0,,,,,,,,,
2026-03-23,,,,,,,,,,,,,,,,,,15,,,Reinigung + Werkzeug einschließen,,
2026-03-23,,,,,,s,,,,,,,,,,,,,,,,,
2026-03-23,,,,,,,21:00:00,21:45:00,45.0,5.0,,,1.0,1.0,,,10,,,,STW Nacharbeiten ,1,
2026-03-23,,,,,,,,,,,,,,,,,,,,,,,
2026-03-23,,,,,,,,,,,,,,,,,,,,,,,
2026-03-23,,,,,,s,20:00:00,21:00:00,59.99999999999995,5.0,,,6.0,6.0,,,,,,,,,
2026-03-23,,,,,,,,,,,,,,,,,,,,,,,
2026-03-23,,,,,,,,,,,,,,,,,,,,,,,
2026-03-23,,,,,,s,19:00:00,20:00:00,60.00000000000011,5.0,,,6.0,6.0,,,,,,,,,
2026-03-23,,,,,,,,,,,,,,,,,,,,,,,
2026-03-23,,,,,,,,,,,,,,,,,,,,,,,
2026-03-23,,,,,,s,18:00:00,19:00:00,59.99999999999995,5.0,,,5.0,5.0,,,10,,,R 03,Probleme mit Schweißdraht,,
2026-03-23,,,,,,,,,,,,,,,,,,,,,,,
2026-03-23,,,,,,,,,,,,,,,,,,,,,,,
2026-03-23,,,,,,s,17:30:00,18:00:00,30.000000000000053,5.0,,,2.0,2.0,,,10,,,,STW Nacharbeiten ,1,
2026-03-23,,,,,,,,,,,,,,,,,,,,,,,
2026-03-23,,,,,,,,,,,,,,,,,,,,,,,
2026-03-23,,,,,,s,16:00:00,17:00:00,60.00000000000011,5.0,,,6.0,6.0,,,,,,,,,
2026-03-23,,,,,,,,,,,,,,,,,,,,,,,
2026-03-23,,,,,,,,,,,,,,,,,,,,,,,
2026-03-23,,,,,,s,15:00:00,16:00:00,59.99999999999995,5.0,,,6.0,6.0,,,,,,,,,
2026-03-23,,,,,,,,,,,,,,,,,,,,,,,
2026-03-23,,,,,,,,,,,,,,,,,,,,,,,
2026-03-23,,,,,,s,13:15:00,14:00:00,45.0,5.0,,,4.0,4.0,,,,15,,,Wartungsplan,,
2026-03-23,,,,,,,,,,,,,,,,,,,,,,,
2026-03-23,,,,,,f,,,0.0,4.0,,,5.0,5.0,,,,15,,,Wartungsplan,,
2026-03-23,,,,,,,04:45:00,06:00:00,,,,,,,,,,,,,,,
2026-03-23,,,,,,,,,,,,,,,,,,,,,,,
2026-03-23,,,,,,f,,,0.0,4.0,,,4.0,4.0,,,,,,,,,
2026-03-23,,,,,,,06:00:00,07:00:00,,,,,,,,,15,,,,STW  Nacharbeiten  ,2,
2026-03-23,,,,,,,,,,,,,,,,,,,,,,,
2026-03-23,,,,,,f,,,0.0,4.0,,4.0,1.0,5.0,,,,,,,,,
2026-03-23,,,,,,,07:00:00,08:00:00,,,,,,,,,,,,,,,
2026-03-23,,,,,,,,,,,,,,,,,,,,,,,
2026-03-23,,,,,,f,,,0.0,4.0,,5.0,1.0,6.0,,,,,,,,,
2026-03-23,,,,,,,08:00:00,09:00:00,,,,,,,,,,,,,,,
2026-03-23,,,,,,,,,,,,,,,,,,,,,,,
2026-03-23,,,,,,f,,,0.0,5.0,,,2.0,2.0,,,,,,,,,
2026-03-23,,,,,,,09:30:00,10:00:00,,,,,,,,,,,,,,,
2026-03-23,,,,,,,,,,,,,,,,,,,,,,,
2026-03-23,,,,,,f,,,0.0,5.0,,,6.0,6.0,,,,,,,,,
2026-03-23,,,,,,,10:00:00,11:00:00,,,,,,,,,,,,,,,
2026-03-23,,,,,,,,,,,,,,,,,,,,,,,
2026-03-23,,,,,,f,,,0.0,5.0,,,5.0,5.0,,,,,,,,,
2026-03-23,,,,,,,11:00:00,12:00:00,,,,,,,,,,,,,,,
2026-03-23,,,,,,,,,,,,,,,,,,15,,,Reinigung,,
2026-03-23,,,,,,f,,,0.0,5.0,,,5.0,5.0,,,,,,,,,
2026-03-23,,,,,,,12:00:00,13:15:00,,,,,,,,,,,,,,,
2026-03-23,,,,,,,,,,,,,,,,,,,,,,,
2026-03-23,,,,,,,,,,,,,,,,,,15,,,Reinigung + Werkzeug einschließen,,
2026-03-23,,,,,,f,,,0.0,5.0,,,6.0,6.0,,,,,,,,,
2026-03-23,,,,,,s,17:30:00,18:00:00,30.000000000000053,5.0,,,2.0,2.0,,,10,,,,STW Nacharbeiten ,1,
2026-03-23,,,,,,s,20:00:00,21:00:00,59.99999999999995,5.0,,,6.0,6.0,,,,,,,,,
2026-03-23,,,,,,,,,,,,,,,,,,,,,,,
2026-03-23,,,,,,,,,,,,,,,,,,,,,,,
2026-03-23,,,,,,,21:00:00,21:45:00,45.0,5.0,,,1.0,1.0,,,10,,,,STW Nacharbeiten ,1,
2026-03-23,,,,,,s,,,,,,,,,,,,,,,,,
2026-03-23,,,,,,,,,,,,,,,,,,15,,,Reinigung + Werkzeug einschließen,,
2026-03-23,,,,,,,12:00:00,13:15:00,,,,,,,,,,,,,,,
2026-03-23,,,,,,f,,,0.0,5.0,,,5.0,5.0,,,,,,,,,
2026-03-23,,,,,,,,,,,,,,,,,,15,,,Reinigung,,
2026-03-23,,,,,,,11:00:00,12:00:00,,,,,,,,,,,,,,,
2026-03-23,,,,,,f,,,0.0,5.0,,,5.0,5.0,,,,,,,,,
2026-03-23,,,,,,,,,,,,,,,,,,,,,,,
2026-03-23,,,,,,,10:00:00,11:00:00,,,,,,,,,,,,,,,
2026-03-23,,,,,,f,,,0.0,5.0,,,6.0,6.0,,,,,,,,,
2026-03-23,,,,,,,,,,,,,,,,,,,,,,,
2026-03-23,,,,,,,,,,,,,,,,,,,,,,,
2026-03-23,,,,,,,09:30:00,10:00:00,,,,,,,,,,,,,,,
2026-03-23,,,,,,,,,,,,,,,,,,,,,,,
2026-03-23,,,,,,,,,,,,,,,,,,,,,,,
2026-03-23,,,,,,,,,,,,,,,,,,,,,,,
2026-03-23,,,,,,s,14:00:00,15:00:00,59.99999999999995,5.0,,,6.0,6.0,,,,,,,,,
2026-03-23,,,,,,,,,,,,,,,,,,,,,,,
2026-03-23,,,,,,,,,,,,,,,,,,,,,,,
2026-03-23,,,,,,s,15:00:00,16:00:00,59.99999999999995,5.0,,,6.0,6.0,,,,,,,,,
2026-03-23,,,,,,,,,,,,,,,,,,,,,,,
2026-03-23,,,,,,,,,,,,,,,,,,,,,,,
2026-03-23,,,,,,s,16:00:00,17:00:00,60.00000000000011,5.0,,,6.0,6.0,,,,,,,,,
2026-03-23,,,,,,,,,,,,,,,,,,,,,,,
2026-03-23,,,,,,,,,,,,,,,,,,,,,,,
2026-03-23,,,,,,,,,,,,,,,,,,,,,,,
2026-03-23,,,,,,,,,,,,,,,,,,,,,,,
2026-03-23,,,,,,,,,,,,,,,,,,,,,,,
2026-03-23,,,,,,s,18:00:00,19:00:00,59.99999999999995,5.0,,,5.0,5.0,,,10,,,R 03,Probleme mit Schweißdraht,,
2026-03-23,,,,,,,,,,,,,,,,,,,,,,,
2026-03-23,,,,,,s,19:00:00,20:00:00,60.00000000000011,5.0,,,6.0,6.0,,,,,,,,,
2026-03-23,,,,,,f,,,0.0,5.0,,,2.0,2.0,,,,,,,,,
2026-03-23,,,,,,,,,,,,,,,,,,,,,,,
2026-03-23,,,,,,,08:00:00,09:00:00,,,,,,,,,,,,,,,
2026-03-23,,,,,,,,,,,,,,,,,,,,,,,
2026-03-23,,,,,,f,,,0.0,4.0,,,5.0,5.0,,,,15,,,Wartungsplan,,
2026-03-23,,,,,,,04:45:00,06:00:00,,,,,,,,,,,,,,,
2026-03-23,,,,,,,,,,,,,,,,,,,,,,,
2026-03-23,,,,,,f,,,0.0,4.0,,,4.0,4.0,,,,,,,,,
2026-03-23,,,,,,s,13:15:00,14:00:00,45.0,5.0,,,4.0,4.0,,,,15,,,Wartungsplan,,
2026-03-23,,,,,,,,,,,,,,,,,,,,,,,
2026-03-23,,,,,,f,,,0.0,4.0,,4.0,1.0,5.0,,,,,,,,,
2026-03-23,,,,,,,07:00:00,08:00:00,,,,,,,,,,,,,,,
2026-03-23,,,,,,,,,,,,,,,,,,,,,,,
2026-03-23,,,,,,f,,,0.0,4.0,,5.0,1.0,6.0,,,,,,,,,
2026-03-23,,,,,,,06:00:00,07:00:00,,,,,,,,,15,,,,STW  Nacharbeiten  ,2,
2026-03-24,,,,,,f,10:00:00,11:00:00,59.99999999999995,5.0,,4.0,3.0,7.0,,,,,,,,,
2026-03-24,,,,,,,,,,,,,,,,,,,,,,,
2026-03-24,,,,,,,,,,,,,,,,,,,,,,,
2026-03-24,,,,,,f,11:00:00,12:00:00,60.00000000000003,5.0,,7.0,,7.0,,,,,,,,,
2026-03-24,,,,,,,,,,,,,,,,,,,,,,,
2026-03-24,,,,,,f,12:00:00,13:15:00,75.00000000000006,5.0,,7.0,,7.0,,,,,,,,,
2026-03-24,,,,,,,,,,,,,,,,,,,,,,,
2026-03-24,,,,,,,,,,,,,,,,,,15,,,Reinigung,,
2026-03-24,,,,,,s,13:15:00,14:00:00,45.0,5.0,,,4.0,4.0,,,,15,,,Wartungsplan,,
2026-03-24,,,,,,,,,,,,,,,,,,,,,,,
2026-03-24,,,,,,,,,,,,,,,,,,,,,,,
2026-03-24,,,,,,,,,,,,,,,,,,,,,,,
2026-03-24,,,,,,f,09:30:00,10:00:00,30.000000000000053,5.0,,,4.0,4.0,,,,,,,,,
2026-03-24,,,,,,,,,,,,,,,,,,,,,,,
2026-03-24,,,,,,f,08:00:00,09:00:00,60.00000000000003,5.0,,1.0,5.0,6.0,,,,,,,,,
2026-03-24,,,,,,,,,,,,,,,,,,,,,,,
2026-03-24,,,,,,f,07:00:00,08:00:00,59.99999999999995,5.0,,2.0,4.0,6.0,,,,,,,,,
2026-03-24,,,,,,,,,,,,,,,,,,,,,,,
2026-03-24,,,,,,,,,,,,,,,,,,,,,,,
2026-03-24,,,,,,f,06:00:00,07:00:00,60.00000000000003,5.0,,,6.0,6.0,,,,,,,,,
2026-03-24,,,,,,,,,,,,,,,,,,,,,,,
2026-03-24,,,,,,,,,,,,,,,,,,,,,,,
2026-03-24,,,,,,f,04:45:00,06:00:00,75.00000000000001,5.0,,,6.0,6.0,,,,15,,,Wartungsplan,,
2026-03-24,,,,,,,,,,,,,,,,,,,,,,,
2026-03-24,,,,,,,,,,,,,,,,,,,,,,,
2026-03-24,,,,,,s,18:00:00,19:00:00,59.99999999999995,5.0,,,4.0,4.0,,,,20,,R 02,Drahtwechseln ,,
2026-03-24,,,,,,,,,,,,,,,,,,15,,,Reinigung + Werkzeug einschließen,,
2026-03-24,,,,,,,,,,,,,,,,,,15,,,Reinigung,,
2026-03-24,,,,,,,,,,,,,,,,,,,,,,,
2026-03-24,,,,,,f,12:00:00,13:15:00,75.00000000000006,5.0,,7.0,,7.0,,,,,,,,,
2026-03-24,,,,,,,,,,,,,,,,,,,,,,,
2026-03-24,,,,,,,,,,,,,,,,,,,,,,,
2026-03-24,,,,,,f,11:00:00,12:00:00,60.00000000000003,5.0,,7.0,,7.0,,,,,,,,,
2026-03-24,,,,,,,,,,,,,,,,,,,,,,,
2026-03-24,,,,,,,,,,,,,,,,,,,,,,,
2026-03-24,,,,,,f,10:00:00,11:00:00,59.99999999999995,5.0,,4.0,3.0,7.0,,,,,,,,,
2026-03-24,,,,,,,,,,,,,,,,,,,,,,,
2026-03-24,,,,,,,,,,,,,,,,,,,,,,,
2026-03-24,,,,,,f,09:30:00,10:00:00,30.000000000000053,5.0,,,4.0,4.0,,,,,,,,,
2026-03-24,,,,,,,,,,,,,,,,,,,,,,,
2026-03-24,,,,,,,,,,,,,,,,,,,,,,,
2026-03-24,,,,,,f,08:00:00,09:00:00,60.00000000000003,5.0,,1.0,5.0,6.0,,,,,,,,,
2026-03-24,,,,,,,,,,,,,,,,,,,,,,,
2026-03-24,,,,,,,,,,,,,,,,,,,,,,,
2026-03-24,,,,,,f,07:00:00,08:00:00,59.99999999999995,5.0,,2.0,4.0,6.0,,,,,,,,,
2026-03-24,,,,,,,,,,,,,,,,,,,,,,,
2026-03-24,,,,,,,,,,,,,,,,,,,,,,,
2026-03-24,,,,,,f,06:00:00,07:00:00,60.00000000000003,5.0,,,6.0,6.0,,,,,,,,,
2026-03-24,,,,,,s,13:15:00,14:00:00,45.0,5.0,,,4.0,4.0,,,,15,,,Wartungsplan,,
2026-03-24,,,,,,,,,,,,,,,,,,,,,,,
2026-03-24,,,,,,,,,,,,,,,,,,,,,,,
2026-03-24,,,,,,s,14:00:00,15:00:00,59.99999999999995,5.0,,,6.0,6.0,,,,,,,,,
2026-03-24,,,,,,s,,,,,,,,,,,,,,,,,
2026-03-24,,,,,,,21:00:00,21:45:00,45.0,5.0,,,2.0,2.0,,,,,,,,,
2026-03-24,,,,,,,,,,,,,,,,,,,,,,,
2026-03-24,,,,,,,,,,,,,,,,,,,,,,,
2026-03-24,,,,,,s,20:00:00,21:00:00,59.99999999999995,5.0,,,6.0,6.0,,,,,,,,,
2026-03-24,,,,,,,,,,,,,,,,,,,,,,,
2026-03-24,,,,,,,,,,,,,,,,,,,,,,,
2026-03-24,,,,,,s,19:00:00,20:00:00,60.00000000000011,5.0,,,6.0,6.0,,,,,,,,,
2026-03-24,,,,,,,,,,,,,,,,,,,,,,,
2026-03-24,,,,,,,,,,,,,,,,,,,,,,,
2026-03-24,,,,,,,,,,,,,,,,,,,,,,,
2026-03-24,,,,,,f,04:45:00,06:00:00,75.00000000000001,5.0,,,6.0,6.0,,,,15,,,Wartungsplan,,
2026-03-24,,,,,,,,,,,,,,,,,,,,,,,
2026-03-24,,,,,,s,17:30:00,18:00:00,30.000000000000053,5.0,,,2.0,2.0,,,,,,,,,
2026-03-24,,,,,,,,,,,,,,,,,,,,,,,
2026-03-24,,,,,,,,,,,,,,,,,,,,,,,
2026-03-24,,,,,,s,16:00:00,17:00:00,60.00000000000011,5.0,,,5.0,5.0,,,10,,,,STW Nacharbeiten (Bider wurden an Smolnik geschickt),1,
2026-03-24,,,,,,,,,,,,,,,,,,,,,,,
2026-03-24,,,,,,,,,,,,,,,,,,,,,,,
2026-03-24,,,,,,s,15:00:00,16:00:00,59.99999999999995,5.0,,,6.0,6.0,,,,,,,,,
2026-03-24,,,,,,,,,,,,,,,,,,,,,,,
2026-03-24,,,,,,,,,,,,,,,,,,,,,,,
2026-03-24,,,,,,,,,,,,,,,,,,10,,,OP90-100-110 hat kein strom (elektriker Informiert),,
2026-03-24,,,,,,,,,,,,,,,,,,,,,,,
2026-03-24,,,,,,s,14:00:00,15:00:00,59.99999999999995,5.0,,,6.0,6.0,,,,,,,,,
2026-03-24,,,,,,,,,,,,,,,,,,,,,,,
2026-03-24,,,,,,,,,,,,,,,,,,15,,,Reinigung,,
2026-03-24,,,,,,,,,,,,,,,,,,,,,,,
2026-03-24,,,,,,f,12:00:00,13:15:00,75.00000000000006,5.0,,7.0,,7.0,,,,,,,,,
2026-03-24,,,,,,,,,,,,,,,,,,,,,,,
2026-03-24,,,,,,,,,,,,,,,,,,,,,,,
2026-03-24,,,,,,f,11:00:00,12:00:00,60.00000000000003,5.0,,7.0,,7.0,,,,,,,,,
2026-03-24,,,,,,,,,,,,,,,,,,,,,,,
2026-03-24,,,,,,,,,,,,,,,,,,,,,,,
2026-03-24,,,,,,f,10:00:00,11:00:00,59.99999999999995,5.0,,4.0,3.0,7.0,,,,,,,,,
2026-03-24,,,,,,,,,,,,,,,,,,,,,,,
2026-03-24,,,,,,s,13:15:00,14:00:00,45.0,5.0,,,4.0,4.0,,,,15,,,Wartungsplan,,
2026-03-24,,,,,,,,,,,,,,,,,,,,,,,
2026-03-24,,,,,,,,,,,,,,,,,,,,,,,
2026-03-24,,,,,,,,,,,,,,,,,,,,,,,
2026-03-24,,,,,,f,08:00:00,09:00:00,60.00000000000003,5.0,,1.0,5.0,6.0,,,,,,,,,
2026-03-24,,,,,,,,,,,,,,,,,,,,,,,
2026-03-24,,,,,,,,,,,,,,,,,,,,,,,
2026-03-24,,,,,,f,07:00:00,08:00:00,59.99999999999995,5.0,,2.0,4.0,6.0,,,,,,,,,
2026-03-24,,,,,,,,,,,,,,,,,,,,,,,
2026-03-24,,,,,,,,,,,,,,,,,,,,,,,
2026-03-24,,,,,,f,06:00:00,07:00:00,60.00000000000003,5.0,,,6.0,6.0,,,,,,,,,
2026-03-24,,,,,,,,,,,,,,,,,,,,,,,
2026-03-24,,,,,,f,09:30:00,10:00:00,30.000000000000053,5.0,,,4.0,4.0,,,,,,,,,
2026-03-24,,,,,,,,,,,,,,,,,,,,,,,
2026-03-24,,,,,,,,,,,,,,,,,,,,,,,
2026-03-24,,,,,,s,14:00:00,15:00:00,59.99999999999995,5.0,,,6.0,6.0,,,,,,,,,
2026-03-24,,,,,,,,,,,,,,,,,,15,,,Reinigung + Werkzeug einschließen,,
2026-03-24,,,,,,s,,,,,,,,,,,,,,,,,
2026-03-24,,,,,,,21:00:00,21:45:00,45.0,5.0,,,2.0,2.0,,,,,,,,,
2026-03-24,,,,,,,,,,,,,,,,,,,,,,,
2026-03-24,,,,,,,,,,,,,,,,,,,,,,,
2026-03-24,,,,,,s,20:00:00,21:00:00,59.99999999999995,5.0,,,6.0,6.0,,,,,,,,,
2026-03-24,,,,,,,,,,,,,,,,,,,,,,,
2026-03-24,,,,,,,,,,,,,,,,,,,,,,,
2026-03-24,,,,,,s,19:00:00,20:00:00,60.00000000000011,5.0,,,6.0,6.0,,,,,,,,,
2026-03-24,,,,,,,,,,,,,,,,,,,,,,,
2026-03-24,,,,,,,,,,,,,,,,,,,,,,,
2026-03-24,,,,,,s,18:00:00,19:00:00,59.99999999999995,5.0,,,4.0,4.0,,,,20,,R 02,Drahtwechseln ,,
2026-03-24,,,,,,,,,,,,,,,,,,10,,,OP90-100-110 hat kein strom (elektriker Informiert),,
2026-03-24,,,,,,,,,,,,,,,,,,,,,,,
2026-03-24,,,,,,s,17:30:00,18:00:00,30.000000000000053,5.0,,,2.0,2.0,,,,,,,,,
2026-03-24,,,,,,,,,,,,,,,,,,,,,,,
2026-03-24,,,,,,,,,,,,,,,,,,,,,,,
2026-03-24,,,,,,s,16:00:00,17:00:00,60.00000000000011,5.0,,,5.0,5.0,,,10,,,,STW Nacharbeiten (Bider wurden an Smolnik geschickt),1,
2026-03-24,,,,,,,,,,,,,,,,,,,,,,,
2026-03-24,,,,,,,,,,,,,,,,,,,,,,,
2026-03-24,,,,,,s,15:00:00,16:00:00,59.99999999999995,5.0,,,6.0,6.0,,,,,,,,,
2026-03-24,,,,,,,,,,,,,,,,,,,,,,,
2026-03-24,,,,,,,,,,,,,,,,,,,,,,,
2026-03-24,,,,,,,,,,,,,,,,,,,,,,,
2026-03-24,,,,,,f,04:45:00,06:00:00,75.00000000000001,5.0,,,6.0,6.0,,,,15,,,Wartungsplan,,
2026-03-24,,,,,,,,,,,,,,,,,,,,,,,
2026-03-24,,,,,,s,,,,,,,,,,,,,,,,,
2026-03-24,,,,,,,,,,,,,,,,,,,,,,,
2026-03-24,,,,,,,,,,,,,,,,,,,,,,,
2026-03-24,,,,,,s,20:00:00,21:00:00,59.99999999999995,5.0,,,6.0,6.0,,,,,,,,,
2026-03-24,,,,,,,,,,,,,,,,,,,,,,,
2026-03-24,,,,,,,,,,,,,,,,,,,,,,,
2026-03-24,,,,,,s,19:00:00,20:00:00,60.00000000000011,5.0,,,6.0,6.0,,,,,,,,,
2026-03-24,,,,,,,,,,,,,,,,,,,,,,,
2026-03-24,,,,,,,,,,,,,,,,,,,,,,,
2026-03-24,,,,,,s,18:00:00,19:00:00,59.99999999999995,5.0,,,4.0,4.0,,,,20,,R 02,Drahtwechseln ,,
2026-03-24,,,,,,,,,,,,,,,,,,10,,,OP90-100-110 hat kein strom (elektriker Informiert),,
2026-03-24,,,,,,,,,,,,,,,,,,,,,,,
2026-03-24,,,,,,s,17:30:00,18:00:00,30.000000000000053,5.0,,,2.0,2.0,,,,,,,,,
2026-03-24,,,,,,,,,,,,,,,,,,,,,,,
2026-03-24,,,,,,,,,,,,,,,,,,,,,,,
2026-03-24,,,,,,s,16:00:00,17:00:00,60.00000000000011,5.0,,,5.0,5.0,,,10,,,,STW Nacharbeiten (Bider wurden an Smolnik geschickt),1,
2026-03-24,,,,,,,,,,,,,,,,,,,,,,,
2026-03-24,,,,,,,,,,,,,,,,,,,,,,,
2026-03-24,,,,,,s,15:00:00,16:00:00,59.99999999999995,5.0,,,6.0,6.0,,,,,,,,,
2026-03-24,,,,,,,,,,,,,,,,,,,,,,,
2026-03-24,,,,,,,21:00:00,21:45:00,45.0,5.0,,,2.0,2.0,,,,,,,,,
2026-03-24,,,,,,,,,,,,,,,,,,15,,,Reinigung + Werkzeug einschließen,,
2026-03-24,,,,,,,,,,,,,,,,,,,,,,,
2026-03-25,,,,,,,,,,,,,,,,,,,,,,,
2026-03-25,,,,,,s,14:00:00,15:00:00,59.99999999999995,5.0,,,5.0,5.0,,,,,,,,,
2026-03-25,,,,,,,,,,,,,,,,,10,,,,STW Nacharbeiten ,,
2026-03-25,,,,,,,,,,,,,,,,,,,,,,,
2026-03-25,,,,,,,,,,,,,,,,,,,,,,,
2026-03-25,,,,,,s,16:00:00,17:00:00,60.00000000000011,5.0,,,5.0,5.0,,,,,,,,,
2026-03-25,,,,,,,,,,,,,,,,,,,,,Anlage leer gefahren ,,
2026-03-25,,,,,,,,,,,,,,,,,,,,OP 10,952 Bleche werden neu geliefert,,
2026-03-25,,,,,,s,17:30:00,18:00:00,30.000000000000053,5.0,,,2.0,2.0,,,,,,,,,
2026-03-25,,,,,,,,,,,,,,,,,", ",,,,,,
2026-03-25,,,,,,,,,,,,,,,,,,,,,,,
2026-03-25,,,,,,,,,,,,,,,,,,,,,,,
2026-03-25,,,,,,s,18:00:00,19:00:00,59.99999999999995,5.0,,,6.0,6.0,,,,,,,,,
2026-03-25,,,,,,,,,,,,,,,,,,,,,,,
2026-03-25,,,,,,s,19:00:00,20:00:00,60.00000000000011,5.0,,,6.0,6.0,,,,,,,,,
2026-03-25,,,,,,,,,,,,,,,,,,,,,,,
2026-03-25,,,,,,,,,,,,,,,,,,,,,,,
2026-03-25,,,,,,s,20:00:00,21:00:00,59.99999999999995,5.0,,,5.0,5.0,,,,,,,,,
2026-03-25,,,,,,,,,,,,,,,,,,10,,,Bedienerschutz ausgelöst ,,
2026-03-25,,,,,,,,,,,,,,,,,,,,,Anlage leer gefahren,,
2026-03-25,,,,,,,21:00:00,21:45:00,45.0,5.0,,,0.0,,,,,30,,R 01,Not-Aus wegen Bedienerschtz ,,
2026-03-25,,,,,,s,,,,,,,,,,,,,,,RobTech Informiert (Warte auf RobTech),,
2026-03-25,,,,,,,,,,,,,,,,,,15,,,Reinigung + Werkzeug einschließen,,
2026-03-25,,,,,,,,,,,,,,,,,,,,,,,
2026-03-25,,,,,,f,09:30:00,10:00:00,30.000000000000053,5.0,,,3.0,3.0,,,,,,,,,
2026-03-25,,,,,,,,,,,,,,,,,,,,,,,
2026-03-25,,,,,,,,,,,,,,,,,,15,,,Reinigung,,
2026-03-25,,,,,,,,,,,,,,,,,,,,,,,
2026-03-25,,,,,,f,08:00:00,09:00:00,60.00000000000003,5.0,,,6.0,6.0,,,,,,,,,
2026-03-25,,,,,,,,,,,,,,,,,,,,,,,
2026-03-25,,,,,,,,,,,,,,,,,,,,,,,
2026-03-25,,,,,,f,07:00:00,08:00:00,59.99999999999995,5.0,,,6.0,6.0,,,,,,,,,
2026-03-25,,,,,,,,,,,,,,,,,,,,,,,
2026-03-25,,,,,,,,,,,,,,,,,,,,,,,
2026-03-25,,,,,,f,06:00:00,07:00:00,60.00000000000003,5.0,,,7.0,7.0,,,,,,,,,
2026-03-25,,,,,,,,,,,,,,,,,,,,,,,
2026-03-25,,,,,,,,,,,,,,,,,,,,,,,
2026-03-25,,,,,,s,13:15:00,14:00:00,45.0,5.0,,,4.0,4.0,,,,15,,,Wartungsplan,,
2026-03-25,,,,,,f,04:45:00,06:00:00,75.00000000000001,5.0,,,6.0,6.0,,,,15,,,Wartungsplan,,
2026-03-25,,,,,,,,,,,,,,,,,,,,,,,
2026-03-25,,,,,,,,,,,,,,,,,5,,,, STW Rungen Eingebaut ,,
2026-03-25,,,,,,f,10:00:00,11:00:00,59.99999999999995,5.0,,,7.0,7.0,,,6,,,, STW Rungen Eingebaut ,,
2026-03-25,,,,,,,,,,,,,,,,,,,,,,,
2026-03-25,,,,,,,,,,,,,,,,,,,,,,,
2026-03-25,,,,,,f,11:00:00,12:00:00,60.00000000000003,5.0,,,7.0,7.0,,,,,,,,,
2026-03-25,,,,,,,,,,,,,,,,,,,,,,,
2026-03-25,,,,,,,,,,,,,,,,,,,,,,,
2026-03-25,,,,,,f,12:00:00,13:15:00,75.00000000000006,5.0,,,6.0,6.0,,,,,,,,,
2026-03-25,,,,,,,,,,,,,,,,,,,,,,,
2026-03-25,,,,,,,,,,,,,,,,,,,,,,,
2026-03-25,,,,,,s,15:00:00,16:00:00,59.99999999999995,5.0,,,3.0,3.0,,,20,,,OP 10,"Bleche falsch gepackt, Staplerfahrer informiert",,
2026-03-25,,,,,,f,10:00:00,11:00:00,59.99999999999995,5.0,,,7.0,7.0,,,6,,,, STW Rungen Eingebaut ,,
2026-03-25,,,,,,f,04:45:00,06:00:00,75.00000000000001,5.0,,,6.0,6.0,,,,15,,,Wartungsplan,,
2026-03-25,,,,,,,,,,,,,,,,,,15,,,Reinigung,,
2026-03-25,,,,,,,,,,,,,,,,,,,,,,,
2026-03-25,,,,,,f,12:00:00,13:15:00,75.00000000000006,5.0,,,6.0,6.0,,,,,,,,,
2026-03-25,,,,,,,,,,,,,,,,,,,,,,,
2026-03-25,,,,,,,,,,,,,,,,,,,,,,,
2026-03-25,,,,,,f,11:00:00,12:00:00,60.00000000000003,5.0,,,7.0,7.0,,,,,,,,,
2026-03-25,,,,,,,,,,,,,,,,,,,,,,,
2026-03-25,,,,,,f,04:45:00,06:00:00,75.00000000000001,5.0,,,6.0,6.0,,,,15,,,Wartungsplan,,
2026-03-25,,,,,,,,,,,,,,,,,,,,,,,
2026-03-25,,,,,,,,,,,,,,,,,,,,,,,
2026-03-25,,,,,,f,06:00:00,07:00:00,60.00000000000003,5.0,,,7.0,7.0,,,,,,,,,
2026-03-25,,,,,,,,,,,,,,,,,,,,,,,
2026-03-25,,,,,,,,,,,,,,,,,,,,,,,
2026-03-25,,,,,,f,07:00:00,08:00:00,59.99999999999995,5.0,,,6.0,6.0,,,,,,,,,
2026-03-25,,,,,,,,,,,,,,,,,,,,,,,
2026-03-25,,,,,,,,,,,,,,,,,,,,,,,
2026-03-25,,,,,,f,08:00:00,09:00:00,60.00000000000003,5.0,,,6.0,6.0,,,,,,,,,
2026-03-25,,,,,,,,,,,,,,,,,,,,,,,
2026-03-25,,,,,,,,,,,,,,,,,,,,,,,
2026-03-25,,,,,,f,09:30:00,10:00:00,30.000000000000053,5.0,,,3.0,3.0,,,,,,,,,
2026-03-25,,,,,,,,,,,,,,,,,,,,,,,
2026-03-25,,,,,,s,13:15:00,14:00:00,45.0,5.0,,,4.0,4.0,,,,15,,,Wartungsplan,,
2026-03-25,,,,,,,,,,,,,,,,,,,,,,,
2026-03-25,,,,,,,,,,,,,,,,,,,,,,,
2026-03-25,,,,,,s,14:00:00,15:00:00,59.99999999999995,5.0,,,5.0,5.0,,,,,,,,,
2026-03-25,,,,,,,,,,,,,,,,,,,,,Anlage leer gefahren ,,
2026-03-25,,,,,,s,16:00:00,17:00:00,60.00000000000011,5.0,,,5.0,5.0,,,,,,,,,
2026-03-25,,,,,,,,,,,,,,,,,,,,,,,
2026-03-25,,,,,,,,,,,,,,,,,,,,,,,
2026-03-25,,,,,,s,17:30:00,18:00:00,30.000000000000053,5.0,,,2.0,2.0,,,,,,,,,
2026-03-25,,,,,,,,,,,,,,,,,", ",,,,,,
2026-03-25,,,,,,,,,,,,,,,,,,,,,,,
2026-03-25,,,,,,s,18:00:00,19:00:00,59.99999999999995,5.0,,,6.0,6.0,,,,,,,,,
2026-03-25,,,,,,,,,,,,,,,,,,,,,,,
2026-03-25,,,,,,,,,,,,,,,,,,,,,,,
2026-03-25,,,,,,,,,,,,,,,,,5,,,, STW Rungen Eingebaut ,,
2026-03-25,,,,,,s,19:00:00,20:00:00,60.00000000000011,5.0,,,6.0,6.0,,,,,,,,,
2026-03-25,,,,,,,,,,,,,,,,,,,,,,,
2026-03-25,,,,,,s,20:00:00,21:00:00,59.99999999999995,5.0,,,5.0,5.0,,,,,,,,,
2026-03-25,,,,,,,,,,,,,,,,,,10,,,Bedienerschutz ausgelöst ,,
2026-03-25,,,,,,,,,,,,,,,,,,,,,Anlage leer gefahren,,
2026-03-25,,,,,,,21:00:00,21:45:00,45.0,5.0,,,0.0,,,,,30,,R 01,Not-Aus wegen Bedienerschtz ,,
2026-03-25,,,,,,s,,,,,,,,,,,,,,,RobTech Informiert (Warte auf RobTech),,
2026-03-25,,,,,,,,,,,,,,,,,,15,,,Reinigung + Werkzeug einschließen,,
2026-03-25,,,,,,,,,,,,,,,,,,,,,,,
2026-03-25,,,,,,,,,,,,,,,,,,,,,,,
2026-03-25,,,,,,,,,,,,,,,,,10,,,,STW Nacharbeiten ,,
2026-03-25,,,,,,,,,,,,,,,,,,,,,,,
2026-03-25,,,,,,,,,,,,,,,,,,,,OP 10,952 Bleche werden neu geliefert,,
2026-03-25,,,,,,s,15:00:00,16:00:00,59.99999999999995,5.0,,,3.0,3.0,,,20,,,OP 10,"Bleche falsch gepackt, Staplerfahrer informiert",,
2026-03-25,,,,,,,,,,,,,,,,,,,,,,,
2026-03-25,,,,,,,,,,,,,,,,,,,,,,,
2026-03-25,,,,,,,,,,,,,,,,,,,,,,,
2026-03-25,,,,,,s,19:00:00,20:00:00,60.00000000000011,5.0,,,6.0,6.0,,,,,,,,,
2026-03-25,,,,,,,,,,,,,,,,,,,,,,,
2026-03-25,,,,,,,,,,,,,,,,,,,,,,,
2026-03-25,,,,,,s,18:00:00,19:00:00,59.99999999999995,5.0,,,6.0,6.0,,,,,,,,,
2026-03-25,,,,,,,,,,,,,,,,,,,,,,,
2026-03-25,,,,,,,,,,,,,,,,,", ",,,,,,
2026-03-25,,,,,,s,17:30:00,18:00:00,30.000000000000053,5.0,,,2.0,2.0,,,,,,,,,
2026-03-25,,,,,,,,,,,,,,,,,,15,,,Reinigung + Werkzeug einschließen,,
2026-03-25,,,,,,,,,,,,,,,,,,,,,,,
2026-03-25,,,,,,s,16:00:00,17:00:00,60.00000000000011,5.0,,,5.0,5.0,,,,,,,,,
2026-03-25,,,,,,,,,,,,,,,,,,,,,Anlage leer gefahren ,,
2026-03-25,,,,,,,,,,,,,,,,,,,,OP 10,952 Bleche werden neu geliefert,,
2026-03-25,,,,,,s,15:00:00,16:00:00,59.99999999999995,5.0,,,3.0,3.0,,,20,,,OP 10,"Bleche falsch gepackt, Staplerfahrer informiert",,
2026-03-25,,,,,,,,,,,,,,,,,,,,,,,
2026-03-25,,,,,,,,,,,,,,,,,10,,,,STW Nacharbeiten ,,
2026-03-25,,,,,,s,14:00:00,15:00:00,59.99999999999995,5.0,,,5.0,5.0,,,,,,,,,
2026-03-25,,,,,,,,,,,,,,,,,,,,,,,
2026-03-25,,,,,,,,,,,,,,,,,,,,,,,
2026-03-25,,,,,,s,13:15:00,14:00:00,45.0,5.0,,,4.0,4.0,,,,15,,,Wartungsplan,,
2026-03-25,,,,,,s,20:00:00,21:00:00,59.99999999999995,5.0,,,5.0,5.0,,,,,,,,,
2026-03-25,,,,,,,,,,,,,,,,,,10,,,Bedienerschutz ausgelöst ,,
2026-03-25,,,,,,,,,,,,,,,,,,,,,Anlage leer gefahren,,
2026-03-25,,,,,,,21:00:00,21:45:00,45.0,5.0,,,0.0,,,,,30,,R 01,Not-Aus wegen Bedienerschtz ,,
2026-03-25,,,,,,,,,,,,,,,,,,,,,,,
2026-03-25,,,,,,,,,,,,,,,,,,,,,,,
2026-03-25,,,,,,f,06:00:00,07:00:00,60.00000000000003,5.0,,,7.0,7.0,,,,,,,,,
2026-03-25,,,,,,,,,,,,,,,,,,,,,,,
2026-03-25,,,,,,,,,,,,,,,,,,,,,,,
2026-03-25,,,,,,f,07:00:00,08:00:00,59.99999999999995,5.0,,,6.0,6.0,,,,,,,,,
2026-03-25,,,,,,,,,,,,,,,,,,,,,,,
2026-03-25,,,,,,,,,,,,,,,,,,,,,,,
2026-03-25,,,,,,f,08:00:00,09:00:00,60.00000000000003,5.0,,,6.0,6.0,,,,,,,,,
2026-03-25,,,,,,s,,,,,,,,,,,,,,,RobTech Informiert (Warte auf RobTech),,
2026-03-25,,,,,,,,,,,,,,,,,,15,,,Reinigung,,
2026-03-25,,,,,,,,,,,,,,,,,,,,,,,
2026-03-25,,,,,,f,09:30:00,10:00:00,30.000000000000053,5.0,,,3.0,3.0,,,,,,,,,
2026-03-25,,,,,,,,,,,,,,,,,,,,,,,
2026-03-25,,,,,,,,,,,,,,,,,5,,,, STW Rungen Eingebaut ,,
2026-03-25,,,,,,f,10:00:00,11:00:00,59.99999999999995,5.0,,,7.0,7.0,,,6,,,, STW Rungen Eingebaut ,,
2026-03-25,,,,,,,,,,,,,,,,,,,,,,,
2026-03-25,,,,,,,,,,,,,,,,,,,,,,,
2026-03-25,,,,,,f,11:00:00,12:00:00,60.00000000000003,5.0,,,7.0,7.0,,,,,,,,,
2026-03-25,,,,,,,,,,,,,,,,,,,,,,,
2026-03-25,,,,,,,,,,,,,,,,,,,,,,,
2026-03-25,,,,,,f,12:00:00,13:15:00,75.00000000000006,5.0,,,6.0,6.0,,,,,,,,,
2026-03-25,,,,,,,,,,,,,,,,,,,,,,,
2026-03-25,,,,,,,,,,,,,,,,,,,,,,,
2026-03-26,,,,,,,,,,,,,,,,,,,,,,,
2026-03-26,,,,,,,,,,,,,,,,10,,,,OP 50,Schrittketten Fehler (Warten auf    RobTech ),,
2026-03-26,,,,,,f,12:00:00,13:15:00,75.00000000000006,5.0,,,6.0,6.0,,,,,,,,,
2026-03-26,,,,,,,,,,,,,,,,,,,,,,,
2026-03-26,,,,,,,,,,,,,,,,,,,,,,,
2026-03-26,,,,,,f,11:00:00,12:00:00,60.00000000000003,5.0,,,6.0,6.0,,8,,,,R 05,Vakuumkreis 1 schaltet nicht in OP-50,,
2026-03-26,,,,,,,,,,,,,,,,6,,,,R 06,Probleme mit Stromdüse ( Tauschen.),,
2026-03-26,,,,,,,,,,,,,,,,,,,,,"Anlage leer gefahren ,Auffüllen",,
2026-03-26,,,,,,f,10:00:00,11:00:00,59.99999999999995,5.0,,1.0,3.0,4.0,,,,,5.0,,Warten auf 230 Bleche ,,
2026-03-26,,,,,,,,,,,,,,,,,,,10.0,,Warten auf 230 Bleche ,,
2026-03-26,,,,,,,,,,,,,,,,,,,,,,,
2026-03-26,,,,,,,,,,,,,,,,,,,,,,,
2026-03-26,,,,,,,,,,,,,,,,,,,,,,,
2026-03-26,,,,,,f,08:00:00,09:00:00,60.00000000000003,5.0,,6.0,,6.0,,,,,,,,,
2026-03-26,,,,,,,,,,,,,,,,,,,,,,,
2026-03-26,,,,,,,,,,,,,,,,,,,,,,,
2026-03-26,,,,,,f,07:00:00,08:00:00,59.99999999999995,5.0,,2.0,3.0,5.0,,12,,,,R 05,Vakuumkreis 1 schaltet nicht,2,
2026-03-26,,,,,,,,,,,,,,,,,,,,,,,
2026-03-26,,,,,,,,,,,,,,,,,,,,,,,
2026-03-26,,,,,,f,06:00:00,07:00:00,60.00000000000003,5.0,,5.0,,5.0,,,,,,,Anlage leer gefahren ,,
2026-03-26,,,,,,,,,,,,,,,,8,,,,OP 50,Schrittketten Fehler (RobTech an der Anlage),,
2026-03-26,,,,,,f,04:45:00,06:00:00,75.00000000000001,5.0,,3.0,,3.0,,,,15,,,Wartungsplan,,
2026-03-26,,,,,,f,09:30:00,10:00:00,30.000000000000053,5.0,,3.0,,3.0,,,,,,,,,
2026-03-26,,,,,,,,,,,,,,,,,,,,,,,
2026-03-26,,,,,,s,,,,,,,,,,,,,,,,,
2026-03-26,,,,,,f,12:00:00,13:15:00,75.00000000000006,5.0,,,6.0,6.0,,,,,,,,,
2026-03-26,,,,,,,,,,,,,,,,,,,,,,,
2026-03-26,,,,,,,,,,,,,,,,,,,,,,,
2026-03-26,,,,,,f,11:00:00,12:00:00,60.00000000000003,5.0,,,6.0,6.0,,8,,,,R 05,Vakuumkreis 1 schaltet nicht in OP-50,,
2026-03-26,,,,,,,,,,,,,,,,6,,,,R 06,Probleme mit Stromdüse ( Tauschen.),,
2026-03-26,,,,,,,,,,,,,,,,,,,,,"Anlage leer gefahren ,Auffüllen",,
2026-03-26,,,,,,f,10:00:00,11:00:00,59.99999999999995,5.0,,1.0,3.0,4.0,,,,,5.0,,Warten auf 230 Bleche ,,
2026-03-26,,,,,,,,,,,,,,,,,,,10.0,,Warten auf 230 Bleche ,,
2026-03-26,,,,,,,,,,,,,,,,,,,,,,,
2026-03-26,,,,,,f,09:30:00,10:00:00,30.000000000000053,5.0,,3.0,,3.0,,,,,,,,,
2026-03-26,,,,,,,,,,,,,,,,,,,,,,,
2026-03-26,,,,,,,,,,,,,,,,,,,,,,,
2026-03-26,,,,,,f,08:00:00,09:00:00,60.00000000000003,5.0,,6.0,,6.0,,,,,,,,,
2026-03-26,,,,,,,,,,,,,,,,,,,,,,,
2026-03-26,,,,,,,,,,,,,,,,,,,,,,,
2026-03-26,,,,,,f,07:00:00,08:00:00,59.99999999999995,5.0,,2.0,3.0,5.0,,12,,,,R 05,Vakuumkreis 1 schaltet nicht,2,
2026-03-26,,,,,,,,,,,,,,,,,,,,,,,
2026-03-26,,,,,,,,,,,,,,,,,,,,,,,
2026-03-26,,,,,,f,06:00:00,07:00:00,60.00000000000003,5.0,,5.0,,5.0,,,,,,,Anlage leer gefahren ,,
2026-03-26,,,,,,,,,,,,,,,,8,,,,OP 50,Schrittketten Fehler (RobTech an der Anlage),,
2026-03-26,,,,,,,,,,,,,,,,10,,,,OP 50,Schrittketten Fehler (Warten auf    RobTech ),,
2026-03-26,,,,,,f,04:45:00,06:00:00,75.00000000000001,5.0,,3.0,,3.0,,,,15,,,Wartungsplan,,
2026-03-26,,,,,,,,,,,,,,,,,,,,,,,
2026-03-26,,,,,,,,,,,,,,,,,,15,,,Reinigung,,
2026-03-26,,,,,,s,13:15:00,14:00:00,45.0,5.0,,,4.0,4.0,,,,15,,,Wartungsplan,,
2026-03-26,,,,,,,,,,,,,,,,,,,,,,,
2026-03-26,,,,,,,21:00:00,21:45:00,45.0,5.0,,,2.0,2.0,,,,,,OP 110,"RobTech an der Anlage (Anlage steht, kann nicht vorbereiten)",,
2026-03-26,,,,,,,,,,,,,,,,,,,,,,,
2026-03-26,,,,,,,,,,,,,,,,,,,,,,,
2026-03-26,,,,,,s,20:00:00,21:00:00,59.99999999999995,5.0,,,5.0,5.0,,,,,,OP 110,Bedienerschtz wird ausgelöst obwohl STW vorhanden ist (Robtech Informiert),,
2026-03-26,,,,,,,,,,,,,,,,,,,,,,,
2026-03-26,,,,,,,,,,,,,,,,,10,,,,STW Nacharbeiten ,1,
2026-03-26,,,,,,s,19:00:00,20:00:00,60.00000000000011,5.0,,,5.0,5.0,,,,,,OP 110,Bedienerschtz wird ausgelöst obwohl STW vorhanden ist (Robtech Informiert),,
2026-03-26,,,,,,,,,,,,,,,,,,,,,,,
2026-03-26,,,,,,,,,,,,,,,,,,,,,,,
2026-03-26,,,,,,s,18:00:00,19:00:00,59.99999999999995,5.0,,,6.0,6.0,,,,,,OP 110,Bedienerschtz wird ausgelöst obwohl STW vorhanden ist (Robtech Informiert),,
2026-03-26,,,,,,,,,,,,,,,,,,,,,,,
2026-03-26,,,,,,,,,,,,,,,,,,15,,,Reinigung,,
2026-03-26,,,,,,s,17:30:00,18:00:00,30.000000000000053,4.0,,,0.0,,,,,30,,,Reinigung,,
2026-03-26,,,,,,,,,,,,,,,,,,,,,,,
2026-03-26,,,,,,,,,,,,,,,,,,,,,,,
2026-03-26,,,,,,s,16:00:00,17:00:00,60.00000000000011,4.0,,,0.0,,,,,60,,,Reinigung,,
2026-03-26,,,,,,,,,,,,,,,,,,,,,,,
2026-03-26,,,,,,,,,,,,,,,,,,,,,,,
2026-03-26,,,,,,s,15:00:00,16:00:00,59.99999999999995,5.0,,,0.0,,,,,60,,,Reinigung ,,
2026-03-26,,,,,,,,,,,,,,,,10,,,,R 05,Vakuum nicht vorhanden,,
2026-03-26,,,,,,,,,,,,,,,,,,,,,,,
2026-03-26,,,,,,s,14:00:00,15:00:00,59.99999999999995,5.0,,,5.0,5.0,,,,,,,,,
2026-03-26,,,,,,,,,,,,,,,,,,,,,,,
2026-03-26,,,,,,,,,,,,,,,,,,15,,,Reinigung + Werkzeug einschließen,,
2026-03-26,,,,,,s,13:15:00,14:00:00,45.0,5.0,,,4.0,4.0,,,,15,,,Wartungsplan,,
2026-03-26,,,,,,,,,,,,,,,,,,,,,,,
2026-03-26,,,,,,,,,,,,,,,,,,,,,,,
2026-03-26,,,,,,,,,,,,,,,,,,,,,,,
2026-03-26,,,,,,s,14:00:00,15:00:00,59.99999999999995,5.0,,,5.0,5.0,,,,,,,,,
2026-03-26,,,,,,,,,,,,,,,,,,,,,,,
2026-03-26,,,,,,,,,,,,,,,,10,,,,R 05,Vakuum nicht vorhanden,,
2026-03-26,,,,,,s,15:00:00,16:00:00,59.99999999999995,5.0,,,0.0,,,,,60,,,Reinigung ,,
2026-03-26,,,,,,,,,,,,,,,,,,,,,,,
2026-03-26,,,,,,,,,,,,,,,,,,,,,,,
2026-03-26,,,,,,s,16:00:00,17:00:00,60.00000000000011,4.0,,,0.0,,,,,60,,,Reinigung,,
2026-03-26,,,,,,,,,,,,,,,,,,,,,,,
2026-03-26,,,,,,,,,,,,,,,,,,,,,,,
2026-03-26,,,,,,,,,,,,,,,,,,,,,,,
2026-03-26,,,,,,s,17:30:00,18:00:00,30.000000000000053,4.0,,,0.0,,,,,30,,,Reinigung,,
2026-03-26,,,,,,,,,,,,,,,,,,,,,,,
2026-03-26,,,,,,s,18:00:00,19:00:00,59.99999999999995,5.0,,,6.0,6.0,,,,,,OP 110,Bedienerschtz wird ausgelöst obwohl STW vorhanden ist (Robtech Informiert),,
2026-03-26,,,,,,,,,,,,,,,,,,,,,,,
2026-03-26,,,,,,,,,,,,,,,,,,,,,,,
2026-03-26,,,,,,s,19:00:00,20:00:00,60.00000000000011,5.0,,,5.0,5.0,,,,,,OP 110,Bedienerschtz wird ausgelöst obwohl STW vorhanden ist (Robtech Informiert),,
2026-03-26,,,,,,,,,,,,,,,,,10,,,,STW Nacharbeiten ,1,
2026-03-26,,,,,,,,,,,,,,,,,,,,,,,
2026-03-26,,,,,,s,20:00:00,21:00:00,59.99999999999995,5.0,,,5.0,5.0,,,,,,OP 110,Bedienerschtz wird ausgelöst obwohl STW vorhanden ist (Robtech Informiert),,
2026-03-26,,,,,,,,,,,,,,,,,,,,,,,
2026-03-26,,,,,,,,,,,,,,,,,,,,,,,
2026-03-26,,,,,,,,,,,,,,,,,,,,,,,
2026-03-26,,,,,,,21:00:00,21:45:00,45.0,5.0,,,2.0,2.0,,,,,,OP 110,"RobTech an der Anlage (Anlage steht, kann nicht vorbereiten)",,
2026-03-26,,,,,,s,13:15:00,14:00:00,45.0,5.0,,,4.0,4.0,,,,15,,,Wartungsplan,,
2026-03-26,,,,,,,,,,,,,,,,,,,,,,,
2026-03-26,,,,,,,,,,,,,,,,10,,,,OP 50,Schrittketten Fehler (Warten auf    RobTech ),,
2026-03-26,,,,,,f,04:45:00,06:00:00,75.00000000000001,5.0,,3.0,,3.0,,,,15,,,Wartungsplan,,
2026-03-26,,,,,,,,,,,,,,,,8,,,,OP 50,Schrittketten Fehler (RobTech an der Anlage),,
2026-03-26,,,,,,f,06:00:00,07:00:00,60.00000000000003,5.0,,5.0,,5.0,,,,,,,Anlage leer gefahren ,,
2026-03-26,,,,,,,,,,,,,,,,,,,,,,,
2026-03-26,,,,,,,,,,,,,,,,,,,,,,,
2026-03-26,,,,,,f,07:00:00,08:00:00,59.99999999999995,5.0,,2.0,3.0,5.0,,12,,,,R 05,Vakuumkreis 1 schaltet nicht,2,
2026-03-26,,,,,,,,,,,,,,,,,,,,,,,
2026-03-26,,,,,,,,,,,,,,,,,,,,,,,
2026-03-26,,,,,,f,08:00:00,09:00:00,60.00000000000003,5.0,,6.0,,6.0,,,,,,,,,
2026-03-26,,,,,,,,,,,,,,,,,,15,,,Reinigung,,
2026-03-26,,,,,,,,,,,,,,,,,,,,,,,
2026-03-26,,,,,,f,09:30:00,10:00:00,30.000000000000053,5.0,,3.0,,3.0,,,,,,,,,
2026-03-26,,,,,,,,,,,,,,,,,,,,,,,
2026-03-26,,,,,,,,,,,,,,,,,,,10.0,,Warten auf 230 Bleche ,,
2026-03-26,,,,,,f,10:00:00,11:00:00,59.99999999999995,5.0,,1.0,3.0,4.0,,,,,5.0,,Warten auf 230 Bleche ,,
2026-03-26,,,,,,,,,,,,,,,,,,,,,"Anlage leer gefahren ,Auffüllen",,
2026-03-26,,,,,,,,,,,,,,,,6,,,,R 06,Probleme mit Stromdüse ( Tauschen.),,
2026-03-26,,,,,,f,11:00:00,12:00:00,60.00000000000003,5.0,,,6.0,6.0,,8,,,,R 05,Vakuumkreis 1 schaltet nicht in OP-50,,
2026-03-26,,,,,,,,,,,,,,,,,,,,,,,
2026-03-26,,,,,,,,,,,,,,,,,,,,,,,
2026-03-26,,,,,,f,12:00:00,13:15:00,75.00000000000006,5.0,,,6.0,6.0,,,,,,,,,
2026-03-26,,,,,,,,,,,,,,,,,,,,,,,
2026-03-26,,,,,,,,,,,,,,,,,,15,,,Reinigung + Werkzeug einschließen,,
2026-03-26,,,,,,s,,,,,,,,,,,,,,,,,
2026-03-26,,,,,,,,,,,,,,,,,,15,,,Reinigung + Werkzeug einschließen,,
2026-03-26,,,,,,,,,,,,,,,,,,,,,,,
2026-03-26,,,,,,,,,,,,,,,,10,,,,R 05,Vakuum nicht vorhanden,,
2026-03-26,,,,,,s,15:00:00,16:00:00,59.99999999999995,5.0,,,0.0,,,,,60,,,Reinigung ,,
2026-03-26,,,,,,,,,,,,,,,,,,,,,,,
2026-03-26,,,,,,,,,,,,,,,,,,,,,,,
2026-03-26,,,,,,s,16:00:00,17:00:00,60.00000000000011,4.0,,,0.0,,,,,60,,,Reinigung,,
2026-03-26,,,,,,,,,,,,,,,,,,,,,,,
2026-03-26,,,,,,,,,,,,,,,,,,,,,,,
2026-03-26,,,,,,s,17:30:00,18:00:00,30.000000000000053,4.0,,,0.0,,,,,30,,,Reinigung,,
2026-03-26,,,,,,,,,,,,,,,,,,,,,,,
2026-03-26,,,,,,,,,,,,,,,,,,,,,,,
2026-03-26,,,,,,s,18:00:00,19:00:00,59.99999999999995,5.0,,,6.0,6.0,,,,,,OP 110,Bedienerschtz wird ausgelöst obwohl STW vorhanden ist (Robtech Informiert),,
2026-03-26,,,,,,,,,,,,,,,,,,,,,,,
2026-03-26,,,,,,,,,,,,,,,,,,,,,,,
2026-03-26,,,,,,s,19:00:00,20:00:00,60.00000000000011,5.0,,,5.0,5.0,,,,,,OP 110,Bedienerschtz wird ausgelöst obwohl STW vorhanden ist (Robtech Informiert),,
2026-03-26,,,,,,,,,,,,,,,,,10,,,,STW Nacharbeiten ,1,
2026-03-26,,,,,,,,,,,,,,,,,,,,,,,
2026-03-26,,,,,,s,20:00:00,21:00:00,59.99999999999995,5.0,,,5.0,5.0,,,,,,OP 110,Bedienerschtz wird ausgelöst obwohl STW vorhanden ist (Robtech Informiert),,
2026-03-26,,,,,,,,,,,,,,,,,,,,,,,
2026-03-26,,,,,,,,,,,,,,,,,,,,,,,
2026-03-26,,,,,,,21:00:00,21:45:00,45.0,5.0,,,2.0,2.0,,,,,,OP 110,"RobTech an der Anlage (Anlage steht, kann nicht vorbereiten)",,
2026-03-26,,,,,,s,14:00:00,15:00:00,59.99999999999995,5.0,,,5.0,5.0,,,,,,,,,
2026-03-26,,,,,,s,,,,,,,,,,,,,,,,,
2026-03-27,,,,,,f,04:45:00,06:00:00,75.00000000000001,5.0,,,7.0,7.0,,,,15,,,Wartungsplan,,
2026-03-27,,,,,,,,,,,,,,,,,,,,,,,
2026-03-27,,,,,,,,,,,,,,,,,,15,,,Reinigung,,
2026-03-27,,,,,,,,,,,,,,,,,,,,,,,
2026-03-27,,,,,,f,12:00:00,13:15:00,75.00000000000006,5.0,,,7.0,7.0,,,,,,,,,
2026-03-27,,,,,,,,,,,,,,,,,,,,,,,
2026-03-27,,,,,,,,,,,,,,,,,,,,,"Anlage leer gefahren ,Auffüllen",,
2026-03-27,,,,,,f,11:00:00,12:00:00,60.00000000000003,5.0,,,3.0,3.0,,10,,,,R 06,Probleme mit Schweißdraht ( Förderkabel für Draht defekt.),,
2026-03-27,,,,,,,,,,,,,,,,5,,,,R 06,Probleme mit Schweißdraht ( Förderkabel für Draht defekt.),,
2026-03-27,,,,,,,,,,,,,,,,,,,,,,,
2026-03-27,,,,,,f,10:00:00,11:00:00,59.99999999999995,5.0,,,7.0,7.0,,,,,,,,,
2026-03-27,,,,,,,,,,,,,,,,,,,,,,,
2026-03-27,,,,,,,,,,,,,,,,,,,,,,,
2026-03-27,,,,,,f,09:30:00,10:00:00,30.000000000000053,5.0,,,3.0,3.0,,,,,,,,,
2026-03-27,,,,,,,,,,,,,,,,,,,,,,,
2026-03-27,,,,,,,,,,,,,,,,,,,,,,,
2026-03-27,,,,,,f,08:00:00,09:00:00,60.00000000000003,5.0,,,6.0,6.0,,,,,,,,,
2026-03-27,,,,,,,,,,,,,,,,,,,,,,,
2026-03-27,,,,,,,,,,,,,,,,,,,,,"Anlage leer gefahren ,Auffüllen",,
2026-03-27,,,,,,f,07:00:00,08:00:00,59.99999999999995,5.0,,,3.0,3.0,,15,,,,R 05,Vakuumkreis 1 schaltet nicht  Robotech und Schlosser an der Anlage,,
2026-03-27,,,,,,,,,,,,,,,,15,,,,R 05,Vakuumkreis 1 schaltet nicht  Robotech und Schlosser an der Anlage,,
2026-03-27,,,,,,,,,,,,,,,,,,,,,,,
2026-03-27,,,,,,f,06:00:00,07:00:00,60.00000000000003,5.0,,,4.0,4.0,,10,,,,R 05,Vakuumkreis 1 schaltet nicht   Robotech Informiert,2,
2026-03-27,,,,,,,,,,,,,,,,,,,,,,,
2026-03-27,,,,,,s,15:00:00,16:00:00,59.99999999999995,5.0,,,6.0,6.0,,,,,,,,,
2026-03-27,,,,,,,,,,,,,,,,,,,,,,,
2026-03-27,,,,,,,,,,,,,,,,15,,,,R 05,Vakuumkreis 1 schaltet nicht  Robotech und Schlosser an der Anlage,,
2026-03-27,,,,,,f,04:45:00,06:00:00,75.00000000000001,5.0,,,7.0,7.0,,,,15,,,Wartungsplan,,
2026-03-27,,,,,,,,,,,,,,,,,,,,,,,
2026-03-27,,,,,,,,,,,,,,,,,,15,,,Reinigung + Werkzeug einschließen,,
2026-03-27,,,,,,s,,,,,,,,,,,,,,,,,
2026-03-27,,,,,,,21:00:00,21:45:00,45.0,4.0,,,2.0,2.0,,,,,,,,,
2026-03-27,,,,,,,,,,,,,,,,,,,,,,,
2026-03-27,,,,,,,,,,,,,,,,,,,,,,,
2026-03-27,,,,,,s,20:00:00,21:00:00,59.99999999999995,4.0,,,5.0,5.0,,,,,,,,,
2026-03-27,,,,,,,,,,,,,,,,,,,,,,,
2026-03-27,,,,,,,,,,,,,,,,,,,,,,,
2026-03-27,,,,,,s,19:00:00,20:00:00,60.00000000000011,4.0,,,4.0,4.0,,,,,,,,,
2026-03-27,,,,,,,,,,,,,,,,,,,,,,,
2026-03-27,,,,,,,,,,,,,,,,,,,,,,,
2026-03-27,,,,,,s,18:00:00,19:00:00,59.99999999999995,4.0,,,4.0,4.0,,,,,,,,,
2026-03-27,,,,,,,,,,,,,,,,,,,,,,,
2026-03-27,,,,,,,,,,,,,,,,,,,,,,,
2026-03-27,,,,,,s,17:30:00,18:00:00,30.000000000000053,4.0,,,2.0,2.0,,,,,,,,,
2026-03-27,,,,,,,,,,,,,,,,,,,,,,,
2026-03-27,,,,,,,,,,,,,,,,,,,,,,,
2026-03-27,,,,,,s,16:00:00,17:00:00,60.00000000000011,4.0,,,5.0,5.0,,,,,,,,,
2026-03-27,,,,,,,,,,,,,,,,,,,,,,,
2026-03-27,,,,,,,,,,,,,,,,,,,,,,,
2026-03-27,,,,,,,,,,,,,,,,,,,,,,,
2026-03-27,,,,,,s,13:15:00,14:00:00,45.0,5.0,,,4.0,4.0,,,,15,,,Wartungsplan,,
2026-03-27,,,,,,s,14:00:00,15:00:00,59.99999999999995,5.0,,,6.0,6.0,,,,,,,,,
2026-03-27,,,,,,f,07:00:00,08:00:00,59.99999999999995,5.0,,,3.0,3.0,,15,,,,R 05,Vakuumkreis 1 schaltet nicht  Robotech und Schlosser an der Anlage,,
2026-03-27,,,,,,,,,,,,,,,,,,,,,"Anlage leer gefahren ,Auffüllen",,
2026-03-27,,,,,,,,,,,,,,,,,,,,,,,
2026-03-27,,,,,,f,08:00:00,09:00:00,60.00000000000003,5.0,,,6.0,6.0,,,,,,,,,
2026-03-27,,,,,,,,,,,,,,,,,,,,,,,
2026-03-27,,,,,,,,,,,,,,,,,,,,,,,
2026-03-27,,,,,,f,09:30:00,10:00:00,30.000000000000053,5.0,,,3.0,3.0,,,,,,,,,
2026-03-27,,,,,,,,,,,,,,,,,,,,,,,
2026-03-27,,,,,,,,,,,,,,,,,,,,,,,
2026-03-27,,,,,,f,10:00:00,11:00:00,59.99999999999995,5.0,,,7.0,7.0,,,,,,,,,
2026-03-27,,,,,,,,,,,,,,,,,,,,,,,
2026-03-27,,,,,,,,,,,,,,,,5,,,,R 06,Probleme mit Schweißdraht ( Förderkabel für Draht defekt.),,
2026-03-27,,,,,,f,11:00:00,12:00:00,60.00000000000003,5.0,,,3.0,3.0,,10,,,,R 06,Probleme mit Schweißdraht ( Förderkabel für Draht defekt.),,
2026-03-27,,,,,,,,,,,,,,,,,,,,,"Anlage leer gefahren ,Auffüllen",,
2026-03-27,,,,,,,,,,,,,,,,,,,,,,,
2026-03-27,,,,,,f,12:00:00,13:15:00,75.00000000000006,5.0,,,7.0,7.0,,,,,,,,,
2026-03-27,,,,,,,,,,,,,,,,,,,,,,,
2026-03-27,,,,,,,,,,,,,,,,,,15,,,Reinigung,,
2026-03-27,,,,,,s,13:15:00,14:00:00,45.0,5.0,,,4.0,4.0,,,,15,,,Wartungsplan,,
2026-03-27,,,,,,,,,,,,,,,,,,,,,,,
2026-03-27,,,,,,,,,,,,,,,,,,,,,,,
2026-03-27,,,,,,,,,,,,,,,,,,,,,,,
2026-03-27,,,,,,,,,,,,,,,,,,,,,,,
2026-03-27,,,,,,,,,,,,,,,,,,,,,,,
2026-03-27,,,,,,s,14:00:00,15:00:00,59.99999999999995,5.0,,,6.0,6.0,,,,,,,,,
2026-03-27,,,,,,s,14:00:00,15:00:00,59.99999999999995,5.0,,,6.0,6.0,,,,,,,,,
2026-03-27,,,,,,,,,,,,,,,,,,,,,,,
2026-03-27,,,,,,,,,,,,,,,,,,,,,,,
2026-03-27,,,,,,s,15:00:00,16:00:00,59.99999999999995,5.0,,,6.0,6.0,,,,,,,,,
2026-03-27,,,,,,,,,,,,,,,,,,,,,,,
2026-03-27,,,,,,,,,,,,,,,,,,,,,,,
2026-03-27,,,,,,s,16:00:00,17:00:00,60.00000000000011,4.0,,,5.0,5.0,,,,,,,,,
2026-03-27,,,,,,,,,,,,,,,,,,,,,,,
2026-03-27,,,,,,,,,,,,,,,,,,,,,,,
2026-03-27,,,,,,s,17:30:00,18:00:00,30.000000000000053,4.0,,,2.0,2.0,,,,,,,,,
2026-03-27,,,,,,,,,,,,,,,,,,,,,,,
2026-03-27,,,,,,,,,,,,,,,,,,,,,,,
2026-03-27,,,,,,s,18:00:00,19:00:00,59.99999999999995,4.0,,,4.0,4.0,,,,,,,,,
2026-03-27,,,,,,,,,,,,,,,,,,,,,,,
2026-03-27,,,,,,,,,,,,,,,,,,,,,,,
2026-03-27,,,,,,s,19:00:00,20:00:00,60.00000000000011,4.0,,,4.0,4.0,,,,,,,,,
2026-03-27,,,,,,,,,,,,,,,,,,,,,,,
2026-03-27,,,,,,,,,,,,,,,,,,,,,,,
2026-03-27,,,,,,s,20:00:00,21:00:00,59.99999999999995,4.0,,,5.0,5.0,,,,,,,,,
2026-03-27,,,,,,,,,,,,,,,,,,,,,,,
2026-03-27,,,,,,,,,,,,,,,,,,,,,,,
2026-03-27,,,,,,,21:00:00,21:45:00,45.0,4.0,,,2.0,2.0,,,,,,,,,
2026-03-27,,,,,,s,,,,,,,,,,,,,,,,,
2026-03-27,,,,,,,,,,,,,,,,,,,,,,,
2026-03-27,,,,,,,,,,,,,,,,,,15,,,Reinigung + Werkzeug einschließen,,
2026-03-27,,,,,,,,,,,,,,,,,,,,,,,
2026-03-27,,,,,,,,,,,,,,,,,,15,,,Reinigung,,
2026-03-27,,,,,,f,04:45:00,06:00:00,75.00000000000001,5.0,,,7.0,7.0,,,,15,,,Wartungsplan,,
2026-03-27,,,,,,,,,,,,,,,,,,,,,,,
2026-03-27,,,,,,,,,,,,,,,,,,,,,,,
2026-03-27,,,,,,f,06:00:00,07:00:00,60.00000000000003,5.0,,,4.0,4.0,,10,,,,R 05,Vakuumkreis 1 schaltet nicht   Robotech Informiert,2,
2026-03-27,,,,,,,,,,,,,,,,,,,,,,,
2026-03-27,,,,,,,,,,,,,,,,15,,,,R 05,Vakuumkreis 1 schaltet nicht  Robotech und Schlosser an der Anlage,,
2026-03-27,,,,,,f,07:00:00,08:00:00,59.99999999999995,5.0,,,3.0,3.0,,15,,,,R 05,Vakuumkreis 1 schaltet nicht  Robotech und Schlosser an der Anlage,,
2026-03-27,,,,,,,,,,,,,,,,,,,,,"Anlage leer gefahren ,Auffüllen",,
2026-03-27,,,,,,,,,,,,,,,,,,,,,,,
2026-03-27,,,,,,f,08:00:00,09:00:00,60.00000000000003,5.0,,,6.0,6.0,,,,,,,,,
2026-03-27,,,,,,,,,,,,,,,,,,,,,,,
2026-03-27,,,,,,,,,,,,,,,,,,,,,,,
2026-03-27,,,,,,f,09:30:00,10:00:00,30.000000000000053,5.0,,,3.0,3.0,,,,,,,,,
2026-03-27,,,,,,,,,,,,,,,,,,,,,,,
2026-03-27,,,,,,,,,,,,,,,,,,,,,,,
2026-03-27,,,,,,f,10:00:00,11:00:00,59.99999999999995,5.0,,,7.0,7.0,,,,,,,,,
2026-03-27,,,,,,,,,,,,,,,,,,,,,,,
2026-03-27,,,,,,,,,,,,,,,,5,,,,R 06,Probleme mit Schweißdraht ( Förderkabel für Draht defekt.),,
2026-03-27,,,,,,f,11:00:00,12:00:00,60.00000000000003,5.0,,,3.0,3.0,,10,,,,R 06,Probleme mit Schweißdraht ( Förderkabel für Draht defekt.),,
2026-03-27,,,,,,,,,,,,,,,,,,,,,"Anlage leer gefahren ,Auffüllen",,
2026-03-27,,,,,,,,,,,,,,,,,,,,,,,
2026-03-27,,,,,,f,12:00:00,13:15:00,75.00000000000006,5.0,,,7.0,7.0,,,,,,,,,
2026-03-27,,,,,,,,,,,,,,,,,,,,,,,
2026-03-27,,,,,,s,13:15:00,14:00:00,45.0,5.0,,,4.0,4.0,,,,15,,,Wartungsplan,,
2026-03-27,,,,,,,,,,,,,,,,,,,,,,,
2026-03-27,,,,,,,,,,,,,,,,,,,,,,,
2026-03-27,,,,,,,,,,,,,,,,,,,,,,,
2026-03-27,,,,,,,,,,,,,,,,,,15,,,Reinigung + Werkzeug einschließen,,
2026-03-27,,,,,,s,,,,,,,,,,,,,,,,,
2026-03-27,,,,,,,21:00:00,21:45:00,45.0,4.0,,,2.0,2.0,,,,,,,,,
2026-03-27,,,,,,,,,,,,,,,,,,,,,,,
2026-03-27,,,,,,,,,,,,,,,,,,,,,,,
2026-03-27,,,,,,s,20:00:00,21:00:00,59.99999999999995,4.0,,,5.0,5.0,,,,,,,,,
2026-03-27,,,,,,,,,,,,,,,,,,,,,,,
2026-03-27,,,,,,s,19:00:00,20:00:00,60.00000000000011,4.0,,,4.0,4.0,,,,,,,,,
2026-03-27,,,,,,,,,,,,,,,,,,,,,,,
2026-03-27,,,,,,s,18:00:00,19:00:00,59.99999999999995,4.0,,,4.0,4.0,,,,,,,,,
2026-03-27,,,,,,,,,,,,,,,,,,,,,,,
2026-03-27,,,,,,,,,,,,,,,,,,,,,,,
2026-03-27,,,,,,s,17:30:00,18:00:00,30.000000000000053,4.0,,,2.0,2.0,,,,,,,,,
2026-03-27,,,,,,,,,,,,,,,,,,,,,,,
2026-03-27,,,,,,,,,,,,,,,,,,,,,,,
2026-03-27,,,,,,s,16:00:00,17:00:00,60.00000000000011,4.0,,,5.0,5.0,,,,,,,,,
2026-03-27,,,,,,,,,,,,,,,,,,,,,,,
2026-03-27,,,,,,,,,,,,,,,,,,,,,,,
2026-03-27,,,,,,s,15:00:00,16:00:00,59.99999999999995,5.0,,,6.0,6.0,,,,,,,,,
2026-03-27,,,,,,,,,,,,,,,,,,,,,,,
2026-03-27,,,,,,,,,,,,,,,,,,,,,,,
2026-03-27,,,,,,f,06:00:00,07:00:00,60.00000000000003,5.0,,,4.0,4.0,,10,,,,R 05,Vakuumkreis 1 schaltet nicht   Robotech Informiert,2,
2026-03-30,,,,,,,,,,,,,,,,,,,,,,,
2026-03-30,,,,,,,,,,,,,,,,,,,,,,,
2026-03-30,,,,,,,20:00:00,21:00:00,59.99999999999995,3.0,,,3.0,3.0,,,,,,,,,
2026-03-30,,,,,,s,,,,,,,,,,,12,,,,STW  Nacharbeiten  (Kratzer ),2,
2026-03-30,,,,,,,21:00:00,21:45:00,45.0,3.0,,,2.0,2.0,,,,,,,,,
2026-03-30,,,,,,,,,,,,,,,,,,,,,,,
2026-03-30,,,,,,,,,,,,,,,,,,15,,,Reinigung + Werkzeug einschließen,,
2026-03-30,,,,,,,,,,,,,,,,,,,,,,,
2026-03-30,,,,,,f,04:45:00,06:00:00,75.00000000000001,5.0,,,6.0,6.0,,,,15,,,Wartungsplan,,
2026-03-30,,,,,,s,,,,,,,,,,,,,,,,,
2026-03-30,,,,,,s,,,,,,,,,,,,,,,,,
2026-03-30,,,,,,,19:00:00,20:00:00,60.00000000000011,3.0,,,4.0,4.0,,,,,,,,,
2026-03-30,,,,,,,,,,,,,,,,,,,,,,,
2026-03-30,,,,,,s,,,,,,,,,,,,,,,,,
2026-03-30,,,,,,,,,,,,,,,,,,,,,,,
2026-03-30,,,,,,f,08:00:00,09:00:00,60.00000000000003,7.0,,,6.0,6.0,,,,,,,Zwei neue Mitarbeiter anlernen ,,
2026-03-30,,,,,,,,,,,,,,,,,,,,,,,
2026-03-30,,,,,,,,,,,,,,,,,,,,,,,
2026-03-30,,,,,,f,09:30:00,10:00:00,30.000000000000053,7.0,,,3.0,3.0,,,,,,,,,
2026-03-30,,,,,,,,,,,,,,,,,,,,,,,
2026-03-30,,,,,,,,,,,,,,,,,,,,,,,
2026-03-30,,,,,,,13:15:00,14:00:00,45.0,5.0,,,4.0,4.0,,,,15,,,Wartungsplan,,
2026-03-30,,,,,,,,,,,,,,,,,,,,,,,
2026-03-30,,,,,,,,,,,,,,,,,,,,,,,
2026-03-30,,,,,,f,11:00:00,12:00:00,60.00000000000003,7.0,,,5.0,5.0,,,15,,,,STW Nacharbeiten,3,
2026-03-30,,,,,,,,,,,,,,,,,,,,,,,
2026-03-30,,,,,,,,,,,,,,,,,,,,,,,
2026-03-30,,,,,,f,12:00:00,13:15:00,75.00000000000006,7.0,,,6.0,6.0,,,,,,,,,
2026-03-30,,,,,,f,10:00:00,11:00:00,59.99999999999995,7.0,,,3.0,3.0,,,,30,,R 05,Vakuum nicht vorhanden,,
2026-03-30,,,,,,f,07:00:00,08:00:00,59.99999999999995,5.0,,,6.0,6.0,,,,,,,,,
2026-03-30,,,,,,,,,,,,,,,,,,,,,,,
2026-03-30,,,,,,,,,,,,,,,,,,,,,,,
2026-03-30,,,,,,,18:00:00,19:00:00,59.99999999999995,3.0,,,4.0,4.0,,,,,,,,,
2026-03-30,,,,,,,,,,,,,,,,,,,,,,,
2026-03-30,,,,,,s,,,,,,,,,,,,,,,,,
2026-03-30,,,,,,,17:30:00,18:00:00,30.000000000000053,3.0,,,2.0,2.0,,,,,,,,,
2026-03-30,,,,,,,,,,,,,,,,,,,,,,,
2026-03-30,,,,,,s,,,,,,,,,,,,,,,,,
2026-03-30,,,,,,,16:00:00,17:00:00,60.00000000000011,3.0,,,4.0,4.0,,,,,,,,,
2026-03-30,,,,,,,,,,,,,,,,,,,,,,,
2026-03-30,,,,,,s,,,,,,,,,,,,,,,,,
2026-03-30,,,,,,,15:00:00,16:00:00,59.99999999999995,5.0,,,4.0,4.0,,,,,,,,,
2026-03-30,,,,,,,,,,,,,,,,,,,,,,,
2026-03-30,,,,,,s,,,,,,,,,,,,,,,,,
2026-03-30,,,,,,,14:00:00,15:00:00,59.99999999999995,5.0,,,4.0,4.0,,,,,,,,,
2026-03-30,,,,,,,,,,,,,,,,,,,,,,,
2026-03-30,,,,,,s,,,,,,,,,,,,,,,,,
2026-03-30,,,,,,,,,,,,,,,,,,15,,,Reinigung,,
2026-03-30,,,,,,,,,,,,,,,,,,,,,,,
2026-03-30,,,,,,f,09:30:00,10:00:00,30.000000000000053,7.0,,,3.0,3.0,,,,,,,,,
2026-03-30,,,,,,,,,,,,,,,,,,,,,,,
2026-03-30,,,,,,,14:00:00,15:00:00,59.99999999999995,5.0,,,4.0,4.0,,,,,,,,,
2026-03-30,,,,,,s,,,,,,,,,,,,,,,,,
2026-03-30,,,,,,,,,,,,,,,,,,,,,,,
2026-03-30,,,,,,,15:00:00,16:00:00,59.99999999999995,5.0,,,4.0,4.0,,,,,,,,,
2026-03-30,,,,,,s,,,,,,,,,,,,,,,,,
2026-03-30,,,,,,,,,,,,,,,,,,,,,,,
2026-03-30,,,,,,,16:00:00,17:00:00,60.00000000000011,3.0,,,4.0,4.0,,,,,,,,,
2026-03-30,,,,,,s,,,,,,,,,,,,,,,,,
2026-03-30,,,,,,,,,,,,,,,,,,,,,,,
2026-03-30,,,,,,,17:30:00,18:00:00,30.000000000000053,3.0,,,2.0,2.0,,,,,,,,,
2026-03-30,,,,,,s,,,,,,,,,,,,,,,,,
2026-03-30,,,,,,,,,,,,,,,,,,,,,,,
2026-03-30,,,,,,,18:00:00,19:00:00,59.99999999999995,3.0,,,4.0,4.0,,,,,,,,,
2026-03-30,,,,,,s,,,,,,,,,,,,,,,,,
2026-03-30,,,,,,,,,,,,,,,,,,,,,,,
2026-03-30,,,,,,,19:00:00,20:00:00,60.00000000000011,3.0,,,4.0,4.0,,,,,,,,,
2026-03-30,,,,,,s,,,,,,,,,,,,,,,,,
2026-03-30,,,,,,,,,,,,,,,,,,,,,,,
2026-03-30,,,,,,,20:00:00,21:00:00,59.99999999999995,3.0,,,3.0,3.0,,,,,,,,,
2026-03-30,,,,,,s,,,,,,,,,,,12,,,,STW  Nacharbeiten  (Kratzer ),2,
2026-03-30,,,,,,,,,,,,,,,,,,,,,,,
2026-03-30,,,,,,,21:00:00,21:45:00,45.0,3.0,,,2.0,2.0,,,,,,,,,
2026-03-30,,,,,,s,,,,,,,,,,,,,,,,,
2026-03-30,,,,,,,,,,,,,,,,,,,,,,,
2026-03-30,,,,,,,,,,,,,,,,,,15,,,Reinigung + Werkzeug einschließen,,
2026-03-30,,,,,,s,,,,,,,,,,,,,,,,,
2026-03-30,,,,,,,,,,,,,,,,,,15,,,Reinigung,,
2026-03-30,,,,,,f,04:45:00,06:00:00,75.00000000000001,5.0,,,6.0,6.0,,,,15,,,Wartungsplan,,
2026-03-30,,,,,,,,,,,,,,,,,,,,,,,
2026-03-30,,,,,,,,,,,,,,,,,,,,,,,
2026-03-30,,,,,,f,06:00:00,07:00:00,60.00000000000003,5.0,,,6.0,6.0,,,,,,,,,
2026-03-30,,,,,,,,,,,,,,,,,,,,,,,
2026-03-30,,,,,,,,,,,,,,,,,,,,,,,
2026-03-30,,,,,,f,07:00:00,08:00:00,59.99999999999995,5.0,,,6.0,6.0,,,,,,,,,
2026-03-30,,,,,,,,,,,,,,,,,,,,,,,
2026-03-30,,,,,,,,,,,,,,,,,,,,,,,
2026-03-30,,,,,,f,08:00:00,09:00:00,60.00000000000003,7.0,,,6.0,6.0,,,,,,,Zwei neue Mitarbeiter anlernen ,,
2026-03-30,,,,,,,,,,,,,,,,,,,,,,,
2026-03-30,,,,,,,,,,,,,,,,,,,,,,,
2026-03-30,,,,,,f,09:30:00,10:00:00,30.000000000000053,7.0,,,3.0,3.0,,,,,,,,,
2026-03-30,,,,,,,,,,,,,,,,,,,,,,,
2026-03-30,,,,,,,,,,,,,,,,,,,,,,,
2026-03-30,,,,,,f,10:00:00,11:00:00,59.99999999999995,7.0,,,3.0,3.0,,,,30,,R 05,Vakuum nicht vorhanden,,
2026-03-30,,,,,,,,,,,,,,,,,,,,,,,
2026-03-30,,,,,,,,,,,,,,,,,,,,,,,
2026-03-30,,,,,,f,11:00:00,12:00:00,60.00000000000003,7.0,,,5.0,5.0,,,15,,,,STW Nacharbeiten,3,
2026-03-30,,,,,,,,,,,,,,,,,,,,,,,
2026-03-30,,,,,,,,,,,,,,,,,,,,,,,
2026-03-30,,,,,,f,12:00:00,13:15:00,75.00000000000006,7.0,,,6.0,6.0,,,,,,,,,
2026-03-30,,,,,,,,,,,,,,,,,,,,,,,
2026-03-30,,,,,,,13:15:00,14:00:00,45.0,5.0,,,4.0,4.0,,,,15,,,Wartungsplan,,
2026-03-30,,,,,,f,04:45:00,06:00:00,75.00000000000001,5.0,,,6.0,6.0,,,,15,,,Wartungsplan,,
2026-03-30,,,,,,,,,,,,,,,,,,,,,,,
2026-03-30,,,,,,,,,,,,,,,,,,15,,,Reinigung + Werkzeug einschließen,,
2026-03-30,,,,,,,14:00:00,15:00:00,59.99999999999995,5.0,,,4.0,4.0,,,,,,,,,
2026-03-30,,,,,,s,,,,,,,,,,,,,,,,,
2026-03-30,,,,,,,,,,,,,,,,,,,,,,,
2026-03-30,,,,,,,15:00:00,16:00:00,59.99999999999995,5.0,,,4.0,4.0,,,,,,,,,
2026-03-30,,,,,,s,,,,,,,,,,,,,,,,,
2026-03-30,,,,,,,,,,,,,,,,,,,,,,,
2026-03-30,,,,,,,16:00:00,17:00:00,60.00000000000011,3.0,,,4.0,4.0,,,,,,,,,
2026-03-30,,,,,,s,,,,,,,,,,,,,,,,,
2026-03-30,,,,,,,,,,,,,,,,,,,,,,,
2026-03-30,,,,,,,17:30:00,18:00:00,30.000000000000053,3.0,,,2.0,2.0,,,,,,,,,
2026-03-30,,,,,,s,,,,,,,,,,,,,,,,,
2026-03-30,,,,,,,,,,,,,,,,,,,,,,,
2026-03-30,,,,,,,18:00:00,19:00:00,59.99999999999995,3.0,,,4.0,4.0,,,,,,,,,
2026-03-30,,,,,,s,,,,,,,,,,,,,,,,,
2026-03-30,,,,,,,,,,,,,,,,,,,,,,,
2026-03-30,,,,,,,19:00:00,20:00:00,60.00000000000011,3.0,,,4.0,4.0,,,,,,,,,
2026-03-30,,,,,,s,,,,,,,,,,,,,,,,,
2026-03-30,,,,,,,,,,,,,,,,,,,,,,,
2026-03-30,,,,,,,20:00:00,21:00:00,59.99999999999995,3.0,,,3.0,3.0,,,,,,,,,
2026-03-30,,,,,,s,,,,,,,,,,,12,,,,STW  Nacharbeiten  (Kratzer ),2,
2026-03-30,,,,,,,,,,,,,,,,,,,,,,,
2026-03-30,,,,,,,,,,,,,,,,,,,,,,,
2026-03-30,,,,,,,21:00:00,21:45:00,45.0,3.0,,,2.0,2.0,,,,,,,,,
2026-03-30,,,,,,s,,,,,,,,,,,,,,,,,
2026-03-30,,,,,,,,,,,,,,,,,,15,,,Reinigung,,
2026-03-30,,,,,,,,,,,,,,,,,,,,,,,
2026-03-30,,,,,,f,06:00:00,07:00:00,60.00000000000003,5.0,,,6.0,6.0,,,,,,,,,
2026-03-30,,,,,,,,,,,,,,,,,,,,,,,
2026-03-30,,,,,,,,,,,,,,,,,,,,,,,
2026-03-30,,,,,,f,07:00:00,08:00:00,59.99999999999995,5.0,,,6.0,6.0,,,,,,,,,
2026-03-30,,,,,,,,,,,,,,,,,,,,,,,
2026-03-30,,,,,,,,,,,,,,,,,,,,,,,
2026-03-30,,,,,,f,08:00:00,09:00:00,60.00000000000003,7.0,,,6.0,6.0,,,,,,,Zwei neue Mitarbeiter anlernen ,,
2026-03-30,,,,,,,,,,,,,,,,,,,,,,,
2026-03-30,,,,,,,,,,,,,,,,,,,,,,,
2026-03-30,,,,,,f,06:00:00,07:00:00,60.00000000000003,5.0,,,6.0,6.0,,,,,,,,,
2026-03-30,,,,,,,,,,,,,,,,,,,,,,,
2026-03-30,,,,,,,,,,,,,,,,,,,,,,,
2026-03-30,,,,,,f,10:00:00,11:00:00,59.99999999999995,7.0,,,3.0,3.0,,,,30,,R 05,Vakuum nicht vorhanden,,
2026-03-30,,,,,,,,,,,,,,,,,,,,,,,
2026-03-30,,,,,,,,,,,,,,,,,,,,,,,
2026-03-30,,,,,,f,11:00:00,12:00:00,60.00000000000003,7.0,,,5.0,5.0,,,15,,,,STW Nacharbeiten,3,
2026-03-30,,,,,,,,,,,,,,,,,,,,,,,
2026-03-30,,,,,,,,,,,,,,,,,,,,,,,
2026-03-30,,,,,,f,12:00:00,13:15:00,75.00000000000006,7.0,,,6.0,6.0,,,,,,,,,
2026-03-30,,,,,,,,,,,,,,,,,,,,,,,
2026-03-30,,,,,,,13:15:00,14:00:00,45.0,5.0,,,4.0,4.0,,,,15,,,Wartungsplan,,
2026-03-30,,,,,,s,,,,,,,,,,,,,,,,,
2026-03-31,,,,,,s,,,,,,,,,,,,,,,,,
2026-03-31,,,,,,,,,,,,,,,,,,15,,,Reinigung + Werkzeug einschließen,,
2026-03-31,,,,,,s,,,,,,,,,,,,,,,,,
2026-03-31,,,,,,,,,,,,,,,,,,15,,,  STW-TEST Robotech an der Anlage,,
2026-03-31,,,,,,,14:00:00,15:00:00,59.99999999999995,6.0,,,5.0,5.0,,,,15,,,  STW-TEST Robotech an der Anlage,,
2026-03-31,,,,,,s,,,,,,,,,,,,,,,,,
2026-03-31,,,,,,,,,,,,,,,,,,,,,,,
2026-03-31,,,,,,,15:00:00,16:00:00,59.99999999999995,6.0,,5.0,,5.0,,,,,,,,,
2026-03-31,,,,,,s,,,,,,,,,,,,,,,,,
2026-03-31,,,,,,,,,,,,,,,,,,,,,,,
2026-03-31,,,,,,,16:00:00,17:00:00,60.00000000000011,6.0,,1.0,4.0,5.0,,,,,,,,,
2026-03-31,,,,,,s,,,,,,,,,,,,,,,,,
2026-03-31,,,,,,,,,,,,,,,,,,,,,,,
2026-03-31,,,,,,,17:30:00,18:00:00,30.000000000000053,6.0,,,3.0,3.0,,,,,,,,,
2026-03-31,,,,,,s,,,,,,,,,,,,,,,,,
2026-03-31,,,,,,,,,,,,,,,,,,,,,,,
2026-03-31,,,,,,,18:00:00,19:00:00,59.99999999999995,,,,6.0,6.0,,,,,,,,,
2026-03-31,,,,,,s,,,,,,,,,,,,,,,,,
2026-03-31,,,,,,,,,,,,,,,,,,,,,,,
2026-03-31,,,,,,,19:00:00,20:00:00,60.00000000000011,,,3.0,3.0,6.0,,,,,,,,,
2026-03-31,,,,,,s,,,,,,,,,,,,,,,,,
2026-03-31,,,,,,,,,,,,,,,,,,,,,,,
2026-03-31,,,,,,,20:00:00,21:00:00,59.99999999999995,,,6.0,,6.0,,,,,,,,,
2026-03-31,,,,,,,21:00:00,21:45:00,45.0,,,2.0,,2.0,,10,,,,,Bedienerschtz  ausgelöst ,,
2026-03-31,,,,,,,,,,,,,,,,,,15,,,Reinigung,,
2026-03-31,,,,,,,,,,,,,,,,,,,,,,,
2026-03-31,,,,,,f,12:00:00,13:15:00,75.00000000000006,4.0,,,5.0,5.0,,,,,,,,,
2026-03-31,,,,,,s,,,,,,,,,,,,,,,,,
2026-03-31,,,,,,f,04:45:00,06:00:00,75.00000000000001,5.0,,,5.0,5.0,,,,15,,,Wartungsplan,,
2026-03-31,,,,,,,,,,,,,,,,,,,,,,,
2026-03-31,,,,,,,,,,,,,,,,,,,,,,,
2026-03-31,,,,,,f,06:00:00,07:00:00,60.00000000000003,5.0,,,5.0,5.0,,,,,,,,,
2026-03-31,,,,,,,,,,,,,,,,,,,,,,,
2026-03-31,,,,,,,,,,,,,,,,,,,,,,,
2026-03-31,,,,,,f,07:00:00,08:00:00,59.99999999999995,4.0,,,5.0,5.0,,,,,,,,,
2026-03-31,,,,,,,,,,,,,,,,,,,,,,,
2026-03-31,,,,,,,,,,,,,,,,,,,,,,,
2026-03-31,,,,,,,,,,,,,,,,,,,,,,,
2026-03-31,,,,,,f,08:00:00,09:00:00,60.00000000000003,4.0,,,5.0,5.0,,,,,,,,,
2026-03-31,,,,,,,,,,,,,,,,,,,,,,,
2026-03-31,,,,,,f,09:30:00,10:00:00,30.000000000000053,4.0,,,2.0,2.0,,,,,,,,,
2026-03-31,,,,,,,,,,,,,,,,,,,,,,,
2026-03-31,,,,,,,,,,,,,,,,,,,,,,,
2026-03-31,,,,,,f,10:00:00,11:00:00,59.99999999999995,4.0,,,4.0,4.0,,,,10,,R 06,"Kollision gefahren, brenner tauschen und Leoni abfahren",,
2026-03-31,,,,,,,,,,,,,,,,,,,,,,,
2026-03-31,,,,,,,,,,,,,,,,,,,,,,,
2026-03-31,,,,,,f,11:00:00,12:00:00,60.00000000000003,4.0,,,4.0,4.0,,,,,10.0,OP 10,"Bleche wurden falsch gebucht, anlage fährt leer, warten auf Stapler",,
2026-03-31,,,,,,,,,,,,,,,,,,,,,,,
2026-03-31,,,,,,,,,,,,,,,,,,,,,,,
2026-03-31,,,,,,,,,,,,,,,,,,,,,,2,
2026-03-31,,,,,,,13:15:00,14:00:00,45.0,6.0,,,4.0,4.0,,,,15,,,Wartungsplan,,
2026-03-31,,,,,,f,04:45:00,06:00:00,75.00000000000001,5.0,,,5.0,5.0,,,,15,,,Wartungsplan,,
2026-03-31,,,,,,,,,,,,,,,,,,,,,,,
2026-03-31,,,,,,s,,,,,,,,,,,,,,,,,
2026-03-31,,,,,,,,,,,,,,,,,,,,,,,
2026-03-31,,,,,,,15:00:00,16:00:00,59.99999999999995,6.0,,5.0,,5.0,,,,,,,,,
2026-03-31,,,,,,s,,,,,,,,,,,,,,,,,
2026-03-31,,,,,,,,,,,,,,,,,,,,,,,
2026-03-31,,,,,,,16:00:00,17:00:00,60.00000000000011,6.0,,1.0,4.0,5.0,,,,,,,,,
2026-03-31,,,,,,s,,,,,,,,,,,,,,,,,
2026-03-31,,,,,,,,,,,,,,,,,,,,,,,
2026-03-31,,,,,,,17:30:00,18:00:00,30.000000000000053,6.0,,,3.0,3.0,,,,,,,,,
2026-03-31,,,,,,s,,,,,,,,,,,,,,,,,
2026-03-31,,,,,,,14:00:00,15:00:00,59.99999999999995,6.0,,,5.0,5.0,,,,15,,,  STW-TEST Robotech an der Anlage,,
2026-03-31,,,,,,,,,,,,,,,,,,,,,,,
2026-03-31,,,,,,s,,,,,,,,,,,,,,,,,
2026-03-31,,,,,,,,,,,,,,,,,,,,,,,
2026-03-31,,,,,,,19:00:00,20:00:00,60.00000000000011,,,3.0,3.0,6.0,,,,,,,,,
2026-03-31,,,,,,s,,,,,,,,,,,,,,,,,
2026-03-31,,,,,,,,,,,,,,,,,,,,,,,
2026-03-31,,,,,,,20:00:00,21:00:00,59.99999999999995,,,6.0,,6.0,,,,,,,,,
2026-03-31,,,,,,s,,,,,,,,,,,,,,,,,
2026-03-31,,,,,,,,,,,,,,,,,,,,,,,
2026-03-31,,,,,,,21:00:00,21:45:00,45.0,,,2.0,,2.0,,10,,,,,Bedienerschtz  ausgelöst ,,
2026-03-31,,,,,,s,,,,,,,,,,,,,,,,,
2026-03-31,,,,,,,18:00:00,19:00:00,59.99999999999995,,,,6.0,6.0,,,,,,,,,
2026-03-31,,,,,,,,,,,,,,,,,,15,,,Reinigung + Werkzeug einschließen,,
2026-03-31,,,,,,,,,,,,,,,,,,15,,,  STW-TEST Robotech an der Anlage,,
2026-03-31,,,,,,,,,,,,,,,,,,,,,,,
2026-03-31,,,,,,,,,,,,,,,,,,15,,,Reinigung,,
2026-03-31,,,,,,,,,,,,,,,,,,,,,,,
2026-03-31,,,,,,f,12:00:00,13:15:00,75.00000000000006,4.0,,,5.0,5.0,,,,,,,,,
2026-03-31,,,,,,,,,,,,,,,,,,,,,,,
2026-03-31,,,,,,,,,,,,,,,,,,,,,,,
2026-03-31,,,,,,f,11:00:00,12:00:00,60.00000000000003,4.0,,,4.0,4.0,,,,,10.0,OP 10,"Bleche wurden falsch gebucht, anlage fährt leer, warten auf Stapler",,
2026-03-31,,,,,,,,,,,,,,,,,,,,,,,
2026-03-31,,,,,,,,,,,,,,,,,,,,,,,
2026-03-31,,,,,,f,10:00:00,11:00:00,59.99999999999995,4.0,,,4.0,4.0,,,,10,,R 06,"Kollision gefahren, brenner tauschen und Leoni abfahren",,
2026-03-31,,,,,,,,,,,,,,,,,,,,,,,
2026-03-31,,,,,,f,04:45:00,06:00:00,75.00000000000001,5.0,,,5.0,5.0,,,,15,,,Wartungsplan,,
2026-03-31,,,,,,,,,,,,,,,,,,,,,,,
2026-03-31,,,,,,,,,,,,,,,,,,,,,,,
2026-03-31,,,,,,,,,,,,,,,,,,,,,,2,
2026-03-31,,,,,,f,08:00:00,09:00:00,60.00000000000003,4.0,,,5.0,5.0,,,,,,,,,
2026-03-31,,,,,,,,,,,,,,,,,,,,,,,
2026-03-31,,,,,,,,,,,,,,,,,,,,,,,
2026-03-31,,,,,,f,07:00:00,08:00:00,59.99999999999995,4.0,,,5.0,5.0,,,,,,,,,
2026-03-31,,,,,,,,,,,,,,,,,,,,,,,
2026-03-31,,,,,,,,,,,,,,,,,,,,,,,
2026-03-31,,,,,,f,06:00:00,07:00:00,60.00000000000003,5.0,,,5.0,5.0,,,,,,,,,
2026-03-31,,,,,,,,,,,,,,,,,,,,,,,
2026-03-31,,,,,,f,09:30:00,10:00:00,30.000000000000053,4.0,,,2.0,2.0,,,,,,,,,
2026-03-31,,,,,,,13:15:00,14:00:00,45.0,6.0,,,4.0,4.0,,,,15,,,Wartungsplan,,
2026-03-31,,,,,,s,,,,,,,,,,,,,,,,,
2026-03-31,,,,,,s,,,,,,,,,,,,,,,,,
2026-03-31,,,,,,s,,,,,,,,,,,,,,,,,
2026-03-31,,,,,,,20:00:00,21:00:00,59.99999999999995,,,6.0,,6.0,,,,,,,,,
2026-03-31,,,,,,,,,,,,,,,,,,,,,,,
2026-03-31,,,,,,s,,,,,,,,,,,,,,,,,
2026-03-31,,,,,,,19:00:00,20:00:00,60.00000000000011,,,3.0,3.0,6.0,,,,,,,,,
2026-03-31,,,,,,,,,,,,,,,,,,,,,,,
2026-03-31,,,,,,s,,,,,,,,,,,,,,,,,
2026-03-31,,,,,,,18:00:00,19:00:00,59.99999999999995,,,,6.0,6.0,,,,,,,,,
2026-03-31,,,,,,,,,,,,,,,,,,,,,,,
2026-03-31,,,,,,,,,,,,,,,,,,15,,,Reinigung,,
2026-03-31,,,,,,,17:30:00,18:00:00,30.000000000000053,6.0,,,3.0,3.0,,,,,,,,,
2026-03-31,,,,,,,,,,,,,,,,,,,,,,,
2026-03-31,,,,,,s,,,,,,,,,,,,,,,,,
2026-03-31,,,,,,,16:00:00,17:00:00,60.00000000000011,6.0,,1.0,4.0,5.0,,,,,,,,,
2026-03-31,,,,,,,,,,,,,,,,,,,,,,,
2026-03-31,,,,,,s,,,,,,,,,,,,,,,,,
2026-03-31,,,,,,,15:00:00,16:00:00,59.99999999999995,6.0,,5.0,,5.0,,,,,,,,,
2026-03-31,,,,,,,,,,,,,,,,,,,,,,,
2026-03-31,,,,,,s,,,,,,,,,,,,,,,,,
2026-03-31,,,,,,,14:00:00,15:00:00,59.99999999999995,6.0,,,5.0,5.0,,,,15,,,  STW-TEST Robotech an der Anlage,,
2026-03-31,,,,,,,,,,,,,,,,,,15,,,  STW-TEST Robotech an der Anlage,,
2026-03-31,,,,,,,,,,,,,,,,,,,,,,,
2026-03-31,,,,,,s,,,,,,,,,,,,,,,,,
2026-03-31,,,,,,,21:00:00,21:45:00,45.0,,,2.0,,2.0,,10,,,,,Bedienerschtz  ausgelöst ,,
2026-03-31,,,,,,,,,,,,,,,,,,15,,,Reinigung + Werkzeug einschließen,,
2026-03-31,,,,,,f,06:00:00,07:00:00,60.00000000000003,5.0,,,5.0,5.0,,,,,,,,,
2026-03-31,,,,,,,,,,,,,,,,,,,,,,,
2026-03-31,,,,,,,,,,,,,,,,,,,,,,,
2026-03-31,,,,,,f,07:00:00,08:00:00,59.99999999999995,4.0,,,5.0,5.0,,,,,,,,,
2026-03-31,,,,,,,,,,,,,,,,,,,,,,,
2026-03-31,,,,,,,,,,,,,,,,,,,,,,,
2026-03-31,,,,,,f,08:00:00,09:00:00,60.00000000000003,4.0,,,5.0,5.0,,,,,,,,,
2026-03-31,,,,,,,,,,,,,,,,,,,,,,2,
2026-03-31,,,,,,,,,,,,,,,,,,,,,,,
2026-03-31,,,,,,f,09:30:00,10:00:00,30.000000000000053,4.0,,,2.0,2.0,,,,,,,,,
2026-03-31,,,,,,,,,,,,,,,,,,,,,,,
2026-03-31,,,,,,,,,,,,,,,,,,,,,,,
2026-03-31,,,,,,f,10:00:00,11:00:00,59.99999999999995,4.0,,,4.0,4.0,,,,10,,R 06,"Kollision gefahren, brenner tauschen und Leoni abfahren",,
2026-03-31,,,,,,,,,,,,,,,,,,,,,,,
2026-03-31,,,,,,,,,,,,,,,,,,,,,,,
2026-03-31,,,,,,f,11:00:00,12:00:00,60.00000000000003,4.0,,,4.0,4.0,,,,,10.0,OP 10,"Bleche wurden falsch gebucht, anlage fährt leer, warten auf Stapler",,
2026-03-31,,,,,,,,,,,,,,,,,,,,,,,
2026-03-31,,,,,,,,,,,,,,,,,,,,,,,
2026-03-31,,,,,,f,12:00:00,13:15:00,75.00000000000006,4.0,,,5.0,5.0,,,,,,,,,
2026-03-31,,,,,,,,,,,,,,,,,,,,,,,
2026-03-31,,,,,,,,,,,,,,,,,,,,,,,
2026-03-31,,,,,,s,,,,,,,,,,,,,,,,,
2026-03-31,,,,,,,13:15:00,14:00:00,45.0,6.0,,,4.0,4.0,,,,15,,,Wartungsplan,,
2026-04-01,,,,,,,,,,,,,,,,,,,,,,,
2026-04-01,,,,,,f,04:45:00,06:00:00,75.00000000000001,4.0,,,4.0,4.0,,,,15,,,Wartungsplan,,
2026-04-01,,,,,,,,,,,,,,,,,,,,,,,
2026-04-01,,,,,,f,11:00:00,12:00:00,60.00000000000003,4.0,,,5.0,5.0,,,,,,,,,
2026-04-01,,,,,,,,,,,,,,,,,,,,,,,
2026-04-01,,,,,,,,,,,,,,,,,,,,,,,
2026-04-01,,,,,,f,10:00:00,11:00:00,59.99999999999995,4.0,,,3.0,3.0,,,,20,,R 05,"Kein Vakuum, RobTech an der Anlage ",,
2026-04-01,,,,,,,,,,,,,,,,,,,,,,,
2026-04-01,,,,,,,,,,,,,,,,,,,,,,,
2026-04-01,,,,,,f,09:30:00,10:00:00,30.000000000000053,4.0,,,2.0,2.0,,,,,,,,,
2026-04-01,,,,,,,,,,,,,,,,,,,,,,,
2026-04-01,,,,,,,,,,,,,,,,,,,,,,,
2026-04-01,,,,,,f,08:00:00,09:00:00,60.00000000000003,4.0,,,5.0,5.0,,,,,,,,,
2026-04-01,,,,,,,,,,,,,,,,,,,,,,,
2026-04-01,,,,,,,,,,,,,,,,,,,,,,,
2026-04-01,,,,,,f,07:00:00,08:00:00,59.99999999999995,4.0,,,4.0,4.0,,,,,,,,,
2026-04-01,,,,,,,,,,,,,,,,,,,,,,,
2026-04-01,,,,,,,,,,,,,,,,,,,,,,,
2026-04-01,,,,,,f,06:00:00,07:00:00,60.00000000000003,4.0,,,5.0,5.0,,,,,,,,,
2026-04-01,,,,,,,,,,,,,,,,,,,,,,,
2026-04-01,,,,,,,,,,,,,,,,,,,,,,,
2026-04-01,,,,,,f,12:00:00,13:15:00,75.00000000000006,4.0,,,4.0,4.0,,,,,,,,,
2026-04-01,,,,,,,,,,,,,,,,,,,,,,,
2026-04-01,,,,,,,,,,,,,,,,,,,,,,,
2026-04-01,,,,,,,,,,,,,,,,,,15,,,Reinigung + Werkzeug einschließen,,
2026-04-01,,,,,,,,,,,,,,,,,,15,,,Reinigung,,
2026-04-01,,,,,,,,,,,,,,,,,,,,,,,
2026-04-01,,,,,,f,12:00:00,13:15:00,75.00000000000006,4.0,,,4.0,4.0,,,,,,,,,
2026-04-01,,,,,,,,,,,,,,,,,,,,,,,
2026-04-01,,,,,,,,,,,,,,,,,,,,,,,
2026-04-01,,,,,,f,11:00:00,12:00:00,60.00000000000003,4.0,,,5.0,5.0,,,,,,,,,
2026-04-01,,,,,,,,,,,,,,,,,,,,,,,
2026-04-01,,,,,,,,,,,,,,,,,,,,,,,
2026-04-01,,,,,,f,10:00:00,11:00:00,59.99999999999995,4.0,,,3.0,3.0,,,,20,,R 05,"Kein Vakuum, RobTech an der Anlage ",,
2026-04-01,,,,,,,,,,,,,,,,,,,,,,,
2026-04-01,,,,,,,,,,,,,,,,,,,,,,,
2026-04-01,,,,,,f,09:30:00,10:00:00,30.000000000000053,4.0,,,2.0,2.0,,,,,,,,,
2026-04-01,,,,,,,,,,,,,,,,,,,,,,,
2026-04-01,,,,,,,,,,,,,,,,,,,,,,,
2026-04-01,,,,,,f,08:00:00,09:00:00,60.00000000000003,4.0,,,5.0,5.0,,,,,,,,,
2026-04-01,,,,,,,,,,,,,,,,,,,,,,,
2026-04-01,,,,,,,,,,,,,,,,,,,,,,,
2026-04-01,,,,,,f,07:00:00,08:00:00,59.99999999999995,4.0,,,4.0,4.0,,,,,,,,,
2026-04-01,,,,,,,,,,,,,,,,,,,,,,,
2026-04-01,,,,,,,,,,,,,,,,,,,,,,,
2026-04-01,,,,,,f,06:00:00,07:00:00,60.00000000000003,4.0,,,5.0,5.0,,,,,,,,,
2026-04-01,,,,,,,13:15:00,14:00:00,45.0,6.0,,,4.0,4.0,,,,15,,,Wartungsplan,,
2026-04-01,,,,,,s,,,,,,,,,,,,,,,,,
2026-04-01,,,,,,,,,,,,,,,,,,,,,,,
2026-04-01,,,,,,,14:00:00,15:00:00,59.99999999999995,6.0,,2.0,5.0,7.0,,,,,,,,,
2026-04-01,,,,,,s,,,,,,,,,,,,,,,,,
2026-04-01,,,,,,,21:00:00,21:45:00,45.0,6.0,,,2.0,2.0,,,,,,,,,
2026-04-01,,,,,,,,,,,,,,,,5,,,,,Probleme mit Stromdüse ( Tauschen.),,
2026-04-01,,,,,,s,,,,,,,,,,,,,,,,,
2026-04-01,,,,,,,20:00:00,21:00:00,59.99999999999995,6.0,,,5.0,5.0,,8,,,,R 05,In OP-30  Vakuum nicht vorhanden,,
2026-04-01,,,,,,,,,,,,,,,,,,,,,,,
2026-04-01,,,,,,s,,,,,,,,,,,,,,,,,
2026-04-01,,,,,,,19:00:00,20:00:00,60.00000000000011,6.0,,,6.0,6.0,,,,,,,,,
2026-04-01,,,,,,,,,,,,,,,,,,15,,,Reinigung,,
2026-04-01,,,,,,s,,,,,,,,,,,,,,,,,
2026-04-01,,,,,,f,04:45:00,06:00:00,75.00000000000001,4.0,,,4.0,4.0,,,,15,,,Wartungsplan,,
2026-04-01,,,,,,,18:00:00,19:00:00,59.99999999999995,6.0,,,7.0,7.0,,,,,,,,,
2026-04-01,,,,,,s,,,,,,,,,,,,,,,,,
2026-04-01,,,,,,,17:30:00,18:00:00,30.000000000000053,6.0,,,3.0,3.0,,,,,,,,,
2026-04-01,,,,,,,,,,,,,,,,,,,,,,,
2026-04-01,,,,,,s,,,,,,,,,,,,,,,,,
2026-04-01,,,,,,,16:00:00,17:00:00,60.00000000000011,6.0,,,7.0,7.0,,,,,,,,,
2026-04-01,,,,,,,,,,,,,,,,,,,,,"Anlage leer gefahren ,Auffüllen",,
2026-04-01,,,,,,s,,,,,,,,,,15,,,,R 06,Drahtfasswechsel,,
2026-04-01,,,,,,,15:00:00,16:00:00,59.99999999999995,6.0,,2.0,2.0,4.0,,,,,,,,,
2026-04-01,,,,,,,,,,,,,,,,,,,,,,,
2026-04-01,,,,,,s,,,,,,,,,,,,,,,,,
2026-04-01,,,,,,,,,,,,,,,,,,,,,,,
2026-04-01,,,,,,,13:15:00,14:00:00,45.0,6.0,,,4.0,4.0,,,,15,,,Wartungsplan,,
2026-04-01,,,,,,,21:00:00,21:45:00,45.0,6.0,,,2.0,2.0,,,,,,,,,
2026-04-01,,,,,,,,,,,,,,,,,,,,,,,
2026-04-01,,,,,,,14:00:00,15:00:00,59.99999999999995,6.0,,2.0,5.0,7.0,,,,,,,,,
2026-04-01,,,,,,s,,,,,,,,,,,,,,,,,
2026-04-01,,,,,,,,,,,,,,,,,,,,,,,
2026-04-01,,,,,,,15:00:00,16:00:00,59.99999999999995,6.0,,2.0,2.0,4.0,,,,,,,,,
2026-04-01,,,,,,s,,,,,,,,,,15,,,,R 06,Drahtfasswechsel,,
2026-04-01,,,,,,,,,,,,,,,,,,,,,"Anlage leer gefahren ,Auffüllen",,
2026-04-01,,,,,,,16:00:00,17:00:00,60.00000000000011,6.0,,,7.0,7.0,,,,,,,,,
2026-04-01,,,,,,s,,,,,,,,,,,,,,,,,
2026-04-01,,,,,,,,,,,,,,,,,,,,,,,
2026-04-01,,,,,,,17:30:00,18:00:00,30.000000000000053,6.0,,,3.0,3.0,,,,,,,,,
2026-04-01,,,,,,s,,,,,,,,,,,,,,,,,
2026-04-01,,,,,,,,,,,,,,,,,,,,,,,
2026-04-01,,,,,,,18:00:00,19:00:00,59.99999999999995,6.0,,,7.0,7.0,,,,,,,,,
2026-04-01,,,,,,s,,,,,,,,,,,,,,,,,
2026-04-01,,,,,,,,,,,,,,,,,,,,,,,
2026-04-01,,,,,,,19:00:00,20:00:00,60.00000000000011,6.0,,,6.0,6.0,,,,,,,,,
2026-04-01,,,,,,s,,,,,,,,,,,,,,,,,
2026-04-01,,,,,,,,,,,,,,,,,,,,,,,
2026-04-01,,,,,,,20:00:00,21:00:00,59.99999999999995,6.0,,,5.0,5.0,,8,,,,R 05,In OP-30  Vakuum nicht vorhanden,,
2026-04-01,,,,,,s,,,,,,,,,,,,,,,,,
2026-04-01,,,,,,,,,,,,,,,,5,,,,,Probleme mit Stromdüse ( Tauschen.),,
2026-04-01,,,,,,,21:00:00,21:45:00,45.0,6.0,,,2.0,2.0,,,,,,,,,
2026-04-01,,,,,,s,,,,,,,,,,,,,,,,,
2026-04-01,,,,,,,,,,,,,,,,,,,,,,,
2026-04-01,,,,,,,,,,,,,,,,,,15,,,Reinigung + Werkzeug einschließen,,
2026-04-01,,,,,,s,,,,,,,,,,,,,,,,,
2026-04-01,,,,,,,,,,,,,,,,,,15,,,Reinigung,,
2026-04-01,,,,,,f,04:45:00,06:00:00,75.00000000000001,4.0,,,4.0,4.0,,,,15,,,Wartungsplan,,
2026-04-01,,,,,,,,,,,,,,,,,,,,,,,
2026-04-01,,,,,,,,,,,,,,,,,,,,,,,
2026-04-01,,,,,,f,06:00:00,07:00:00,60.00000000000003,4.0,,,5.0,5.0,,,,,,,,,
2026-04-01,,,,,,,,,,,,,,,,,,,,,,,
2026-04-01,,,,,,,,,,,,,,,,,,,,,,,
2026-04-01,,,,,,f,07:00:00,08:00:00,59.99999999999995,4.0,,,4.0,4.0,,,,,,,,,
2026-04-01,,,,,,,,,,,,,,,,,,,,,,,
2026-04-01,,,,,,,,,,,,,,,,,,,,,,,
2026-04-01,,,,,,f,08:00:00,09:00:00,60.00000000000003,4.0,,,5.0,5.0,,,,,,,,,
2026-04-01,,,,,,,,,,,,,,,,,,,,,,,
2026-04-01,,,,,,,,,,,,,,,,,,,,,,,
2026-04-01,,,,,,f,09:30:00,10:00:00,30.000000000000053,4.0,,,2.0,2.0,,,,,,,,,
2026-04-01,,,,,,,,,,,,,,,,,,,,,,,
2026-04-01,,,,,,,,,,,,,,,,,,,,,,,
2026-04-01,,,,,,f,10:00:00,11:00:00,59.99999999999995,4.0,,,3.0,3.0,,,,20,,R 05,"Kein Vakuum, RobTech an der Anlage ",,
2026-04-01,,,,,,,,,,,,,,,,,,,,,,,
2026-04-01,,,,,,,,,,,,,,,,,,,,,,,
2026-04-01,,,,,,f,11:00:00,12:00:00,60.00000000000003,4.0,,,5.0,5.0,,,,,,,,,
2026-04-01,,,,,,,,,,,,,,,,,,,,,,,
2026-04-01,,,,,,,,,,,,,,,,,,,,,,,
2026-04-01,,,,,,f,12:00:00,13:15:00,75.00000000000006,4.0,,,4.0,4.0,,,,,,,,,
2026-04-01,,,,,,,,,,,,,,,,,,,,,,,
2026-04-01,,,,,,,13:15:00,14:00:00,45.0,6.0,,,4.0,4.0,,,,15,,,Wartungsplan,,
2026-04-01,,,,,,s,,,,,,,,,,,,,,,,,
2026-04-01,,,,,,,,,,,,,,,,,,,,,,,
2026-04-01,,,,,,s,,,,,,,,,,,,,,,,,
2026-04-01,,,,,,,,,,,,,,,,,,15,,,Reinigung + Werkzeug einschließen,,
2026-04-01,,,,,,s,,,,,,,,,,,,,,,,,
2026-04-01,,,,,,,,,,,,,,,,,,,,,,,
2026-04-01,,,,,,,,,,,,,,,,5,,,,,Probleme mit Stromdüse ( Tauschen.),,
2026-04-01,,,,,,s,,,,,,,,,,,,,,,,,
2026-04-01,,,,,,,20:00:00,21:00:00,59.99999999999995,6.0,,,5.0,5.0,,8,,,,R 05,In OP-30  Vakuum nicht vorhanden,,
2026-04-01,,,,,,,,,,,,,,,,,,,,,,,
2026-04-01,,,,,,,19:00:00,20:00:00,60.00000000000011,6.0,,,6.0,6.0,,,,,,,,,
2026-04-01,,,,,,,,,,,,,,,,,,,,,,,
2026-04-01,,,,,,,18:00:00,19:00:00,59.99999999999995,6.0,,,7.0,7.0,,,,,,,,,
2026-04-01,,,,,,,,,,,,,,,,,,,,,,,
2026-04-01,,,,,,s,,,,,,,,,,,,,,,,,
2026-04-01,,,,,,,17:30:00,18:00:00,30.000000000000053,6.0,,,3.0,3.0,,,,,,,,,
2026-04-01,,,,,,,,,,,,,,,,,,,,,,,
2026-04-01,,,,,,s,,,,,,,,,,,,,,,,,
2026-04-01,,,,,,,16:00:00,17:00:00,60.00000000000011,6.0,,,7.0,7.0,,,,,,,,,
2026-04-01,,,,,,,,,,,,,,,,,,,,,"Anlage leer gefahren ,Auffüllen",,
2026-04-01,,,,,,s,,,,,,,,,,15,,,,R 06,Drahtfasswechsel,,
2026-04-01,,,,,,,15:00:00,16:00:00,59.99999999999995,6.0,,2.0,2.0,4.0,,,,,,,,,
2026-04-01,,,,,,,,,,,,,,,,,,,,,,,
2026-04-01,,,,,,s,,,,,,,,,,,,,,,,,
2026-04-01,,,,,,,14:00:00,15:00:00,59.99999999999995,6.0,,2.0,5.0,7.0,,,,,,,,,
2026-04-01,,,,,,s,,,,,,,,,,,,,,,,,
2026-04-02,,,,,,s,,,,,,,,,,,12,,,,TB. Verschmutzt (Schleifen),3,
2026-04-02,,,,,,s,,,,,,,,,,,,,,,,,
2026-04-02,,,,,,,,,,,,,,,,,8,,,,TB. Verschmutzt (Schleifen),2,
2026-04-02,,,,,,,20:00:00,21:00:00,59.99999999999995,6.0,,,5.0,5.0,,,,,,,,,
2026-04-02,,,,,,,,,,,,,,,,,,,,,,,
2026-04-02,,,,,,,,,,,,,,,,,,,,,,,
2026-04-02,,,,,,s,,,,,,,,,,,,,,,,,
2026-04-02,,,,,,,,,,,,,,,,,,15,,,Reinigung + Werkzeug einschließen,,
2026-04-02,,,,,,f,04:45:00,06:00:00,75.00000000000001,4.0,,,4.0,4.0,,,,15,,,Wartungsplan,,
2026-04-02,,,,,,,19:00:00,20:00:00,60.00000000000011,6.0,,,6.0,6.0,,,,,,,,,
2026-04-02,,,,,,,21:00:00,21:45:00,45.0,6.0,,,2.0,2.0,,,8,,,,,2,
2026-04-02,,,,,,,,,,,,,,,,,,15,,,Reinigung,,
2026-04-02,,,,,,,,,,,,,,,,,,,,,,,
2026-04-02,,,,,,,18:00:00,19:00:00,59.99999999999995,6.0,,,6.0,6.0,,,,,,,,,
2026-04-02,,,,,,,,,,,,,,,,,,,,,,,
2026-04-02,,,,,,f,08:00:00,09:00:00,60.00000000000003,4.0,,,4.0,4.0,,,,,10.0,OP 110,TB. Schleifen ( kratzer von staplergabel bei beladen),,
2026-04-02,,,,,,,,,,,,,,,,,,,,,,,
2026-04-02,,,,,,,,,,,,,,,,,,,,,,,
2026-04-02,,,,,,f,09:30:00,10:00:00,30.000000000000053,4.0,,,2.0,2.0,,10,,,,R 06,Schweißstörung am Fronius,,
2026-04-02,,,,,,,13:15:00,14:00:00,45.0,6.0,,,4.0,4.0,,,,15,,,Wartungsplan,,
2026-04-02,,,,,,,,,,,,,,,,,,,,,,,
2026-04-02,,,,,,,,,,,,,,,,,,,,,,,
2026-04-02,,,,,,,,,,,,,,,,,,,,,,,
2026-04-02,,,,,,,,,,,,,,,,,,,,,,,
2026-04-02,,,,,,f,11:00:00,12:00:00,60.00000000000003,4.0,,,5.0,5.0,,,,,,,,,
2026-04-02,,,,,,,,,,,,,,,,,,,,,,,
2026-04-02,,,,,,,,,,,,,,,,,,,,,,,
2026-04-02,,,,,,f,12:00:00,13:15:00,75.00000000000006,4.0,,,5.0,5.0,,,,,,,,,
2026-04-02,,,,,,f,10:00:00,11:00:00,59.99999999999995,4.0,,,4.0,4.0,,5,,,,OP10,Parkposition störung,,
2026-04-02,,,,,,f,07:00:00,08:00:00,59.99999999999995,4.0,,,4.0,4.0,,,10,,,OP 90,TB. Verschmutzt (Schleifen),,
2026-04-02,,,,,,,,,,,,,,,,,,,,,,,
2026-04-02,,,,,,,,,,,,,,,,,,,,,,,
2026-04-02,,,,,,,,,,,,,,,,,,,,,,,
2026-04-02,,,,,,s,,,,,,,,,,,,,,,"Anlage leer gefahren ,Auffüllen",,
2026-04-02,,,,,,,17:30:00,18:00:00,30.000000000000053,6.0,,,1.0,1.0,,5,,,,R 07,Drahtfasswechsel,,
2026-04-02,,,,,,,,,,,,,,,,10,,,,R 07,Drahtfasswechsel,,
2026-04-02,,,,,,s,,,,,,,,,,,,,,,,,
2026-04-02,,,,,,,16:00:00,17:00:00,60.00000000000011,6.0,,,6.0,6.0,,,,,,,,,
2026-04-02,,,,,,,,,,,,,,,,,,,,,"Anlage leer gefahren ,Auffüllen",,
2026-04-02,,,,,,s,,,,,,,,,,,10,,,,Warten auf neue Bleche,,
2026-04-02,,,,,,,15:00:00,16:00:00,59.99999999999995,6.0,,,3.0,3.0,,,25,,,,Schweißnahtqualität schlecht nacharbeiten ( Zuschnittmaße . Von 953 Blech N.I.O ),3,
2026-04-02,,,,,,,,,,,,,,,,,10,,,,Schweißnahtqualität schlecht nacharbeiten ( Zuschnittmaße . Von 953 Blech N.I.O ),2,
2026-04-02,,,,,,s,,,,,,,,,,,,,,,,,
2026-04-02,,,,,,,14:00:00,15:00:00,59.99999999999995,6.0,,,6.0,6.0,,,,,,,,,
2026-04-02,,,,,,,,,,,,,,,,,,,,,,,
2026-04-02,,,,,,s,,,,,,,,,,,,,,,,,
2026-04-02,,,,,,f,06:00:00,07:00:00,60.00000000000003,4.0,,,5.0,5.0,,,,,,,,,
2026-04-02,,,,,,s,,,,,,,,,,,,,,,,,
2026-04-02,,,,,,,,,,,,,,,,,,,,,,,
2026-04-02,,,,,,,13:15:00,14:00:00,45.0,6.0,,,4.0,4.0,,,,15,,,Wartungsplan,,
2026-04-02,,,,,,,,,,,,,,,,,,,,,,,
2026-04-02,,,,,,,14:00:00,15:00:00,59.99999999999995,6.0,,,6.0,6.0,,,,,,,,,
2026-04-02,,,,,,s,,,,,,,,,,,,,,,,,
2026-04-02,,,,,,,,,,,,,,,,,10,,,,Schweißnahtqualität schlecht nacharbeiten ( Zuschnittmaße . Von 953 Blech N.I.O ),2,
2026-04-02,,,,,,,15:00:00,16:00:00,59.99999999999995,6.0,,,3.0,3.0,,,25,,,,Schweißnahtqualität schlecht nacharbeiten ( Zuschnittmaße . Von 953 Blech N.I.O ),3,
2026-04-02,,,,,,s,,,,,,,,,,,10,,,,Warten auf neue Bleche,,
2026-04-02,,,,,,,,,,,,,,,,,,,,,"Anlage leer gefahren ,Auffüllen",,
2026-04-02,,,,,,,16:00:00,17:00:00,60.00000000000011,6.0,,,6.0,6.0,,,,,,,,,
2026-04-02,,,,,,s,,,,,,,,,,,,,,,,,
2026-04-02,,,,,,,,,,,,,,,,10,,,,R 07,Drahtfasswechsel,,
2026-04-02,,,,,,,17:30:00,18:00:00,30.000000000000053,6.0,,,1.0,1.0,,5,,,,R 07,Drahtfasswechsel,,
2026-04-02,,,,,,s,,,,,,,,,,,,,,,"Anlage leer gefahren ,Auffüllen",,
2026-04-02,,,,,,,,,,,,,,,,,,,,,,,
2026-04-02,,,,,,,18:00:00,19:00:00,59.99999999999995,6.0,,,6.0,6.0,,,,,,,,,
2026-04-02,,,,,,s,,,,,,,,,,,,,,,,,
2026-04-02,,,,,,,,,,,,,,,,,,,,,,,
2026-04-02,,,,,,,19:00:00,20:00:00,60.00000000000011,6.0,,,6.0,6.0,,,,,,,,,
2026-04-02,,,,,,s,,,,,,,,,,,,,,,,,
2026-04-02,,,,,,,,,,,,,,,,,8,,,,TB. Verschmutzt (Schleifen),2,
2026-04-02,,,,,,,20:00:00,21:00:00,59.99999999999995,6.0,,,5.0,5.0,,,,,,,,,
2026-04-02,,,,,,s,,,,,,,,,,,12,,,,TB. Verschmutzt (Schleifen),3,
2026-04-02,,,,,,,,,,,,,,,,,,,,,,,
2026-04-02,,,,,,,21:00:00,21:45:00,45.0,6.0,,,2.0,2.0,,,8,,,,,2,
2026-04-02,,,,,,s,,,,,,,,,,,,,,,,,
2026-04-02,,,,,,,,,,,,,,,,,,,,,,,
2026-04-02,,,,,,,,,,,,,,,,,,15,,,Reinigung + Werkzeug einschließen,,
2026-04-02,,,,,,s,,,,,,,,,,,,,,,,,
2026-04-02,,,,,,,,,,,,,,,,,,15,,,Reinigung,,
2026-04-02,,,,,,f,04:45:00,06:00:00,75.00000000000001,4.0,,,4.0,4.0,,,,15,,,Wartungsplan,,
2026-04-02,,,,,,,,,,,,,,,,,,,,,,,
2026-04-02,,,,,,,,,,,,,,,,,,,,,,,
2026-04-02,,,,,,f,06:00:00,07:00:00,60.00000000000003,4.0,,,5.0,5.0,,,,,,,,,
2026-04-02,,,,,,,,,,,,,,,,,,,,,,,
2026-04-02,,,,,,,,,,,,,,,,,,,,,,,
2026-04-02,,,,,,f,07:00:00,08:00:00,59.99999999999995,4.0,,,4.0,4.0,,,10,,,OP 90,TB. Verschmutzt (Schleifen),,
2026-04-02,,,,,,,,,,,,,,,,,,,,,,,
2026-04-02,,,,,,,,,,,,,,,,,,,,,,,
2026-04-02,,,,,,f,08:00:00,09:00:00,60.00000000000003,4.0,,,4.0,4.0,,,,,10.0,OP 110,TB. Schleifen ( kratzer von staplergabel bei beladen),,
2026-04-02,,,,,,,,,,,,,,,,,,,,,,,
2026-04-02,,,,,,,,,,,,,,,,,,,,,,,
2026-04-02,,,,,,f,09:30:00,10:00:00,30.000000000000053,4.0,,,2.0,2.0,,10,,,,R 06,Schweißstörung am Fronius,,
2026-04-02,,,,,,,,,,,,,,,,,,,,,,,
2026-04-02,,,,,,,,,,,,,,,,,,,,,,,
2026-04-02,,,,,,f,10:00:00,11:00:00,59.99999999999995,4.0,,,4.0,4.0,,5,,,,OP10,Parkposition störung,,
2026-04-02,,,,,,,,,,,,,,,,,,,,,,,
2026-04-02,,,,,,,,,,,,,,,,,,,,,,,
2026-04-02,,,,,,f,11:00:00,12:00:00,60.00000000000003,4.0,,,5.0,5.0,,,,,,,,,
2026-04-02,,,,,,,,,,,,,,,,,,,,,,,
2026-04-02,,,,,,,,,,,,,,,,,,,,,,,
2026-04-02,,,,,,f,12:00:00,13:15:00,75.00000000000006,4.0,,,5.0,5.0,,,,,,,,,
2026-04-02,,,,,,,,,,,,,,,,,,,,,,,
2026-04-02,,,,,,,13:15:00,14:00:00,45.0,6.0,,,4.0,4.0,,,,15,,,Wartungsplan,,
2026-04-02,,,,,,f,04:45:00,06:00:00,75.00000000000001,4.0,,,4.0,4.0,,,,15,,,Wartungsplan,,
2026-04-02,,,,,,,,,,,,,,,,,,,,,,,
2026-04-02,,,,,,,,,,,,,,,,,,15,,,Reinigung + Werkzeug einschließen,,
2026-04-02,,,,,,,14:00:00,15:00:00,59.99999999999995,6.0,,,6.0,6.0,,,,,,,,,
2026-04-02,,,,,,s,,,,,,,,,,,,,,,,,
2026-04-02,,,,,,,,,,,,,,,,,10,,,,Schweißnahtqualität schlecht nacharbeiten ( Zuschnittmaße . Von 953 Blech N.I.O ),2,
2026-04-02,,,,,,,15:00:00,16:00:00,59.99999999999995,6.0,,,3.0,3.0,,,25,,,,Schweißnahtqualität schlecht nacharbeiten ( Zuschnittmaße . Von 953 Blech N.I.O ),3,
2026-04-02,,,,,,s,,,,,,,,,,,10,,,,Warten auf neue Bleche,,
2026-04-02,,,,,,,,,,,,,,,,,,,,,"Anlage leer gefahren ,Auffüllen",,
2026-04-02,,,,,,,16:00:00,17:00:00,60.00000000000011,6.0,,,6.0,6.0,,,,,,,,,
2026-04-02,,,,,,s,,,,,,,,,,,,,,,,,
2026-04-02,,,,,,,,,,,,,,,,10,,,,R 07,Drahtfasswechsel,,
2026-04-02,,,,,,,17:30:00,18:00:00,30.000000000000053,6.0,,,1.0,1.0,,5,,,,R 07,Drahtfasswechsel,,
2026-04-02,,,,,,s,,,,,,,,,,,,,,,"Anlage leer gefahren ,Auffüllen",,
2026-04-02,,,,,,,,,,,,,,,,,,,,,,,
2026-04-02,,,,,,,18:00:00,19:00:00,59.99999999999995,6.0,,,6.0,6.0,,,,,,,,,
2026-04-02,,,,,,s,,,,,,,,,,,,,,,,,
2026-04-02,,,,,,,,,,,,,,,,,,,,,,,
2026-04-02,,,,,,,19:00:00,20:00:00,60.00000000000011,6.0,,,6.0,6.0,,,,,,,,,
2026-04-02,,,,,,s,,,,,,,,,,,,,,,,,
2026-04-02,,,,,,,,,,,,,,,,,8,,,,TB. Verschmutzt (Schleifen),2,
2026-04-02,,,,,,,20:00:00,21:00:00,59.99999999999995,6.0,,,5.0,5.0,,,,,,,,,
2026-04-02,,,,,,s,,,,,,,,,,,12,,,,TB. Verschmutzt (Schleifen),3,
2026-04-02,,,,,,,,,,,,,,,,,,,,,,,
2026-04-02,,,,,,,,,,,,,,,,,,,,,,,
2026-04-02,,,,,,,21:00:00,21:45:00,45.0,6.0,,,2.0,2.0,,,8,,,,,2,
2026-04-02,,,,,,s,,,,,,,,,,,,,,,,,
2026-04-02,,,,,,,,,,,,,,,,,,15,,,Reinigung,,
2026-04-02,,,,,,,,,,,,,,,,,,,,,,,
2026-04-02,,,,,,f,06:00:00,07:00:00,60.00000000000003,4.0,,,5.0,5.0,,,,,,,,,
2026-04-02,,,,,,,,,,,,,,,,,,,,,,,
2026-04-02,,,,,,,,,,,,,,,,,,,,,,,
2026-04-02,,,,,,f,07:00:00,08:00:00,59.99999999999995,4.0,,,4.0,4.0,,,10,,,OP 90,TB. Verschmutzt (Schleifen),,
2026-04-02,,,,,,,,,,,,,,,,,,,,,,,
2026-04-02,,,,,,,,,,,,,,,,,,,,,,,
2026-04-02,,,,,,f,08:00:00,09:00:00,60.00000000000003,4.0,,,4.0,4.0,,,,,10.0,OP 110,TB. Schleifen ( kratzer von staplergabel bei beladen),,
2026-04-02,,,,,,,,,,,,,,,,,,,,,,,
2026-04-02,,,,,,,,,,,,,,,,,,,,,,,
2026-04-02,,,,,,f,09:30:00,10:00:00,30.000000000000053,4.0,,,2.0,2.0,,10,,,,R 06,Schweißstörung am Fronius,,
2026-04-02,,,,,,,,,,,,,,,,,,,,,,,
2026-04-02,,,,,,,,,,,,,,,,,,,,,,,
2026-04-02,,,,,,f,10:00:00,11:00:00,59.99999999999995,4.0,,,4.0,4.0,,5,,,,OP10,Parkposition störung,,
2026-04-02,,,,,,,,,,,,,,,,,,,,,,,
2026-04-02,,,,,,,,,,,,,,,,,,,,,,,
2026-04-02,,,,,,f,11:00:00,12:00:00,60.00000000000003,4.0,,,5.0,5.0,,,,,,,,,
2026-04-02,,,,,,,,,,,,,,,,,,,,,,,
2026-04-02,,,,,,,,,,,,,,,,,,,,,,,
2026-04-02,,,,,,f,12:00:00,13:15:00,75.00000000000006,4.0,,,5.0,5.0,,,,,,,,,
2026-04-02,,,,,,,,,,,,,,,,,,,,,,,
2026-04-02,,,,,,,,,,,,,,,,,,,,,,,
2026-04-02,,,,,,s,,,,,,,,,,,,,,,,,
2026-04-07,,,,,,,,,,,,,,,,,,,,,,,
2026-04-07,,,,,,f,04:45:00,06:00:00,75.00000000000001,4.0,,,4.0,4.0,,,,15,,,Wartungsplan,,
2026-04-07,,,,,,,13:15:00,14:00:00,45.0,4.0,,2.0,,2.0,,,,15,,,Wartungsplan,,
2026-04-07,,,,,,,,,0.0,,,,,,,,,,,,,,
2026-04-07,,,,,,,,,,,,,,,,,,15,,,Reinigung,,
2026-04-07,,,,,,,,,,,,,,,,,,,,,,,
2026-04-07,,,,,,f,12:00:00,13:15:00,75.00000000000006,5.0,,3.0,,3.0,,,,,15.0,, Falsche Bleche in der Anlage ( Soll 085 auf Gestell ist 283.),,
2026-04-07,,,,,,,,,,,,,,,,,,,,,,,
2026-04-07,,,,,,,,,,,,,,,,,,,,,,,
2026-04-07,,,,,,f,11:00:00,12:00:00,60.00000000000003,5.0,,2.0,3.0,5.0,,,,,,,,,
2026-04-07,,,,,,,,,,,,,,,,,,,,,,,
2026-04-07,,,,,,,,,,,,,,,,,,,,,,,
2026-04-07,,,,,,f,10:00:00,11:00:00,59.99999999999995,5.0,,,5.0,5.0,,,,,,,,,
2026-04-07,,,,,,,,,,,,,,,,,,,,,,,
2026-04-07,,,,,,,,,,,,,,,,,,,,,,,
2026-04-07,,,,,,f,09:30:00,10:00:00,30.000000000000053,4.0,,,3.0,3.0,,,,,,,,,
2026-04-07,,,,,,,,,,,,,,,,,,,,,,,
2026-04-07,,,,,,,,,,,,,,,,,,,,,,,
2026-04-07,,,,,,f,08:00:00,09:00:00,60.00000000000003,4.0,,,5.0,5.0,,,,,,,,,
2026-04-07,,,,,,,,,,,,,,,,,,,,,,,
2026-04-07,,,,,,,,,,,,,,,,,,,,,,,
2026-04-07,,,,,,f,07:00:00,08:00:00,59.99999999999995,4.0,,,6.0,6.0,,,,,,,,,
2026-04-07,,,,,,,,,,,,,,,,,,,,,,,
2026-04-07,,,,,,,,,,,,,,,,,,,,,,,
2026-04-07,,,,,,,,,,,,,,,,,,30,,,Betriebsversammlung,,
2026-04-07,,,,,,,14:00:00,15:00:00,59.99999999999995,4.0,,4.0,,4.0,,,,,,,,,
2026-04-07,,,,,,s,,,,,,,,,,,,,,,,,
2026-04-07,,,,,,,,,,,,,,,,,12,,,,TB. Verschmutzt (Schleifen),4,
2026-04-07,,,,,,,21:00:00,21:45:00,45.0,4.0,1.0,,,1.0,,45,,,,,Problembeseitigung und Anlage voll fahren urch Robtech-,,Daten verloren. Räumen
2026-04-07,,,,,,s,,,,,,,,,,,,,,,,,
2026-04-07,,,,,,,,,,,,,,,,,,,,,,,
2026-04-07,,,,,,,20:00:00,21:00:00,59.99999999999995,5.0,,,1.0,1.0,,20,,,,R 07,Schweißt ununterbrochen- KCP auf t1 schweißt weiter. R07 neustarten,,
2026-04-07,,,,,,,,,,,,,,,,,,,,,,,
2026-04-07,,,,,,s,,,,,,,,,,,,,,R 07,Gibt Keine Freigabe an R 05. Robtech vor Ort.,,
2026-04-07,,,,,,,19:00:00,20:00:00,60.00000000000011,5.0,,,4.0,4.0,,15,,,,R 07,Zündfehler. Brenner tauschen,,
2026-04-07,,,,,,,,,,,,,,,,,,,,,,,
2026-04-07,,,,,,s,,,,,,,,,,,,,,,,,
2026-04-07,,,,,,f,06:00:00,07:00:00,60.00000000000003,4.0,,,5.0,5.0,,,15,,,,TB. Verschmutzt (Schleifen),5,
2026-04-07,,,,,,,18:00:00,19:00:00,59.99999999999995,5.0,,,6.0,6.0,,,,,,,,,
2026-04-07,,,,,,s,,,,,,,,,,,,,,,,,
2026-04-07,,,,,,,17:30:00,18:00:00,30.000000000000053,5.0,,,1.0,1.0,,,,,,,Mehr nacharbeit da Bleche nicht IO.,,
2026-04-07,,,,,,,,,,,,,,,,,,,,,,,
2026-04-07,,,,,,,,,,,,,,,,,,,,,,,
2026-04-07,,,,,,s,,,,,,,,,,,,,,,,,
2026-04-07,,,,,,,16:00:00,17:00:00,60.00000000000011,5.0,,5.0,,5.0,,,,,,,,,
2026-04-07,,,,,,,,,,,,,,,,,,,,,,,
2026-04-07,,,,,,s,,,,,,,,,,,,,,,,,
2026-04-07,,,,,,,15:00:00,16:00:00,59.99999999999995,5.0,,7.0,,7.0,,,,,,,,,
2026-04-07,,,,,,,,,,,,,,,,,,,,,,,
2026-04-07,,,,,,,,,,,,,,,,,,,,,,,
2026-04-07,,,,,,s,,,,,,,,,,,,,,,,,
2026-04-07,,,,,,,,,0.0,,,,,,,,,,,,,,
2026-04-07,,,,,,,,,,,,,,,,,12,,,,TB. Verschmutzt (Schleifen),4,
2026-04-07,,,,,,,14:00:00,15:00:00,59.99999999999995,4.0,,4.0,,4.0,,,,,,,,,
2026-04-07,,,,,,s,,,,,,,,,,,,,,,,,
2026-04-07,,,,,,,,,,,,,,,,,,,,,,,
2026-04-07,,,,,,,15:00:00,16:00:00,59.99999999999995,5.0,,7.0,,7.0,,,,,,,,,
2026-04-07,,,,,,s,,,,,,,,,,,,,,,,,
2026-04-07,,,,,,,,,,,,,,,,,,,,,,,
2026-04-07,,,,,,,16:00:00,17:00:00,60.00000000000011,5.0,,5.0,,5.0,,,,,,,,,
2026-04-07,,,,,,s,,,,,,,,,,,,,,,,,
2026-04-07,,,,,,,,,,,,,,,,,,,,,,,
2026-04-07,,,,,,,17:30:00,18:00:00,30.000000000000053,5.0,,,1.0,1.0,,,,,,,Mehr nacharbeit da Bleche nicht IO.,,
2026-04-07,,,,,,s,,,,,,,,,,,,,,,,,
2026-04-07,,,,,,,,,,,,,,,,,,,,,,,
2026-04-07,,,,,,,18:00:00,19:00:00,59.99999999999995,5.0,,,6.0,6.0,,,,,,,,,
2026-04-07,,,,,,s,,,,,,,,,,,,,,,,,
2026-04-07,,,,,,,,,,,,,,,,,,,,,,,
2026-04-07,,,,,,,19:00:00,20:00:00,60.00000000000011,5.0,,,4.0,4.0,,15,,,,R 07,Zündfehler. Brenner tauschen,,
2026-04-07,,,,,,s,,,,,,,,,,,,,,R 07,Gibt Keine Freigabe an R 05. Robtech vor Ort.,,
2026-04-07,,,,,,,,,,,,,,,,,,,,,,,
2026-04-07,,,,,,,20:00:00,21:00:00,59.99999999999995,5.0,,,1.0,1.0,,20,,,,R 07,Schweißt ununterbrochen- KCP auf t1 schweißt weiter. R07 neustarten,,
2026-04-07,,,,,,s,,,,,,,,,,30,,,,,Daten verloren OP 30. Robtech vor Ort,,
2026-04-07,,,,,,,,,,,,,,,,,,,,,,,
2026-04-07,,,,,,,21:00:00,21:45:00,45.0,4.0,1.0,,,1.0,,45,,,,,Problembeseitigung und Anlage voll fahren urch Robtech-,,Daten verloren. Räumen
2026-04-07,,,,,,s,,,,,,,,,,,,,,,,,
2026-04-07,,,,,,,,,,,,,,,,,,30,,,Betriebsversammlung,,
2026-04-07,,,,,,s,,,,,,,,,,,,,,,,,
2026-04-07,,,,,,,13:15:00,14:00:00,45.0,4.0,,2.0,,2.0,,,,15,,,Wartungsplan,,
2026-04-07,,,,,,,,,0.0,,,,,,,,,,,,,,
2026-04-07,,,,,,f,04:45:00,06:00:00,75.00000000000001,4.0,,,4.0,4.0,,,,15,,,Wartungsplan,,
2026-04-07,,,,,,,,,,,,,,,,,12,,,,TB. Verschmutzt (Schleifen),4,
2026-04-07,,,,,,,,,,,,,,,,,,,,,,,
2026-04-07,,,,,,f,06:00:00,07:00:00,60.00000000000003,4.0,,,5.0,5.0,,,15,,,,TB. Verschmutzt (Schleifen),5,
2026-04-07,,,,,,,,,,,,,,,,,,,,,,,
2026-04-07,,,,,,,,,,,,,,,,,,,,,,,
2026-04-07,,,,,,f,07:00:00,08:00:00,59.99999999999995,4.0,,,6.0,6.0,,,,,,,,,
2026-04-07,,,,,,,,,,,,,,,,,,,,,,,
2026-04-07,,,,,,,,,,,,,,,,,,,,,,,
2026-04-07,,,,,,f,08:00:00,09:00:00,60.00000000000003,4.0,,,5.0,5.0,,,,,,,,,
2026-04-07,,,,,,,,,,,,,,,,,,,,,,,
2026-04-07,,,,,,,,,,,,,,,,,,,,,,,
2026-04-07,,,,,,,,,,,,,,,,,,,,,,,
2026-04-07,,,,,,,,,,,,,,,,,,,,,,,
2026-04-07,,,,,,,,,,,,,,,,,,,,,,,
2026-04-07,,,,,,f,10:00:00,11:00:00,59.99999999999995,5.0,,,5.0,5.0,,,,,,,,,
2026-04-07,,,,,,,,,,,,,,,,,,,,,,,
2026-04-07,,,,,,,,,,,,,,,,,,,,,,,
2026-04-07,,,,,,f,11:00:00,12:00:00,60.00000000000003,5.0,,2.0,3.0,5.0,,,,,,,,,
2026-04-07,,,,,,,,,,,,,,,,,,,,,,,
2026-04-07,,,,,,,,,,,,,,,,,,,,,,,
2026-04-07,,,,,,f,12:00:00,13:15:00,75.00000000000006,5.0,,3.0,,3.0,,,,,15.0,, Falsche Bleche in der Anlage ( Soll 085 auf Gestell ist 283.),,
2026-04-07,,,,,,,,,,,,,,,,,,,,,,,
2026-04-07,,,,,,,,,,,,,,,,,,15,,,Reinigung,,
2026-04-07,,,,,,f,09:30:00,10:00:00,30.000000000000053,4.0,,,3.0,3.0,,,,,,,,,
2026-04-07,,,,,,f,04:45:00,06:00:00,75.00000000000001,4.0,,,4.0,4.0,,,,15,,,Wartungsplan,,
2026-04-07,,,,,,s,,,,,,,,,,30,,,,,Daten verloren OP 30. Robtech vor Ort,,
2026-04-07,,,,,,f,09:30:00,10:00:00,30.000000000000053,4.0,,,3.0,3.0,,,,,,,,,
2026-04-07,,,,,,,,,,,,,,,,,,30,,,Betriebsversammlung,,
2026-04-07,,,,,,,14:00:00,15:00:00,59.99999999999995,4.0,,4.0,,4.0,,,,,,,,,
2026-04-07,,,,,,s,,,,,,,,,,,,,,,,,
2026-04-07,,,,,,,,,,,,,,,,,,,,,,,
2026-04-07,,,,,,,15:00:00,16:00:00,59.99999999999995,5.0,,7.0,,7.0,,,,,,,,,
2026-04-07,,,,,,s,,,,,,,,,,,,,,,,,
2026-04-07,,,,,,s,,,,,,,,,,,,,,,,,
2026-04-07,,,,,,,,,,,,,,,,,,,,,,,
2026-04-07,,,,,,s,,,,,,,,,,,,,,,,,
2026-04-07,,,,,,,,,,,,,,,,,,,,,,,
2026-04-07,,,,,,,17:30:00,18:00:00,30.000000000000053,5.0,,,1.0,1.0,,,,,,,Mehr nacharbeit da Bleche nicht IO.,,
2026-04-07,,,,,,s,,,,,,,,,,,,,,,,,
2026-04-07,,,,,,,,,,,,,,,,,,,,,,,
2026-04-07,,,,,,,18:00:00,19:00:00,59.99999999999995,5.0,,,6.0,6.0,,,,,,,,,
2026-04-07,,,,,,,16:00:00,17:00:00,60.00000000000011,5.0,,5.0,,5.0,,,,,,,,,
2026-04-07,,,,,,s,,,,,,,,,,,,,,,,,
2026-04-07,,,,,,,13:15:00,14:00:00,45.0,4.0,,2.0,,2.0,,,,15,,,Wartungsplan,,
2026-04-07,,,,,,,,,,,,,,,,,,,,,,,
2026-04-07,,,,,,,,,,,,,,,,,,,,,,,
2026-04-07,,,,,,f,11:00:00,12:00:00,60.00000000000003,5.0,,2.0,3.0,5.0,,,,,,,,,
2026-04-07,,,,,,,,,,,,,,,,,,,,,,,
2026-04-07,,,,,,,,,,,,,,,,,,,,,,,
2026-04-07,,,,,,f,10:00:00,11:00:00,59.99999999999995,5.0,,,5.0,5.0,,,,,,,,,
2026-04-07,,,,,,,,,,,,,,,,,,,,,,,
2026-04-07,,,,,,,,,,,,,,,,,,15,,,Reinigung,,
2026-04-07,,,,,,,,,,,,,,,,,,,,,,,
2026-04-07,,,,,,,,,,,,,,,,,,,,,,,
2026-04-07,,,,,,,,,,,,,,,,,,,,,,,
2026-04-07,,,,,,f,08:00:00,09:00:00,60.00000000000003,4.0,,,5.0,5.0,,,,,,,,,
2026-04-07,,,,,,,,,,,,,,,,,,,,,,,
2026-04-07,,,,,,,,,,,,,,,,,,,,,,,
2026-04-07,,,,,,f,07:00:00,08:00:00,59.99999999999995,4.0,,,6.0,6.0,,,,,,,,,
2026-04-07,,,,,,,,,,,,,,,,,,,,,,,
2026-04-07,,,,,,,,,,,,,,,,,,,,,,,
2026-04-07,,,,,,,19:00:00,20:00:00,60.00000000000011,5.0,,,4.0,4.0,,15,,,,R 07,Zündfehler. Brenner tauschen,,
2026-04-07,,,,,,s,,,,,,,,,,,,,,R 07,Gibt Keine Freigabe an R 05. Robtech vor Ort.,,
2026-04-07,,,,,,,,,,,,,,,,,,,,,,,
2026-04-07,,,,,,f,06:00:00,07:00:00,60.00000000000003,4.0,,,5.0,5.0,,,15,,,,TB. Verschmutzt (Schleifen),5,
2026-04-07,,,,,,,,,,,,,,,,,,,,,,,
2026-04-07,,,,,,,,,,,,,,,,,,,,,,,
2026-04-07,,,,,,,,,,,,,,,,,,,,,,,
2026-04-07,,,,,,f,12:00:00,13:15:00,75.00000000000006,5.0,,3.0,,3.0,,,,,15.0,, Falsche Bleche in der Anlage ( Soll 085 auf Gestell ist 283.),,
2026-04-07,,,,,,,21:00:00,21:45:00,45.0,4.0,1.0,,,1.0,,45,,,,,Problembeseitigung und Anlage voll fahren urch Robtech-,,Daten verloren. Räumen
2026-04-07,,,,,,,,,,,,,,,,,,,,,,,
2026-04-07,,,,,,,20:00:00,21:00:00,59.99999999999995,5.0,,,1.0,1.0,,20,,,,R 07,Schweißt ununterbrochen- KCP auf t1 schweißt weiter. R07 neustarten,,
2026-04-07,,,,,,s,,,,,,,,,,30,,,,,Daten verloren OP 30. Robtech vor Ort,,
2026-04-07,,,,,,,,,,,,,,,,,,,,,,,
2026-04-07,,,,,,s,,,,,,,,,,,,,,,,,
2026-04-08,,,,,,,,,,,,,,,,,10,,,,TB. Verschmutzt (Schleifen),2,
2026-04-08,,,,,,f,11:00:00,12:00:00,60.00000000000003,4.0,,,3.0,3.0,,,,,,,,,
2026-04-08,,,,,,,,,,,,,,,,,,,,,,,
2026-04-08,,,,,,,,,,,,,,,,,,,,,,,
2026-04-08,,,,,,f,10:00:00,11:00:00,59.99999999999995,4.0,,,4.0,4.0,,,,,,,,,
2026-04-08,,,,,,,,,,,,,,,,,,,,,,,
2026-04-08,,,,,,,,,,,,,,,,,,,,,,,
2026-04-08,,,,,,f,09:30:00,10:00:00,30.000000000000053,4.0,,,2.0,2.0,,,,,,,,,
2026-04-08,,,,,,,,,,,,,,,,,,,,,,,
2026-04-08,,,,,,,,,,,,,,,,,,,,,,,
2026-04-08,,,,,,,,,,,,,,,,,,,,,,,
2026-04-08,,,,,,,,,,,,,,,,,,,,,,,
2026-04-08,,,,,,,,,,,,,,,,,,,,,,,
2026-04-08,,,,,,,,,,,,,,,,,,,,,,,
2026-04-08,,,,,,f,06:00:00,07:00:00,60.00000000000003,5.0,,,5.0,5.0,,,,,,,,,
2026-04-08,,,,,,,,,,,,,,,,,,,,,,,
2026-04-08,,,,,,,,,,,,,,,,,,,,,,,
2026-04-08,,,,,,f,04:45:00,06:00:00,75.00000000000001,5.0,,,5.0,5.0,,,,15,,,Wartungsplan,,
2026-04-08,,,,,,,,,,,,,,,,,,,,,,,
2026-04-08,,,,,,,,,,,,,,,,,,,,,,,
2026-04-08,,,,,,f,04:45:00,06:00:00,75.00000000000001,5.0,,,5.0,5.0,,,,15,,,Wartungsplan,,
2026-04-08,,,,,,f,08:00:00,09:00:00,60.00000000000003,4.0,,,4.0,4.0,,,,,,,,,
2026-04-08,,,,,,f,07:00:00,08:00:00,59.99999999999995,5.0,,,5.0,5.0,,,,,,,,,
2026-04-08,,,,,,,,,,,,,,,,,,,,,,,
2026-04-08,,,,,,,,,,,,,,,,,,15,,,Reinigung + Werkzeug einschließen,,
2026-04-08,,,,,,,,,,,,,,,,,,,,,,,
2026-04-08,,,,,,f,12:00:00,13:15:00,75.00000000000006,4.0,,,4.0,4.0,,,,,,,,,
2026-04-08,,,,,,,,,,,,,,,,,,,,,,,
2026-04-08,,,,,,,,,,,,,,,,,10,,,,TB. Verschmutzt (Schleifen),2,
2026-04-08,,,,,,f,11:00:00,12:00:00,60.00000000000003,4.0,,,3.0,3.0,,,,,,,,,
2026-04-08,,,,,,,,,,,,,,,,,,,,,,,
2026-04-08,,,,,,,,,,,,,,,,,,,,,,,
2026-04-08,,,,,,f,10:00:00,11:00:00,59.99999999999995,4.0,,,4.0,4.0,,,,,,,,,
2026-04-08,,,,,,,,,,,,,,,,,,,,,,,
2026-04-08,,,,,,,,,,,,,,,,,,,,,,,
2026-04-08,,,,,,f,09:30:00,10:00:00,30.000000000000053,4.0,,,2.0,2.0,,,,,,,,,
2026-04-08,,,,,,,,,,,,,,,,,,,,,,,
2026-04-08,,,,,,,,,,,,,,,,,,,,,,,
2026-04-08,,,,,,f,08:00:00,09:00:00,60.00000000000003,4.0,,,4.0,4.0,,,,,,,,,
2026-04-08,,,,,,,,,,,,,,,,,,,,,,,
2026-04-08,,,,,,,,,,,,,,,,,,,,,,,
2026-04-08,,,,,,f,07:00:00,08:00:00,59.99999999999995,5.0,,,5.0,5.0,,,,,,,,,
2026-04-08,,,,,,,,,,,,,,,,,,,,,,,
2026-04-08,,,,,,,,,,,,,,,,,,,,,,,
2026-04-08,,,,,,f,06:00:00,07:00:00,60.00000000000003,5.0,,,5.0,5.0,,,,,,,,,
2026-04-08,,,,,,,,,,,,,,,,,,,,,,,
2026-04-08,,,,,,,,,,,,,,,,,,,,,,,
2026-04-08,,,,,,f,04:45:00,06:00:00,75.00000000000001,5.0,,,5.0,5.0,,,,15,,,Wartungsplan,,
2026-04-08,,,,,,,,,,,,,,,,,,15,,,Reinigung,,
2026-04-08,,,,,,,,,,,,,,,,,,,,,,,
2026-04-08,,,,,,,13:15:00,14:00:00,45.0,4.0,,,4.0,4.0,,,,15,,,Wartungsplan,,
2026-04-08,,,,,,,,,,,,,,,,,,,,,,,
2026-04-08,,,,,,s,,,,,,,,,,,,,,,,,
2026-04-08,,,,,,,21:00:00,21:45:00,45.0,4.0,,,2.0,2.0,,,,,,,Keine Aufträge mehr ,,
2026-04-08,,,,,,,,,,,,,,,,,,,,,,,
2026-04-08,,,,,,s,,,,,,,,,,,,,,,,,
2026-04-08,,,,,,,20:00:00,21:00:00,59.99999999999995,4.0,,,5.0,5.0,,,,,,,,,
2026-04-08,,,,,,,,,,,,,,,,,,,,,,,
2026-04-08,,,,,,s,,,,,,,,,,,,,,,,,
2026-04-08,,,,,,,19:00:00,20:00:00,60.00000000000011,4.0,,,5.0,5.0,,,,,,,,,
2026-04-08,,,,,,,,,,,,,,,,,,,,,,,
2026-04-08,,,,,,s,,,,,,,,,,,,,,,,,
2026-04-08,,,,,,,18:00:00,19:00:00,59.99999999999995,4.0,,,5.0,5.0,,,,,,,,,
2026-04-08,,,,,,,,,,,,,,,,,,,,,,,
2026-04-08,,,,,,s,,,,,,,,,,,,,,,,,
2026-04-08,,,,,,,17:30:00,18:00:00,30.000000000000053,4.0,,,2.0,2.0,,,,,,,,,
2026-04-08,,,,,,,,,,,,,,,,,,,,,,,
2026-04-08,,,,,,s,,,,,,,,,,,,,,,,,
2026-04-08,,,,,,,16:00:00,17:00:00,60.00000000000011,4.0,,,5.0,5.0,,,,,,,,,
2026-04-08,,,,,,,,,,,,,,,,,,,,,,,
2026-04-08,,,,,,s,,,,,,,,,,,,,,,,,
2026-04-08,,,,,,,15:00:00,16:00:00,59.99999999999995,4.0,,,4.0,4.0,,,,,,,,,
2026-04-08,,,,,,,,,,,,,,,,,,,,,,,
2026-04-08,,,,,,s,,,,,,,,,,,,,,,,,
2026-04-08,,,,,,,14:00:00,15:00:00,59.99999999999995,4.0,,,4.0,4.0,,,,,,,STW Nacharbeiten ,1,
2026-04-08,,,,,,s,,,,,,,,,,,,,,,,,
2026-04-08,,,,,,,,,,,,,,,,,,,,,,,
2026-04-08,,,,,,f,12:00:00,13:15:00,75.00000000000006,4.0,,,4.0,4.0,,,,,,,,,
2026-04-08,,,,,,,,,,,,,,,,,,15,,,Reinigung,,
2026-04-08,,,,,,,15:00:00,16:00:00,59.99999999999995,4.0,,,4.0,4.0,,,,,,,,,
2026-04-08,,,,,,s,,,,,,,,,,,,,,,,,
2026-04-08,,,,,,,,,,,,,,,,,,,,,,,
2026-04-08,,,,,,,16:00:00,17:00:00,60.00000000000011,4.0,,,5.0,5.0,,,,,,,,,
2026-04-08,,,,,,s,,,,,,,,,,,,,,,,,
2026-04-08,,,,,,,,,,,,,,,,,,,,,,,
2026-04-08,,,,,,,17:30:00,18:00:00,30.000000000000053,4.0,,,2.0,2.0,,,,,,,,,
2026-04-08,,,,,,s,,,,,,,,,,,,,,,,,
2026-04-08,,,,,,,,,,,,,,,,,,,,,,,
2026-04-08,,,,,,,,,,,,,,,,,,,,,,,
2026-04-08,,,,,,,18:00:00,19:00:00,59.99999999999995,4.0,,,5.0,5.0,,,,,,,,,
2026-04-08,,,,,,,,,,,,,,,,,,,,,,,
2026-04-08,,,,,,,19:00:00,20:00:00,60.00000000000011,4.0,,,5.0,5.0,,,,,,,,,
2026-04-08,,,,,,s,,,,,,,,,,,,,,,,,
2026-04-08,,,,,,,,,,,,,,,,,,,,,,,
2026-04-08,,,,,,,20:00:00,21:00:00,59.99999999999995,4.0,,,5.0,5.0,,,,,,,,,
2026-04-08,,,,,,s,,,,,,,,,,,,,,,,,
2026-04-08,,,,,,,,,,,,,,,,,,,,,,,
2026-04-08,,,,,,,21:00:00,21:45:00,45.0,4.0,,,2.0,2.0,,,,,,,Keine Aufträge mehr ,,
2026-04-08,,,,,,s,,,,,,,,,,,,,,,,,
2026-04-08,,,,,,s,,,,,,,,,,,,,,,,,
2026-04-08,,,,,,,,,,,,,,,,,,15,,,Reinigung + Werkzeug einschließen,,
2026-04-08,,,,,,s,,,,,,,,,,,,,,,,,
2026-04-08,,,,,,,,,,,,,,,,,,,,,,,
2026-04-08,,,,,,f,07:00:00,08:00:00,59.99999999999995,5.0,,,5.0,5.0,,,,,,,,,
2026-04-08,,,,,,,,,,,,,,,,,,,,,,,
2026-04-08,,,,,,,,,,,,,,,,,,,,,,,
2026-04-08,,,,,,f,08:00:00,09:00:00,60.00000000000003,4.0,,,4.0,4.0,,,,,,,,,
2026-04-08,,,,,,,,,,,,,,,,,,,,,,,
2026-04-08,,,,,,,,,,,,,,,,,,,,,,,
2026-04-08,,,,,,f,09:30:00,10:00:00,30.000000000000053,4.0,,,2.0,2.0,,,,,,,,,
2026-04-08,,,,,,,,,,,,,,,,,,,,,,,
2026-04-08,,,,,,,,,,,,,,,,,,,,,,,
2026-04-08,,,,,,,14:00:00,15:00:00,59.99999999999995,4.0,,,4.0,4.0,,,,,,,STW Nacharbeiten ,1,
2026-04-08,,,,,,f,10:00:00,11:00:00,59.99999999999995,4.0,,,4.0,4.0,,,,,,,,,
2026-04-08,,,,,,,,,,,,,,,,,,,,,,,
2026-04-08,,,,,,f,11:00:00,12:00:00,60.00000000000003,4.0,,,3.0,3.0,,,,,,,,,
2026-04-08,,,,,,,,,,,,,,,,,10,,,,TB. Verschmutzt (Schleifen),2,
2026-04-08,,,,,,,,,,,,,,,,,,,,,,,
2026-04-08,,,,,,f,12:00:00,13:15:00,75.00000000000006,4.0,,,4.0,4.0,,,,,,,,,
2026-04-08,,,,,,,,,,,,,,,,,,,,,,,
2026-04-08,,,,,,,,,,,,,,,,,,15,,,Reinigung,,
2026-04-08,,,,,,,13:15:00,14:00:00,45.0,4.0,,,4.0,4.0,,,,15,,,Wartungsplan,,
2026-04-08,,,,,,s,,,,,,,,,,,,,,,,,
2026-04-08,,,,,,,,,,,,,,,,,,,,,,,
2026-04-08,,,,,,,,,,,,,,,,,,,,,,,
2026-04-08,,,,,,s,,,,,,,,,,,,,,,,,
2026-04-08,,,,,,,,,,,,,,,,,,,,,,,
2026-04-08,,,,,,,,,,,,,,,,,,15,,,Reinigung + Werkzeug einschließen,,
2026-04-08,,,,,,f,06:00:00,07:00:00,60.00000000000003,5.0,,,5.0,5.0,,,,,,,,,
2026-04-08,,,,,,,21:00:00,21:45:00,45.0,4.0,,,2.0,2.0,,,,,,,Keine Aufträge mehr ,,
2026-04-08,,,,,,,,,,,,,,,,,,,,,,,
2026-04-08,,,,,,s,,,,,,,,,,,,,,,,,
2026-04-08,,,,,,,20:00:00,21:00:00,59.99999999999995,4.0,,,5.0,5.0,,,,,,,,,
2026-04-08,,,,,,,,,,,,,,,,,,,,,,,
2026-04-08,,,,,,s,,,,,,,,,,,,,,,,,
2026-04-08,,,,,,,19:00:00,20:00:00,60.00000000000011,4.0,,,5.0,5.0,,,,,,,,,
2026-04-08,,,,,,s,,,,,,,,,,,,,,,,,
2026-04-08,,,,,,,18:00:00,19:00:00,59.99999999999995,4.0,,,5.0,5.0,,,,,,,,,
2026-04-08,,,,,,s,,,,,,,,,,,,,,,,,
2026-04-08,,,,,,,,,,,,,,,,,,,,,,,
2026-04-08,,,,,,,,,,,,,,,,,,,,,,,
2026-04-08,,,,,,,13:15:00,14:00:00,45.0,4.0,,,4.0,4.0,,,,15,,,Wartungsplan,,
2026-04-08,,,,,,s,,,,,,,,,,,,,,,,,
2026-04-08,,,,,,,,,,,,,,,,,,,,,,,
2026-04-08,,,,,,,14:00:00,15:00:00,59.99999999999995,4.0,,,4.0,4.0,,,,,,,STW Nacharbeiten ,1,
2026-04-08,,,,,,s,,,,,,,,,,,,,,,,,
2026-04-08,,,,,,,17:30:00,18:00:00,30.000000000000053,4.0,,,2.0,2.0,,,,,,,,,
2026-04-08,,,,,,,,,,,,,,,,,,,,,,,
2026-04-08,,,,,,s,,,,,,,,,,,,,,,,,
2026-04-08,,,,,,,,,,,,,,,,,,,,,,,
2026-04-08,,,,,,,16:00:00,17:00:00,60.00000000000011,4.0,,,5.0,5.0,,,,,,,,,
2026-04-08,,,,,,s,,,,,,,,,,,,,,,,,
2026-04-08,,,,,,,15:00:00,16:00:00,59.99999999999995,4.0,,,4.0,4.0,,,,,,,,,
2026-04-09,,,,,,s,,,,,,,,,,,,,,,,,
2026-04-09,,,,,,,20:00:00,21:00:00,59.99999999999995,4.0,,,4.0,4.0,,,,,,,,,
2026-04-09,,,,,,,,,,,,,,,,,,,,,,,
2026-04-09,,,,,,s,,,,,,,,,,,,,,,,,
2026-04-09,,,,,,,15:00:00,16:00:00,59.99999999999995,4.0,,,5.0,5.0,,,,,,,,,
2026-04-09,,,,,,,21:00:00,21:45:00,45.0,4.0,,,0.0,,,,,,,,Anlage leer gefahren ,,
2026-04-09,,,,,,s,,,,,,,,,,,,15,,,Wartungsplan,,
2026-04-09,,,,,,,,,,,,,,,,,,30,,,Reinigung + Werkzeug einschließen,,
2026-04-09,,,,,,,19:00:00,20:00:00,60.00000000000011,4.0,,,5.0,5.0,,,,,,,,,
2026-04-09,,,,,,,,,,,,,,,,,,,,,Keine Aufträge ,,
2026-04-09,,,,,,,,,,,,,,,,,,,,,,,
2026-04-09,,,,,,s,,,,,,,,,,,,,,,,,
2026-04-09,,,,,,,18:00:00,19:00:00,59.99999999999995,4.0,,,5.0,5.0,,,,,,,,,
2026-04-09,,,,,,,,,,,,,,,,,,,,,,,
2026-04-09,,,,,,f,10:00:00,11:00:00,59.99999999999995,4.0,,,6.0,6.0,,,,,,,,,
2026-04-09,,,,,,,,,,,,,,,,,,,,,,,
2026-04-09,,,,,,,,,,,,,,,,,,,,,,,
2026-04-09,,,,,,f,11:00:00,12:00:00,60.00000000000003,4.0,,,4.0,4.0,,,,,,,,,
2026-04-09,,,,,,,,,,,,,,,,,15,,,,Kratzer in der Stirnwand ausbessern.,2,
2026-04-09,,,,,,,,,,,,,,,,,,,,,,,
2026-04-09,,,,,,,,,,,,,,,,,25,,,,STW Rungen Eingebaut ,3,
2026-04-09,,,,,,f,12:00:00,13:15:00,75.00000000000006,4.0,,,4.0,4.0,,,,,,,,,
2026-04-09,,,,,,,,,,,,,,,,,,15,,,Reinigung,,
2026-04-09,,,,,,,13:15:00,14:00:00,45.0,4.0,,,4.0,4.0,,,,15,,,Wartungsplan,,
2026-04-09,,,,,,s,,,,,,,,,,,,,,,,,
2026-04-09,,,,,,,,,,,,,,,,,,,,,,,
2026-04-09,,,,,,,14:00:00,15:00:00,59.99999999999995,4.0,,,1.0,1.0,,,,20,,OP 50,Spanner neu einstellen (RobTech vor Ort),,
2026-04-09,,,,,,s,,,,,,,,,,,,,,,Betriebsrat Wahlen ca. 30 min ,,
2026-04-09,,,,,,,,,,,,,,,,,,,,,,,
2026-04-09,,,,,,,,,,,,,,,,,,,,,,,
2026-04-09,,,,,,s,,,,,,,,,,,,,,,,,
2026-04-09,,,,,,f,09:30:00,10:00:00,30.000000000000053,4.0,,,1.0,1.0,,,,,,,,,
2026-04-09,,,,,,,,,,,,,,,,,,,,,,,
2026-04-09,,,,,,,,,,,,,,,,,,,,,,,
2026-04-09,,,,,,s,,,,,,,,,,,,,,,,,
2026-04-09,,,,,,,17:30:00,18:00:00,30.000000000000053,4.0,,,2.0,2.0,,,,,,,,,
2026-04-09,,,,,,,,,,,,,,,,,,,,,,,
2026-04-09,,,,,,s,,,,,,,,,,,,,,,,,
2026-04-09,,,,,,,16:00:00,17:00:00,60.00000000000011,4.0,,,5.0,5.0,,,,,,,,,
2026-04-09,,,,,,f,04:45:00,06:00:00,75.00000000000001,4.0,,,5.0,5.0,,,,15,,,Wartungsplan,,
2026-04-09,,,,,,,,,,,,,,,,,,,,,,,
2026-04-09,,,,,,,,,,,,,,,,,,,,,,,
2026-04-09,,,,,,f,06:00:00,07:00:00,60.00000000000003,4.0,,2.0,2.0,4.0,,,,,,,,,
2026-04-09,,,,,,,,,,,,,,,,,,,,,,,
2026-04-09,,,,,,,,,,,,,,,,,,,,,,,
2026-04-09,,,,,,f,07:00:00,08:00:00,59.99999999999995,4.0,,,4.0,4.0,,,,,,,,,
2026-04-09,,,,,,,,,,,,,,,,,,,,,,,
2026-04-09,,,,,,,,,,,,,,,,,,,,,,,
2026-04-09,,,,,,f,08:00:00,09:00:00,60.00000000000003,4.0,,,3.0,3.0,,,10,,,,STW Rungen Eingebaut ,1,
2026-04-09,,,,,,,,,,,,,,,,,,,,,,,
2026-04-09,,,,,,,,,,,,,,,,,,,,,,,
2026-04-09,,,,,,,,,,,,,,,,,,,,,,,
2026-04-09,,,,,,,,,,,,,,,,,,,,,,,
2026-04-09,,,,,,s,,,,,,,,,,,,,,,Betriebsrat Wahlen ca. 30 min ,,
2026-04-09,,,,,,,,,,,,,,,,,,,,,,,
2026-04-09,,,,,,,15:00:00,16:00:00,59.99999999999995,4.0,,,5.0,5.0,,,,,,,,,
2026-04-09,,,,,,s,,,,,,,,,,,,,,,,,
2026-04-09,,,,,,,,,,,,,,,,,,,,,,,
2026-04-09,,,,,,,16:00:00,17:00:00,60.00000000000011,4.0,,,5.0,5.0,,,,,,,,,
2026-04-09,,,,,,s,,,,,,,,,,,,,,,,,
2026-04-09,,,,,,,,,,,,,,,,,,,,,,,
2026-04-09,,,,,,,17:30:00,18:00:00,30.000000000000053,4.0,,,2.0,2.0,,,,,,,,,
2026-04-09,,,,,,s,,,,,,,,,,,,,,,,,
2026-04-09,,,,,,,14:00:00,15:00:00,59.99999999999995,4.0,,,1.0,1.0,,,,20,,OP 50,Spanner neu einstellen (RobTech vor Ort),,
2026-04-09,,,,,,,,,,,,,,,,,,,,,,,
2026-04-09,,,,,,s,,,,,,,,,,,,,,,,,
2026-04-09,,,,,,,,,,,,,,,,,,,,,,,
2026-04-09,,,,,,,19:00:00,20:00:00,60.00000000000011,4.0,,,5.0,5.0,,,,,,,,,
2026-04-09,,,,,,s,,,,,,,,,,,,,,,,,
2026-04-09,,,,,,,,,,,,,,,,,,,,,,,
2026-04-09,,,,,,,20:00:00,21:00:00,59.99999999999995,4.0,,,4.0,4.0,,,,,,,,,
2026-04-09,,,,,,s,,,,,,,,,,,,,,,,,
2026-04-09,,,,,,,,,,,,,,,,,,,,,Keine Aufträge ,,
2026-04-09,,,,,,,21:00:00,21:45:00,45.0,4.0,,,0.0,,,,,,,,Anlage leer gefahren ,,
2026-04-09,,,,,,s,,,,,,,,,,,,15,,,Wartungsplan,,
2026-04-09,,,,,,,18:00:00,19:00:00,59.99999999999995,4.0,,,5.0,5.0,,,,,,,,,
2026-04-09,,,,,,f,04:45:00,06:00:00,75.00000000000001,4.0,,,5.0,5.0,,,,15,,,Wartungsplan,,
2026-04-09,,,,,,,,,,,,,,,,,,,,,,,
2026-04-09,,,,,,s,,,,,,,,,,,,,,,,,
2026-04-09,,,,,,,,,,,,,,,,,,,,,,,
2026-04-09,,,,,,f,12:00:00,13:15:00,75.00000000000006,4.0,,,4.0,4.0,,,,,,,,,
2026-04-09,,,,,,,,,,,,,,,,,,,,,,,
2026-04-09,,,,,,,,,,,,,,,,,15,,,,Kratzer in der Stirnwand ausbessern.,2,
2026-04-09,,,,,,f,11:00:00,12:00:00,60.00000000000003,4.0,,,4.0,4.0,,,,,,,,,
2026-04-09,,,,,,,,,,,,,,,,,,,,,,,
2026-04-09,,,,,,,,,,,,,,,,,,,,,,,
2026-04-09,,,,,,f,10:00:00,11:00:00,59.99999999999995,4.0,,,6.0,6.0,,,,,,,,,
2026-04-09,,,,,,,,,,,,,,,,,,,,,,,
2026-04-09,,,,,,,,,,,,,,,,,25,,,,STW Rungen Eingebaut ,3,
2026-04-09,,,,,,f,09:30:00,10:00:00,30.000000000000053,4.0,,,1.0,1.0,,,,,,,,,
2026-04-09,,,,,,,,,,,,,,,,,,,,,,,
2026-04-09,,,,,,,,,,,,,,,,,,,,,,,
2026-04-09,,,,,,f,08:00:00,09:00:00,60.00000000000003,4.0,,,3.0,3.0,,,10,,,,STW Rungen Eingebaut ,1,
2026-04-09,,,,,,,,,,,,,,,,,,,,,,,
2026-04-09,,,,,,,,,,,,,,,,,,,,,,,
2026-04-09,,,,,,f,07:00:00,08:00:00,59.99999999999995,4.0,,,4.0,4.0,,,,,,,,,
2026-04-09,,,,,,,,,,,,,,,,,,,,,,,
2026-04-09,,,,,,,,,,,,,,,,,,,,,,,
2026-04-09,,,,,,f,06:00:00,07:00:00,60.00000000000003,4.0,,2.0,2.0,4.0,,,,,,,,,
2026-04-09,,,,,,,,,,,,,,,,,,,,,,,
2026-04-09,,,,,,,,,,,,,,,,,,,,,,,
2026-04-09,,,,,,f,04:45:00,06:00:00,75.00000000000001,4.0,,,5.0,5.0,,,,15,,,Wartungsplan,,
2026-04-09,,,,,,,,,,,,,,,,,,30,,,Reinigung + Werkzeug einschließen,,
2026-04-09,,,,,,,,,,,,,,,,,,15,,,Reinigung,,
2026-04-09,,,,,,,13:15:00,14:00:00,45.0,4.0,,,4.0,4.0,,,,15,,,Wartungsplan,,
2026-04-09,,,,,,,17:30:00,18:00:00,30.000000000000053,4.0,,,2.0,2.0,,,,,,,,,
2026-04-09,,,,,,,20:00:00,21:00:00,59.99999999999995,4.0,,,4.0,4.0,,,,,,,,,
2026-04-09,,,,,,,,,,,,,,,,,,,,,,,
2026-04-09,,,,,,s,,,,,,,,,,,,,,,,,
2026-04-09,,,,,,,19:00:00,20:00:00,60.00000000000011,4.0,,,5.0,5.0,,,,,,,,,
2026-04-09,,,,,,,,,,,,,,,,,,,,,,,
2026-04-09,,,,,,s,,,,,,,,,,,,,,,,,
2026-04-09,,,,,,,18:00:00,19:00:00,59.99999999999995,4.0,,,5.0,5.0,,,,,,,,,
2026-04-09,,,,,,,,,,,,,,,,,,,,,,,
2026-04-09,,,,,,s,,,,,,,,,,,,,,,,,
2026-04-09,,,,,,s,,,,,,,,,,,,,,,,,
2026-04-09,,,,,,,,,,,,,,,,,,15,,,Reinigung,,
2026-04-09,,,,,,s,,,,,,,,,,,,,,,,,
2026-04-09,,,,,,,16:00:00,17:00:00,60.00000000000011,4.0,,,5.0,5.0,,,,,,,,,
2026-04-09,,,,,,,,,,,,,,,,,,,,,,,
2026-04-09,,,,,,s,,,,,,,,,,,,,,,,,
2026-04-09,,,,,,,15:00:00,16:00:00,59.99999999999995,4.0,,,5.0,5.0,,,,,,,,,
2026-04-09,,,,,,,,,,,,,,,,,,,,,,,
2026-04-09,,,,,,s,,,,,,,,,,,,,,,Betriebsrat Wahlen ca. 30 min ,,
2026-04-09,,,,,,,14:00:00,15:00:00,59.99999999999995,4.0,,,1.0,1.0,,,,20,,OP 50,Spanner neu einstellen (RobTech vor Ort),,
2026-04-09,,,,,,,,,,,,,,,,,,,,,,,
2026-04-09,,,,,,,,,,,,,,,,,,,,,,,
2026-04-09,,,,,,,,,,,,,,,,,,,,,Keine Aufträge ,,
2026-04-09,,,,,,,21:00:00,21:45:00,45.0,4.0,,,0.0,,,,,,,,Anlage leer gefahren ,,
2026-04-09,,,,,,s,,,,,,,,,,,,15,,,Wartungsplan,,
2026-04-09,,,,,,,,,,,,,,,,,,,,,,,
2026-04-09,,,,,,f,06:00:00,07:00:00,60.00000000000003,4.0,,2.0,2.0,4.0,,,,,,,,,
2026-04-09,,,,,,,,,,,,,,,,,,,,,,,
2026-04-09,,,,,,,,,,,,,,,,,,,,,,,
2026-04-09,,,,,,f,07:00:00,08:00:00,59.99999999999995,4.0,,,4.0,4.0,,,,,,,,,
2026-04-09,,,,,,,,,,,,,,,,,,,,,,,
2026-04-09,,,,,,,,,,,,,,,,,,,,,,,
2026-04-09,,,,,,f,08:00:00,09:00:00,60.00000000000003,4.0,,,3.0,3.0,,,10,,,,STW Rungen Eingebaut ,1,
2026-04-09,,,,,,,,,,,,,,,,,,,,,,,
2026-04-09,,,,,,f,09:30:00,10:00:00,30.000000000000053,4.0,,,1.0,1.0,,,,,,,,,
2026-04-09,,,,,,,,,,,,,,,,,25,,,,STW Rungen Eingebaut ,3,
2026-04-09,,,,,,,,,,,,,,,,,,,,,,,
2026-04-09,,,,,,f,10:00:00,11:00:00,59.99999999999995,4.0,,,6.0,6.0,,,,,,,,,
2026-04-09,,,,,,,,,,,,,,,,,,,,,,,
2026-04-09,,,,,,,,,,,,,,,,,,,,,,,
2026-04-09,,,,,,f,11:00:00,12:00:00,60.00000000000003,4.0,,,4.0,4.0,,,,,,,,,
2026-04-09,,,,,,,,,,,,,,,,,15,,,,Kratzer in der Stirnwand ausbessern.,2,
2026-04-09,,,,,,,,,,,,,,,,,,,,,,,
2026-04-09,,,,,,f,12:00:00,13:15:00,75.00000000000006,4.0,,,4.0,4.0,,,,,,,,,
2026-04-09,,,,,,,,,,,,,,,,,,,,,,,
2026-04-09,,,,,,,,,,,,,,,,,,30,,,Reinigung + Werkzeug einschließen,,
2026-04-09,,,,,,s,,,,,,,,,,,,,,,,,
2026-04-09,,,,,,,13:15:00,14:00:00,45.0,4.0,,,4.0,4.0,,,,15,,,Wartungsplan,,
2026-04-10,,,,,,f,11:00:00,12:00:00,60.00000000000003,4.0,,,5.0,5.0,,,,,,,,,
2026-04-10,,,,,,,,,,,,,,,,,,,,,,,
2026-04-10,,,,,,,,,,,,,,,,,,,,,,,
2026-04-10,,,,,,,,,,,,,,,,,,,,,,,
2026-04-10,,,,,,f,10:00:00,11:00:00,59.99999999999995,4.0,,,5.0,5.0,,,,,,,,,
2026-04-10,,,,,,,,,,,,,,,,,,,,,,,
2026-04-10,,,,,,,,,,,,,,,,,,,,,,,
2026-04-10,,,,,,f,09:30:00,10:00:00,30.000000000000053,4.0,,,2.0,2.0,,,,,,,,,
2026-04-10,,,,,,,,,,,,,,,,,,,,,,,
2026-04-10,,,,,,,,,,,,,,,,,,,,,,,
2026-04-10,,,,,,f,08:00:00,09:00:00,60.00000000000003,4.0,,,5.0,5.0,,,,,,,,,
2026-04-10,,,,,,,,,,,,,,,,,,,,,,,
2026-04-10,,,,,,,,,,,,,,,,,,,,,,,
2026-04-10,,,,,,f,07:00:00,08:00:00,59.99999999999995,4.0,,,4.0,4.0,,,15,,,,Kratzer in der Stirnwand ausbessern.,2,
2026-04-10,,,,,,,,,,,,,,,,,,,,,,,
2026-04-10,,,,,,,,,,,,,,,,,,,,,,,
2026-04-10,,,,,,f,06:00:00,07:00:00,60.00000000000003,4.0,,,5.0,5.0,,,,,,,,,
2026-04-10,,,,,,,,,,,,,,,,,,,,,,,
2026-04-10,,,,,,,,,,,,,,,,,,,,,"Anlage leer übernomen,Auffüllen",,
2026-04-10,,,,,,f,04:45:00,06:00:00,75.00000000000001,4.0,,,2.0,2.0,,,,15,,,Wartungsplan,,
2026-04-10,,,,,,f,12:00:00,13:15:00,75.00000000000006,4.0,,,5.0,5.0,,,,,,,,,
2026-04-10,,,,,,,,,,,,,,,,,,,,,,,
2026-04-10,,,,,,,,,,,,,,,,,,,,,,,
2026-04-10,,,,,,,19:00:00,20:00:00,60.00000000000011,5.0,,,3.0,3.0,,,,10,,R 06,"Kollision gefahren, brenner wechseln und Leoni abfahren",,
2026-04-10,,,,,,,,,,,,,,,,,,,,,"Anlage leer übernomen,Auffüllen",,
2026-04-10,,,,,,,13:15:00,14:00:00,45.0,5.0,,,2.0,2.0,,,,25,,,Wartungsplan,,
2026-04-10,,,,,,,,,,,,,,,,,,15,,,Reinigung,,
2026-04-10,,,,,,,,,,,,,,,,,,,,,,,
2026-04-10,,,,,,f,12:00:00,13:15:00,75.00000000000006,4.0,,,5.0,5.0,,,,,,,,,
2026-04-10,,,,,,,,,,,,,,,,,,,,,,,
2026-04-10,,,,,,,,,,,,,,,,,,,,,,,
2026-04-10,,,,,,f,11:00:00,12:00:00,60.00000000000003,4.0,,,5.0,5.0,,,,,,,,,
2026-04-10,,,,,,,,,,,,,,,,,,,,,,,
2026-04-10,,,,,,,,,,,,,,,,,,,,,,,
2026-04-10,,,,,,f,10:00:00,11:00:00,59.99999999999995,4.0,,,5.0,5.0,,,,,,,,,
2026-04-10,,,,,,,,,,,,,,,,,,,,,,,
2026-04-10,,,,,,,,,,,,,,,,,,,,,,,
2026-04-10,,,,,,f,09:30:00,10:00:00,30.000000000000053,4.0,,,2.0,2.0,,,,,,,,,
2026-04-10,,,,,,,,,,,,,,,,,,,,,,,
2026-04-10,,,,,,,,,,,,,,,,,,,,,,,
2026-04-10,,,,,,f,08:00:00,09:00:00,60.00000000000003,4.0,,,5.0,5.0,,,,,,,,,
2026-04-10,,,,,,,,,,,,,,,,,,,,,,,
2026-04-10,,,,,,,,,,,,,,,,,,,,,,,
2026-04-10,,,,,,f,07:00:00,08:00:00,59.99999999999995,4.0,,,4.0,4.0,,,15,,,,Kratzer in der Stirnwand ausbessern.,2,
2026-04-10,,,,,,,,,,,,,,,,,,,,,,,
2026-04-10,,,,,,,,,,,,,,,,,,,,,,,
2026-04-10,,,,,,s,,,,,,,,,,,,,,,,,
2026-04-10,,,,,,,,,,,,,,,,,,,,,,,
2026-04-10,,,,,,,14:00:00,15:00:00,59.99999999999995,5.0,,,4.0,4.0,,,,,,,,,
2026-04-10,,,,,,s,,,,,,,,,,,,,,,Nacharbeiten beim Knoten ,2,
2026-04-10,,,,,,,,,,,,,,,,,,15,,,Reinigung,,
2026-04-10,,,,,,s,,,,,,,,,,,,,,,,,
2026-04-10,,,,,,,21:00:00,21:45:00,45.0,5.0,,,0.0,,,,,15,,,Wartungsplan,,
2026-04-10,,,,,,,,,,,,,,,,,,,,,,,
2026-04-10,,,,,,s,,,,,,,,,,,,,,,,,
2026-04-10,,,,,,,20:00:00,21:00:00,59.99999999999995,5.0,,,4.0,4.0,,,,,,,,,
2026-04-10,,,,,,,,,,,,,,,20.0,,,,,,Schweißer kommt beim Knotenschweißen nicht hinterher (gestelle stehen voll aber nicht geschweißt),,
2026-04-10,,,,,,s,,,,,,,,,,,,,,,Kollision,,
2026-04-10,,,,,,,,,,,,,,,,,,15,,,Reinigung,,
2026-04-10,,,,,,,,,,,,,,,,,,,,,,,
2026-04-10,,,,,,f,04:45:00,06:00:00,75.00000000000001,4.0,,,2.0,2.0,,,,15,,,Wartungsplan,,
2026-04-10,,,,,,s,,,,,,,,,,,,,,,,,
2026-04-10,,,,,,,,,,,,,,,,,,,,,,,
2026-04-10,,,,,,s,,,,,,,,,,,,,,,,,
2026-04-10,,,,,,,17:30:00,18:00:00,30.000000000000053,5.0,,,2.0,2.0,,,,,,,,,
2026-04-10,,,,,,,,,,,,,,,,,,,,,,,
2026-04-10,,,,,,s,,,,,,,,,,,,,,,Anlage auffüllen,,
2026-04-10,,,,,,,16:00:00,17:00:00,60.00000000000011,5.0,,,2.0,2.0,,,,30,,OP 25,Messwerte passen nicht (RobTech vor Ort),,
2026-04-10,,,,,,,,,,,,,,,,,,,,,Anlage leer gefahren ,,
2026-04-10,,,,,,s,,,,,,,,,,,,30,,OP 25,Messwerte passen nicht (RobTech vor Ort ),,
2026-04-10,,,,,,,15:00:00,16:00:00,59.99999999999995,5.0,,,2.0,2.0,,,,,,,,,
2026-04-10,,,,,,,,,,,,,,,,,,,,,,,
2026-04-10,,,,,,,18:00:00,19:00:00,59.99999999999995,5.0,,,5.0,5.0,,,,,,,,,
2026-04-10,,,,,,,13:15:00,14:00:00,45.0,5.0,,,2.0,2.0,,,,25,,,Wartungsplan,,
2026-04-10,,,,,,,21:00:00,21:45:00,45.0,5.0,,,0.0,,,,,15,,,Wartungsplan,,
2026-04-10,,,,,,,,,,,,,,,,,,,,,,,
2026-04-10,,,,,,,14:00:00,15:00:00,59.99999999999995,5.0,,,4.0,4.0,,,,,,,,,
2026-04-10,,,,,,s,,,,,,,,,,,,,,,Nacharbeiten beim Knoten ,2,
2026-04-10,,,,,,,,,,,,,,,,,,,,,,,
2026-04-10,,,,,,,15:00:00,16:00:00,59.99999999999995,5.0,,,2.0,2.0,,,,,,,,,
2026-04-10,,,,,,s,,,,,,,,,,,,30,,OP 25,Messwerte passen nicht (RobTech vor Ort ),,
2026-04-10,,,,,,,,,,,,,,,,,,,,,Anlage leer gefahren ,,
2026-04-10,,,,,,,16:00:00,17:00:00,60.00000000000011,5.0,,,2.0,2.0,,,,30,,OP 25,Messwerte passen nicht (RobTech vor Ort),,
2026-04-10,,,,,,s,,,,,,,,,,,,,,,Anlage auffüllen,,
2026-04-10,,,,,,,,,,,,,,,,,,,,,,,
2026-04-10,,,,,,,17:30:00,18:00:00,30.000000000000053,5.0,,,2.0,2.0,,,,,,,,,
2026-04-10,,,,,,s,,,,,,,,,,,,,,,,,
2026-04-10,,,,,,,,,,,,,,,,,,,,,,,
2026-04-10,,,,,,,18:00:00,19:00:00,59.99999999999995,5.0,,,5.0,5.0,,,,,,,,,
2026-04-10,,,,,,s,,,,,,,,,,,,,,,,,
2026-04-10,,,,,,,,,,,,,,,,,,,,,,,
2026-04-10,,,,,,,19:00:00,20:00:00,60.00000000000011,5.0,,,3.0,3.0,,,,10,,R 06,"Kollision gefahren, brenner wechseln und Leoni abfahren",,
2026-04-10,,,,,,s,,,,,,,,,,,,,,,Kollision,,
2026-04-10,,,,,,,,,,,,,,,20.0,,,,,,Schweißer kommt beim Knotenschweißen nicht hinterher (gestelle stehen voll aber nicht geschweißt),,
2026-04-10,,,,,,,20:00:00,21:00:00,59.99999999999995,5.0,,,4.0,4.0,,,,,,,,,
2026-04-10,,,,,,s,,,,,,,,,,,,,,,,,
2026-04-10,,,,,,,,,,,,,,,,,,,,,,,
2026-04-10,,,,,,,21:00:00,21:45:00,45.0,5.0,,,0.0,,,,,15,,,Wartungsplan,,
2026-04-10,,,,,,s,,,,,,,,,,,,,,,,,
2026-04-10,,,,,,,,,,,,,,,,,,,,,,,
2026-04-10,,,,,,,,,,,,,,,,,,15,,,Reinigung,,
2026-04-10,,,,,,s,,,,,,,,,,,,,,,,,
2026-04-10,,,,,,,,,,,,,,,,,,15,,,Reinigung,,
2026-04-10,,,,,,f,04:45:00,06:00:00,75.00000000000001,4.0,,,2.0,2.0,,,,15,,,Wartungsplan,,
2026-04-10,,,,,,,,,,,,,,,,,,,,,"Anlage leer übernomen,Auffüllen",,
2026-04-10,,,,,,,,,,,,,,,,,,,,,,,
2026-04-10,,,,,,f,06:00:00,07:00:00,60.00000000000003,4.0,,,5.0,5.0,,,,,,,,,
2026-04-10,,,,,,,,,,,,,,,,,,,,,,,
2026-04-10,,,,,,,,,,,,,,,,,,,,,,,
2026-04-10,,,,,,f,07:00:00,08:00:00,59.99999999999995,4.0,,,4.0,4.0,,,15,,,,Kratzer in der Stirnwand ausbessern.,2,
2026-04-10,,,,,,,,,,,,,,,,,,,,,,,
2026-04-10,,,,,,,,,,,,,,,,,,,,,,,
2026-04-10,,,,,,f,08:00:00,09:00:00,60.00000000000003,4.0,,,5.0,5.0,,,,,,,,,
2026-04-10,,,,,,,,,,,,,,,,,,,,,,,
2026-04-10,,,,,,,,,,,,,,,,,,,,,,,
2026-04-10,,,,,,f,09:30:00,10:00:00,30.000000000000053,4.0,,,2.0,2.0,,,,,,,,,
2026-04-10,,,,,,,,,,,,,,,,,,,,,,,
2026-04-10,,,,,,,,,,,,,,,,,,,,,,,
2026-04-10,,,,,,f,10:00:00,11:00:00,59.99999999999995,4.0,,,5.0,5.0,,,,,,,,,
2026-04-10,,,,,,,,,,,,,,,,,,,,,,,
2026-04-10,,,,,,,,,,,,,,,,,,,,,,,
2026-04-10,,,,,,f,11:00:00,12:00:00,60.00000000000003,4.0,,,5.0,5.0,,,,,,,,,
2026-04-10,,,,,,,,,,,,,,,,,,,,,,,
2026-04-10,,,,,,,,,,,,,,,,,,,,,,,
2026-04-10,,,,,,f,12:00:00,13:15:00,75.00000000000006,4.0,,,5.0,5.0,,,,,,,,,
2026-04-10,,,,,,,,,,,,,,,,,,,,,,,
2026-04-10,,,,,,,13:15:00,14:00:00,45.0,5.0,,,2.0,2.0,,,,25,,,Wartungsplan,,
2026-04-10,,,,,,s,,,,,,,,,,,,,,,,,
2026-04-10,,,,,,,,,,,,,,,,,,,,,,,
2026-04-10,,,,,,s,,,,,,,,,,,,,,,Kollision,,
2026-04-10,,,,,,,,,,,,,,,,,,15,,,Reinigung,,
2026-04-10,,,,,,s,,,,,,,,,,,,,,,,,
2026-04-10,,,,,,f,06:00:00,07:00:00,60.00000000000003,4.0,,,5.0,5.0,,,,,,,,,
2026-04-10,,,,,,,,,,,,,,,,,,,,,,,
2026-04-10,,,,,,s,,,,,,,,,,,,,,,,,
2026-04-10,,,,,,,20:00:00,21:00:00,59.99999999999995,5.0,,,4.0,4.0,,,,,,,,,
2026-04-10,,,,,,,,,,,,,,,20.0,,,,,,Schweißer kommt beim Knotenschweißen nicht hinterher (gestelle stehen voll aber nicht geschweißt),,
2026-04-10,,,,,,,19:00:00,20:00:00,60.00000000000011,5.0,,,3.0,3.0,,,,10,,R 06,"Kollision gefahren, brenner wechseln und Leoni abfahren",,
2026-04-10,,,,,,,,,,,,,,,,,,,,,,,
2026-04-10,,,,,,,18:00:00,19:00:00,59.99999999999995,5.0,,,5.0,5.0,,,,,,,,,
2026-04-10,,,,,,,,,,,,,,,,,,,,,,,
2026-04-10,,,,,,s,,,,,,,,,,,,,,,,,
2026-04-10,,,,,,,17:30:00,18:00:00,30.000000000000053,5.0,,,2.0,2.0,,,,,,,,,
2026-04-10,,,,,,,,,,,,,,,,,,,,,,,
2026-04-10,,,,,,s,,,,,,,,,,,,,,,Anlage auffüllen,,
2026-04-10,,,,,,,16:00:00,17:00:00,60.00000000000011,5.0,,,2.0,2.0,,,,30,,OP 25,Messwerte passen nicht (RobTech vor Ort),,
2026-04-10,,,,,,,,,,,,,,,,,,,,,Anlage leer gefahren ,,
2026-04-10,,,,,,s,,,,,,,,,,,,30,,OP 25,Messwerte passen nicht (RobTech vor Ort ),,
2026-04-10,,,,,,,15:00:00,16:00:00,59.99999999999995,5.0,,,2.0,2.0,,,,,,,,,
2026-04-10,,,,,,,,,,,,,,,,,,,,,,,
2026-04-10,,,,,,s,,,,,,,,,,,,,,,Nacharbeiten beim Knoten ,2,
2026-04-10,,,,,,,14:00:00,15:00:00,59.99999999999995,5.0,,,4.0,4.0,,,,,,,,,
2026-04-10,,,,,,s,,,,,,,,,,,,,,,,,
2026-04-13,,,,,,,20:00:00,21:00:00,59.99999999999995,3.0,,,3.0,3.0,,,,,,,,,
2026-04-13,,,,,,,19:00:00,20:00:00,60.00000000000011,3.0,,,4.0,4.0,,,,,,,,,
2026-04-13,,,,,,s,,,,,,,,,,,,,,,,,
2026-04-13,,,,,,,,,,,,,,,,,,,,,,,
2026-04-13,,,,,,s,,,,,,,,,,,10,,,,Kratzer in der Stirnwand ausbessern.,,
2026-04-13,,,,,,f,12:00:00,13:15:00,75.00000000000006,5.0,,,2.0,2.0,,,,40,,R 05,Feder und Sauger tauschen (RobTech vor Ort),,
2026-04-13,,,,,,,21:00:00,21:45:00,45.0,3.0,,,2.0,2.0,,,,,,,,,
2026-04-13,,,,,,s,,,,,,,,,,,,,,,,,
2026-04-13,,,,,,,,,,,,,,,,,,15,,,Reinigung + Werkzeug einschließen,,
2026-04-13,,,,,,,,,,,,,,,,,,,,,,,
2026-04-13,,,,,,,,,,,,,,,,,,,,,,,
2026-04-13,,,,,,,,,,,,,,,,,,,,,,,
2026-04-13,,,,,,s,,,,,,,,,,,,,,,,,
2026-04-13,,,,,,,,,,,,,,,,,,,,,,,
2026-04-13,,,,,,,,,,,,,,,,,,,,,,,
2026-04-13,,,,,,,,,,,,,,,,,,,,,,,
2026-04-13,,,,,,f,08:00:00,09:00:00,60.00000000000003,5.0,,4.0,,4.0,,,10,,,,STW Nacharbeiten ,2,
2026-04-13,,,,,,,,,,,,,,,,,,,,,,,
2026-04-13,,,,,,,,,,,,,,,,,,,,,,,
2026-04-13,,,,,,,,,,,,,,,,,,15,,,Reinigung,,
2026-04-13,,,,,,f,07:00:00,08:00:00,59.99999999999995,4.0,,5.0,,5.0,,,,,,,,,
2026-04-13,,,,,,,,,,,,,,,,,,,,,,,
2026-04-13,,,,,,f,10:00:00,11:00:00,59.99999999999995,5.0,,,4.0,4.0,,,10,,,,N.I.O Material AUSSORTIEREN,,
2026-04-13,,,,,,,,,,,,,,,,,,,,,,,
2026-04-13,,,,,,,,,,,,,,,,,,,,,,,
2026-04-13,,,,,,f,11:00:00,12:00:00,60.00000000000003,5.0,,,3.0,3.0,,,,20,,R 05,Feder und Sauger tauschen (RobTech vor Ort),,
2026-04-13,,,,,,,,,,,,,,,,,,,,,,,
2026-04-13,,,,,,,,,,,,,,,,,,,,,,,
2026-04-13,,,,,,,,,,,,,,,,,,,,,,,
2026-04-13,,,,,,,,,,,,,,,,,,,,,,,
2026-04-13,,,,,,,,,,,,,,,,,,,,,,,
2026-04-13,,,,,,f,06:00:00,07:00:00,60.00000000000003,4.0,,5.0,,5.0,,,,,,,,,
2026-04-13,,,,,,s,,,,,,,,,,,,,,,,,
2026-04-13,,,,,,,17:30:00,18:00:00,30.000000000000053,3.0,,,2.0,2.0,,,,,,,,,
2026-04-13,,,,,,,,,,,,,,,,,,,,,,,
2026-04-13,,,,,,s,,,,,,,,,,,,,,,,,
2026-04-13,,,,,,,16:00:00,17:00:00,60.00000000000011,3.0,,,3.0,3.0,,,,,,,,,
2026-04-13,,,,,,,,,,,,,,,,,,,,,,,
2026-04-13,,,,,,s,,,,,,,,,,,,,,,,,
2026-04-13,,,,,,,15:00:00,16:00:00,59.99999999999995,3.0,,,4.0,4.0,,,,,,,,,
2026-04-13,,,,,,,,,,,,,,,,,,,,,,,
2026-04-13,,,,,,s,,,,,,,,,,,,,,,,,
2026-04-13,,,,,,,14:00:00,15:00:00,59.99999999999995,5.0,,4.0,,4.0,,,,,,,,,
2026-04-13,,,,,,,,,,,,,,,,,,,,,,,
2026-04-13,,,,,,s,,,,,,,,,,,,,,,,,
2026-04-13,,,,,,,13:15:00,14:00:00,45.0,5.0,,3.0,,3.0,,,,15,,,Wartungsplan,,
2026-04-13,,,,,,,,,,,,,,,,,,,,,,,
2026-04-13,,,,,,,18:00:00,19:00:00,59.99999999999995,3.0,,,4.0,4.0,,,,,,,,,
2026-04-13,,,,,,f,09:30:00,10:00:00,30.000000000000053,5.0,,,2.0,2.0,,,,,,,,,
2026-04-13,,,,,,,13:15:00,14:00:00,45.0,5.0,,3.0,,3.0,,,,15,,,Wartungsplan,,
2026-04-13,,,,,,,,,,,,,,,,,,5,,R 05,(RobTech vor Ort)   Schaut sich die Sauger an wegen Vakuum störung ,,
2026-04-13,,,,,,,14:00:00,15:00:00,59.99999999999995,5.0,,4.0,,4.0,,,,,,,,,
2026-04-13,,,,,,s,,,,,,,,,,,,,,,,,
2026-04-13,,,,,,,,,,,,,,,,,,,,,,,
2026-04-13,,,,,,,15:00:00,16:00:00,59.99999999999995,3.0,,,4.0,4.0,,,,,,,,,
2026-04-13,,,,,,s,,,,,,,,,,,,,,,,,
2026-04-13,,,,,,,,,,,,,,,,,,,,,,,
2026-04-13,,,,,,,16:00:00,17:00:00,60.00000000000011,3.0,,,3.0,3.0,,,,,,,,,
2026-04-13,,,,,,s,,,,,,,,,,,,,,,,,
2026-04-13,,,,,,,,,,,,,,,,,,,,,,,
2026-04-13,,,,,,,17:30:00,18:00:00,30.000000000000053,3.0,,,2.0,2.0,,,,,,,,,
2026-04-13,,,,,,s,,,,,,,,,,,,,,,,,
2026-04-13,,,,,,,,,,,,,,,,,,,,,,,
2026-04-13,,,,,,,18:00:00,19:00:00,59.99999999999995,3.0,,,4.0,4.0,,,,,,,,,
2026-04-13,,,,,,s,,,,,,,,,,,,,,,,,
2026-04-13,,,,,,,,,,,,,,,,,,,,,,,
2026-04-13,,,,,,,19:00:00,20:00:00,60.00000000000011,3.0,,,4.0,4.0,,,,,,,,,
2026-04-13,,,,,,s,,,,,,,,,,,,,,,,,
2026-04-13,,,,,,,,,,,,,,,,,,,,,,,
2026-04-13,,,,,,,20:00:00,21:00:00,59.99999999999995,3.0,,,3.0,3.0,,,,,,,,,
2026-04-13,,,,,,s,,,,,,,,,,,10,,,,Kratzer in der Stirnwand ausbessern.,,
2026-04-13,,,,,,,,,,,,,,,,,,,,,,,
2026-04-13,,,,,,,21:00:00,21:45:00,45.0,3.0,,,2.0,2.0,,,,,,,,,
2026-04-13,,,,,,s,,,,,,,,,,,,,,,,,
2026-04-13,,,,,,,,,,,,,,,,,,,,,,,
2026-04-13,,,,,,,,,,,,,,,,,,15,,,Reinigung + Werkzeug einschließen,,
2026-04-13,,,,,,s,,,,,,,,,,,,,,,,,
2026-04-13,,,,,,,,,,,,,,,,,,15,,,Reinigung,,
2026-04-13,,,,,,f,04:45:00,06:00:00,75.00000000000001,4.0,,3.0,,3.0,,,,,20.0,,"Anlage auffüllen, WB holen und Bleche auffüllen ",,
2026-04-13,,,,,,,,,,,,,,,,,,5,,R 05,(RobTech vor Ort)   Schaut sich die Sauger an wegen Vakuum störung ,,
2026-04-13,,,,,,,,,,,,,,,,,,,,,,,
2026-04-13,,,,,,f,06:00:00,07:00:00,60.00000000000003,4.0,,5.0,,5.0,,,,,,,,,
2026-04-13,,,,,,,,,,,,,,,,,,,,,,,
2026-04-13,,,,,,,,,,,,,,,,,,,,,,,
2026-04-13,,,,,,f,07:00:00,08:00:00,59.99999999999995,4.0,,5.0,,5.0,,,,,,,,,
2026-04-13,,,,,,,,,,,,,,,,,,,,,,,
2026-04-13,,,,,,,,,,,,,,,,,,,,,,,
2026-04-13,,,,,,f,08:00:00,09:00:00,60.00000000000003,5.0,,4.0,,4.0,,,10,,,,STW Nacharbeiten ,2,
2026-04-13,,,,,,,,,,,,,,,,,,,,,,,
2026-04-13,,,,,,,,,,,,,,,,,,,,,,,
2026-04-13,,,,,,f,09:30:00,10:00:00,30.000000000000053,5.0,,,2.0,2.0,,,,,,,,,
2026-04-13,,,,,,,,,,,,,,,,,,,,,,,
2026-04-13,,,,,,,,,,,,,,,,,,,,,,,
2026-04-13,,,,,,f,10:00:00,11:00:00,59.99999999999995,5.0,,,4.0,4.0,,,10,,,,N.I.O Material AUSSORTIEREN,,
2026-04-13,,,,,,,,,,,,,,,,,,,,,,,
2026-04-13,,,,,,,,,,,,,,,,,,,,,,,
2026-04-13,,,,,,f,11:00:00,12:00:00,60.00000000000003,5.0,,,3.0,3.0,,,,20,,R 05,Feder und Sauger tauschen (RobTech vor Ort),,
2026-04-13,,,,,,,,,,,,,,,,,,,,,,,
2026-04-13,,,,,,,,,,,,,,,,,,,,,,,
2026-04-13,,,,,,f,12:00:00,13:15:00,75.00000000000006,5.0,,,2.0,2.0,,,,40,,R 05,Feder und Sauger tauschen (RobTech vor Ort),,
2026-04-13,,,,,,,,,,,,,,,,,,,,,,,
2026-04-13,,,,,,,13:15:00,14:00:00,45.0,5.0,,3.0,,3.0,,,,15,,,Wartungsplan,,
2026-04-13,,,,,,f,04:45:00,06:00:00,75.00000000000001,4.0,,3.0,,3.0,,,,,20.0,,"Anlage auffüllen, WB holen und Bleche auffüllen ",,
2026-04-13,,,,,,f,04:45:00,06:00:00,75.00000000000001,4.0,,3.0,,3.0,,,,,20.0,,"Anlage auffüllen, WB holen und Bleche auffüllen ",,
2026-04-13,,,,,,,,,,,,,,,,,,15,,,Reinigung + Werkzeug einschließen,,
2026-04-13,,,,,,,14:00:00,15:00:00,59.99999999999995,5.0,,4.0,,4.0,,,,,,,,,
2026-04-13,,,,,,s,,,,,,,,,,,,,,,,,
2026-04-13,,,,,,,,,,,,,,,,,,,,,,,
2026-04-13,,,,,,,15:00:00,16:00:00,59.99999999999995,3.0,,,4.0,4.0,,,,,,,,,
2026-04-13,,,,,,s,,,,,,,,,,,,,,,,,
2026-04-13,,,,,,,,,,,,,,,,,,,,,,,
2026-04-13,,,,,,,16:00:00,17:00:00,60.00000000000011,3.0,,,3.0,3.0,,,,,,,,,
2026-04-13,,,,,,s,,,,,,,,,,,,,,,,,
2026-04-13,,,,,,,,,,,,,,,,,,,,,,,
2026-04-13,,,,,,,17:30:00,18:00:00,30.000000000000053,3.0,,,2.0,2.0,,,,,,,,,
2026-04-13,,,,,,s,,,,,,,,,,,,,,,,,
2026-04-13,,,,,,,,,,,,,,,,,,,,,,,
2026-04-13,,,,,,,18:00:00,19:00:00,59.99999999999995,3.0,,,4.0,4.0,,,,,,,,,
2026-04-13,,,,,,s,,,,,,,,,,,,,,,,,
2026-04-13,,,,,,,,,,,,,,,,,,,,,,,
2026-04-13,,,,,,,19:00:00,20:00:00,60.00000000000011,3.0,,,4.0,4.0,,,,,,,,,
2026-04-13,,,,,,s,,,,,,,,,,,,,,,,,
2026-04-13,,,,,,,,,,,,,,,,,,,,,,,
2026-04-13,,,,,,,20:00:00,21:00:00,59.99999999999995,3.0,,,3.0,3.0,,,,,,,,,
2026-04-13,,,,,,s,,,,,,,,,,,10,,,,Kratzer in der Stirnwand ausbessern.,,
2026-04-13,,,,,,,,,,,,,,,,,,,,,,,
2026-04-13,,,,,,,,,,,,,,,,,,,,,,,
2026-04-13,,,,,,,21:00:00,21:45:00,45.0,3.0,,,2.0,2.0,,,,,,,,,
2026-04-13,,,,,,s,,,,,,,,,,,,,,,,,
2026-04-13,,,,,,,,,,,,,,,,,,15,,,Reinigung,,
2026-04-13,,,,,,,,,,,,,,,,,,,,,,,
2026-04-13,,,,,,f,06:00:00,07:00:00,60.00000000000003,4.0,,5.0,,5.0,,,,,,,,,
2026-04-13,,,,,,,,,,,,,,,,,,,,,,,
2026-04-13,,,,,,,,,,,,,,,,,,,,,,,
2026-04-13,,,,,,f,07:00:00,08:00:00,59.99999999999995,4.0,,5.0,,5.0,,,,,,,,,
2026-04-13,,,,,,,,,,,,,,,,,,,,,,,
2026-04-13,,,,,,,,,,,,,,,,,,,,,,,
2026-04-13,,,,,,f,08:00:00,09:00:00,60.00000000000003,5.0,,4.0,,4.0,,,10,,,,STW Nacharbeiten ,2,
2026-04-13,,,,,,,,,,,,,,,,,,,,,,,
2026-04-13,,,,,,,,,,,,,,,,,,,,,,,
2026-04-13,,,,,,f,09:30:00,10:00:00,30.000000000000053,5.0,,,2.0,2.0,,,,,,,,,
2026-04-13,,,,,,,,,,,,,,,,,,,,,,,
2026-04-13,,,,,,,,,,,,,,,,,,,,,,,
2026-04-13,,,,,,f,10:00:00,11:00:00,59.99999999999995,5.0,,,4.0,4.0,,,10,,,,N.I.O Material AUSSORTIEREN,,
2026-04-13,,,,,,,,,,,,,,,,,,,,,,,
2026-04-13,,,,,,,,,,,,,,,,,,,,,,,
2026-04-13,,,,,,f,11:00:00,12:00:00,60.00000000000003,5.0,,,3.0,3.0,,,,20,,R 05,Feder und Sauger tauschen (RobTech vor Ort),,
2026-04-13,,,,,,,,,,,,,,,,,,,,,,,
2026-04-13,,,,,,,,,,,,,,,,,,,,,,,
2026-04-13,,,,,,f,12:00:00,13:15:00,75.00000000000006,5.0,,,2.0,2.0,,,,40,,R 05,Feder und Sauger tauschen (RobTech vor Ort),,
2026-04-13,,,,,,,,,,,,,,,,,,,,,,,
2026-04-13,,,,,,,,,,,,,,,,,,5,,R 05,(RobTech vor Ort)   Schaut sich die Sauger an wegen Vakuum störung ,,
2026-04-13,,,,,,s,,,,,,,,,,,,,,,,,
2026-04-14,,,,,,,,,,,,,,,,,,,,,,,
2026-04-14,,,,,,f,04:45:00,06:00:00,75.00000000000001,5.0,,,5.0,5.0,,,,15,,,Wartungsplan,,
2026-04-14,,,,,,s,,,,,,,,,,,,,,,,,
2026-04-14,,,,,,,13:15:00,14:00:00,45.0,4.0,,,4.0,4.0,,,,15,,,Wartungsplan,,
2026-04-14,,,,,,,,,,,,,,,,,,15,,,Reinigung,,
2026-04-14,,,,,,,,,,,,,,,,,,,,,,,
2026-04-14,,,,,,f,12:00:00,13:15:00,75.00000000000006,5.0,,,5.0,5.0,,,,,,,,,
2026-04-14,,,,,,,,,,,,,,,,,,,,,,,
2026-04-14,,,,,,,,,,,,,,,,,,,,,,,
2026-04-14,,,,,,f,11:00:00,12:00:00,60.00000000000003,5.0,,,5.0,5.0,,,,,,,,,
2026-04-14,,,,,,,,,,,,,,,,,,,,,,,
2026-04-14,,,,,,,,,,,,,,,,,,,,,,,
2026-04-14,,,,,,f,10:00:00,11:00:00,59.99999999999995,5.0,,,5.0,5.0,,,,,,,,,
2026-04-14,,,,,,,,,,,,,,,,,,,,,,,
2026-04-14,,,,,,,,,,,,,,,,,15,,,,STW Nacharbeiten ,2x,
2026-04-14,,,,,,f,09:30:00,10:00:00,30.000000000000053,5.0,,,1.0,1.0,,,,,,,,,
2026-04-14,,,,,,,,,,,,,,,,,,,,,,,
2026-04-14,,,,,,,,,,,,,,,,,,,,,,,
2026-04-14,,,,,,f,08:00:00,09:00:00,60.00000000000003,5.0,,,5.0,5.0,,,,,,,,,
2026-04-14,,,,,,,,,,,,,,,,,,,,,,,
2026-04-14,,,,,,,,,,,,,,,,,,,,,,,
2026-04-14,,,,,,f,07:00:00,08:00:00,59.99999999999995,5.0,,,5.0,5.0,,,,,,,,,
2026-04-14,,,,,,,,,,,,,,,,,,,,,,,
2026-04-14,,,,,,,,,,,,,,,,,,,,,,,
2026-04-14,,,,,,,14:00:00,15:00:00,59.99999999999995,4.0,,,6.0,6.0,,,,,,,,,
2026-04-14,,,,,,s,,,,,,,,,,,,,,,,,
2026-04-14,,,,,,,,,,,,,,,,,,,,,,,
2026-04-14,,,,,,,,,,,,,,,,,,,,,,,
2026-04-14,,,,,,,,,,,,,,,,,,15,,,Reinigung + Werkzeug einschließen,,
2026-04-14,,,,,,s,,,,,,,,,,,,,,,,,
2026-04-14,,,,,,,21:00:00,21:45:00,45.0,4.0,,2.0,,2.0,,,,,,,,,
2026-04-14,,,,,,,,,,,,,,,,,,,,,,,
2026-04-14,,,,,,s,,,,,,,,,,,,,,,,,
2026-04-14,,,,,,,20:00:00,21:00:00,59.99999999999995,4.0,,1.0,3.0,4.0,,,,,,,,,
2026-04-14,,,,,,,,,,,,,,,,,,,,,,,
2026-04-14,,,,,,s,,,,,,,,,,,,,,,,,
2026-04-14,,,,,,,19:00:00,20:00:00,60.00000000000011,4.0,,,5.0,5.0,,,,,,,,,
2026-04-14,,,,,,f,06:00:00,07:00:00,60.00000000000003,5.0,,,5.0,5.0,,,,,,,,,
2026-04-14,,,,,,,,,,,,,,,,,,,,,,,
2026-04-14,,,,,,,18:00:00,19:00:00,59.99999999999995,4.0,,,4.0,4.0,,,,,,,,,
2026-04-14,,,,,,,,,,,,,,,,,,,,,,,
2026-04-14,,,,,,s,,,,,,,,,,,,,,,,,
2026-04-14,,,,,,,17:30:00,18:00:00,30.000000000000053,4.0,,,2.0,2.0,,,,,,,,,
2026-04-14,,,,,,,,,,,,,,,,,,,,,,,
2026-04-14,,,,,,s,,,,,,,,,,,,,,,,,
2026-04-14,,,,,,,16:00:00,17:00:00,60.00000000000011,4.0,,,5.0,5.0,,,,,,,,,
2026-04-14,,,,,,,,,,,,,,,,,,,,,,,
2026-04-14,,,,,,s,,,,,,,,,,,,,,,,,
2026-04-14,,,,,,,15:00:00,16:00:00,59.99999999999995,4.0,,,5.0,5.0,,,,,,,,,
2026-04-14,,,,,,s,,,,,,,,,,,10,,,,Kratzer in der Stirnwand ausbessern.,2,
2026-04-14,,,,,,,,,,,,,,,,,,,,,,,
2026-04-14,,,,,,f,09:30:00,10:00:00,30.000000000000053,5.0,,,1.0,1.0,,,,,,,,,
2026-04-14,,,,,,,,,,,,,,,,,,,,,,,
2026-04-14,,,,,,,,,,,,,,,,,,,,,,,
2026-04-14,,,,,,,15:00:00,16:00:00,59.99999999999995,4.0,,,5.0,5.0,,,,,,,,,
2026-04-14,,,,,,s,,,,,,,,,,,,,,,,,
2026-04-14,,,,,,,,,,,,,,,,,,,,,,,
2026-04-14,,,,,,,16:00:00,17:00:00,60.00000000000011,4.0,,,5.0,5.0,,,,,,,,,
2026-04-14,,,,,,s,,,,,,,,,,,,,,,,,
2026-04-14,,,,,,,,,,,,,,,,,,,,,,,
2026-04-14,,,,,,,17:30:00,18:00:00,30.000000000000053,4.0,,,2.0,2.0,,,,,,,,,
2026-04-14,,,,,,s,,,,,,,,,,,,,,,,,
2026-04-14,,,,,,,,,,,,,,,,,,,,,,,
2026-04-14,,,,,,s,,,,,,,,,,,,,,,,,
2026-04-14,,,,,,,18:00:00,19:00:00,59.99999999999995,4.0,,,4.0,4.0,,,,,,,,,
2026-04-14,,,,,,,,,,,,,,,,,,,,,,,
2026-04-14,,,,,,,19:00:00,20:00:00,60.00000000000011,4.0,,,5.0,5.0,,,,,,,,,
2026-04-14,,,,,,s,,,,,,,,,,,,,,,,,
2026-04-14,,,,,,,,,,,,,,,,,,,,,,,
2026-04-14,,,,,,,20:00:00,21:00:00,59.99999999999995,4.0,,1.0,3.0,4.0,,,,,,,,,
2026-04-14,,,,,,s,,,,,,,,,,,,,,,,,
2026-04-14,,,,,,,,,,,,,,,,,,,,,,,
2026-04-14,,,,,,,21:00:00,21:45:00,45.0,4.0,,2.0,,2.0,,,,,,,,,
2026-04-14,,,,,,s,,,,,,,,,,,,,,,,,
2026-04-14,,,,,,,,,,,,,,,,,,15,,,Reinigung + Werkzeug einschließen,,
2026-04-14,,,,,,s,,,,,,,,,,,10,,,,Kratzer in der Stirnwand ausbessern.,2,
2026-04-14,,,,,,,14:00:00,15:00:00,59.99999999999995,4.0,,,6.0,6.0,,,,,,,,,
2026-04-14,,,,,,,,,,,,,,,,,,,,,,,
2026-04-14,,,,,,s,,,,,,,,,,,,,,,,,
2026-04-14,,,,,,f,12:00:00,13:15:00,75.00000000000006,5.0,,,5.0,5.0,,,,,,,,,
2026-04-14,,,,,,,,,,,,,,,,,,,,,,,
2026-04-14,,,,,,,,,,,,,,,,,,,,,,,
2026-04-14,,,,,,f,11:00:00,12:00:00,60.00000000000003,5.0,,,5.0,5.0,,,,,,,,,
2026-04-14,,,,,,,,,,,,,,,,,,,,,,,
2026-04-14,,,,,,,,,,,,,,,,,,,,,,,
2026-04-14,,,,,,f,10:00:00,11:00:00,59.99999999999995,5.0,,,5.0,5.0,,,,,,,,,
2026-04-14,,,,,,,,,,,,,,,,,,,,,,,
2026-04-14,,,,,,,,,,,,,,,,,15,,,,STW Nacharbeiten ,2x,
2026-04-14,,,,,,f,09:30:00,10:00:00,30.000000000000053,5.0,,,1.0,1.0,,,,,,,,,
2026-04-14,,,,,,,,,,,,,,,,,,,,,,,
2026-04-14,,,,,,,,,,,,,,,,,,,,,,,
2026-04-14,,,,,,f,08:00:00,09:00:00,60.00000000000003,5.0,,,5.0,5.0,,,,,,,,,
2026-04-14,,,,,,,,,,,,,,,,,,,,,,,
2026-04-14,,,,,,,,,,,,,,,,,,,,,,,
2026-04-14,,,,,,f,07:00:00,08:00:00,59.99999999999995,5.0,,,5.0,5.0,,,,,,,,,
2026-04-14,,,,,,,,,,,,,,,,,,,,,,,
2026-04-14,,,,,,,,,,,,,,,,,,,,,,,
2026-04-14,,,,,,f,06:00:00,07:00:00,60.00000000000003,5.0,,,5.0,5.0,,,,,,,,,
2026-04-14,,,,,,,,,,,,,,,,,,,,,,,
2026-04-14,,,,,,,,,,,,,,,,,,,,,,,
2026-04-14,,,,,,f,04:45:00,06:00:00,75.00000000000001,5.0,,,5.0,5.0,,,,15,,,Wartungsplan,,
2026-04-14,,,,,,,13:15:00,14:00:00,45.0,4.0,,,4.0,4.0,,,,15,,,Wartungsplan,,
2026-04-14,,,,,,,,,,,,,,,,,,,,,,,
2026-04-14,,,,,,f,04:45:00,06:00:00,75.00000000000001,5.0,,,5.0,5.0,,,,15,,,Wartungsplan,,
2026-04-14,,,,,,,,,,,,,,,,,,15,,,Reinigung,,
2026-04-14,,,,,,,,,,,,,,,,,,,,,,,
2026-04-14,,,,,,,,,,,,,,,,,,,,,,,
2026-04-14,,,,,,s,,,,,,,,,,,,,,,,,
2026-04-14,,,,,,,19:00:00,20:00:00,60.00000000000011,4.0,,,5.0,5.0,,,,,,,,,
2026-04-14,,,,,,,,,,,,,,,,,,,,,,,
2026-04-14,,,,,,s,,,,,,,,,,,10,,,,Kratzer in der Stirnwand ausbessern.,2,
2026-04-14,,,,,,,18:00:00,19:00:00,59.99999999999995,4.0,,,4.0,4.0,,,,,,,,,
2026-04-14,,,,,,,,,,,,,,,,,,,,,,,
2026-04-14,,,,,,s,,,,,,,,,,,,,,,,,
2026-04-14,,,,,,,17:30:00,18:00:00,30.000000000000053,4.0,,,2.0,2.0,,,,,,,,,
2026-04-14,,,,,,f,12:00:00,13:15:00,75.00000000000006,5.0,,,5.0,5.0,,,,,,,,,
2026-04-14,,,,,,s,,,,,,,,,,,,,,,,,
2026-04-14,,,,,,,16:00:00,17:00:00,60.00000000000011,4.0,,,5.0,5.0,,,,,,,,,
2026-04-14,,,,,,,,,,,,,,,,,,,,,,,
2026-04-14,,,,,,s,,,,,,,,,,,,,,,,,
2026-04-14,,,,,,,15:00:00,16:00:00,59.99999999999995,4.0,,,5.0,5.0,,,,,,,,,
2026-04-14,,,,,,,,,,,,,,,,,,,,,,,
2026-04-14,,,,,,s,,,,,,,,,,,,,,,,,
2026-04-14,,,,,,,14:00:00,15:00:00,59.99999999999995,4.0,,,6.0,6.0,,,,,,,,,
2026-04-14,,,,,,,,,,,,,,,,,,,,,,,
2026-04-14,,,,,,s,,,,,,,,,,,,,,,,,
2026-04-14,,,,,,,13:15:00,14:00:00,45.0,4.0,,,4.0,4.0,,,,15,,,Wartungsplan,,
2026-04-14,,,,,,,20:00:00,21:00:00,59.99999999999995,4.0,,1.0,3.0,4.0,,,,,,,,,
2026-04-14,,,,,,,,,,,,,,,,,,15,,,Reinigung,,
2026-04-14,,,,,,s,,,,,,,,,,,,,,,,,
2026-04-14,,,,,,,21:00:00,21:45:00,45.0,4.0,,2.0,,2.0,,,,,,,,,
2026-04-14,,,,,,,,,,,,,,,,,,,,,,,
2026-04-14,,,,,,f,06:00:00,07:00:00,60.00000000000003,5.0,,,5.0,5.0,,,,,,,,,
2026-04-14,,,,,,,,,,,,,,,,,,,,,,,
2026-04-14,,,,,,,,,,,,,,,,,,,,,,,
2026-04-14,,,,,,f,07:00:00,08:00:00,59.99999999999995,5.0,,,5.0,5.0,,,,,,,,,
2026-04-14,,,,,,,,,,,,,,,,,,,,,,,
2026-04-14,,,,,,,,,,,,,,,,,,,,,,,
2026-04-14,,,,,,f,08:00:00,09:00:00,60.00000000000003,5.0,,,5.0,5.0,,,,,,,,,
2026-04-14,,,,,,,,,,,,,,,,,,,,,,,
2026-04-14,,,,,,,,,,,,,,,,,,,,,,,
2026-04-14,,,,,,,,,,,,,,,,,,,,,,,
2026-04-14,,,,,,,,,,,,,,,,,15,,,,STW Nacharbeiten ,2x,
2026-04-14,,,,,,,,,,,,,,,,,,,,,,,
2026-04-14,,,,,,f,10:00:00,11:00:00,59.99999999999995,5.0,,,5.0,5.0,,,,,,,,,
2026-04-14,,,,,,,,,,,,,,,,,,,,,,,
2026-04-14,,,,,,,,,,,,,,,,,,,,,,,
2026-04-14,,,,,,f,11:00:00,12:00:00,60.00000000000003,5.0,,,5.0,5.0,,,,,,,,,
2026-04-14,,,,,,,,,,,,,,,,,,,,,,,
2026-04-14,,,,,,,,,,,,,,,,,,,,,,,
2026-04-14,,,,,,,,,,,,,,,,,,15,,,Reinigung + Werkzeug einschließen,,
2026-04-14,,,,,,s,,,,,,,,,,,,,,,,,
2026-04-14,,,,,,,,,,,,,,,,,,,,,,,
2026-04-15,,,,,,,,,,,,,,,,,,,,,Anlage auffüllen ,,
2026-04-15,,,,,,f,11:00:00,12:00:00,60.00000000000003,5.0,,,0.0,,,,,,,,,,
2026-04-15,,,,,,f,04:45:00,06:00:00,75.00000000000001,4.0,,,4.0,4.0,,,,15,,,Wartungsplan,,
2026-04-15,,,,,,,,,,,,,,,,,,,,,,,
2026-04-15,,,,,,,,,,,,,,,,,,,,,,,
2026-04-15,,,,,,f,10:00:00,11:00:00,59.99999999999995,5.0,,,3.0,3.0,,,,20,,R 02,Drahtfasswechsel,,
2026-04-15,,,,,,,,,,,,,,,,,,,,,,,
2026-04-15,,,,,,,,,,,,,,,,,,,,,,,
2026-04-15,,,,,,,,,,,,,,,,,,,,,,,
2026-04-15,,,,,,f,09:30:00,10:00:00,30.000000000000053,5.0,,,2.0,2.0,,,,,,,,,
2026-04-15,,,,,,f,12:00:00,13:15:00,75.00000000000006,5.0,,,2.0,2.0,,,,30,,,Schrittketten störung und Zylinder wechseln (RobTech vor Ort),,
2026-04-15,,,,,,,,,,,,,,,,,,60,,R 05,Schrittketten störung und Zylinder wechseln (RobTech vor Ort),,
2026-04-15,,,,,,,,,,,,,,,,,,,,,,,
2026-04-15,,,,,,,,,,,,,,,,,,,,,,,
2026-04-15,,,,,,,,,,,,,,,,,,,,,,,
2026-04-15,,,,,,f,07:00:00,08:00:00,59.99999999999995,4.0,,,5.0,5.0,,,,,,,,,
2026-04-15,,,,,,,,,,,,,,,,,,,,,,,
2026-04-15,,,,,,,,,,,,,,,,,,,,,,,
2026-04-15,,,,,,f,06:00:00,07:00:00,60.00000000000003,4.0,,,4.0,4.0,,,,,,,,,
2026-04-15,,,,,,,,,,,,,,,,,,,,,,,
2026-04-15,,,,,,,,,,,,,,,,,,,,,,,
2026-04-15,,,,,,f,08:00:00,09:00:00,60.00000000000003,5.0,,,5.0,5.0,,,,,,,,,
2026-04-15,,,,,,,,,,,,,,,,,,,,,,,
2026-04-15,,,,,,,,,,,,,,,,,,,,,,,
2026-04-15,,,,,,,,,,,,,,,,,,,,,,,
2026-04-15,,,,,,,,,,,,,,,,,,,,,,,
2026-04-15,,,,,,,15:00:00,16:00:00,59.99999999999995,5.0,,,5.0,5.0,,,,,,,,,
2026-04-15,,,,,,s,,,,,,,,,,,,,,,,,
2026-04-15,,,,,,,,,,,,,,,,,,,,,,,
2026-04-15,,,,,,,16:00:00,17:00:00,60.00000000000011,4.0,,3.0,2.0,5.0,,,,,,,,,
2026-04-15,,,,,,s,,,,,,,,,,,,,,,,,
2026-04-15,,,,,,,,,,,,,,,,,,,,,,,
2026-04-15,,,,,,,17:30:00,18:00:00,30.000000000000053,4.0,,2.0,,2.0,,,,,,,,,
2026-04-15,,,,,,s,,,,,,,,,,,,,,,,,
2026-04-15,,,,,,,,,,,,,,,,,,,,,,,
2026-04-15,,,,,,s,,,,,,,,,,,,,,,,,
2026-04-15,,,,,,,18:00:00,19:00:00,59.99999999999995,4.0,,4.0,1.0,5.0,,,,,,,,,
2026-04-15,,,,,,,,,,,,,,,,,,,,,,,
2026-04-15,,,,,,,19:00:00,20:00:00,60.00000000000011,,,1.0,4.0,5.0,,,,,,,,,
2026-04-15,,,,,,s,,,,,,,,,,,,,,,,,
2026-04-15,,,,,,,,,,,,,,,,,,,,,,,
2026-04-15,,,,,,,20:00:00,21:00:00,59.99999999999995,,,,5.0,5.0,,,,,,,,,
2026-04-15,,,,,,s,,,,,,,,,,,,,,,,,
2026-04-15,,,,,,,,,,,,,,,,,,,,,,,
2026-04-15,,,,,,,21:00:00,21:45:00,45.0,,,,2.0,2.0,,,,,,,,,
2026-04-15,,,,,,s,,,,,,,,,,,,,,,,,
2026-04-15,,,,,,,,,,,,,,,,,,15,,,Reinigung + Werkzeug einschließen,,
2026-04-15,,,,,,s,,,,,,,,,,,,,,,,,
2026-04-15,,,,,,,14:00:00,15:00:00,59.99999999999995,5.0,,,6.0,6.0,,,,,,,,,
2026-04-15,,,,,,,,,,,,,,,,,,,,,,,
2026-04-15,,,,,,s,,,,,,,,,,,,,,,"Anlage leer übernomen,Auffüllen",,
2026-04-15,,,,,,,,,,,,,,,,,,,,,,,
2026-04-15,,,,,,f,06:00:00,07:00:00,60.00000000000003,4.0,,,4.0,4.0,,,,,,,,,
2026-04-15,,,,,,,,,,,,,,,,,,,,,,,
2026-04-15,,,,,,,,,,,,,,,,,,,,,,,
2026-04-15,,,,,,f,07:00:00,08:00:00,59.99999999999995,4.0,,,5.0,5.0,,,,,,,,,
2026-04-15,,,,,,,,,,,,,,,,,,,,,,,
2026-04-15,,,,,,,,,,,,,,,,,,,,,,,
2026-04-15,,,,,,f,08:00:00,09:00:00,60.00000000000003,5.0,,,5.0,5.0,,,,,,,,,
2026-04-15,,,,,,,,,,,,,,,,,,,,,,,
2026-04-15,,,,,,,,,,,,,,,,,,15,,,Reinigung ,,
2026-04-15,,,,,,f,09:30:00,10:00:00,30.000000000000053,5.0,,,2.0,2.0,,,,,,,,,
2026-04-15,,,,,,,,,,,,,,,,,,,,,,,
2026-04-15,,,,,,,,,,,,,,,,,,,,,,,
2026-04-15,,,,,,f,10:00:00,11:00:00,59.99999999999995,5.0,,,3.0,3.0,,,,20,,R 02,Drahtfasswechsel,,
2026-04-15,,,,,,,,,,,,,,,,,,,,,,,
2026-04-15,,,,,,,,,,,,,,,,,,,,,,,
2026-04-15,,,,,,f,11:00:00,12:00:00,60.00000000000003,5.0,,,0.0,,,,,,,,,,
2026-04-15,,,,,,,,,,,,,,,,,,60,,R 05,Schrittketten störung und Zylinder wechseln (RobTech vor Ort),,
2026-04-15,,,,,,,,,,,,,,,,,,,,,,,
2026-04-15,,,,,,f,12:00:00,13:15:00,75.00000000000006,5.0,,,2.0,2.0,,,,30,,,Schrittketten störung und Zylinder wechseln (RobTech vor Ort),,
2026-04-15,,,,,,,,,,,,,,,,,,,,,Anlage auffüllen ,,
2026-04-15,,,,,,,,,,,,,,,,,,15,,,Reinigung ,,
2026-04-15,,,,,,,13:15:00,14:00:00,45.0,5.0,,,4.0,4.0,,,,15,,,Wartungsplan,,
2026-04-15,,,,,,f,04:45:00,06:00:00,75.00000000000001,4.0,,,4.0,4.0,,,,15,,,Wartungsplan,,
2026-04-15,,,,,,,13:15:00,14:00:00,45.0,5.0,,,4.0,4.0,,,,15,,,Wartungsplan,,
2026-04-15,,,,,,,,,,,,,,,,,,,,,,,
2026-04-15,,,,,,,,,,,,,,,,,,,,,,,
2026-04-15,,,,,,,14:00:00,15:00:00,59.99999999999995,5.0,,,6.0,6.0,,,,,,,,,
2026-04-15,,,,,,s,,,,,,,,,,,,,,,,,
2026-04-15,,,,,,,,,,,,,,,,,,,,,,,
2026-04-15,,,,,,,15:00:00,16:00:00,59.99999999999995,5.0,,,5.0,5.0,,,,,,,,,
2026-04-15,,,,,,s,,,,,,,,,,,,,,,,,
2026-04-15,,,,,,,,,,,,,,,,,,,,,,,
2026-04-15,,,,,,,16:00:00,17:00:00,60.00000000000011,4.0,,3.0,2.0,5.0,,,,,,,,,
2026-04-15,,,,,,s,,,,,,,,,,,,,,,,,
2026-04-15,,,,,,,,,,,,,,,,,,,,,,,
2026-04-15,,,,,,,17:30:00,18:00:00,30.000000000000053,4.0,,2.0,,2.0,,,,,,,,,
2026-04-15,,,,,,,,,,,,,,,,,,,,,,,
2026-04-15,,,,,,s,,,,,,,,,,,,,,,,,
2026-04-15,,,,,,,18:00:00,19:00:00,59.99999999999995,4.0,,4.0,1.0,5.0,,,,,,,,,
2026-04-15,,,,,,s,,,,,,,,,,,,,,,,,
2026-04-15,,,,,,,,,,,,,,,,,,,,,,,
2026-04-15,,,,,,,19:00:00,20:00:00,60.00000000000011,,,1.0,4.0,5.0,,,,,,,,,
2026-04-15,,,,,,s,,,,,,,,,,,,,,,,,
2026-04-15,,,,,,,,,,,,,,,,,,,,,,,
2026-04-15,,,,,,,20:00:00,21:00:00,59.99999999999995,,,,5.0,5.0,,,,,,,,,
2026-04-15,,,,,,s,,,,,,,,,,,,,,,,,
2026-04-15,,,,,,,,,,,,,,,,,,,,,,,
2026-04-15,,,,,,,21:00:00,21:45:00,45.0,,,,2.0,2.0,,,,,,,,,
2026-04-15,,,,,,,,,,,,,,,,,,,,,,,
2026-04-15,,,,,,s,,,,,,,,,,,,,,,"Anlage leer übernomen,Auffüllen",,
2026-04-15,,,,,,,13:15:00,14:00:00,45.0,5.0,,,4.0,4.0,,,,15,,,Wartungsplan,,
2026-04-15,,,,,,,,,,,,,,,,,,15,,,Reinigung ,,
2026-04-15,,,,,,f,04:45:00,06:00:00,75.00000000000001,4.0,,,4.0,4.0,,,,15,,,Wartungsplan,,
2026-04-15,,,,,,,,,,,,,,,,,,,,,,,
2026-04-15,,,,,,,,,,,,,,,,,,,,,,,
2026-04-15,,,,,,f,06:00:00,07:00:00,60.00000000000003,4.0,,,4.0,4.0,,,,,,,,,
2026-04-15,,,,,,,,,,,,,,,,,,,,,,,
2026-04-15,,,,,,,,,,,,,,,,,,,,,,,
2026-04-15,,,,,,f,07:00:00,08:00:00,59.99999999999995,4.0,,,5.0,5.0,,,,,,,,,
2026-04-15,,,,,,,,,,,,,,,,,,,,,,,
2026-04-15,,,,,,,,,,,,,,,,,,,,,,,
2026-04-15,,,,,,f,08:00:00,09:00:00,60.00000000000003,5.0,,,5.0,5.0,,,,,,,,,
2026-04-15,,,,,,,,,,,,,,,,,,,,,,,
2026-04-15,,,,,,,,,,,,,,,,,,,,,,,
2026-04-15,,,,,,f,09:30:00,10:00:00,30.000000000000053,5.0,,,2.0,2.0,,,,,,,,,
2026-04-15,,,,,,,,,,,,,,,,,,,,,,,
2026-04-15,,,,,,,,,,,,,,,,,,,,,,,
2026-04-15,,,,,,f,10:00:00,11:00:00,59.99999999999995,5.0,,,3.0,3.0,,,,20,,R 02,Drahtfasswechsel,,
2026-04-15,,,,,,,,,,,,,,,,,,,,,,,
2026-04-15,,,,,,,,,,,,,,,,,,,,,,,
2026-04-15,,,,,,f,11:00:00,12:00:00,60.00000000000003,5.0,,,0.0,,,,,,,,,,
2026-04-15,,,,,,,,,,,,,,,,,,60,,R 05,Schrittketten störung und Zylinder wechseln (RobTech vor Ort),,
2026-04-15,,,,,,,,,,,,,,,,,,,,,,,
2026-04-15,,,,,,f,12:00:00,13:15:00,75.00000000000006,5.0,,,2.0,2.0,,,,30,,,Schrittketten störung und Zylinder wechseln (RobTech vor Ort),,
2026-04-15,,,,,,,,,,,,,,,,,,,,,Anlage auffüllen ,,
2026-04-15,,,,,,s,,,,,,,,,,,,,,,,,
2026-04-15,,,,,,s,,,,,,,,,,,,,,,"Anlage leer übernomen,Auffüllen",,
2026-04-15,,,,,,,,,,,,,,,,,,15,,,Reinigung + Werkzeug einschließen,,
2026-04-15,,,,,,,18:00:00,19:00:00,59.99999999999995,4.0,,4.0,1.0,5.0,,,,,,,,,
2026-04-15,,,,,,s,,,,,,,,,,,,,,,,,
2026-04-15,,,,,,,,,,,,,,,,,,,,,,,
2026-04-15,,,,,,,15:00:00,16:00:00,59.99999999999995,5.0,,,5.0,5.0,,,,,,,,,
2026-04-15,,,,,,s,,,,,,,,,,,,,,,,,
2026-04-15,,,,,,,,,,,,,,,,,,,,,,,
2026-04-15,,,,,,,16:00:00,17:00:00,60.00000000000011,4.0,,3.0,2.0,5.0,,,,,,,,,
2026-04-15,,,,,,s,,,,,,,,,,,,,,,,,
2026-04-15,,,,,,,,,,,,,,,,,,,,,,,
2026-04-15,,,,,,,17:30:00,18:00:00,30.000000000000053,4.0,,2.0,,2.0,,,,,,,,,
2026-04-15,,,,,,s,,,,,,,,,,,,,,,,,
2026-04-15,,,,,,,,,,,,,,,,,,15,,,Reinigung + Werkzeug einschließen,,
2026-04-15,,,,,,s,,,,,,,,,,,,,,,,,
2026-04-15,,,,,,,,,,,,,,,,,,,,,,,
2026-04-15,,,,,,,19:00:00,20:00:00,60.00000000000011,,,1.0,4.0,5.0,,,,,,,,,
2026-04-15,,,,,,s,,,,,,,,,,,,,,,,,
2026-04-15,,,,,,,,,,,,,,,,,,,,,,,
2026-04-15,,,,,,,20:00:00,21:00:00,59.99999999999995,,,,5.0,5.0,,,,,,,,,
2026-04-15,,,,,,s,,,,,,,,,,,,,,,,,
2026-04-15,,,,,,,,,,,,,,,,,,,,,,,
2026-04-15,,,,,,,21:00:00,21:45:00,45.0,,,,2.0,2.0,,,,,,,,,
2026-04-15,,,,,,s,,,,,,,,,,,,,,,,,
2026-04-15,,,,,,,14:00:00,15:00:00,59.99999999999995,5.0,,,6.0,6.0,,,,,,,,,
2026-04-16,,,,,,f,12:00:00,13:15:00,75.00000000000006,4.0,,,5.0,5.0,,,,,,,,,
2026-04-16,,,,,,,,,,,,,,,,,,15,,,Reinigung ,,
2026-04-16,,,,,,,,,,,,,,,,,,,,,,,
2026-04-16,,,,,,,,,,,,,,,,,,,,,,,
2026-04-16,,,,,,f,12:00:00,13:15:00,75.00000000000006,4.0,,,5.0,5.0,,,,,,,,,
2026-04-16,,,,,,,,,,,,,,,,,,,,,,,
2026-04-16,,,,,,,,,,,,,,,,,,,,,,,
2026-04-16,,,,,,f,11:00:00,12:00:00,60.00000000000003,4.0,,,5.0,5.0,,,,,,,,,
2026-04-16,,,,,,,,,,,,,,,,,,,,,,,
2026-04-16,,,,,,,,,,,,,,,,,,,,,,,
2026-04-16,,,,,,f,10:00:00,11:00:00,59.99999999999995,4.0,,,5.0,5.0,,,,,,,,,
2026-04-16,,,,,,,,,,,,,,,,,,,,,,,
2026-04-16,,,,,,,,,,,,,,,,,,,,,,,
2026-04-16,,,,,,f,09:30:00,10:00:00,30.000000000000053,4.0,,,2.0,2.0,,,,,,,,,
2026-04-16,,,,,,,,,,,,,,,,,,,,,,,
2026-04-16,,,,,,,,,,,,,,,,,,,,,,,
2026-04-16,,,,,,f,08:00:00,09:00:00,60.00000000000003,4.0,,,5.0,5.0,,,,,,,,,
2026-04-16,,,,,,,,,,,,,,,,,,,,,,,
2026-04-16,,,,,,,,,,,,,,,,,,,,,,,
2026-04-16,,,,,,f,07:00:00,08:00:00,59.99999999999995,4.0,,,5.0,5.0,,,,,,,,,
2026-04-16,,,,,,,,,,,,,,,,,,,,,,,
2026-04-16,,,,,,,,,,,,,,,,,,,,,,,
2026-04-16,,,,,,f,06:00:00,07:00:00,60.00000000000003,5.0,,,6.0,6.0,,,,,,,,,
2026-04-16,,,,,,,,,,,,,,,,,,,,,,,
2026-04-16,,,,,,f,04:45:00,06:00:00,75.00000000000001,5.0,,,4.0,4.0,,,,15,,,Wartungsplan,,
2026-04-16,,,,,,,,,,,,,,,,,,,,,,,
2026-04-16,,,,,,,,,,,,,,,,,,15,,,Reinigung + Werkzeug einschließen,,
2026-04-16,,,,,,,21:00:00,21:45:00,45.0,4.0,,,2.0,2.0,,,,,,,,,
2026-04-16,,,,,,f,04:45:00,06:00:00,75.00000000000001,5.0,,,4.0,4.0,,,,15,,,Wartungsplan,,
2026-04-16,,,,,,,,,,,,,,,,,,,,,,,
2026-04-16,,,,,,,,,,,,,,,,,,,,,,,
2026-04-16,,,,,,f,06:00:00,07:00:00,60.00000000000003,5.0,,,6.0,6.0,,,,,,,,,
2026-04-16,,,,,,,,,,,,,,,,,,,,,,,
2026-04-16,,,,,,,,,,,,,,,,,,,,,,,
2026-04-16,,,,,,f,07:00:00,08:00:00,59.99999999999995,4.0,,,5.0,5.0,,,,,,,,,
2026-04-16,,,,,,,,,,,,,,,,,,,,,,,
2026-04-16,,,,,,,,,,,,,,,,,,,,,,,
2026-04-16,,,,,,f,08:00:00,09:00:00,60.00000000000003,4.0,,,5.0,5.0,,,,,,,,,
2026-04-16,,,,,,,,,,,,,,,,,,,,,,,
2026-04-16,,,,,,,,,,,,,,,,,,,,,,,
2026-04-16,,,,,,f,09:30:00,10:00:00,30.000000000000053,4.0,,,2.0,2.0,,,,,,,,,
2026-04-16,,,,,,,,,,,,,,,,,,,,,,,
2026-04-16,,,,,,,,,,,,,,,,,,,,,,,
2026-04-16,,,,,,f,10:00:00,11:00:00,59.99999999999995,4.0,,,5.0,5.0,,,,,,,,,
2026-04-16,,,,,,,,,,,,,,,,,,,,,,,
2026-04-16,,,,,,,,,,,,,,,,,,,,,,,
2026-04-16,,,,,,f,11:00:00,12:00:00,60.00000000000003,4.0,,,5.0,5.0,,,,,,,,,
2026-04-16,,,,,,,,,,,,,,,,,,,,,,,
2026-04-16,,,,,,,,,,,,,,,,,,,,,,,
2026-04-16,,,,,,,,,,,,,,,,,,15,,,Reinigung ,,
2026-04-16,,,,,,s,,,,,,,,,,,,,,,,,
2026-04-16,,,,,,,13:15:00,14:00:00,45.0,4.0,,,3.0,3.0,,,,15,,,Wartungsplan,,
2026-04-16,,,,,,,,,,,,,,,,,,,,,,,
2026-04-16,,,,,,,,,,,,,,,,,,,,,,,
2026-04-16,,,,,,s,,,,,,,,,,,,,,,,,
2026-04-16,,,,,,,20:00:00,21:00:00,59.99999999999995,4.0,,,4.0,4.0,,,,,,,,,
2026-04-16,,,,,,,,,,,,,,,,,,,,,,,
2026-04-16,,,,,,s,,,,,,,,,,,8,,,,Kratzer in der Stirnwand ausbessern.,,
2026-04-16,,,,,,,19:00:00,20:00:00,60.00000000000011,4.0,,,4.0,4.0,,,,,,,,,
2026-04-16,,,,,,,,,,,,,,,,,,,,,,,
2026-04-16,,,,,,s,,,,,,,,,,,,,,,,,
2026-04-16,,,,,,,18:00:00,19:00:00,59.99999999999995,4.0,,,5.0,5.0,,,,,,,,,
2026-04-16,,,,,,,,,,,,,,,,,,,,,,,
2026-04-16,,,,,,s,,,,,,,,,,,,,,,,,
2026-04-16,,,,,,,17:30:00,18:00:00,30.000000000000053,4.0,,,2.0,2.0,,,,,,,,,
2026-04-16,,,,,,,,,,,,,,,,,,,,,,,
2026-04-16,,,,,,s,,,,,,,,,,,,,,,,,
2026-04-16,,,,,,,16:00:00,17:00:00,60.00000000000011,4.0,,,5.0,5.0,,,,,,,,,
2026-04-16,,,,,,,,,,,,,,,,,,,,,,,
2026-04-16,,,,,,s,,,,,,,,,,,,,,,,,
2026-04-16,,,,,,,15:00:00,16:00:00,59.99999999999995,4.0,,,5.0,5.0,,,,,,,,,
2026-04-16,,,,,,,,,,,,,,,,,,,,,,,
2026-04-16,,,,,,s,,,,,,,,,,,,,,,,,
2026-04-16,,,,,,,14:00:00,15:00:00,59.99999999999995,4.0,,,5.0,5.0,,,,,,,,,
2026-04-16,,,,,,s,,,,,,,,,,,10,,,,Kratzer in der Stirnwand ausbessern.,,
2026-04-16,,,,,,,13:15:00,14:00:00,45.0,4.0,,,3.0,3.0,,,,15,,,Wartungsplan,,
2026-04-16,,,,,,s,,,,,,,,,,,,,,,,,
2026-04-16,,,,,,,,,,,,,,,,,,,,,,,
2026-04-16,,,,,,s,,,,,,,,,,,,,,,,,
2026-04-16,,,,,,,,,,,,,,,,,,,,,,,
2026-04-16,,,,,,,15:00:00,16:00:00,59.99999999999995,4.0,,,5.0,5.0,,,,,,,,,
2026-04-16,,,,,,s,,,,,,,,,,,,,,,,,
2026-04-16,,,,,,,,,,,,,,,,,,,,,,,
2026-04-16,,,,,,,16:00:00,17:00:00,60.00000000000011,4.0,,,5.0,5.0,,,,,,,,,
2026-04-16,,,,,,s,,,,,,,,,,,,,,,,,
2026-04-16,,,,,,,,,,,,,,,,,,,,,,,
2026-04-16,,,,,,,17:30:00,18:00:00,30.000000000000053,4.0,,,2.0,2.0,,,,,,,,,
2026-04-16,,,,,,s,,,,,,,,,,,,,,,,,
2026-04-16,,,,,,,14:00:00,15:00:00,59.99999999999995,4.0,,,5.0,5.0,,,,,,,,,
2026-04-16,,,,,,,,,,,,,,,,,,,,,,,
2026-04-16,,,,,,s,,,,,,,,,,,,,,,,,
2026-04-16,,,,,,,,,,,,,,,,,,,,,,,
2026-04-16,,,,,,,19:00:00,20:00:00,60.00000000000011,4.0,,,4.0,4.0,,,,,,,,,
2026-04-16,,,,,,s,,,,,,,,,,,8,,,,Kratzer in der Stirnwand ausbessern.,,
2026-04-16,,,,,,,,,,,,,,,,,,,,,,,
2026-04-16,,,,,,,20:00:00,21:00:00,59.99999999999995,4.0,,,4.0,4.0,,,,,,,,,
2026-04-16,,,,,,s,,,,,,,,,,,,,,,,,
2026-04-16,,,,,,,,,,,,,,,,,,,,,,,
2026-04-16,,,,,,,21:00:00,21:45:00,45.0,4.0,,,2.0,2.0,,,,,,,,,
2026-04-16,,,,,,s,,,,,,,,,,,,,,,,,
2026-04-16,,,,,,,18:00:00,19:00:00,59.99999999999995,4.0,,,5.0,5.0,,,,,,,,,
2026-04-16,,,,,,,,,,,,,,,,,,,,,,,
2026-04-16,,,,,,s,,,,,,,,,,,10,,,,Kratzer in der Stirnwand ausbessern.,,
2026-04-16,,,,,,,13:15:00,14:00:00,45.0,4.0,,,3.0,3.0,,,,15,,,Wartungsplan,,
2026-04-16,,,,,,,,,,,,,,,,,,,,,,,
2026-04-16,,,,,,,,,,,,,,,,,,,,,,,
2026-04-16,,,,,,f,06:00:00,07:00:00,60.00000000000003,5.0,,,6.0,6.0,,,,,,,,,
2026-04-16,,,,,,,,,,,,,,,,,,,,,,,
2026-04-16,,,,,,,,,,,,,,,,,,,,,,,
2026-04-16,,,,,,f,07:00:00,08:00:00,59.99999999999995,4.0,,,5.0,5.0,,,,,,,,,
2026-04-16,,,,,,,,,,,,,,,,,,,,,,,
2026-04-16,,,,,,,,,,,,,,,,,,,,,,,
2026-04-16,,,,,,f,08:00:00,09:00:00,60.00000000000003,4.0,,,5.0,5.0,,,,,,,,,
2026-04-16,,,,,,,,,,,,,,,,,,,,,,,
2026-04-16,,,,,,,,,,,,,,,,,,,,,,,
2026-04-16,,,,,,f,09:30:00,10:00:00,30.000000000000053,4.0,,,2.0,2.0,,,,,,,,,
2026-04-16,,,,,,,,,,,,,,,,,,,,,,,
2026-04-16,,,,,,,,,,,,,,,,,,,,,,,
2026-04-16,,,,,,f,10:00:00,11:00:00,59.99999999999995,4.0,,,5.0,5.0,,,,,,,,,
2026-04-16,,,,,,,,,,,,,,,,,,,,,,,
2026-04-16,,,,,,,,,,,,,,,,,,,,,,,
2026-04-16,,,,,,f,11:00:00,12:00:00,60.00000000000003,4.0,,,5.0,5.0,,,,,,,,,
2026-04-16,,,,,,,,,,,,,,,,,,,,,,,
2026-04-16,,,,,,,,,,,,,,,,,,,,,,,
2026-04-16,,,,,,f,12:00:00,13:15:00,75.00000000000006,4.0,,,5.0,5.0,,,,,,,,,
2026-04-16,,,,,,,,,,,,,,,,,,,,,,,
2026-04-16,,,,,,,,,,,,,,,,,,15,,,Reinigung ,,
2026-04-16,,,,,,,,,,,,,,,,,,15,,,Reinigung + Werkzeug einschließen,,
2026-04-16,,,,,,s,,,,,,,,,,,10,,,,Kratzer in der Stirnwand ausbessern.,,
2026-04-16,,,,,,f,04:45:00,06:00:00,75.00000000000001,5.0,,,4.0,4.0,,,,15,,,Wartungsplan,,
2026-04-16,,,,,,,,,,,,,,,,,,,,,,,
2026-04-16,,,,,,,21:00:00,21:45:00,45.0,4.0,,,2.0,2.0,,,,,,,,,
2026-04-16,,,,,,,,,,,,,,,,,,,,,,,
2026-04-16,,,,,,s,,,,,,,,,,,,,,,,,
2026-04-16,,,,,,,20:00:00,21:00:00,59.99999999999995,4.0,,,4.0,4.0,,,,,,,,,
2026-04-16,,,,,,,,,,,,,,,,,,,,,,,
2026-04-16,,,,,,s,,,,,,,,,,,8,,,,Kratzer in der Stirnwand ausbessern.,,
2026-04-16,,,,,,,19:00:00,20:00:00,60.00000000000011,4.0,,,4.0,4.0,,,,,,,,,
2026-04-16,,,,,,,,,,,,,,,,,,,,,,,
2026-04-16,,,,,,s,,,,,,,,,,,,,,,,,
2026-04-16,,,,,,,18:00:00,19:00:00,59.99999999999995,4.0,,,5.0,5.0,,,,,,,,,
2026-04-16,,,,,,,,,,,,,,,,,,,,,,,
2026-04-16,,,,,,s,,,,,,,,,,,,,,,,,
2026-04-16,,,,,,,14:00:00,15:00:00,59.99999999999995,4.0,,,5.0,5.0,,,,,,,,,
2026-04-16,,,,,,s,,,,,,,,,,,,,,,,,
2026-04-16,,,,,,,,,,,,,,,,,,,,,,,
2026-04-16,,,,,,,15:00:00,16:00:00,59.99999999999995,4.0,,,5.0,5.0,,,,,,,,,
2026-04-16,,,,,,s,,,,,,,,,,,,,,,,,
2026-04-16,,,,,,,17:30:00,18:00:00,30.000000000000053,4.0,,,2.0,2.0,,,,,,,,,
2026-04-16,,,,,,,16:00:00,17:00:00,60.00000000000011,4.0,,,5.0,5.0,,,,,,,,,
2026-04-16,,,,,,,,,,,,,,,,,,15,,,Reinigung + Werkzeug einschließen,,
2026-04-16,,,,,,s,,,,,,,,,,,,,,,,,
2026-04-16,,,,,,,,,,,,,,,,,,,,,,,
2026-04-17,,,,,,,,,,,,,,,,,,,,,,,
2026-04-17,,,,,,,,,,,,,,,,,,,,,,,
2026-04-17,,,,,,,,,,,,,,,,,,15,,,Reinigung ,,
2026-04-17,,,,,,,13:15:00,14:00:00,45.0,4.0,,,3.0,3.0,,,,15,,,Wartungsplan,,
2026-04-17,,,,,,s,,,,,,,,,,,,,,,,,
2026-04-17,,,,,,f,04:45:00,06:00:00,75.00000000000001,4.0,,4.0,,4.0,,,,15,,,Wartungsplan,,
2026-04-17,,,,,,,,,,,,,,,,,,,,,,,
2026-04-17,,,,,,f,12:00:00,13:15:00,75.00000000000006,4.0,,,4.0,4.0,,,10,,,,STW Nacharbeiten (Kratzer) ,,
2026-04-17,,,,,,,,,,,,,,,,,,,,,,,
2026-04-17,,,,,,,,,,,,,,,,,,,,,,,
2026-04-17,,,,,,,,,,,,,,,,,,,,,,,
2026-04-17,,,,,,f,07:00:00,08:00:00,59.99999999999995,4.0,,,4.0,4.0,,,7,,,,STW Nacharbeiten (Kratzer) ,,
2026-04-17,,,,,,,,,,,,,,,,,,,,,,,
2026-04-17,,,,,,,,,,,,,,,,,,,,,,,
2026-04-17,,,,,,f,08:00:00,09:00:00,60.00000000000003,4.0,,,4.0,4.0,,,,,,,,1,
2026-04-17,,,,,,f,06:00:00,07:00:00,60.00000000000003,4.0,,5.0,,5.0,,,,,,,,,
2026-04-17,,,,,,,,,,,,,,,,,,,,,,,
2026-04-17,,,,,,,,,,,,,,,,,,,,,,,
2026-04-17,,,,,,f,11:00:00,12:00:00,60.00000000000003,4.0,,,5.0,5.0,,,,,,,,,
2026-04-17,,,,,,f,09:30:00,10:00:00,30.000000000000053,4.0,,,2.0,2.0,,,,,,,,,
2026-04-17,,,,,,,,,,,,,,,,,,,,,,,
2026-04-17,,,,,,,,,,,,,,,,,,,,,,,
2026-04-17,,,,,,f,08:00:00,09:00:00,60.00000000000003,4.0,,,4.0,4.0,,,,,,,,1,
2026-04-17,,,,,,,,,,,,,,,,,,,,,,,
2026-04-17,,,,,,f,10:00:00,11:00:00,59.99999999999995,4.0,,,4.0,4.0,,,8,,,,STW Nacharbeiten (Kratzer) ,,
2026-04-17,,,,,,f,07:00:00,08:00:00,59.99999999999995,4.0,,,4.0,4.0,,,7,,,,STW Nacharbeiten (Kratzer) ,,
2026-04-17,,,,,,,,,,,,,,,,,,,,,,,
2026-04-17,,,,,,,,,,,,,,,,,,,,,,,
2026-04-17,,,,,,f,06:00:00,07:00:00,60.00000000000003,4.0,,5.0,,5.0,,,,,,,,,
2026-04-17,,,,,,,,,,,,,,,,,,,,,,,
2026-04-17,,,,,,,,,,,,,,,,,,,,,,,
2026-04-17,,,,,,f,04:45:00,06:00:00,75.00000000000001,4.0,,4.0,,4.0,,,,15,,,Wartungsplan,,
2026-04-17,,,,,,,,,,,,,,,,,,,,,,,
2026-04-17,,,,,,,,,,,,,,,,,,,,,,,
2026-04-17,,,,,,,,,,,,,,,,,,,,,,,
2026-04-17,,,,,,,,,,,,,,,,,,,,,,,
2026-04-17,,,,,,s,,,,,,,,,,,,,,,,,
2026-04-17,,,,,,f,04:45:00,06:00:00,75.00000000000001,4.0,,4.0,,4.0,,,,15,,,Wartungsplan,,
2026-04-17,,,,,,,13:15:00,14:00:00,45.0,4.0,,,3.0,3.0,,,,15,,,Wartungsplan,,
2026-04-17,,,,,,,,,,,,,,,,,,15,,,Reinigung ,,
2026-04-17,,,,,,,,,,,,,,,,,,,,,,,
2026-04-17,,,,,,f,12:00:00,13:15:00,75.00000000000006,4.0,,,4.0,4.0,,,10,,,,STW Nacharbeiten (Kratzer) ,,
2026-04-17,,,,,,,,,,,,,,,,,,,,,,,
2026-04-17,,,,,,,,,,,,,,,,,,,,,,,
2026-04-17,,,,,,f,11:00:00,12:00:00,60.00000000000003,4.0,,,5.0,5.0,,,,,,,,,
2026-04-17,,,,,,,,,,,,,,,,,,,,,,,
2026-04-17,,,,,,,,,,,,,,,,,,,,,,,
2026-04-17,,,,,,f,10:00:00,11:00:00,59.99999999999995,4.0,,,4.0,4.0,,,8,,,,STW Nacharbeiten (Kratzer) ,,
2026-04-17,,,,,,s,,,,,,,,,,,,,,,,,
2026-04-17,,,,,,,,,,,,,,,,,,,,,,,
2026-04-17,,,,,,f,09:30:00,10:00:00,30.000000000000053,4.0,,,2.0,2.0,,,,,,,,,
2026-04-17,,,,,,,,,,,,,,,,,,,,,,,
2026-04-17,,,,,,,,,,,,,,,,,,,,,,,
2026-04-17,,,,,,f,08:00:00,09:00:00,60.00000000000003,4.0,,,4.0,4.0,,,,,,,,1,
2026-04-17,,,,,,,,,,,,,,,,,,,,,,,
2026-04-17,,,,,,,,,,,,,,,,,,,,,,,
2026-04-17,,,,,,f,07:00:00,08:00:00,59.99999999999995,4.0,,,4.0,4.0,,,7,,,,STW Nacharbeiten (Kratzer) ,,
2026-04-17,,,,,,,,,,,,,,,,,,,,,,,
2026-04-17,,,,,,,,,,,,,,,,,,,,,,,
2026-04-17,,,,,,f,06:00:00,07:00:00,60.00000000000003,4.0,,5.0,,5.0,,,,,,,,,
2026-04-17,,,,,,,,,,,,,,,,,,,,,,,
2026-04-17,,,,,,,,,,,,,,,,,,,,,,,
2026-04-17,,,,,,,,,,,,,,,,,,,,,,,
2026-04-17,,,,,,s,,,,,,,,,,,,,,,,,
2026-04-17,,,,,,,,,,,,,,,,,,15,,,Reinigung + Werkzeug einschließen,,
2026-04-17,,,,,,s,,,,,,,,,,,,,,,,,
2026-04-17,,,,,,,21:00:00,21:45:00,45.0,4.0,,,2.0,2.0,,,,,,,,,
2026-04-17,,,,,,,,,,,,,,,,,,,,,,,
2026-04-17,,,,,,s,,,,,,,,,,,,,,,,,
2026-04-17,,,,,,,20:00:00,21:00:00,59.99999999999995,4.0,,,5.0,5.0,,,,,,,,,
2026-04-17,,,,,,,,,,,,,,,,,,,,,,,
2026-04-17,,,,,,s,,,,,,,,,,,,,,,,,
2026-04-17,,,,,,,19:00:00,20:00:00,60.00000000000011,4.0,,,4.0,4.0,,,,,,,,,
2026-04-17,,,,,,,,,,,,,,,,,,,,,,,
2026-04-17,,,,,,,14:00:00,15:00:00,59.99999999999995,4.0,,,5.0,5.0,,,,,,,,,
2026-04-17,,,,,,s,,,,,,,,,,,,,,,,,
2026-04-17,,,,,,,,,,,,,,,,,,,,,,,
2026-04-17,,,,,,s,,,,,,,,,,,,,,,,,
2026-04-17,,,,,,,17:30:00,18:00:00,30.000000000000053,4.0,,1.0,1.0,2.0,,,,,,,,,
2026-04-17,,,,,,,,,,,,,,,,,,,,,,,
2026-04-17,,,,,,s,,,,,,,,,,,,,,,,,
2026-04-17,,,,,,,16:00:00,17:00:00,60.00000000000011,4.0,,5.0,,5.0,,,,,,,,,
2026-04-17,,,,,,,,,,,,,,,,,,,,,,,
2026-04-17,,,,,,s,,,,,,,,,,,,,,,,,
2026-04-17,,,,,,,15:00:00,16:00:00,59.99999999999995,4.0,,,5.0,5.0,,,,,,,,,
2026-04-17,,,,,,,,,,,,,,,,,,,,,,,
2026-04-17,,,,,,,18:00:00,19:00:00,59.99999999999995,4.0,,,5.0,5.0,,,,,,,,,
2026-04-17,,,,,,,14:00:00,15:00:00,59.99999999999995,4.0,,,5.0,5.0,,,,,,,,,
2026-04-17,,,,,,,,,,,,,,,,,,,,,,,
2026-04-17,,,,,,,,,,,,,,,,,,,,,,,
2026-04-17,,,,,,,20:00:00,21:00:00,59.99999999999995,4.0,,,5.0,5.0,,,,,,,,,
2026-04-17,,,,,,s,,,,,,,,,,,,,,,,,
2026-04-17,,,,,,,,,,,,,,,,,,,,,,,
2026-04-17,,,,,,,21:00:00,21:45:00,45.0,4.0,,,2.0,2.0,,,,,,,,,
2026-04-17,,,,,,s,,,,,,,,,,,,,,,,,
2026-04-17,,,,,,,,,,,,,,,,,,15,,,Reinigung + Werkzeug einschließen,,
2026-04-17,,,,,,f,09:30:00,10:00:00,30.000000000000053,4.0,,,2.0,2.0,,,,,,,,,
2026-04-17,,,,,,,,,,,,,,,,,,15,,,Reinigung + Werkzeug einschließen,,
2026-04-17,,,,,,s,,,,,,,,,,,,,,,,,
2026-04-17,,,,,,,21:00:00,21:45:00,45.0,4.0,,,2.0,2.0,,,,,,,,,
2026-04-17,,,,,,,,,,,,,,,,,,,,,,,
2026-04-17,,,,,,s,,,,,,,,,,,,,,,,,
2026-04-17,,,,,,,20:00:00,21:00:00,59.99999999999995,4.0,,,5.0,5.0,,,,,,,,,
2026-04-17,,,,,,,,,,,,,,,,,,,,,,,
2026-04-17,,,,,,s,,,,,,,,,,,,,,,,,
2026-04-17,,,,,,,19:00:00,20:00:00,60.00000000000011,4.0,,,4.0,4.0,,,,,,,,,
2026-04-17,,,,,,,,,,,,,,,,,,,,,,,
2026-04-17,,,,,,s,,,,,,,,,,,,,,,,,
2026-04-17,,,,,,,18:00:00,19:00:00,59.99999999999995,4.0,,,5.0,5.0,,,,,,,,,
2026-04-17,,,,,,,,,,,,,,,,,,,,,,,
2026-04-17,,,,,,s,,,,,,,,,,,,,,,,,
2026-04-17,,,,,,,17:30:00,18:00:00,30.000000000000053,4.0,,1.0,1.0,2.0,,,,,,,,,
2026-04-17,,,,,,,,,,,,,,,,,,,,,,,
2026-04-17,,,,,,s,,,,,,,,,,,,,,,,,
2026-04-17,,,,,,,16:00:00,17:00:00,60.00000000000011,4.0,,5.0,,5.0,,,,,,,,,
2026-04-17,,,,,,,,,,,,,,,,,,,,,,,
2026-04-17,,,,,,s,,,,,,,,,,,,,,,,,
2026-04-17,,,,,,,15:00:00,16:00:00,59.99999999999995,4.0,,,5.0,5.0,,,,,,,,,
2026-04-17,,,,,,,,,,,,,,,,,,,,,,,
2026-04-17,,,,,,,,,,,,,,,,,,,,,,,
2026-04-17,,,,,,s,,,,,,,,,,,,,,,,,
2026-04-17,,,,,,,,,,,,,,,,,,,,,,,
2026-04-17,,,,,,,,,,,,,,,,,,,,,,,
2026-04-17,,,,,,,19:00:00,20:00:00,60.00000000000011,4.0,,,4.0,4.0,,,,,,,,,
2026-04-17,,,,,,,,,,,,,,,,,,,,,,,
2026-04-17,,,,,,s,,,,,,,,,,,,,,,,,
2026-04-17,,,,,,,16:00:00,17:00:00,60.00000000000011,4.0,,5.0,,5.0,,,,,,,,,
2026-04-17,,,,,,,,,,,,,,,,,,,,,,,
2026-04-17,,,,,,s,,,,,,,,,,,,,,,,,
2026-04-17,,,,,,,15:00:00,16:00:00,59.99999999999995,4.0,,,5.0,5.0,,,,,,,,,
2026-04-17,,,,,,,17:30:00,18:00:00,30.000000000000053,4.0,,1.0,1.0,2.0,,,,,,,,,
2026-04-17,,,,,,,,,,,,,,,,,,,,,,,
2026-04-17,,,,,,,14:00:00,15:00:00,59.99999999999995,4.0,,,5.0,5.0,,,,,,,,,
2026-04-17,,,,,,,,,,,,,,,,,,,,,,,
2026-04-17,,,,,,s,,,,,,,,,,,,,,,,,
2026-04-17,,,,,,,13:15:00,14:00:00,45.0,4.0,,,3.0,3.0,,,,15,,,Wartungsplan,,
2026-04-17,,,,,,,,,,,,,,,,,,15,,,Reinigung ,,
2026-04-17,,,,,,s,,,,,,,,,,,,,,,,,
2026-04-17,,,,,,f,12:00:00,13:15:00,75.00000000000006,4.0,,,4.0,4.0,,,10,,,,STW Nacharbeiten (Kratzer) ,,
2026-04-17,,,,,,s,,,,,,,,,,,,,,,,,
2026-04-17,,,,,,,,,,,,,,,,,,,,,,,
2026-04-17,,,,,,,18:00:00,19:00:00,59.99999999999995,4.0,,,5.0,5.0,,,,,,,,,
2026-04-17,,,,,,,,,,,,,,,,,,,,,,,
2026-04-17,,,,,,,,,,,,,,,,,,,,,,,
2026-04-17,,,,,,,,,,,,,,,,,,,,,,,
2026-04-17,,,,,,s,,,,,,,,,,,,,,,,,
2026-04-17,,,,,,,,,,,,,,,,,,,,,,,
2026-04-17,,,,,,,,,,,,,,,,,,,,,,,
2026-04-17,,,,,,,,,,,,,,,,,,,,,,,
2026-04-17,,,,,,f,11:00:00,12:00:00,60.00000000000003,4.0,,,5.0,5.0,,,,,,,,,
2026-04-17,,,,,,,,,,,,,,,,,,,,,,,
2026-04-17,,,,,,,,,,,,,,,,,,,,,,,
2026-04-17,,,,,,f,10:00:00,11:00:00,59.99999999999995,4.0,,,4.0,4.0,,,8,,,,STW Nacharbeiten (Kratzer) ,,
2026-04-20,,,,,,,,,,,,,,,,,,,,,,,
2026-04-20,,,,,,f,09:30:00,10:00:00,30.000000000000053,5.0,,2.0,2.0,4.0,,,,,,,,,
2026-04-20,,,,,,,,,,,,,,,,,,,,,,,
2026-04-20,,,,,,,,,,,,,,,,,,,,,,,
2026-04-20,,,,,,,,,,,,,,,,,,,,,,,
2026-04-20,,,,,,,,,,,,,,,,,,,,,,,
2026-04-20,,,,,,f,07:00:00,08:00:00,59.99999999999995,5.0,,2.0,5.0,7.0,,,,,,,,,
2026-04-20,,,,,,,,,,,,,,,,,,,,,,,
2026-04-20,,,,,,,,,,,,,,,,,,,,,,,
2026-04-20,,,,,,,,,,,,,,,,,,,,,,,
2026-04-20,,,,,,f,08:00:00,09:00:00,60.00000000000003,5.0,,7.0,,7.0,,,,,,,,,
2026-04-20,,,,,,f,10:00:00,11:00:00,59.99999999999995,5.0,,,7.0,7.0,,,,,,,,,
2026-04-20,,,,,,,,,,,,,,,,,,,,,,,
2026-04-20,,,,,,,,,,,,,,,,,,,,,,,
2026-04-20,,,,,,,18:00:00,19:00:00,59.99999999999995,3.0,,,3.0,3.0,,,,,,,,,
2026-04-20,,,,,,s,,,,,,,,,,,,,,,Kein Monteur,,
2026-04-20,,,,,,,,,,,,,,,,,,,,,,,
2026-04-20,,,,,,,19:00:00,20:00:00,60.00000000000011,3.0,,,3.0,3.0,,,,,,,,,
2026-04-20,,,,,,s,,,,,,,,,,,,,,,Kein Monteur,,
2026-04-20,,,,,,,,,,,,,,,,,,,,,,,
2026-04-20,,,,,,,,,,,,,,,,,,,,,,,
2026-04-20,,,,,,,20:00:00,21:00:00,59.99999999999995,3.0,,,3.0,3.0,,,,,,,,,
2026-04-20,,,,,,,,,,,,,,,,,,,,,,,
2026-04-20,,,,,,,21:00:00,21:45:00,45.0,3.0,,,2.0,2.0,,,,,,,,,
2026-04-20,,,,,,s,,,,,,,,,,,,,,,Kein Monteur,,
2026-04-20,,,,,,,,,,,,,,,,,,15,,,Reinigung + Werkzeug einschließen,,
2026-04-20,,,,,,f,04:45:00,06:00:00,75.00000000000001,5.0,,,7.0,7.0,,,,15,,,Wartungsplan,,
2026-04-20,,,,,,f,06:00:00,07:00:00,60.00000000000003,5.0,,,7.0,7.0,,,,,,,,,
2026-04-20,,,,,,s,,,,,,,,,,,,,,,Kein Monteur,,
2026-04-20,,,,,,s,,,,,,,,,,,,,,,Kein Monteur,,
2026-04-20,,,,,,,,,,,,,,,,,,,,,,,
2026-04-20,,,,,,s,,,,,,,,,,,,,,,Kein Monteur,,
2026-04-20,,,,,,f,11:00:00,12:00:00,60.00000000000003,5.0,,,7.0,7.0,,,,,,,,,
2026-04-20,,,,,,,,,,,,,,,,,,,,,,,
2026-04-20,,,,,,f,12:00:00,13:15:00,75.00000000000006,5.0,,,7.0,7.0,,,,,,,,,
2026-04-20,,,,,,,,,,,,,,,,,,,,,,,
2026-04-20,,,,,,,,,,,,,,,,,,15,,,Reinigung,,
2026-04-20,,,,,,,13:15:00,14:00:00,45.0,4.0,,,1.0,1.0,,,,15,,,Wartungsplan,,
2026-04-20,,,,,,s,,,,,,,,,,,,,,,Kein Monteur,,
2026-04-20,,,,,,,,,,,,,,,,,10,,,,STW Nachgearbeitet (Kratzer),1,
2026-04-20,,,,,,,14:00:00,15:00:00,59.99999999999995,4.0,,,4.0,4.0,,,,,,,,,
2026-04-20,,,,,,s,,,,,,,,,,,,,,,Kein Monteur,,
2026-04-20,,,,,,,,,,,,,,,,,,,,,,,
2026-04-20,,,,,,,15:00:00,16:00:00,59.99999999999995,4.0,,,3.0,3.0,,,,,,,,,
2026-04-20,,,,,,s,,,,,,,,,,,,,,,Kein Monteur,,
2026-04-20,,,,,,,,,,,,,,,,,10,,,,STW Nachgearbeitet (Kratzer),,
2026-04-20,,,,,,,16:00:00,17:00:00,60.00000000000011,3.0,,,3.0,3.0,,,,,,,,,
2026-04-20,,,,,,,,,,,,,,,,,,,,,,,
2026-04-20,,,,,,,17:30:00,18:00:00,30.000000000000053,3.0,,,2.0,2.0,,,,,,,,,
2026-04-20,,,,,,f,09:30:00,10:00:00,30.000000000000053,5.0,,2.0,2.0,4.0,,,,,,,,,
2026-04-20,,,,,,,,,,,,,,,,,,,,,,,
2026-04-20,,,,,,,14:00:00,15:00:00,59.99999999999995,4.0,,,4.0,4.0,,,,,,,,,
2026-04-20,,,,,,s,,,,,,,,,,,,,,,Kein Monteur,,
2026-04-20,,,,,,,,,,,,,,,,,,,,,,,
2026-04-20,,,,,,,15:00:00,16:00:00,59.99999999999995,4.0,,,3.0,3.0,,,,,,,,,
2026-04-20,,,,,,s,,,,,,,,,,,,,,,Kein Monteur,,
2026-04-20,,,,,,,,,,,,,,,,,10,,,,STW Nachgearbeitet (Kratzer),,
2026-04-20,,,,,,,16:00:00,17:00:00,60.00000000000011,3.0,,,3.0,3.0,,,,,,,,,
2026-04-20,,,,,,s,,,,,,,,,,,,,,,Kein Monteur,,
2026-04-20,,,,,,,,,,,,,,,,,,,,,,,
2026-04-20,,,,,,,17:30:00,18:00:00,30.000000000000053,3.0,,,2.0,2.0,,,,,,,,,
2026-04-20,,,,,,s,,,,,,,,,,,,,,,Kein Monteur,,
2026-04-20,,,,,,,,,,,,,,,,,,,,,,,
2026-04-20,,,,,,,18:00:00,19:00:00,59.99999999999995,3.0,,,3.0,3.0,,,,,,,,,
2026-04-20,,,,,,s,,,,,,,,,,,,,,,Kein Monteur,,
2026-04-20,,,,,,,,,,,,,,,,,,,,,,,
2026-04-20,,,,,,,19:00:00,20:00:00,60.00000000000011,3.0,,,3.0,3.0,,,,,,,,,
2026-04-20,,,,,,s,,,,,,,,,,,,,,,Kein Monteur,,
2026-04-20,,,,,,,,,,,,,,,,,,,,,,,
2026-04-20,,,,,,,20:00:00,21:00:00,59.99999999999995,3.0,,,3.0,3.0,,,,,,,,,
2026-04-20,,,,,,s,,,,,,,,,,,,,,,Kein Monteur,,
2026-04-20,,,,,,,,,,,,,,,,,,,,,,,
2026-04-20,,,,,,,21:00:00,21:45:00,45.0,3.0,,,2.0,2.0,,,,,,,,,
2026-04-20,,,,,,s,,,,,,,,,,,,,,,Kein Monteur,,
2026-04-20,,,,,,,,,,,,,,,,,10,,,,STW Nachgearbeitet (Kratzer),1,
2026-04-20,,,,,,,,,,,,,,,,,,15,,,Reinigung + Werkzeug einschließen,,
2026-04-20,,,,,,s,,,,,,,,,,,,,,,Kein Monteur,,
2026-04-20,,,,,,,,,,,,,,,,,,15,,,Reinigung,,
2026-04-20,,,,,,f,04:45:00,06:00:00,75.00000000000001,5.0,,,7.0,7.0,,,,15,,,Wartungsplan,,
2026-04-20,,,,,,,,,,,,,,,,,,,,,,,
2026-04-20,,,,,,,,,,,,,,,,,,,,,,,
2026-04-20,,,,,,f,06:00:00,07:00:00,60.00000000000003,5.0,,,7.0,7.0,,,,,,,,,
2026-04-20,,,,,,,,,,,,,,,,,,,,,,,
2026-04-20,,,,,,,,,,,,,,,,,,,,,,,
2026-04-20,,,,,,f,07:00:00,08:00:00,59.99999999999995,5.0,,2.0,5.0,7.0,,,,,,,,,
2026-04-20,,,,,,,,,,,,,,,,,,,,,,,
2026-04-20,,,,,,,,,,,,,,,,,,,,,,,
2026-04-20,,,,,,f,08:00:00,09:00:00,60.00000000000003,5.0,,7.0,,7.0,,,,,,,,,
2026-04-20,,,,,,,,,,,,,,,,,,,,,,,
2026-04-20,,,,,,,,,,,,,,,,,,,,,,,
2026-04-20,,,,,,f,09:30:00,10:00:00,30.000000000000053,5.0,,2.0,2.0,4.0,,,,,,,,,
2026-04-20,,,,,,,,,,,,,,,,,,,,,,,
2026-04-20,,,,,,,,,,,,,,,,,,,,,,,
2026-04-20,,,,,,f,10:00:00,11:00:00,59.99999999999995,5.0,,,7.0,7.0,,,,,,,,,
2026-04-20,,,,,,,,,,,,,,,,,,,,,,,
2026-04-20,,,,,,,,,,,,,,,,,,,,,,,
2026-04-20,,,,,,f,11:00:00,12:00:00,60.00000000000003,5.0,,,7.0,7.0,,,,,,,,,
2026-04-20,,,,,,,,,,,,,,,,,,,,,,,
2026-04-20,,,,,,,,,,,,,,,,,,,,,,,
2026-04-20,,,,,,f,12:00:00,13:15:00,75.00000000000006,5.0,,,7.0,7.0,,,,,,,,,
2026-04-20,,,,,,,,,,,,,,,,,,,,,,,
2026-04-20,,,,,,,13:15:00,14:00:00,45.0,4.0,,,1.0,1.0,,,,15,,,Wartungsplan,,
2026-04-20,,,,,,f,04:45:00,06:00:00,75.00000000000001,5.0,,,7.0,7.0,,,,15,,,Wartungsplan,,
2026-04-20,,,,,,,,,,,,,,,,,,,,,,,
2026-04-20,,,,,,,21:00:00,21:45:00,45.0,3.0,,,2.0,2.0,,,,,,,,,
2026-04-20,,,,,,,14:00:00,15:00:00,59.99999999999995,4.0,,,4.0,4.0,,,,,,,,,
2026-04-20,,,,,,s,,,,,,,,,,,,,,,Kein Monteur,,
2026-04-20,,,,,,,,,,,,,,,,,,,,,,,
2026-04-20,,,,,,,15:00:00,16:00:00,59.99999999999995,4.0,,,3.0,3.0,,,,,,,,,
2026-04-20,,,,,,s,,,,,,,,,,,,,,,Kein Monteur,,
2026-04-20,,,,,,,,,,,,,,,,,10,,,,STW Nachgearbeitet (Kratzer),,
2026-04-20,,,,,,,16:00:00,17:00:00,60.00000000000011,3.0,,,3.0,3.0,,,,,,,,,
2026-04-20,,,,,,s,,,,,,,,,,,,,,,Kein Monteur,,
2026-04-20,,,,,,,,,,,,,,,,,,,,,,,
2026-04-20,,,,,,,17:30:00,18:00:00,30.000000000000053,3.0,,,2.0,2.0,,,,,,,,,
2026-04-20,,,,,,s,,,,,,,,,,,,,,,Kein Monteur,,
2026-04-20,,,,,,,,,,,,,,,,,,,,,,,
2026-04-20,,,,,,,18:00:00,19:00:00,59.99999999999995,3.0,,,3.0,3.0,,,,,,,,,
2026-04-20,,,,,,s,,,,,,,,,,,,,,,Kein Monteur,,
2026-04-20,,,,,,,,,,,,,,,,,,,,,,,
2026-04-20,,,,,,,19:00:00,20:00:00,60.00000000000011,3.0,,,3.0,3.0,,,,,,,,,
2026-04-20,,,,,,s,,,,,,,,,,,,,,,Kein Monteur,,
2026-04-20,,,,,,,,,,,,,,,,,,,,,,,
2026-04-20,,,,,,,20:00:00,21:00:00,59.99999999999995,3.0,,,3.0,3.0,,,,,,,,,
2026-04-20,,,,,,s,,,,,,,,,,,,,,,Kein Monteur,,
2026-04-20,,,,,,,,,,,,,,,,,,15,,,Reinigung + Werkzeug einschließen,,
2026-04-20,,,,,,,,,,,,,,,,,10,,,,STW Nachgearbeitet (Kratzer),1,
2026-04-20,,,,,,s,,,,,,,,,,,,,,,Kein Monteur,,
2026-04-20,,,,,,,13:15:00,14:00:00,45.0,4.0,,,1.0,1.0,,,,15,,,Wartungsplan,,
2026-04-20,,,,,,,,,,,,,,,,,,15,,,Reinigung,,
2026-04-20,,,,,,,,,,,,,,,,,,,,,,,
2026-04-20,,,,,,f,06:00:00,07:00:00,60.00000000000003,5.0,,,7.0,7.0,,,,,,,,,
2026-04-20,,,,,,,,,,,,,,,,,,,,,,,
2026-04-20,,,,,,,,,,,,,,,,,,,,,,,
2026-04-20,,,,,,f,07:00:00,08:00:00,59.99999999999995,5.0,,2.0,5.0,7.0,,,,,,,,,
2026-04-20,,,,,,,,,,,,,,,,,,,,,,,
2026-04-20,,,,,,,,,,,,,,,,,,,,,,,
2026-04-20,,,,,,f,08:00:00,09:00:00,60.00000000000003,5.0,,7.0,,7.0,,,,,,,,,
2026-04-20,,,,,,,,,,,,,,,,,,,,,,,
2026-04-20,,,,,,s,,,,,,,,,,,,,,,Kein Monteur,,
2026-04-20,,,,,,,,,,,,,,,,,,,,,,,
2026-04-20,,,,,,,,,,,,,,,,,,,,,,,
2026-04-20,,,,,,,,,,,,,,,,,,,,,,,
2026-04-20,,,,,,f,10:00:00,11:00:00,59.99999999999995,5.0,,,7.0,7.0,,,,,,,,,
2026-04-20,,,,,,,,,,,,,,,,,,,,,,,
2026-04-20,,,,,,,,,,,,,,,,,,,,,,,
2026-04-20,,,,,,f,11:00:00,12:00:00,60.00000000000003,5.0,,,7.0,7.0,,,,,,,,,
2026-04-20,,,,,,,,,,,,,,,,,,,,,,,
2026-04-20,,,,,,,,,,,,,,,,,,,,,,,
2026-04-20,,,,,,f,12:00:00,13:15:00,75.00000000000006,5.0,,,7.0,7.0,,,,,,,,,
2026-04-20,,,,,,,,,,,,,,,,,,,,,,,
2026-04-20,,,,,,,,,,,,,,,,,,,,,,,
2026-04-20,,,,,,,,,,,,,,,,,,,,,,,
2026-04-21,,,,,,s,,,,,,,,,,,,,,,,,
2026-04-21,,,,,,,,,,,,,,,,,,,,,,,
2026-04-21,,,,,,f,04:45:00,06:00:00,75.00000000000001,5.0,,,6.0,6.0,,,,15,,,Wartungsplan,,
2026-04-21,,,,,,,13:15:00,14:00:00,45.0,4.0,,2.0,,2.0,,,,15,,,Wartungsplan,,
2026-04-21,,,,,,,,,,,,,,,,,,15,,,Reinigung,,
2026-04-21,,,,,,,,,,,,,,,,,,,,,,,
2026-04-21,,,,,,f,12:00:00,13:15:00,75.00000000000006,5.0,,7.0,,7.0,,,,,,,,,
2026-04-21,,,,,,,,,,,,,,,,,,,,,,,
2026-04-21,,,,,,,,,,,,,,,,,,,,,,,
2026-04-21,,,,,,f,11:00:00,12:00:00,60.00000000000003,5.0,,,6.0,6.0,,,,,,,,,
2026-04-21,,,,,,,,,,,,,,,,,,,,,,,
2026-04-21,,,,,,,,,,,,,,,,,,,,,,,
2026-04-21,,,,,,s,,,,,,,,,,,,,,,,,
2026-04-21,,,,,,f,10:00:00,11:00:00,59.99999999999995,5.0,,,6.0,6.0,,,,,,,,,
2026-04-21,,,,,,,,,,,,,,,,,,,,,,,
2026-04-21,,,,,,f,09:30:00,10:00:00,30.000000000000053,5.0,,,3.0,3.0,,,,,,,,,
2026-04-21,,,,,,,,,,,,,,,,,,,,,,,
2026-04-21,,,,,,,,,,,,,,,,,,,,,,,
2026-04-21,,,,,,f,08:00:00,09:00:00,60.00000000000003,5.0,,,6.0,6.0,,,,,,,,,
2026-04-21,,,,,,,,,,,,,,,,,,,,,,,
2026-04-21,,,,,,,,,,,,,,,,,,,,,,,
2026-04-21,,,,,,f,07:00:00,08:00:00,59.99999999999995,5.0,,,6.0,6.0,,,,,,,,,
2026-04-21,,,,,,,,,,,,,,,,,,,,,,,
2026-04-21,,,,,,,,,,,,,,,,,,,,,,,
2026-04-21,,,,,,,,,,,,,,,,,8,,,,STW Nachgearbeitet (Kratzer),,
2026-04-21,,,,,,,14:00:00,15:00:00,59.99999999999995,4.0,,5.0,,5.0,,,,,,,,,
2026-04-21,,,,,,s,,,,,,,,,,,,,,,,,
2026-04-21,,,,,,,,,,,,,,,,,,,,,,,
2026-04-21,,,,,,,21:00:00,21:45:00,45.0,4.0,,2.0,,2.0,,,,,,,,,
2026-04-21,,,,,,,,,,,,,,,,,,,,,,,
2026-04-21,,,,,,s,,,,,,,,,,,,,,,,,
2026-04-21,,,,,,,20:00:00,21:00:00,59.99999999999995,4.0,,4.0,,4.0,,,,,,,,,
2026-04-21,,,,,,,,,,,,,,,,,,,,,,,
2026-04-21,,,,,,s,,,,,,,,,,,,,,,,,
2026-04-21,,,,,,,19:00:00,20:00:00,60.00000000000011,4.0,,3.0,,3.0,,,,,,,,,
2026-04-21,,,,,,,,,,,,,,,,,,,,,,,
2026-04-21,,,,,,s,,,,,,,,,,,,,,,,,
2026-04-21,,,,,,,18:00:00,19:00:00,59.99999999999995,4.0,,4.0,,4.0,,,,,,,,,
2026-04-21,,,,,,,,,,,,,,,,,,,,,,,
2026-04-21,,,,,,s,,,,,,,,,,,,,,,,,
2026-04-21,,,,,,,17:30:00,18:00:00,30.000000000000053,4.0,,1.0,,1.0,,,,,,,,,
2026-04-21,,,,,,,,,,,,,,,,,,,,,,,
2026-04-21,,,,,,s,,,,,,,,,,,,,,,,,
2026-04-21,,,,,,,16:00:00,17:00:00,60.00000000000011,4.0,,4.0,,4.0,,,,,,,,,
2026-04-21,,,,,,,,,,,,,,,,,,,,,,,
2026-04-21,,,,,,s,,,,,,,,,,,,,,,,,
2026-04-21,,,,,,,15:00:00,16:00:00,59.99999999999995,4.0,,4.0,,4.0,,,,,,,,,
2026-04-21,,,,,,,,,,,,,,,,,,,,,,,
2026-04-21,,,,,,f,06:00:00,07:00:00,60.00000000000003,5.0,,,6.0,6.0,,,,,,,,,
2026-04-21,,,,,,,,,,,,,,,,,,,,,,,
2026-04-21,,,,,,f,09:30:00,10:00:00,30.000000000000053,5.0,,,3.0,3.0,,,,,,,,,
2026-04-21,,,,,,,,,,,,,,,,,,,,,,,
2026-04-21,,,,,,,14:00:00,15:00:00,59.99999999999995,4.0,,5.0,,5.0,,,,,,,,,
2026-04-21,,,,,,s,,,,,,,,,,,,,,,,,
2026-04-21,,,,,,,,,,,,,,,,,,,,,,,
2026-04-21,,,,,,,15:00:00,16:00:00,59.99999999999995,4.0,,4.0,,4.0,,,,,,,,,
2026-04-21,,,,,,s,,,,,,,,,,,,,,,,,
2026-04-21,,,,,,,,,,,,,,,,,,,,,,,
2026-04-21,,,,,,,16:00:00,17:00:00,60.00000000000011,4.0,,4.0,,4.0,,,,,,,,,
2026-04-21,,,,,,s,,,,,,,,,,,,,,,,,
2026-04-21,,,,,,,,,,,,,,,,,,,,,,,
2026-04-21,,,,,,,17:30:00,18:00:00,30.000000000000053,4.0,,1.0,,1.0,,,,,,,,,
2026-04-21,,,,,,s,,,,,,,,,,,,,,,,,
2026-04-21,,,,,,,,,,,,,,,,,,,,,,,
2026-04-21,,,,,,,18:00:00,19:00:00,59.99999999999995,4.0,,4.0,,4.0,,,,,,,,,
2026-04-21,,,,,,s,,,,,,,,,,,,,,,,,
2026-04-21,,,,,,,,,,,,,,,,,,,,,,,
2026-04-21,,,,,,,19:00:00,20:00:00,60.00000000000011,4.0,,3.0,,3.0,,,,,,,,,
2026-04-21,,,,,,s,,,,,,,,,,,,,,,,,
2026-04-21,,,,,,,,,,,,,,,,,,,,,,,
2026-04-21,,,,,,,20:00:00,21:00:00,59.99999999999995,4.0,,4.0,,4.0,,,,,,,,,
2026-04-21,,,,,,s,,,,,,,,,,,,,,,,,
2026-04-21,,,,,,,,,,,,,,,,,,,,,,,
2026-04-21,,,,,,,21:00:00,21:45:00,45.0,4.0,,2.0,,2.0,,,,,,,,,
2026-04-21,,,,,,s,,,,,,,,,,,,,,,,,
2026-04-21,,,,,,,,,,,,,,,,,,,,,,,
2026-04-21,,,,,,,,,,,,,,,,,,15,,,Reinigung + Werkzeug einschließen,,
2026-04-21,,,,,,s,,,,,,,,,,,,,,,,,
2026-04-21,,,,,,,,,,,,,,,,,,15,,,Reinigung,,
2026-04-21,,,,,,f,04:45:00,06:00:00,75.00000000000001,5.0,,,6.0,6.0,,,,15,,,Wartungsplan,,
2026-04-21,,,,,,,,,,,,,,,,,,,,,,,
2026-04-21,,,,,,,,,,,,,,,,,8,,,,STW Nachgearbeitet (Kratzer),,
2026-04-21,,,,,,f,06:00:00,07:00:00,60.00000000000003,5.0,,,6.0,6.0,,,,,,,,,
2026-04-21,,,,,,,,,,,,,,,,,,,,,,,
2026-04-21,,,,,,,,,,,,,,,,,,,,,,,
2026-04-21,,,,,,f,07:00:00,08:00:00,59.99999999999995,5.0,,,6.0,6.0,,,,,,,,,
2026-04-21,,,,,,,,,,,,,,,,,,,,,,,
2026-04-21,,,,,,,,,,,,,,,,,,,,,,,
2026-04-21,,,,,,f,08:00:00,09:00:00,60.00000000000003,5.0,,,6.0,6.0,,,,,,,,,
2026-04-21,,,,,,,,,,,,,,,,,,,,,,,
2026-04-21,,,,,,,,,,,,,,,,,,,,,,,
2026-04-21,,,,,,f,09:30:00,10:00:00,30.000000000000053,5.0,,,3.0,3.0,,,,,,,,,
2026-04-21,,,,,,,,,,,,,,,,,,,,,,,
2026-04-21,,,,,,,,,,,,,,,,,,,,,,,
2026-04-21,,,,,,f,10:00:00,11:00:00,59.99999999999995,5.0,,,6.0,6.0,,,,,,,,,
2026-04-21,,,,,,,,,,,,,,,,,,,,,,,
2026-04-21,,,,,,,,,,,,,,,,,,,,,,,
2026-04-21,,,,,,f,11:00:00,12:00:00,60.00000000000003,5.0,,,6.0,6.0,,,,,,,,,
2026-04-21,,,,,,,,,,,,,,,,,,,,,,,
2026-04-21,,,,,,,,,,,,,,,,,,,,,,,
2026-04-21,,,,,,f,12:00:00,13:15:00,75.00000000000006,5.0,,7.0,,7.0,,,,,,,,,
2026-04-21,,,,,,,,,,,,,,,,,,,,,,,
2026-04-21,,,,,,,13:15:00,14:00:00,45.0,4.0,,2.0,,2.0,,,,15,,,Wartungsplan,,
2026-04-21,,,,,,f,04:45:00,06:00:00,75.00000000000001,5.0,,,6.0,6.0,,,,15,,,Wartungsplan,,
2026-04-21,,,,,,,,,,,,,,,,,,15,,,Reinigung + Werkzeug einschließen,,
2026-04-21,,,,,,,,,,,,,,,,,,,,,,,
2026-04-21,,,,,,,13:15:00,14:00:00,45.0,4.0,,2.0,,2.0,,,,15,,,Wartungsplan,,
2026-04-21,,,,,,s,,,,,,,,,,,,,,,,,
2026-04-21,,,,,,,,,,,,,,,,,,,,,,,
2026-04-21,,,,,,,14:00:00,15:00:00,59.99999999999995,4.0,,5.0,,5.0,,,,,,,,,
2026-04-21,,,,,,s,,,,,,,,,,,,,,,,,
2026-04-21,,,,,,,,,,,,,,,,,,,,,,,
2026-04-21,,,,,,,,,,,,,,,,,,15,,,Reinigung,,
2026-04-21,,,,,,,15:00:00,16:00:00,59.99999999999995,4.0,,4.0,,4.0,,,,,,,,,
2026-04-21,,,,,,,,,,,,,,,,,,,,,,,
2026-04-21,,,,,,,16:00:00,17:00:00,60.00000000000011,4.0,,4.0,,4.0,,,,,,,,,
2026-04-21,,,,,,s,,,,,,,,,,,,,,,,,
2026-04-21,,,,,,,,,,,,,,,,,,,,,,,
2026-04-21,,,,,,,17:30:00,18:00:00,30.000000000000053,4.0,,1.0,,1.0,,,,,,,,,
2026-04-21,,,,,,s,,,,,,,,,,,,,,,,,
2026-04-21,,,,,,s,,,,,,,,,,,,,,,,,
2026-04-21,,,,,,,,,,,,,,,,,,,,,,,
2026-04-21,,,,,,,,,,,,,,,,,8,,,,STW Nachgearbeitet (Kratzer),,
2026-04-21,,,,,,,,,,,,,,,,,,,,,,,
2026-04-21,,,,,,,,,,,,,,,,,,,,,,,
2026-04-21,,,,,,f,11:00:00,12:00:00,60.00000000000003,5.0,,,6.0,6.0,,,,,,,,,
2026-04-21,,,,,,,,,,,,,,,,,,,,,,,
2026-04-21,,,,,,,,,,,,,,,,,,,,,,,
2026-04-21,,,,,,f,10:00:00,11:00:00,59.99999999999995,5.0,,,6.0,6.0,,,,,,,,,
2026-04-21,,,,,,,,,,,,,,,,,,,,,,,
2026-04-21,,,,,,f,06:00:00,07:00:00,60.00000000000003,5.0,,,6.0,6.0,,,,,,,,,
2026-04-21,,,,,,,,,,,,,,,,,,,,,,,
2026-04-21,,,,,,,,,,,,,,,,,,,,,,,
2026-04-21,,,,,,f,08:00:00,09:00:00,60.00000000000003,5.0,,,6.0,6.0,,,,,,,,,
2026-04-21,,,,,,,,,,,,,,,,,,,,,,,
2026-04-21,,,,,,,,,,,,,,,,,,,,,,,
2026-04-21,,,,,,f,07:00:00,08:00:00,59.99999999999995,5.0,,,6.0,6.0,,,,,,,,,
2026-04-21,,,,,,,,,,,,,,,,,,,,,,,
2026-04-21,,,,,,,,,,,,,,,,,,,,,,,
2026-04-21,,,,,,,,,,,,,,,,,,,,,,,
2026-04-21,,,,,,,18:00:00,19:00:00,59.99999999999995,4.0,,4.0,,4.0,,,,,,,,,
2026-04-21,,,,,,,,,,,,,,,,,,,,,,,
2026-04-21,,,,,,s,,,,,,,,,,,,,,,,,
2026-04-21,,,,,,,,,,,,,,,,,,15,,,Reinigung + Werkzeug einschließen,,
2026-04-21,,,,,,s,,,,,,,,,,,,,,,,,
2026-04-21,,,,,,,21:00:00,21:45:00,45.0,4.0,,2.0,,2.0,,,,,,,,,
2026-04-21,,,,,,,,,,,,,,,,,,,,,,,
2026-04-21,,,,,,f,12:00:00,13:15:00,75.00000000000006,5.0,,7.0,,7.0,,,,,,,,,
2026-04-21,,,,,,,20:00:00,21:00:00,59.99999999999995,4.0,,4.0,,4.0,,,,,,,,,
2026-04-21,,,,,,,,,,,,,,,,,,,,,,,
2026-04-21,,,,,,s,,,,,,,,,,,,,,,,,
2026-04-21,,,,,,,19:00:00,20:00:00,60.00000000000011,4.0,,3.0,,3.0,,,,,,,,,
2026-04-21,,,,,,s,,,,,,,,,,,,,,,,,
2026-04-22,,,,,,,,,,,,,,,,,,,,,Reinigung,,
2026-04-22,,,,,,f,11:00:00,12:00:00,60.00000000000003,5.0,,,,,,60,,,,,Spanner- Knoten 1  spannen nicht Robotech an der Anlage,,
2026-04-22,,,,,,,,,,,,,,,,5,,,,R 05,Spanner- Knoten 1  spannen nicht Robotech an der Anlage,,
2026-04-22,,,,,,,,,,,,,,,,10,,,,R 05,Spanner- Knoten 1  spannen nicht Robotech Informiert,,
2026-04-22,,,,,,f,10:00:00,11:00:00,59.99999999999995,5.0,,,5.0,5.0,,,,,,,,,
2026-04-22,,,,,,,,,,,,,,,,,,,,,,,
2026-04-22,,,,,,,,,,,,,,,,,,,,,,,
2026-04-22,,,,,,f,09:30:00,10:00:00,30.000000000000053,5.0,,,3.0,3.0,,,10,,,,STW Nachgearbeitet   ( Schweißnaht schlecht ). 953 Belche N.I.O,,
2026-04-22,,,,,,,,,,,,,,,,,,,,,,,
2026-04-22,,,,,,,,,,,,,,,,,10,,,,STW Nachgearbeitet   ( Schweißnaht schlecht ). 953 Belche N.I.O,,
2026-04-22,,,,,,,,,,,,,,,,,,,,,,,
2026-04-22,,,,,,,,,,,,,,,,,,,,,,,
2026-04-22,,,,,,f,07:00:00,08:00:00,59.99999999999995,5.0,,,7.0,7.0,,,,,,,,,
2026-04-22,,,,,,,,,,,,,,,,,,,,,,,
2026-04-22,,,,,,f,06:00:00,07:00:00,60.00000000000003,5.0,,,7.0,7.0,,,,,,,,,
2026-04-22,,,,,,,,,,,,,,,,,,,,,,,
2026-04-22,,,,,,,,,,,,,,,,,,,,,,,
2026-04-22,,,,,,f,04:45:00,06:00:00,75.00000000000001,5.0,,,8.0,8.0,,,,15,,,Wartungsplan,,
2026-04-22,,,,,,,,,,,,,,,,,,,,,,,
2026-04-22,,,,,,,,,,,,,,,,,,,,,,,
2026-04-22,,,,,,f,04:45:00,06:00:00,75.00000000000001,5.0,,,8.0,8.0,,,,15,,,Wartungsplan,,
2026-04-22,,,,,,f,08:00:00,09:00:00,60.00000000000003,5.0,,,6.0,6.0,,,,,,,,,
2026-04-22,,,,,,,,,,,,,,,,,,,,,,,
2026-04-22,,,,,,,,,,,,,,,,,,,,,,,
2026-04-22,,,,,,f,04:45:00,06:00:00,75.00000000000001,5.0,,,8.0,8.0,,,,15,,,Wartungsplan,,
2026-04-22,,,,,,,,,,,,,,,,,,,,,,,
2026-04-22,,,,,,,,,,,,,,,,,,,,,,,
2026-04-22,,,,,,f,12:00:00,13:15:00,75.00000000000006,5.0,,,6.0,6.0,,,,,,,"Anlage leer  ,Auffüllen",,
2026-04-22,,,,,,,,,,,,,,,,,,,,,,,
2026-04-22,,,,,,,,,,,,,,,,,,,,,Reinigung,,
2026-04-22,,,,,,f,11:00:00,12:00:00,60.00000000000003,5.0,,,,,,60,,,,,Spanner- Knoten 1  spannen nicht Robotech an der Anlage,,
2026-04-22,,,,,,,,,,,,,,,,5,,,,R 05,Spanner- Knoten 1  spannen nicht Robotech an der Anlage,,
2026-04-22,,,,,,,,,,,,,,,,10,,,,R 05,Spanner- Knoten 1  spannen nicht Robotech Informiert,,
2026-04-22,,,,,,f,10:00:00,11:00:00,59.99999999999995,5.0,,,5.0,5.0,,,,,,,,,
2026-04-22,,,,,,,,,,,,,,,,,,,,,,,
2026-04-22,,,,,,,,,,,,,,,,,,,,,,,
2026-04-22,,,,,,f,09:30:00,10:00:00,30.000000000000053,5.0,,,3.0,3.0,,,10,,,,STW Nachgearbeitet   ( Schweißnaht schlecht ). 953 Belche N.I.O,,
2026-04-22,,,,,,,,,,,,,,,,,,,,,,,
2026-04-22,,,,,,,,,,,,,,,,,10,,,,STW Nachgearbeitet   ( Schweißnaht schlecht ). 953 Belche N.I.O,,
2026-04-22,,,,,,f,08:00:00,09:00:00,60.00000000000003,5.0,,,6.0,6.0,,,,,,,,,
2026-04-22,,,,,,,,,,,,,,,,,,,,,,,
2026-04-22,,,,,,,,,,,,,,,,,,,,,,,
2026-04-22,,,,,,f,07:00:00,08:00:00,59.99999999999995,5.0,,,7.0,7.0,,,,,,,,,
2026-04-22,,,,,,,,,,,,,,,,,,,,,,,
2026-04-22,,,,,,,,,,,,,,,,,,,,,,,
2026-04-22,,,,,,f,06:00:00,07:00:00,60.00000000000003,5.0,,,7.0,7.0,,,,,,,,,
2026-04-22,,,,,,,,,,,,,,,,,,,,,,,
2026-04-22,,,,,,,,,,,,,,,,,,,,,,,
2026-04-22,,,,,,,13:15:00,14:00:00,45.0,4.0,,,2.0,2.0,,,,15,,,Wartungsplan,,
2026-04-22,,,,,,,,,,,,,,,,,,,,,,,
2026-04-22,,,,,,s,,,,,,,,,,,,,,,,,
2026-04-22,,,,,,,14:00:00,15:00:00,59.99999999999995,4.0,,,4.0,4.0,,,,,,,,,
2026-04-22,,,,,,,,,,,,,,,,,,45,,,Reinigung + Werkzeug einschließen,,
2026-04-22,,,,,,s,,,,,,,,,,,,,,,,,
2026-04-22,,,,,,,21:00:00,21:45:00,45.0,4.0,,,0.0,,,,,,,,,,
2026-04-22,,,,,,,,,,,,,,,,,,30,,,Reinigung,,
2026-04-22,,,,,,s,,,,,,,,,,,,,,,Fernbedienung vom Kran leer ,,
2026-04-22,,,,,,,20:00:00,21:00:00,59.99999999999995,4.0,,,0.0,,,,,,,,Drei Stirnwände sind fertig Montiert,,
2026-04-22,,,,,,,,,,,,,,,,,,,,,,,
2026-04-22,,,,,,s,,,,,,,,,,,,,,,Bedienerschutz ,,
2026-04-22,,,,,,,19:00:00,20:00:00,60.00000000000011,4.0,,,3.0,3.0,,,,,,,,,
2026-04-22,,,,,,,,,,,,,,,,,,,,,,,
2026-04-22,,,,,,s,,,,,,,,,,,,,,,,,
2026-04-22,,,,,,,18:00:00,19:00:00,59.99999999999995,4.0,,,4.0,4.0,,,,,,,,,
2026-04-22,,,,,,,,,,,,,,,,,,,,,,,
2026-04-22,,,,,,s,,,,,,,,,,,,,,,,,
2026-04-22,,,,,,,17:30:00,18:00:00,30.000000000000053,4.0,,,1.0,1.0,,,,,,,,,
2026-04-22,,,,,,,,,,,,,,,,,,,,,,,
2026-04-22,,,,,,s,,,,,,,,,,,,,,,,,
2026-04-22,,,,,,,16:00:00,17:00:00,60.00000000000011,4.0,,,3.0,3.0,,,,,,,,,
2026-04-22,,,,,,,,,,,,,,,,,,,,,,,
2026-04-22,,,,,,s,,,,,,,,,,,,,,,,,
2026-04-22,,,,,,,15:00:00,16:00:00,59.99999999999995,4.0,,,5.0,5.0,,,,,,,,,
2026-04-22,,,,,,,,,,,,,,,,,,,,,,,
2026-04-22,,,,,,s,,,,,,,,,,,,,,,,,
2026-04-22,,,,,,,,,,,,,,,,,,,,,,,
2026-04-22,,,,,,f,12:00:00,13:15:00,75.00000000000006,5.0,,,6.0,6.0,,,,,,,"Anlage leer  ,Auffüllen",,
2026-04-22,,,,,,,,,,,,,,,,,,,,,,,
2026-04-22,,,,,,,,,,,,,,,,,,,,,,,
2026-04-22,,,,,,,15:00:00,16:00:00,59.99999999999995,4.0,,,5.0,5.0,,,,,,,,,
2026-04-22,,,,,,s,,,,,,,,,,,,,,,,,
2026-04-22,,,,,,,,,,,,,,,,,,,,,,,
2026-04-22,,,,,,,16:00:00,17:00:00,60.00000000000011,4.0,,,3.0,3.0,,,,,,,,,
2026-04-22,,,,,,s,,,,,,,,,,,,,,,,,
2026-04-22,,,,,,,,,,,,,,,,,,,,,,,
2026-04-22,,,,,,,17:30:00,18:00:00,30.000000000000053,4.0,,,1.0,1.0,,,,,,,,,
2026-04-22,,,,,,s,,,,,,,,,,,,,,,,,
2026-04-22,,,,,,,,,,,,,,,,,,,,,,,
2026-04-22,,,,,,,,,,,,,,,,,,,,,,,
2026-04-22,,,,,,,18:00:00,19:00:00,59.99999999999995,4.0,,,4.0,4.0,,,,,,,,,
2026-04-22,,,,,,,,,,,,,,,,,,,,,,,
2026-04-22,,,,,,,19:00:00,20:00:00,60.00000000000011,4.0,,,3.0,3.0,,,,,,,,,
2026-04-22,,,,,,s,,,,,,,,,,,,,,,Bedienerschutz ,,
2026-04-22,,,,,,,,,,,,,,,,,,,,,,,
2026-04-22,,,,,,,20:00:00,21:00:00,59.99999999999995,4.0,,,0.0,,,,,,,,Drei Stirnwände sind fertig Montiert,,
2026-04-22,,,,,,s,,,,,,,,,,,,,,,Fernbedienung vom Kran leer ,,
2026-04-22,,,,,,,,,,,,,,,,,,30,,,Reinigung,,
2026-04-22,,,,,,,21:00:00,21:45:00,45.0,4.0,,,0.0,,,,,,,,,,
2026-04-22,,,,,,s,,,,,,,,,,,,,,,,,
2026-04-22,,,,,,s,,,,,,,,,,,,,,,,,
2026-04-22,,,,,,,,,,,,,,,,,,45,,,Reinigung + Werkzeug einschließen,,
2026-04-22,,,,,,s,,,,,,,,,,,,,,,,,
2026-04-22,,,,,,,,,,,,,,,,,,,,,,,
2026-04-22,,,,,,f,07:00:00,08:00:00,59.99999999999995,5.0,,,7.0,7.0,,,,,,,,,
2026-04-22,,,,,,,,,,,,,,,,,,,,,,,
2026-04-22,,,,,,,,,,,,,,,,,,,,,,,
2026-04-22,,,,,,f,08:00:00,09:00:00,60.00000000000003,5.0,,,6.0,6.0,,,,,,,,,
2026-04-22,,,,,,,,,,,,,,,,,10,,,,STW Nachgearbeitet   ( Schweißnaht schlecht ). 953 Belche N.I.O,,
2026-04-22,,,,,,,,,,,,,,,,,,,,,,,
2026-04-22,,,,,,f,09:30:00,10:00:00,30.000000000000053,5.0,,,3.0,3.0,,,10,,,,STW Nachgearbeitet   ( Schweißnaht schlecht ). 953 Belche N.I.O,,
2026-04-22,,,,,,,,,,,,,,,,,,,,,,,
2026-04-22,,,,,,,,,,,,,,,,,,,,,,,
2026-04-22,,,,,,,14:00:00,15:00:00,59.99999999999995,4.0,,,4.0,4.0,,,,,,,,,
2026-04-22,,,,,,f,10:00:00,11:00:00,59.99999999999995,5.0,,,5.0,5.0,,,,,,,,,
2026-04-22,,,,,,,,,,,,,,,,5,,,,R 05,Spanner- Knoten 1  spannen nicht Robotech an der Anlage,,
2026-04-22,,,,,,f,11:00:00,12:00:00,60.00000000000003,5.0,,,,,,60,,,,,Spanner- Knoten 1  spannen nicht Robotech an der Anlage,,
2026-04-22,,,,,,,,,,,,,,,,,,,,,Reinigung,,
2026-04-22,,,,,,,,,,,,,,,,,,,,,,,
2026-04-22,,,,,,f,12:00:00,13:15:00,75.00000000000006,5.0,,,6.0,6.0,,,,,,,"Anlage leer  ,Auffüllen",,
2026-04-22,,,,,,,,,,,,,,,,,,,,,,,
2026-04-22,,,,,,,,,,,,,,,,,,,,,,,
2026-04-22,,,,,,,13:15:00,14:00:00,45.0,4.0,,,2.0,2.0,,,,15,,,Wartungsplan,,
2026-04-22,,,,,,s,,,,,,,,,,,,,,,,,
2026-04-22,,,,,,,,,,,,,,,,10,,,,R 05,Spanner- Knoten 1  spannen nicht Robotech Informiert,,
2026-04-22,,,,,,,,,,,,,,,,,,,,,,,
2026-04-22,,,,,,s,,,,,,,,,,,,,,,,,
2026-04-22,,,,,,,,,,,,,,,,,,,,,,,
2026-04-22,,,,,,,,,,,,,,,,,,45,,,Reinigung + Werkzeug einschließen,,
2026-04-22,,,,,,f,06:00:00,07:00:00,60.00000000000003,5.0,,,7.0,7.0,,,,,,,,,
2026-04-22,,,,,,,21:00:00,21:45:00,45.0,4.0,,,0.0,,,,,,,,,,
2026-04-22,,,,,,,,,,,,,,,,,,30,,,Reinigung,,
2026-04-22,,,,,,s,,,,,,,,,,,,,,,Fernbedienung vom Kran leer ,,
2026-04-22,,,,,,,20:00:00,21:00:00,59.99999999999995,4.0,,,0.0,,,,,,,,Drei Stirnwände sind fertig Montiert,,
2026-04-22,,,,,,,,,,,,,,,,,,,,,,,
2026-04-22,,,,,,s,,,,,,,,,,,,,,,Bedienerschutz ,,
2026-04-22,,,,,,,19:00:00,20:00:00,60.00000000000011,4.0,,,3.0,3.0,,,,,,,,,
2026-04-22,,,,,,s,,,,,,,,,,,,,,,,,
2026-04-22,,,,,,,18:00:00,19:00:00,59.99999999999995,4.0,,,4.0,4.0,,,,,,,,,
2026-04-22,,,,,,s,,,,,,,,,,,,,,,,,
2026-04-22,,,,,,,,,,,,,,,,,,,,,,,
2026-04-22,,,,,,,,,,,,,,,,,,,,,,,
2026-04-22,,,,,,,13:15:00,14:00:00,45.0,4.0,,,2.0,2.0,,,,15,,,Wartungsplan,,
2026-04-22,,,,,,s,,,,,,,,,,,,,,,,,
2026-04-22,,,,,,,,,,,,,,,,,,,,,,,
2026-04-22,,,,,,,14:00:00,15:00:00,59.99999999999995,4.0,,,4.0,4.0,,,,,,,,,
2026-04-22,,,,,,s,,,,,,,,,,,,,,,,,
2026-04-22,,,,,,,17:30:00,18:00:00,30.000000000000053,4.0,,,1.0,1.0,,,,,,,,,
2026-04-22,,,,,,,,,,,,,,,,,,,,,,,
2026-04-22,,,,,,s,,,,,,,,,,,,,,,,,
2026-04-22,,,,,,,,,,,,,,,,,,,,,,,
2026-04-22,,,,,,,16:00:00,17:00:00,60.00000000000011,4.0,,,3.0,3.0,,,,,,,,,
2026-04-22,,,,,,s,,,,,,,,,,,,,,,,,
2026-04-22,,,,,,,15:00:00,16:00:00,59.99999999999995,4.0,,,5.0,5.0,,,,,,,,,
2026-04-23,,,,,,,,,,,,,,,,,10,,,,STW Nacharbeiten,2,
2026-04-23,,,,,,,,,,,,,,,,,,,,,,,
2026-04-23,,,,,,f,07:00:00,08:00:00,59.99999999999995,5.0,,,6.0,6.0,,,,,,,,,
2026-04-23,,,,,,,,,,,,,,,,,,,,,,,
2026-04-23,,,,,,,,,,,,,,,,,,,,,,,
2026-04-23,,,,,,,,,,,,,,,,,,,,,,,
2026-04-23,,,,,,,,,,,,,,,,,,,,,,,
2026-04-23,,,,,,f,04:45:00,06:00:00,75.00000000000001,5.0,,,7.0,7.0,,,,15,,,Wartungsplan,,
2026-04-23,,,,,,,,,,,,,,,,,,,,,,,
2026-04-23,,,,,,f,06:00:00,07:00:00,60.00000000000003,5.0,,,7.0,7.0,,,,,,,,,
2026-04-23,,,,,,f,08:00:00,09:00:00,60.00000000000003,5.0,,,6.0,6.0,,,10,,,,STW Nacharbeiten,,
2026-04-23,,,,,,,,,,,,,,,,,,,,,,,
2026-04-23,,,,,,,,,,,,,,,,,,,,,,,
2026-04-23,,,,,,,17:30:00,18:00:00,30.000000000000053,4.0,,2.0,,2.0,,,,,,,,,
2026-04-23,,,,,,,,,,,,,,,,,,,,,,,
2026-04-23,,,,,,f,11:00:00,12:00:00,60.00000000000003,5.0,,,7.0,7.0,,,,,,,,,
2026-04-23,,,,,,,16:00:00,17:00:00,60.00000000000011,4.0,,4.0,,4.0,,,5,,,,STW Nacharbeiten (Kratzer),,
2026-04-23,,,,,,,,,,,,,,,,,,,,,,,
2026-04-23,,,,,,s,,,,,,,,,,,,,,,,,
2026-04-23,,,,,,,15:00:00,16:00:00,59.99999999999995,4.0,,6.0,,6.0,,,,,,,,,
2026-04-23,,,,,,s,,,,,,,,,,,,,,,,,
2026-04-23,,,,,,,,,,,,,,,,,,,,,,,
2026-04-23,,,,,,,14:00:00,15:00:00,59.99999999999995,4.0,,3.0,,3.0,,,,20,,R 06,Drahtfasswechsel,,
2026-04-23,,,,,,,,,,,,,,,,,,,,,,,
2026-04-23,,,,,,s,,,,,,,,,,,,,,,,,
2026-04-23,,,,,,,13:15:00,14:00:00,45.0,4.0,,4.0,,4.0,,,,15,,,Wartungsplan,,
2026-04-23,,,,,,,,,,,,,,,,,,15,,,Reinigung,,
2026-04-23,,,,,,,,,,,,,,,,,,,,,,,
2026-04-23,,,,,,f,12:00:00,13:15:00,75.00000000000006,5.0,,5.0,1.0,6.0,,5,,,,,Bedienerschtz  ausgelöst ,,
2026-04-23,,,,,,s,,,,,,,,,,,,,,,,,
2026-04-23,,,,,,,,,,,,,,,,,,,,,,,
2026-04-23,,,,,,,,,,,,,,,,,,,,,,,
2026-04-23,,,,,,s,,,,,,,,,,,,,,,,,
2026-04-23,,,,,,f,09:30:00,10:00:00,30.000000000000053,5.0,,,3.0,3.0,,,,,,,,,
2026-04-23,,,,,,,,,,,,,,,,,,,,,,,
2026-04-23,,,,,,,,,,,,,,,,,,,,,,,
2026-04-23,,,,,,f,10:00:00,11:00:00,59.99999999999995,5.0,,,6.0,6.0,,,,,,,,,
2026-04-23,,,,,,,,,,,,,,,,,,,,,,,
2026-04-23,,,,,,,,,,,,,,,,,,,,,,,
2026-04-23,,,,,,,,,,,,,,,,,,15,,,Reinigung + Werkzeug einschließen,,
2026-04-23,,,,,,,18:00:00,19:00:00,59.99999999999995,4.0,,,5.0,5.0,,,,,,,,,
2026-04-23,,,,,,s,,,,,,,,,,,,,,,,,
2026-04-23,,,,,,,,,,,,,,,,,,,,,,,
2026-04-23,,,,,,s,,,,,,,,,,,,,,,,,
2026-04-23,,,,,,,20:00:00,21:00:00,59.99999999999995,4.0,,,5.0,5.0,,,,,,,,,
2026-04-23,,,,,,,,,,,,,,,,,,,,,,,
2026-04-23,,,,,,s,,,,,,,,,,,,,,,,,
2026-04-23,,,,,,,19:00:00,20:00:00,60.00000000000011,4.0,,,4.0,4.0,,,5,,,,STW Nacharbeiten (Kratzer),2,
2026-04-23,,,,,,,,,,,,,,,,,,,,,,,
2026-04-23,,,,,,,21:00:00,21:45:00,45.0,4.0,,,2.0,2.0,,,,,,,,,
2026-04-23,,,,,,s,,,,,,,,,,,,,,,,,
2026-04-23,,,,,,f,09:30:00,10:00:00,30.000000000000053,5.0,,,3.0,3.0,,,,,,,,,
2026-04-23,,,,,,,,,,,,,,,,,,,,,,,
2026-04-23,,,,,,f,12:00:00,13:15:00,75.00000000000006,5.0,,5.0,1.0,6.0,,5,,,,,Bedienerschtz  ausgelöst ,,
2026-04-23,,,,,,,,,,,,,,,,,,,,,,,
2026-04-23,,,,,,,,,,,,,,,,,,,,,,,
2026-04-23,,,,,,f,11:00:00,12:00:00,60.00000000000003,5.0,,,7.0,7.0,,,,,,,,,
2026-04-23,,,,,,,,,,,,,,,,,,,,,,,
2026-04-23,,,,,,,,,,,,,,,,,,,,,,,
2026-04-23,,,,,,f,10:00:00,11:00:00,59.99999999999995,5.0,,,6.0,6.0,,,,,,,,,
2026-04-23,,,,,,,,,,,,,,,,,,,,,,,
2026-04-23,,,,,,,,,,,,,,,,,,,,,,,
2026-04-23,,,,,,f,09:30:00,10:00:00,30.000000000000053,5.0,,,3.0,3.0,,,,,,,,,
2026-04-23,,,,,,,,,,,,,,,,,,,,,,,
2026-04-23,,,,,,,,,,,,,,,,,,,,,,,
2026-04-23,,,,,,f,08:00:00,09:00:00,60.00000000000003,5.0,,,6.0,6.0,,,10,,,,STW Nacharbeiten,,
2026-04-23,,,,,,,,,,,,,,,,,,,,,,,
2026-04-23,,,,,,,,,,,,,,,,,10,,,,STW Nacharbeiten,2,
2026-04-23,,,,,,f,07:00:00,08:00:00,59.99999999999995,5.0,,,6.0,6.0,,,,,,,,,
2026-04-23,,,,,,,,,,,,,,,,,,,,,,,
2026-04-23,,,,,,,,,,,,,,,,,,,,,,,
2026-04-23,,,,,,f,06:00:00,07:00:00,60.00000000000003,5.0,,,7.0,7.0,,,,,,,,,
2026-04-23,,,,,,,,,,,,,,,,,,,,,,,
2026-04-23,,,,,,,,,,,,,,,,,,,,,,,
2026-04-23,,,,,,f,04:45:00,06:00:00,75.00000000000001,5.0,,,7.0,7.0,,,,15,,,Wartungsplan,,
2026-04-23,,,,,,,,,,,,,,,,,,,,,,,
2026-04-23,,,,,,,,,,,,,,,,,,15,,,Reinigung,,
2026-04-23,,,,,,,13:15:00,14:00:00,45.0,4.0,,4.0,,4.0,,,,15,,,Wartungsplan,,
2026-04-23,,,,,,,,,,,,,,,,,,15,,,Reinigung + Werkzeug einschließen,,
2026-04-23,,,,,,,14:00:00,15:00:00,59.99999999999995,4.0,,3.0,,3.0,,,,20,,R 06,Drahtfasswechsel,,
2026-04-23,,,,,,s,,,,,,,,,,,,,,,,,
2026-04-23,,,,,,,,,,,,,,,,,,,,,,,
2026-04-23,,,,,,,15:00:00,16:00:00,59.99999999999995,4.0,,6.0,,6.0,,,,,,,,,
2026-04-23,,,,,,s,,,,,,,,,,,,,,,,,
2026-04-23,,,,,,,,,,,,,,,,,,,,,,,
2026-04-23,,,,,,,16:00:00,17:00:00,60.00000000000011,4.0,,4.0,,4.0,,,5,,,,STW Nacharbeiten (Kratzer),,
2026-04-23,,,,,,s,,,,,,,,,,,,,,,,,
2026-04-23,,,,,,,,,,,,,,,,,,,,,,,
2026-04-23,,,,,,,17:30:00,18:00:00,30.000000000000053,4.0,,2.0,,2.0,,,,,,,,,
2026-04-23,,,,,,s,,,,,,,,,,,,,,,,,
2026-04-23,,,,,,,,,,,,,,,,,,,,,,,
2026-04-23,,,,,,,18:00:00,19:00:00,59.99999999999995,4.0,,,5.0,5.0,,,,,,,,,
2026-04-23,,,,,,s,,,,,,,,,,,,,,,,,
2026-04-23,,,,,,,,,,,,,,,,,,,,,,,
2026-04-23,,,,,,,19:00:00,20:00:00,60.00000000000011,4.0,,,4.0,4.0,,,5,,,,STW Nacharbeiten (Kratzer),2,
2026-04-23,,,,,,s,,,,,,,,,,,,,,,,,
2026-04-23,,,,,,,,,,,,,,,,,,,,,,,
2026-04-23,,,,,,,20:00:00,21:00:00,59.99999999999995,4.0,,,5.0,5.0,,,,,,,,,
2026-04-23,,,,,,s,,,,,,,,,,,,,,,,,
2026-04-23,,,,,,,,,,,,,,,,,,,,,,,
2026-04-23,,,,,,,21:00:00,21:45:00,45.0,4.0,,,2.0,2.0,,,,,,,,,
2026-04-23,,,,,,s,,,,,,,,,,,,,,,,,
2026-04-23,,,,,,,,,,,,,,,,,,,,,,,
2026-04-23,,,,,,f,04:45:00,06:00:00,75.00000000000001,5.0,,,7.0,7.0,,,,15,,,Wartungsplan,,
2026-04-23,,,,,,s,,,,,,,,,,,,,,,,,
2026-04-23,,,,,,,17:30:00,18:00:00,30.000000000000053,4.0,,2.0,,2.0,,,,,,,,,
2026-04-23,,,,,,,20:00:00,21:00:00,59.99999999999995,4.0,,,5.0,5.0,,,,,,,,,
2026-04-23,,,,,,,,,,,,,,,,,,,,,,,
2026-04-23,,,,,,s,,,,,,,,,,,,,,,,,
2026-04-23,,,,,,,19:00:00,20:00:00,60.00000000000011,4.0,,,4.0,4.0,,,5,,,,STW Nacharbeiten (Kratzer),2,
2026-04-23,,,,,,,,,,,,,,,,,,,,,,,
2026-04-23,,,,,,s,,,,,,,,,,,,,,,,,
2026-04-23,,,,,,,18:00:00,19:00:00,59.99999999999995,4.0,,,5.0,5.0,,,,,,,,,
2026-04-23,,,,,,,,,,,,,,,,,,,,,,,
2026-04-23,,,,,,s,,,,,,,,,,,,,,,,,
2026-04-23,,,,,,s,,,,,,,,,,,,,,,,,
2026-04-23,,,,,,,,,,,,,,,,,,15,,,Reinigung,,
2026-04-23,,,,,,s,,,,,,,,,,,,,,,,,
2026-04-23,,,,,,,16:00:00,17:00:00,60.00000000000011,4.0,,4.0,,4.0,,,5,,,,STW Nacharbeiten (Kratzer),,
2026-04-23,,,,,,,,,,,,,,,,,,,,,,,
2026-04-23,,,,,,s,,,,,,,,,,,,,,,,,
2026-04-23,,,,,,,15:00:00,16:00:00,59.99999999999995,4.0,,6.0,,6.0,,,,,,,,,
2026-04-23,,,,,,,,,,,,,,,,,,,,,,,
2026-04-23,,,,,,s,,,,,,,,,,,,,,,,,
2026-04-23,,,,,,,14:00:00,15:00:00,59.99999999999995,4.0,,3.0,,3.0,,,,20,,R 06,Drahtfasswechsel,,
2026-04-23,,,,,,,,,,,,,,,,,,,,,,,
2026-04-23,,,,,,,,,,,,,,,,,,,,,,,
2026-04-23,,,,,,,,,,,,,,,,,,,,,,,
2026-04-23,,,,,,,21:00:00,21:45:00,45.0,4.0,,,2.0,2.0,,,,,,,,,
2026-04-23,,,,,,s,,,,,,,,,,,,,,,,,
2026-04-23,,,,,,,,,,,,,,,,,,,,,,,
2026-04-23,,,,,,f,06:00:00,07:00:00,60.00000000000003,5.0,,,7.0,7.0,,,,,,,,,
2026-04-23,,,,,,,,,,,,,,,,,,,,,,,
2026-04-23,,,,,,,,,,,,,,,,,,,,,,,
2026-04-23,,,,,,f,07:00:00,08:00:00,59.99999999999995,5.0,,,6.0,6.0,,,,,,,,,
2026-04-23,,,,,,,,,,,,,,,,,10,,,,STW Nacharbeiten,2,
2026-04-23,,,,,,,,,,,,,,,,,,,,,,,
2026-04-23,,,,,,f,08:00:00,09:00:00,60.00000000000003,5.0,,,6.0,6.0,,,10,,,,STW Nacharbeiten,,
2026-04-23,,,,,,,,,,,,,,,,,,,,,,,
2026-04-23,,,,,,,,,,,,,,,,,,,,,,,
2026-04-23,,,,,,,,,,,,,,,,,,,,,,,
2026-04-23,,,,,,,,,,,,,,,,,,,,,,,
2026-04-23,,,,,,f,10:00:00,11:00:00,59.99999999999995,5.0,,,6.0,6.0,,,,,,,,,
2026-04-23,,,,,,,,,,,,,,,,,,,,,,,
2026-04-23,,,,,,,,,,,,,,,,,,,,,,,
2026-04-23,,,,,,f,11:00:00,12:00:00,60.00000000000003,5.0,,,7.0,7.0,,,,,,,,,
2026-04-23,,,,,,,,,,,,,,,,,,,,,,,
2026-04-23,,,,,,,,,,,,,,,,,,,,,,,
2026-04-23,,,,,,f,12:00:00,13:15:00,75.00000000000006,5.0,,5.0,1.0,6.0,,5,,,,,Bedienerschtz  ausgelöst ,,
2026-04-23,,,,,,,,,,,,,,,,,,,,,,,
2026-04-23,,,,,,,,,,,,,,,,,,15,,,Reinigung + Werkzeug einschließen,,
2026-04-23,,,,,,s,,,,,,,,,,,,,,,,,
2026-04-23,,,,,,,13:15:00,14:00:00,45.0,4.0,,4.0,,4.0,,,,15,,,Wartungsplan,,
2026-04-24,,,,,,f,11:00:00,12:00:00,60.00000000000003,6.0,,,5.0,5.0,,,15,,,,,5,
2026-04-24,,,,,,,,,,,,,,,,,,,,,  2 STW N.I.O ( Verrostet.),,
2026-04-24,,,,,,,,,,,,,,,,,,,,,,,
2026-04-24,,,,,,,,,,,,,,,,,,,,,,,
2026-04-24,,,,,,f,10:00:00,11:00:00,59.99999999999995,6.0,,,5.0,5.0,,,12,,,,STW Nacharbeiten,4,
2026-04-24,,,,,,,,,,,,,,,,,,,,,,,
2026-04-24,,,,,,,,,,,,,,,,,,,,,,,
2026-04-24,,,,,,,,,,,,,,,,,,,,,,,
2026-04-24,,,,,,f,09:30:00,10:00:00,30.000000000000053,6.0,,,3.0,3.0,,10,,,,OP 90,24V DC Versorgung Selektivitätsmodule Störung (Elektriker an der Anlage.),,
2026-04-24,,,,,,f,12:00:00,13:15:00,75.00000000000006,6.0,2.0,,3.0,5.0,,,15,,,,STW Nacharbeiten,,
2026-04-24,,,,,,,,,,,,,,,,,,,,,,,
2026-04-24,,,,,,f,08:00:00,09:00:00,60.00000000000003,6.0,,,6.0,6.0,,,,,,,,,
2026-04-24,,,,,,,,,,,,,,,,,,,,,,,
2026-04-24,,,,,,,,,,,,,,,,,,,,,,,
2026-04-24,,,,,,f,07:00:00,08:00:00,59.99999999999995,6.0,,,7.0,7.0,,,,,,,,,
2026-04-24,,,,,,,,,,,,,,,,,,,,,,,
2026-04-24,,,,,,,,,,,,,,,,5,,,,R 05,Vakuumkreis 1 schaltet nicht,,
2026-04-24,,,,,,f,06:00:00,07:00:00,60.00000000000003,6.0,,,6.0,6.0,,5,,,,R 06,Probleme mit Schweißdraht,,
2026-04-24,,,,,,,,,,,,,,,,,,,,,,,
2026-04-24,,,,,,,,,,,,,,,,,,,,,,,
2026-04-24,,,,,,f,04:45:00,06:00:00,75.00000000000001,6.0,,,7.0,7.0,,,,15,,,Wartungsplan,,
2026-04-24,,,,,,,,,,,,,,,,,,,,,,,
2026-04-24,,,,,,,,,,,,,,,,10,,,,OP 90,24V DC Versorgung Selektivitätsmodule Störung (Elektriker an der Anlage.),,
2026-04-24,,,,,,,,,,,,,,,,,,,,,,,
2026-04-24,,,,,,,,,,,,,,,,,,15,,,Reinigung + Werkzeug einschließen,,
2026-04-24,,,,,,,,,,,,,,,,,,15,,,Reinigung,,
2026-04-24,,,,,,,,,,,,,,,,,,,,,  2 STW N.I.O ( Verrostet.),,
2026-04-24,,,,,,f,12:00:00,13:15:00,75.00000000000006,6.0,2.0,,3.0,5.0,,,15,,,,STW Nacharbeiten,,
2026-04-24,,,,,,,,,,,,,,,,,,,,,,,
2026-04-24,,,,,,,,,,,,,,,,,,,,,,,
2026-04-24,,,,,,f,11:00:00,12:00:00,60.00000000000003,6.0,,,5.0,5.0,,,15,,,,,5,
2026-04-24,,,,,,,,,,,,,,,,,,,,,,,
2026-04-24,,,,,,,,,,,,,,,,,,,,,,,
2026-04-24,,,,,,f,10:00:00,11:00:00,59.99999999999995,6.0,,,5.0,5.0,,,12,,,,STW Nacharbeiten,4,
2026-04-24,,,,,,,,,,,,,,,,,,,,,,,
2026-04-24,,,,,,,,,,,,,,,,,,,,,,,
2026-04-24,,,,,,f,09:30:00,10:00:00,30.000000000000053,6.0,,,3.0,3.0,,10,,,,OP 90,24V DC Versorgung Selektivitätsmodule Störung (Elektriker an der Anlage.),,
2026-04-24,,,,,,,,,,,,,,,,10,,,,OP 90,24V DC Versorgung Selektivitätsmodule Störung (Elektriker an der Anlage.),,
2026-04-24,,,,,,,,,,,,,,,,,,,,,,,
2026-04-24,,,,,,f,08:00:00,09:00:00,60.00000000000003,6.0,,,6.0,6.0,,,,,,,,,
2026-04-24,,,,,,,,,,,,,,,,,,,,,,,
2026-04-24,,,,,,,,,,,,,,,,,,,,,,,
2026-04-24,,,,,,f,07:00:00,08:00:00,59.99999999999995,6.0,,,7.0,7.0,,,,,,,,,
2026-04-24,,,,,,,,,,,,,,,,,,,,,,,
2026-04-24,,,,,,,,,,,,,,,,5,,,,R 05,Vakuumkreis 1 schaltet nicht,,
2026-04-24,,,,,,f,06:00:00,07:00:00,60.00000000000003,6.0,,,6.0,6.0,,5,,,,R 06,Probleme mit Schweißdraht,,
2026-04-24,,,,,,,13:15:00,14:00:00,45.0,4.0,,,2.0,2.0,,,,15,,,Wartungsplan,,
2026-04-24,,,,,,s,,,,,,,,,,,,,,,,,
2026-04-24,,,,,,,,,,,,,,,,,,,,,,,
2026-04-24,,,,,,,14:00:00,15:00:00,59.99999999999995,5.0,,,5.0,5.0,,,,,,,,,
2026-04-24,,,,,,s,,,,,,,,,,,,,,,,,
2026-04-24,,,,,,,21:00:00,21:45:00,45.0,5.0,,,2.0,2.0,,,,,,,,,
2026-04-24,,,,,,,,,,,,,,,,,10,,,,STW Nacharebeiten (Kratzer) ,1,
2026-04-24,,,,,,s,,,,,,,,,,,5,,,,STW N.I.O (Code 210),1,
2026-04-24,,,,,,,20:00:00,21:00:00,59.99999999999995,5.0,,,3.0,3.0,,,,10,,,Knoten 1 Messwerte unplausibel,,
2026-04-24,,,,,,,,,,,,,,,,,,,,,,,
2026-04-24,,,,,,s,,,,,,,,,,,,,,,,,
2026-04-24,,,,,,,19:00:00,20:00:00,60.00000000000011,5.0,,,4.0,4.0,,,,5,,,Knoten 1 Messwert unplausibel,,
2026-04-24,,,,,,,,,,,,,,,,,,15,,,Reinigung,,
2026-04-24,,,,,,s,,,,,,,,,,,,,,,,,
2026-04-24,,,,,,f,04:45:00,06:00:00,75.00000000000001,6.0,,,7.0,7.0,,,,15,,,Wartungsplan,,
2026-04-24,,,,,,,18:00:00,19:00:00,59.99999999999995,5.0,,,5.0,5.0,,,,,,,,,
2026-04-24,,,,,,s,,,,,,,,,,,,,,,,,
2026-04-24,,,,,,,17:30:00,18:00:00,30.000000000000053,5.0,,,2.0,2.0,,,,,,,,,
2026-04-24,,,,,,,,,,,,,,,,,,,,,,,
2026-04-24,,,,,,s,,,,,,,,,,,,,,,,,
2026-04-24,,,,,,,16:00:00,17:00:00,60.00000000000011,5.0,,,5.0,5.0,,,,,,,,,
2026-04-24,,,,,,,,,,,,,,,,,,,,,,,
2026-04-24,,,,,,s,,,,,,,,,,,,,,,,,
2026-04-24,,,,,,,15:00:00,16:00:00,59.99999999999995,5.0,,,5.0,5.0,,,,,,,,,
2026-04-24,,,,,,,,,,,,,,,,,,,,,,,
2026-04-24,,,,,,s,,,,,,,,,,,,,,,,,
2026-04-24,,,,,,,,,,,,,,,,,,,,,,,
2026-04-24,,,,,,,13:15:00,14:00:00,45.0,4.0,,,2.0,2.0,,,,15,,,Wartungsplan,,
2026-04-24,,,,,,,21:00:00,21:45:00,45.0,5.0,,,2.0,2.0,,,,,,,,,
2026-04-24,,,,,,,,,,,,,,,,,,,,,,,
2026-04-24,,,,,,,14:00:00,15:00:00,59.99999999999995,5.0,,,5.0,5.0,,,,,,,,,
2026-04-24,,,,,,s,,,,,,,,,,,,,,,,,
2026-04-24,,,,,,,,,,,,,,,,,,,,,,,
2026-04-24,,,,,,,15:00:00,16:00:00,59.99999999999995,5.0,,,5.0,5.0,,,,,,,,,
2026-04-24,,,,,,s,,,,,,,,,,,,,,,,,
2026-04-24,,,,,,,,,,,,,,,,,,,,,,,
2026-04-24,,,,,,,16:00:00,17:00:00,60.00000000000011,5.0,,,5.0,5.0,,,,,,,,,
2026-04-24,,,,,,s,,,,,,,,,,,,,,,,,
2026-04-24,,,,,,,,,,,,,,,,,,,,,,,
2026-04-24,,,,,,,17:30:00,18:00:00,30.000000000000053,5.0,,,2.0,2.0,,,,,,,,,
2026-04-24,,,,,,s,,,,,,,,,,,,,,,,,
2026-04-24,,,,,,,,,,,,,,,,,,,,,,,
2026-04-24,,,,,,,18:00:00,19:00:00,59.99999999999995,5.0,,,5.0,5.0,,,,,,,,,
2026-04-24,,,,,,s,,,,,,,,,,,,,,,,,
2026-04-24,,,,,,,,,,,,,,,,,,,,,,,
2026-04-24,,,,,,,19:00:00,20:00:00,60.00000000000011,5.0,,,4.0,4.0,,,,5,,,Knoten 1 Messwert unplausibel,,
2026-04-24,,,,,,s,,,,,,,,,,,,,,,,,
2026-04-24,,,,,,,,,,,,,,,,,,,,,,,
2026-04-24,,,,,,,20:00:00,21:00:00,59.99999999999995,5.0,,,3.0,3.0,,,,10,,,Knoten 1 Messwerte unplausibel,,
2026-04-24,,,,,,s,,,,,,,,,,,5,,,,STW N.I.O (Code 210),1,
2026-04-24,,,,,,,,,,,,,,,,,10,,,,STW Nacharebeiten (Kratzer) ,1,
2026-04-24,,,,,,,21:00:00,21:45:00,45.0,5.0,,,2.0,2.0,,,,,,,,,
2026-04-24,,,,,,s,,,,,,,,,,,,,,,,,
2026-04-24,,,,,,,,,,,,,,,,,,,,,,,
2026-04-24,,,,,,,,,,,,,,,,,,15,,,Reinigung + Werkzeug einschließen,,
2026-04-24,,,,,,s,,,,,,,,,,,,,,,,,
2026-04-24,,,,,,,,,,,,,,,,,,15,,,Reinigung,,
2026-04-24,,,,,,f,04:45:00,06:00:00,75.00000000000001,6.0,,,7.0,7.0,,,,15,,,Wartungsplan,,
2026-04-24,,,,,,,,,,,,,,,,,,,,,,,
2026-04-24,,,,,,,,,,,,,,,,,,,,,,,
2026-04-24,,,,,,f,06:00:00,07:00:00,60.00000000000003,6.0,,,6.0,6.0,,5,,,,R 06,Probleme mit Schweißdraht,,
2026-04-24,,,,,,,,,,,,,,,,5,,,,R 05,Vakuumkreis 1 schaltet nicht,,
2026-04-24,,,,,,,,,,,,,,,,,,,,,,,
2026-04-24,,,,,,f,07:00:00,08:00:00,59.99999999999995,6.0,,,7.0,7.0,,,,,,,,,
2026-04-24,,,,,,,,,,,,,,,,,,,,,,,
2026-04-24,,,,,,,,,,,,,,,,,,,,,,,
2026-04-24,,,,,,f,08:00:00,09:00:00,60.00000000000003,6.0,,,6.0,6.0,,,,,,,,,
2026-04-24,,,,,,,,,,,,,,,,,,,,,,,
2026-04-24,,,,,,,,,,,,,,,,10,,,,OP 90,24V DC Versorgung Selektivitätsmodule Störung (Elektriker an der Anlage.),,
2026-04-24,,,,,,f,09:30:00,10:00:00,30.000000000000053,6.0,,,3.0,3.0,,10,,,,OP 90,24V DC Versorgung Selektivitätsmodule Störung (Elektriker an der Anlage.),,
2026-04-24,,,,,,,,,,,,,,,,,,,,,,,
2026-04-24,,,,,,,,,,,,,,,,,,,,,,,
2026-04-24,,,,,,f,10:00:00,11:00:00,59.99999999999995,6.0,,,5.0,5.0,,,12,,,,STW Nacharbeiten,4,
2026-04-24,,,,,,,,,,,,,,,,,,,,,,,
2026-04-24,,,,,,,,,,,,,,,,,,,,,,,
2026-04-24,,,,,,f,11:00:00,12:00:00,60.00000000000003,6.0,,,5.0,5.0,,,15,,,,,5,
2026-04-24,,,,,,,,,,,,,,,,,,,,,,,
2026-04-24,,,,,,,,,,,,,,,,,,,,,,,
2026-04-24,,,,,,f,12:00:00,13:15:00,75.00000000000006,6.0,2.0,,3.0,5.0,,,15,,,,STW Nacharbeiten,,
2026-04-24,,,,,,,,,,,,,,,,,,,,,  2 STW N.I.O ( Verrostet.),,
2026-04-24,,,,,,,13:15:00,14:00:00,45.0,4.0,,,2.0,2.0,,,,15,,,Wartungsplan,,
2026-04-24,,,,,,s,,,,,,,,,,,,,,,,,
2026-04-24,,,,,,,,,,,,,,,,,,,,,,,
2026-04-24,,,,,,s,,,,,,,,,,,,,,,,,
2026-04-24,,,,,,,,,,,,,,,,,,15,,,Reinigung + Werkzeug einschließen,,
2026-04-24,,,,,,s,,,,,,,,,,,,,,,,,
2026-04-24,,,,,,,,,,,,,,,,,,,,,,,
2026-04-24,,,,,,,,,,,,,,,,,10,,,,STW Nacharebeiten (Kratzer) ,1,
2026-04-24,,,,,,s,,,,,,,,,,,5,,,,STW N.I.O (Code 210),1,
2026-04-24,,,,,,,20:00:00,21:00:00,59.99999999999995,5.0,,,3.0,3.0,,,,10,,,Knoten 1 Messwerte unplausibel,,
2026-04-24,,,,,,,,,,,,,,,,,,,,,,,
2026-04-24,,,,,,,19:00:00,20:00:00,60.00000000000011,5.0,,,4.0,4.0,,,,5,,,Knoten 1 Messwert unplausibel,,
2026-04-24,,,,,,,,,,,,,,,,,,,,,,,
2026-04-24,,,,,,,18:00:00,19:00:00,59.99999999999995,5.0,,,5.0,5.0,,,,,,,,,
2026-04-24,,,,,,,,,,,,,,,,,,,,,,,
2026-04-24,,,,,,s,,,,,,,,,,,,,,,,,
2026-04-24,,,,,,,17:30:00,18:00:00,30.000000000000053,5.0,,,2.0,2.0,,,,,,,,,
2026-04-24,,,,,,,,,,,,,,,,,,,,,,,
2026-04-24,,,,,,s,,,,,,,,,,,,,,,,,
2026-04-24,,,,,,,16:00:00,17:00:00,60.00000000000011,5.0,,,5.0,5.0,,,,,,,,,
2026-04-24,,,,,,,,,,,,,,,,,,,,,,,
2026-04-24,,,,,,s,,,,,,,,,,,,,,,,,
2026-04-24,,,,,,,15:00:00,16:00:00,59.99999999999995,5.0,,,5.0,5.0,,,,,,,,,
2026-04-24,,,,,,,,,,,,,,,,,,,,,,,
2026-04-24,,,,,,s,,,,,,,,,,,,,,,,,
2026-04-24,,,,,,,14:00:00,15:00:00,59.99999999999995,5.0,,,5.0,5.0,,,,,,,,,
2026-04-24,,,,,,s,,,,,,,,,,,,,,,,,
2026-04-27,,,,,,,20:00:00,21:00:00,59.99999999999995,5.0,,,6.0,6.0,,,,,,,,,
2026-04-27,,,,,,,19:00:00,20:00:00,60.00000000000011,5.0,,,6.0,6.0,,,,,,,,,
2026-04-27,,,,,,s,,,,,,,,,,,,,,,,,
2026-04-27,,,,,,,,,,,,,,,,,,,,,,,
2026-04-27,,,,,,s,,,,,,,,,,,,,,,,,
2026-04-27,,,,,,f,12:00:00,13:15:00,75.00000000000006,5.0,,,4.0,4.0,,,,,,,,,
2026-04-27,,,,,,,21:00:00,21:45:00,45.0,5.0,,,2.0,2.0,,,,,,,,,
2026-04-27,,,,,,s,,,,,,,,,,,,,,,,,
2026-04-27,,,,,,,,,,,,,,,,,,15,,,Reinigung + Werkzeug einschließen,,
2026-04-27,,,,,,,,,,,,,,,,,,,,,,,
2026-04-27,,,,,,,,,,,,,,,,,,,,,,,
2026-04-27,,,,,,,,,,,,,,,,,,,,,,,
2026-04-27,,,,,,s,,,,,,,,,,,,,,,,,
2026-04-27,,,,,,,,,,,,,,,,,,,,,,,
2026-04-27,,,,,,,,,,,,,,,,,,,,,,,
2026-04-27,,,,,,,,,,,,,,,,,,,,,,,
2026-04-27,,,,,,f,08:00:00,09:00:00,60.00000000000003,5.0,,,4.0,4.0,,,,,,,,,
2026-04-27,,,,,,,,,,,,,,,,,,,,,,,
2026-04-27,,,,,,,,,,,,,,,,,,,,,,,
2026-04-27,,,,,,,,,,,,,,,,,,15,,,Reinigung,,
2026-04-27,,,,,,f,07:00:00,08:00:00,59.99999999999995,4.0,,,4.0,4.0,,,,,,,,,
2026-04-27,,,,,,,,,,,,,,,,,,,,,,,
2026-04-27,,,,,,f,10:00:00,11:00:00,59.99999999999995,5.0,,,0.0,,,,,60,,R 05,Vakuum nicht vorhanden (RobTech vor Ort),,
2026-04-27,,,,,,,,,,,,,,,,,,,,,,,
2026-04-27,,,,,,,,,,,,,,,,,,,,,,,
2026-04-27,,,,,,f,11:00:00,12:00:00,60.00000000000003,5.0,,,4.0,4.0,,,,,,,,,
2026-04-27,,,,,,,,,,,,,,,,,,,,,,,
2026-04-27,,,,,,,,,,,,,,,,,,,,,,,
2026-04-27,,,,,,,,,,,,,,,,,,,,,,,
2026-04-27,,,,,,,,,,,,,,,,,,,,,,,
2026-04-27,,,,,,,,,,,,,,,,,,,,,,,
2026-04-27,,,,,,f,06:00:00,07:00:00,60.00000000000003,4.0,,,4.0,4.0,,,,,,,,,
2026-04-27,,,,,,s,,,,,,,,,,,,,,,,,
2026-04-27,,,,,,,17:30:00,18:00:00,30.000000000000053,5.0,,,2.0,2.0,,10,,,,R 06,Probleme mit Schweißdraht,,
2026-04-27,,,,,,,,,,,,,,,,,,,,,,,
2026-04-27,,,,,,s,,,,,,,,,,,,,,,,,
2026-04-27,,,,,,,16:00:00,17:00:00,60.00000000000011,5.0,,6.0,,6.0,,,,,,,,,
2026-04-27,,,,,,,,,,,,,,,,,,,,,,,
2026-04-27,,,,,,s,,,,,,,,,,,,,,,,,
2026-04-27,,,,,,,15:00:00,16:00:00,59.99999999999995,6.0,,2.0,5.0,7.0,,,,,,,,,
2026-04-27,,,,,,,,,,,,,,,,,,,,,,,
2026-04-27,,,,,,s,,,,,,,,,,,,,,,"Anlage leer  ,Auffüllen",,
2026-04-27,,,,,,,14:00:00,15:00:00,59.99999999999995,6.0,,,5.0,5.0,,,,5,,R 07,Drahtfasswechsel,,
2026-04-27,,,,,,,,,,,,,,,,,,10,,R 07,Drahtfasswechsel,,
2026-04-27,,,,,,s,,,,,,,,,,,,,,,,,
2026-04-27,,,,,,,13:15:00,14:00:00,45.0,6.0,,,4.0,4.0,,,,15,,,Wartungsplan,,
2026-04-27,,,,,,,,,,,,,,,,,,,,,,,
2026-04-27,,,,,,,18:00:00,19:00:00,59.99999999999995,5.0,,1.0,6.0,7.0,,,,,,,,,
2026-04-27,,,,,,f,09:30:00,10:00:00,30.000000000000053,5.0,,,2.0,2.0,,,,,,,,,
2026-04-27,,,,,,,13:15:00,14:00:00,45.0,6.0,,,4.0,4.0,,,,15,,,Wartungsplan,,
2026-04-27,,,,,,,,,,,,,,,,,,,,,,,
2026-04-27,,,,,,,14:00:00,15:00:00,59.99999999999995,6.0,,,5.0,5.0,,,,5,,R 07,Drahtfasswechsel,,
2026-04-27,,,,,,s,,,,,,,,,,,,,,,"Anlage leer  ,Auffüllen",,
2026-04-27,,,,,,,,,,,,,,,,,,,,,,,
2026-04-27,,,,,,,15:00:00,16:00:00,59.99999999999995,6.0,,2.0,5.0,7.0,,,,,,,,,
2026-04-27,,,,,,s,,,,,,,,,,,,,,,,,
2026-04-27,,,,,,,,,,,,,,,,,,,,,,,
2026-04-27,,,,,,,16:00:00,17:00:00,60.00000000000011,5.0,,6.0,,6.0,,,,,,,,,
2026-04-27,,,,,,s,,,,,,,,,,,,,,,,,
2026-04-27,,,,,,,,,,,,,,,,,,,,,,,
2026-04-27,,,,,,,17:30:00,18:00:00,30.000000000000053,5.0,,,2.0,2.0,,10,,,,R 06,Probleme mit Schweißdraht,,
2026-04-27,,,,,,s,,,,,,,,,,,,,,,,,
2026-04-27,,,,,,,,,,,,,,,,,,,,,,,
2026-04-27,,,,,,,18:00:00,19:00:00,59.99999999999995,5.0,,1.0,6.0,7.0,,,,,,,,,
2026-04-27,,,,,,s,,,,,,,,,,,,,,,,,
2026-04-27,,,,,,,,,,,,,,,,,,,,,,,
2026-04-27,,,,,,,19:00:00,20:00:00,60.00000000000011,5.0,,,6.0,6.0,,,,,,,,,
2026-04-27,,,,,,s,,,,,,,,,,,,,,,,,
2026-04-27,,,,,,,,,,,,,,,,,,,,,,,
2026-04-27,,,,,,,20:00:00,21:00:00,59.99999999999995,5.0,,,6.0,6.0,,,,,,,,,
2026-04-27,,,,,,s,,,,,,,,,,,,,,,,,
2026-04-27,,,,,,,,,,,,,,,,,,,,,,,
2026-04-27,,,,,,,21:00:00,21:45:00,45.0,5.0,,,2.0,2.0,,,,,,,,,
2026-04-27,,,,,,s,,,,,,,,,,,,,,,,,
2026-04-27,,,,,,,,,,,,,,,,,,10,,R 07,Drahtfasswechsel,,
2026-04-27,,,,,,,,,,,,,,,,,,15,,,Reinigung + Werkzeug einschließen,,
2026-04-27,,,,,,s,,,,,,,,,,,,,,,,,
2026-04-27,,,,,,,,,,,,,,,,,,15,,,Reinigung,,
2026-04-27,,,,,,f,04:45:00,06:00:00,75.00000000000001,4.0,,,4.0,4.0,,,,15,,,Wartungsplan,,
2026-04-27,,,,,,,,,,,,,,,,,,,,,,,
2026-04-27,,,,,,,,,,,,,,,,,,,,,,,
2026-04-27,,,,,,f,06:00:00,07:00:00,60.00000000000003,4.0,,,4.0,4.0,,,,,,,,,
2026-04-27,,,,,,,,,,,,,,,,,,,,,,,
2026-04-27,,,,,,,,,,,,,,,,,,,,,,,
2026-04-27,,,,,,f,07:00:00,08:00:00,59.99999999999995,4.0,,,4.0,4.0,,,,,,,,,
2026-04-27,,,,,,,,,,,,,,,,,,,,,,,
2026-04-27,,,,,,,,,,,,,,,,,,,,,,,
2026-04-27,,,,,,f,08:00:00,09:00:00,60.00000000000003,5.0,,,4.0,4.0,,,,,,,,,
2026-04-27,,,,,,,,,,,,,,,,,,,,,,,
2026-04-27,,,,,,,,,,,,,,,,,,,,,,,
2026-04-27,,,,,,f,09:30:00,10:00:00,30.000000000000053,5.0,,,2.0,2.0,,,,,,,,,
2026-04-27,,,,,,,,,,,,,,,,,,,,,,,
2026-04-27,,,,,,,,,,,,,,,,,,,,,,,
2026-04-27,,,,,,f,10:00:00,11:00:00,59.99999999999995,5.0,,,0.0,,,,,60,,R 05,Vakuum nicht vorhanden (RobTech vor Ort),,
2026-04-27,,,,,,,,,,,,,,,,,,,,,,,
2026-04-27,,,,,,,,,,,,,,,,,,,,,,,
2026-04-27,,,,,,f,11:00:00,12:00:00,60.00000000000003,5.0,,,4.0,4.0,,,,,,,,,
2026-04-27,,,,,,,,,,,,,,,,,,,,,,,
2026-04-27,,,,,,,,,,,,,,,,,,,,,,,
2026-04-27,,,,,,f,12:00:00,13:15:00,75.00000000000006,5.0,,,4.0,4.0,,,,,,,,,
2026-04-27,,,,,,,,,,,,,,,,,,,,,,,
2026-04-27,,,,,,,13:15:00,14:00:00,45.0,6.0,,,4.0,4.0,,,,15,,,Wartungsplan,,
2026-04-27,,,,,,f,04:45:00,06:00:00,75.00000000000001,4.0,,,4.0,4.0,,,,15,,,Wartungsplan,,
2026-04-27,,,,,,f,04:45:00,06:00:00,75.00000000000001,4.0,,,4.0,4.0,,,,15,,,Wartungsplan,,
2026-04-27,,,,,,s,,,,,,,,,,,,,,,,,
2026-04-27,,,,,,,14:00:00,15:00:00,59.99999999999995,6.0,,,5.0,5.0,,,,5,,R 07,Drahtfasswechsel,,
2026-04-27,,,,,,s,,,,,,,,,,,,,,,"Anlage leer  ,Auffüllen",,
2026-04-27,,,,,,,,,,,,,,,,,,,,,,,
2026-04-27,,,,,,,15:00:00,16:00:00,59.99999999999995,6.0,,2.0,5.0,7.0,,,,,,,,,
2026-04-27,,,,,,s,,,,,,,,,,,,,,,,,
2026-04-27,,,,,,,,,,,,,,,,,,,,,,,
2026-04-27,,,,,,,16:00:00,17:00:00,60.00000000000011,5.0,,6.0,,6.0,,,,,,,,,
2026-04-27,,,,,,s,,,,,,,,,,,,,,,,,
2026-04-27,,,,,,,,,,,,,,,,,,,,,,,
2026-04-27,,,,,,,17:30:00,18:00:00,30.000000000000053,5.0,,,2.0,2.0,,10,,,,R 06,Probleme mit Schweißdraht,,
2026-04-27,,,,,,s,,,,,,,,,,,,,,,,,
2026-04-27,,,,,,,,,,,,,,,,,,,,,,,
2026-04-27,,,,,,,18:00:00,19:00:00,59.99999999999995,5.0,,1.0,6.0,7.0,,,,,,,,,
2026-04-27,,,,,,s,,,,,,,,,,,,,,,,,
2026-04-27,,,,,,,,,,,,,,,,,,,,,,,
2026-04-27,,,,,,,19:00:00,20:00:00,60.00000000000011,5.0,,,6.0,6.0,,,,,,,,,
2026-04-27,,,,,,s,,,,,,,,,,,,,,,,,
2026-04-27,,,,,,,,,,,,,,,,,,,,,,,
2026-04-27,,,,,,,20:00:00,21:00:00,59.99999999999995,5.0,,,6.0,6.0,,,,,,,,,
2026-04-27,,,,,,s,,,,,,,,,,,,,,,,,
2026-04-27,,,,,,,,,,,,,,,,,,,,,,,
2026-04-27,,,,,,,,,,,,,,,,,,10,,R 07,Drahtfasswechsel,,
2026-04-27,,,,,,,21:00:00,21:45:00,45.0,5.0,,,2.0,2.0,,,,,,,,,
2026-04-27,,,,,,s,,,,,,,,,,,,,,,,,
2026-04-27,,,,,,,,,,,,,,,,,,15,,,Reinigung,,
2026-04-27,,,,,,,,,,,,,,,,,,,,,,,
2026-04-27,,,,,,f,06:00:00,07:00:00,60.00000000000003,4.0,,,4.0,4.0,,,,,,,,,
2026-04-27,,,,,,,,,,,,,,,,,,,,,,,
2026-04-27,,,,,,,,,,,,,,,,,,,,,,,
2026-04-27,,,,,,f,07:00:00,08:00:00,59.99999999999995,4.0,,,4.0,4.0,,,,,,,,,
2026-04-27,,,,,,,,,,,,,,,,,,,,,,,
2026-04-27,,,,,,,,,,,,,,,,,,,,,,,
2026-04-27,,,,,,f,08:00:00,09:00:00,60.00000000000003,5.0,,,4.0,4.0,,,,,,,,,
2026-04-27,,,,,,,,,,,,,,,,,,,,,,,
2026-04-27,,,,,,,,,,,,,,,,,,,,,,,
2026-04-27,,,,,,f,09:30:00,10:00:00,30.000000000000053,5.0,,,2.0,2.0,,,,,,,,,
2026-04-27,,,,,,,,,,,,,,,,,,,,,,,
2026-04-27,,,,,,,,,,,,,,,,,,,,,,,
2026-04-27,,,,,,f,10:00:00,11:00:00,59.99999999999995,5.0,,,0.0,,,,,60,,R 05,Vakuum nicht vorhanden (RobTech vor Ort),,
2026-04-27,,,,,,,,,,,,,,,,,,,,,,,
2026-04-27,,,,,,,,,,,,,,,,,,,,,,,
2026-04-27,,,,,,f,11:00:00,12:00:00,60.00000000000003,5.0,,,4.0,4.0,,,,,,,,,
2026-04-27,,,,,,,,,,,,,,,,,,,,,,,
2026-04-27,,,,,,,,,,,,,,,,,,,,,,,
2026-04-27,,,,,,f,12:00:00,13:15:00,75.00000000000006,5.0,,,4.0,4.0,,,,,,,,,
2026-04-27,,,,,,,,,,,,,,,,,,,,,,,
2026-04-27,,,,,,,,,,,,,,,,,,,,,,,
2026-04-27,,,,,,,,,,,,,,,,,,15,,,Reinigung + Werkzeug einschließen,,
2026-04-28,,,,,,,,,,,,,,,,,,,,,,,
2026-04-28,,,,,,f,04:45:00,06:00:00,75.00000000000001,7.0,,,7.0,7.0,,,,15,,,Wartungsplan,,
2026-04-28,,,,,,s,,,,,,,,,,,,,,,,,
2026-04-28,,,,,,,13:15:00,14:00:00,45.0,5.0,,,4.0,4.0,,,,15,,,Wartungsplan,,
2026-04-28,,,,,,,,,,,,,,,,,,15,,,Reinigung,,
2026-04-28,,,,,,,,,,,,,,,,,,,,,,,
2026-04-28,,,,,,f,12:00:00,13:15:00,75.00000000000006,5.0,,,4.0,4.0,,,,,15.0,,950-951 Bleche wurden falsch gepackt (In der Anlage tauschen),,
2026-04-28,,,,,,,,,,,,,,,,,,,,,,,
2026-04-28,,,,,,,,,,,,,,,,,,,,,,,
2026-04-28,,,,,,f,11:00:00,12:00:00,60.00000000000003,5.0,,,5.0,5.0,,,,,,,,,
2026-04-28,,,,,,,,,,,,,,,,,,,,,,,
2026-04-28,,,,,,,,,,,,,,,,,,,,,,,
2026-04-28,,,,,,f,10:00:00,11:00:00,59.99999999999995,4.0,,,5.0,5.0,,,,,,,,,
2026-04-28,,,,,,,,,,,,,,,,,,,,,,,
2026-04-28,,,,,,,,,,,,,,,,,,,,,,,
2026-04-28,,,,,,f,09:30:00,10:00:00,30.000000000000053,6.0,,,2.0,2.0,,,,,,,,,
2026-04-28,,,,,,,,,,,,,,,,,,,,,,,
2026-04-28,,,,,,,,,,,,,,,,,,,,,,,
2026-04-28,,,,,,f,08:00:00,09:00:00,60.00000000000003,6.0,,,5.0,5.0,,,,,,,,,
2026-04-28,,,,,,,,,,,,,,,,,,,,,,,
2026-04-28,,,,,,,,,,,,,,,,,,,,,,,
2026-04-28,,,,,,f,07:00:00,08:00:00,59.99999999999995,6.0,,,6.0,6.0,,,,,,,,,
2026-04-28,,,,,,,,,,,,,,,,,,,,,,,
2026-04-28,,,,,,,,,,,,,,,,,,,,,,,
2026-04-28,,,,,,f,06:00:00,07:00:00,60.00000000000003,7.0,,,7.0,7.0,,,,,,,,,
2026-04-28,,,,,,,14:00:00,15:00:00,59.99999999999995,5.0,,,7.0,7.0,,,,,,,,,
2026-04-28,,,,,,,,,,,,,,,,,,,,,,,
2026-04-28,,,,,,,,,,,,,,,,,,,,,,,
2026-04-28,,,,,,s,,,,,,,,,,,,,,,,,
2026-04-28,,,,,,,21:00:00,21:45:00,45.0,5.0,,,2.0,2.0,,,,,,,,,
2026-04-28,,,,,,,,,,,,,,,,,,,,,,,
2026-04-28,,,,,,s,,,,,,,,,,,,,,,,,
2026-04-28,,,,,,,20:00:00,21:00:00,59.99999999999995,5.0,,,6.0,6.0,,,,,,,,,
2026-04-28,,,,,,,,,,,,,,,,,,,,,,,
2026-04-28,,,,,,s,,,,,,,,,,,,,,,,,
2026-04-28,,,,,,,19:00:00,20:00:00,60.00000000000011,5.0,,,7.0,7.0,,,,,,,,,
2026-04-28,,,,,,,,,,,,,,,,,,,,,,,
2026-04-28,,,,,,s,,,,,,,,,,,,,,,,,
2026-04-28,,,,,,,18:00:00,19:00:00,59.99999999999995,5.0,,,7.0,7.0,,,,,,,,,
2026-04-28,,,,,,,,,,,,,,,,,,,,,,,
2026-04-28,,,,,,s,,,,,,,,,,,,,,,"Anlage leer  ,Auffüllen",,
2026-04-28,,,,,,,17:30:00,18:00:00,30.000000000000053,5.0,,,1.0,1.0,,10,,,,,Spanner- Knoten 1  spannen nicht Robotech an der Anlage,,
2026-04-28,,,,,,,,,,,,,,,,5,,,,,Spanner- Knoten 1  spannen nicht Robotech an der Anlage,,
2026-04-28,,,,,,s,,,,,,,,,,8,,,,,Spanner- Knoten 1  spannen nicht Robotech Informiert,,
2026-04-28,,,,,,,16:00:00,17:00:00,60.00000000000011,5.0,,1.0,4.0,5.0,,,,,,,,,
2026-04-28,,,,,,,,,,,,,,,,,,,,,,,
2026-04-28,,,,,,s,,,,,,,,,,,,,,,,,
2026-04-28,,,,,,,15:00:00,16:00:00,59.99999999999995,5.0,,,6.0,6.0,,,,,,,,,
2026-04-28,,,,,,s,,,,,,,,,,,,,,,,,
2026-04-28,,,,,,,,,,,,,,,,,,,,,,,
2026-04-28,,,,,,,13:15:00,14:00:00,45.0,5.0,,,4.0,4.0,,,,15,,,Wartungsplan,,
2026-04-28,,,,,,,,,,,,,,,,,,,,,,,
2026-04-28,,,,,,,14:00:00,15:00:00,59.99999999999995,5.0,,,7.0,7.0,,,,,,,,,
2026-04-28,,,,,,s,,,,,,,,,,,,,,,,,
2026-04-28,,,,,,,,,,,,,,,,,,,,,,,
2026-04-28,,,,,,,15:00:00,16:00:00,59.99999999999995,5.0,,,6.0,6.0,,,,,,,,,
2026-04-28,,,,,,s,,,,,,,,,,,,,,,,,
2026-04-28,,,,,,,,,,,,,,,,,,,,,,,
2026-04-28,,,,,,,16:00:00,17:00:00,60.00000000000011,5.0,,1.0,4.0,5.0,,,,,,,,,
2026-04-28,,,,,,s,,,,,,,,,,8,,,,,Spanner- Knoten 1  spannen nicht Robotech Informiert,,
2026-04-28,,,,,,,,,,,,,,,,5,,,,,Spanner- Knoten 1  spannen nicht Robotech an der Anlage,,
2026-04-28,,,,,,,17:30:00,18:00:00,30.000000000000053,5.0,,,1.0,1.0,,10,,,,,Spanner- Knoten 1  spannen nicht Robotech an der Anlage,,
2026-04-28,,,,,,s,,,,,,,,,,,,,,,"Anlage leer  ,Auffüllen",,
2026-04-28,,,,,,,,,,,,,,,,,,,,,,,
2026-04-28,,,,,,,18:00:00,19:00:00,59.99999999999995,5.0,,,7.0,7.0,,,,,,,,,
2026-04-28,,,,,,s,,,,,,,,,,,,,,,,,
2026-04-28,,,,,,,,,,,,,,,,,,,,,,,
2026-04-28,,,,,,,19:00:00,20:00:00,60.00000000000011,5.0,,,7.0,7.0,,,,,,,,,
2026-04-28,,,,,,s,,,,,,,,,,,,,,,,,
2026-04-28,,,,,,,,,,,,,,,,,,,,,,,
2026-04-28,,,,,,,20:00:00,21:00:00,59.99999999999995,5.0,,,6.0,6.0,,,,,,,,,
2026-04-28,,,,,,s,,,,,,,,,,,,,,,,,
2026-04-28,,,,,,,,,,,,,,,,,,,,,,,
2026-04-28,,,,,,,21:00:00,21:45:00,45.0,5.0,,,2.0,2.0,,,,,,,,,
2026-04-28,,,,,,s,,,,,,,,,,,,,,,,,
2026-04-28,,,,,,,,,,,,,,,,,,,,,,,
2026-04-28,,,,,,,,,,,,,,,,,,15,,,Reinigung + Werkzeug einschließen,,
2026-04-28,,,,,,s,,,,,,,,,,,,,,,,,
2026-04-28,,,,,,,,,,,,,,,,,,15,,,Reinigung,,
2026-04-28,,,,,,f,04:45:00,06:00:00,75.00000000000001,7.0,,,7.0,7.0,,,,15,,,Wartungsplan,,
2026-04-28,,,,,,,,,,,,,,,,,,,,,,,
2026-04-28,,,,,,,,,,,,,,,,,,,,,,,
2026-04-28,,,,,,f,06:00:00,07:00:00,60.00000000000003,7.0,,,7.0,7.0,,,,,,,,,
2026-04-28,,,,,,,,,,,,,,,,,,,,,,,
2026-04-28,,,,,,,,,,,,,,,,,,,,,,,
2026-04-28,,,,,,f,07:00:00,08:00:00,59.99999999999995,6.0,,,6.0,6.0,,,,,,,,,
2026-04-28,,,,,,,,,,,,,,,,,,,,,,,
2026-04-28,,,,,,,,,,,,,,,,,,,,,,,
2026-04-28,,,,,,f,08:00:00,09:00:00,60.00000000000003,6.0,,,5.0,5.0,,,,,,,,,
2026-04-28,,,,,,,,,,,,,,,,,,,,,,,
2026-04-28,,,,,,,,,,,,,,,,,,,,,,,
2026-04-28,,,,,,f,09:30:00,10:00:00,30.000000000000053,6.0,,,2.0,2.0,,,,,,,,,
2026-04-28,,,,,,,,,,,,,,,,,,,,,,,
2026-04-28,,,,,,,,,,,,,,,,,,,,,,,
2026-04-28,,,,,,f,10:00:00,11:00:00,59.99999999999995,4.0,,,5.0,5.0,,,,,,,,,
2026-04-28,,,,,,,,,,,,,,,,,,,,,,,
2026-04-28,,,,,,,,,,,,,,,,,,,,,,,
2026-04-28,,,,,,f,11:00:00,12:00:00,60.00000000000003,5.0,,,5.0,5.0,,,,,,,,,
2026-04-28,,,,,,,,,,,,,,,,,,,,,,,
2026-04-28,,,,,,,,,,,,,,,,,,,,,,,
2026-04-28,,,,,,f,12:00:00,13:15:00,75.00000000000006,5.0,,,4.0,4.0,,,,,15.0,,950-951 Bleche wurden falsch gepackt (In der Anlage tauschen),,
2026-04-28,,,,,,,,,,,,,,,,,,,,,,,
2026-04-28,,,,,,,13:15:00,14:00:00,45.0,5.0,,,4.0,4.0,,,,15,,,Wartungsplan,,
2026-04-28,,,,,,f,04:45:00,06:00:00,75.00000000000001,7.0,,,7.0,7.0,,,,15,,,Wartungsplan,,
2026-04-28,,,,,,,,,,,,,,,,,,15,,,Reinigung + Werkzeug einschließen,,
2026-04-28,,,,,,,,,,,,,,,,,,,,,,,
2026-04-28,,,,,,,,,,,,,,,,,,,,,,,
2026-04-28,,,,,,s,,,,,,,,,,,,,,,,,
2026-04-28,,,,,,,,,,,,,,,,,,,,,,,
2026-04-28,,,,,,,14:00:00,15:00:00,59.99999999999995,5.0,,,7.0,7.0,,,,,,,,,
2026-04-28,,,,,,s,,,,,,,,,,,,,,,,,
2026-04-28,,,,,,,,,,,,,,,,,,,,,,,
2026-04-28,,,,,,f,06:00:00,07:00:00,60.00000000000003,7.0,,,7.0,7.0,,,,,,,,,
2026-04-28,,,,,,,15:00:00,16:00:00,59.99999999999995,5.0,,,6.0,6.0,,,,,,,,,
2026-04-28,,,,,,,,,,,,,,,,,,,,,,,
2026-04-28,,,,,,,16:00:00,17:00:00,60.00000000000011,5.0,,1.0,4.0,5.0,,,,,,,,,
2026-04-28,,,,,,s,,,,,,,,,,8,,,,,Spanner- Knoten 1  spannen nicht Robotech Informiert,,
2026-04-28,,,,,,,,,,,,,,,,5,,,,,Spanner- Knoten 1  spannen nicht Robotech an der Anlage,,
2026-04-28,,,,,,,17:30:00,18:00:00,30.000000000000053,5.0,,,1.0,1.0,,10,,,,,Spanner- Knoten 1  spannen nicht Robotech an der Anlage,,
2026-04-28,,,,,,s,,,,,,,,,,,,,,,"Anlage leer  ,Auffüllen",,
2026-04-28,,,,,,s,,,,,,,,,,,,,,,,,
2026-04-28,,,,,,,,,,,,,,,,,,,,,,,
2026-04-28,,,,,,,,,,,,,,,,,,,,,,,
2026-04-28,,,,,,f,07:00:00,08:00:00,59.99999999999995,6.0,,,6.0,6.0,,,,,,,,,
2026-04-28,,,,,,,,,,,,,,,,,,,,,,,
2026-04-28,,,,,,,,,,,,,,,,,,,,,,,
2026-04-28,,,,,,f,11:00:00,12:00:00,60.00000000000003,5.0,,,5.0,5.0,,,,,,,,,
2026-04-28,,,,,,,,,,,,,,,,,,,,,,,
2026-04-28,,,,,,,,,,,,,,,,,,,,,,,
2026-04-28,,,,,,f,10:00:00,11:00:00,59.99999999999995,4.0,,,5.0,5.0,,,,,,,,,
2026-04-28,,,,,,,,,,,,,,,,,,,,,,,
2026-04-28,,,,,,,,,,,,,,,,,,,,,,,
2026-04-28,,,,,,f,09:30:00,10:00:00,30.000000000000053,6.0,,,2.0,2.0,,,,,,,,,
2026-04-28,,,,,,,,,,,,,,,,,,,,,,,
2026-04-28,,,,,,,,,,,,,,,,,,,,,,,
2026-04-28,,,,,,f,08:00:00,09:00:00,60.00000000000003,6.0,,,5.0,5.0,,,,,,,,,
2026-04-28,,,,,,,,,,,,,,,,,,,,,,,
2026-04-28,,,,,,,,,,,,,,,,,,,,,,,
2026-04-28,,,,,,,,,,,,,,,,,,15,,,Reinigung,,
2026-04-28,,,,,,f,12:00:00,13:15:00,75.00000000000006,5.0,,,4.0,4.0,,,,,15.0,,950-951 Bleche wurden falsch gepackt (In der Anlage tauschen),,
2026-04-28,,,,,,,18:00:00,19:00:00,59.99999999999995,5.0,,,7.0,7.0,,,,,,,,,
2026-04-28,,,,,,,,,,,,,,,,,,,,,,,
2026-04-28,,,,,,s,,,,,,,,,,,,,,,,,
2026-04-28,,,,,,,,,,,,,,,,,,15,,,Reinigung + Werkzeug einschließen,,
2026-04-28,,,,,,s,,,,,,,,,,,,,,,,,
2026-04-28,,,,,,,21:00:00,21:45:00,45.0,5.0,,,2.0,2.0,,,,,,,,,
2026-04-28,,,,,,,,,,,,,,,,,,,,,,,
2026-04-28,,,,,,,,,,,,,,,,,,,,,,,
2026-04-28,,,,,,,20:00:00,21:00:00,59.99999999999995,5.0,,,6.0,6.0,,,,,,,,,
2026-04-28,,,,,,,,,,,,,,,,,,,,,,,
2026-04-28,,,,,,s,,,,,,,,,,,,,,,,,
2026-04-28,,,,,,,19:00:00,20:00:00,60.00000000000011,5.0,,,7.0,7.0,,,,,,,,,
2026-04-28,,,,,,s,,,,,,,,,,,,,,,,,
2026-04-29,,,,,,,,,,,,,,,,,,,,,,,
2026-04-29,,,,,,,,,,,,,,,,,,,,,,,
2026-04-29,,,,,,f,11:00:00,12:00:00,60.00000000000003,5.0,,,5.0,5.0,,,,,,,,,
2026-04-29,,,,,,,,,,,,,,,,,,,,,,,
2026-04-29,,,,,,,,,,,,,,,,,,,,,,,
2026-04-29,,,,,,f,10:00:00,11:00:00,59.99999999999995,5.0,,,5.0,5.0,,,,,,,,,
2026-04-29,,,,,,,,,,,,,,,,,,,,,,,
2026-04-29,,,,,,,,,,,,,,,,,,,,,,,
2026-04-29,,,,,,f,09:30:00,10:00:00,30.000000000000053,5.0,,,3.0,3.0,,,,,,,,,
2026-04-29,,,,,,,,,,,,,,,,,,,,,,,
2026-04-29,,,,,,,,,,,,,,,,,,,,,,,
2026-04-29,,,,,,,,,,,,,,,,,,,,,,,
2026-04-29,,,,,,,,,,,,,,,,,,,,,,,
2026-04-29,,,,,,f,07:00:00,08:00:00,59.99999999999995,5.0,,,5.0,5.0,,,,,,,,,
2026-04-29,,,,,,,,,,,,,,,,,,,,,,,
2026-04-29,,,,,,f,06:00:00,07:00:00,60.00000000000003,5.0,,,5.0,5.0,,,,,,,,,
2026-04-29,,,,,,,,,,,,,,,,,,,,,,,
2026-04-29,,,,,,f,04:45:00,06:00:00,75.00000000000001,7.0,,,5.0,5.0,,,,15,,,Wartungsplan,,
2026-04-29,,,,,,,,,,,,,,,,,,,,,,,
2026-04-29,,,,,,f,04:45:00,06:00:00,75.00000000000001,7.0,,,5.0,5.0,,,,15,,,Wartungsplan,,
2026-04-29,,,,,,,,,,,,,,,,,,,,,,,
2026-04-29,,,,,,f,04:45:00,06:00:00,75.00000000000001,7.0,,,5.0,5.0,,,,15,,,Wartungsplan,,
2026-04-29,,,,,,f,08:00:00,09:00:00,60.00000000000003,5.0,,,5.0,5.0,,,,,,,,,
2026-04-29,,,,,,,,,,,,,,,,,,,,,,,
2026-04-29,,,,,,,,,,,,,,,,,,,,,,,
2026-04-29,,,,,,,,,,,,,,,,,,15,,,Reinigung + Werkzeug einschließen,,
2026-04-29,,,,,,,,,,,,,,,,,,,,OP 110,Hubtor sensor defekt (RobTech Informiert),,
2026-04-29,,,,,,f,12:00:00,13:15:00,75.00000000000006,5.0,,,5.0,5.0,,,,,,,,,
2026-04-29,,,,,,,,,,,,,,,,,,,,,,,
2026-04-29,,,,,,,,,,,,,,,,,,,,,,,
2026-04-29,,,,,,f,11:00:00,12:00:00,60.00000000000003,5.0,,,5.0,5.0,,,,,,,,,
2026-04-29,,,,,,,,,,,,,,,,,,,,,,,
2026-04-29,,,,,,,,,,,,,,,,,,,,,,,
2026-04-29,,,,,,f,10:00:00,11:00:00,59.99999999999995,5.0,,,5.0,5.0,,,,,,,,,
2026-04-29,,,,,,,,,,,,,,,,,,,,,,,
2026-04-29,,,,,,,,,,,,,,,,,,,,,,,
2026-04-29,,,,,,,,,,,,,,,,,,15,,,Reinigung,,
2026-04-29,,,,,,f,09:30:00,10:00:00,30.000000000000053,5.0,,,3.0,3.0,,,,,,,,,
2026-04-29,,,,,,,,,,,,,,,,,,,,,,,
2026-04-29,,,,,,f,08:00:00,09:00:00,60.00000000000003,5.0,,,5.0,5.0,,,,,,,,,
2026-04-29,,,,,,,,,,,,,,,,,,,,,,,
2026-04-29,,,,,,,,,,,,,,,,,,,,,,,
2026-04-29,,,,,,f,07:00:00,08:00:00,59.99999999999995,5.0,,,5.0,5.0,,,,,,,,,
2026-04-29,,,,,,,,,,,,,,,,,,,,,,,
2026-04-29,,,,,,,,,,,,,,,,,,,,,,,
2026-04-29,,,,,,f,06:00:00,07:00:00,60.00000000000003,5.0,,,5.0,5.0,,,,,,,,,
2026-04-29,,,,,,,,,,,,,,,,,,,,,,,
2026-04-29,,,,,,,,,,,,,,,,,,,,,,,
2026-04-29,,,,,,,,,,,,,,,,,,,,,,,
2026-04-29,,,,,,,13:15:00,14:00:00,45.0,5.0,,,2.0,2.0,,,,15,,,Wartungsplan,,
2026-04-29,,,,,,s,,,,,,,,,,10,,,,OP 110,Hubtor sensor defekt (RobTech Informiert),,
2026-04-29,,,,,,,,,,,,,,,,10,,,,OP 110,Hubtor sensor defekt (RobTech an der Anlage),,
2026-04-29,,,,,,s,,,,,,,,,,,,,,,,,
2026-04-29,,,,,,,21:00:00,21:45:00,45.0,5.0,,,2.0,2.0,,,,,,,,,
2026-04-29,,,,,,,,,,,,,,,,,,,,,,,
2026-04-29,,,,,,s,,,,,,,,,,,,,,,,,
2026-04-29,,,,,,,20:00:00,21:00:00,59.99999999999995,5.0,,,5.0,5.0,,,,,,,,,
2026-04-29,,,,,,,,,,,,,,,,,,,,,,,
2026-04-29,,,,,,s,,,,,,,,,,,,,,,,,
2026-04-29,,,,,,,19:00:00,20:00:00,60.00000000000011,5.0,,2.0,4.0,6.0,,,,,,,,,
2026-04-29,,,,,,,,,,,,,,,,,,,,,,,
2026-04-29,,,,,,s,,,,,,,,,,,,,,,,,
2026-04-29,,,,,,,18:00:00,19:00:00,59.99999999999995,5.0,,,7.0,7.0,,,,,,,,,
2026-04-29,,,,,,,,,,,,,,,,,,,,,,,
2026-04-29,,,,,,s,,,,,,,,,,,,,,,,,
2026-04-29,,,,,,,17:30:00,18:00:00,30.000000000000053,5.0,,,2.0,2.0,,,,,,,,,
2026-04-29,,,,,,,,,,,,,,,,,,,,,,,
2026-04-29,,,,,,s,,,,,,,,,,,,,,,,,
2026-04-29,,,,,,,16:00:00,17:00:00,60.00000000000011,5.0,,,6.0,6.0,,,,,,,,,
2026-04-29,,,,,,,,,,,,,,,,,,,,,,,
2026-04-29,,,,,,s,,,,,,,,,,,,,,,,,
2026-04-29,,,,,,,15:00:00,16:00:00,59.99999999999995,5.0,,,6.0,6.0,,,,,,,,,
2026-04-29,,,,,,,,,,,,,,,,,,,,,,,
2026-04-29,,,,,,s,,,,,,,,,,,,,,,,,
2026-04-29,,,,,,,14:00:00,15:00:00,59.99999999999995,5.0,,,6.0,6.0,,,,,,,,,
2026-04-29,,,,,,f,12:00:00,13:15:00,75.00000000000006,5.0,,,5.0,5.0,,,,,,,,,
2026-04-29,,,,,,,,,,,,,,,,,,,,OP 110,Hubtor sensor defekt (RobTech Informiert),,
2026-04-29,,,,,,,,,,,,,,,,,,15,,,Reinigung,,
2026-04-29,,,,,,,13:15:00,14:00:00,45.0,5.0,,,2.0,2.0,,,,15,,,Wartungsplan,,
2026-04-29,,,,,,,15:00:00,16:00:00,59.99999999999995,5.0,,,6.0,6.0,,,,,,,,,
2026-04-29,,,,,,s,,,,,,,,,,,,,,,,,
2026-04-29,,,,,,,,,,,,,,,,,,,,,,,
2026-04-29,,,,,,,16:00:00,17:00:00,60.00000000000011,5.0,,,6.0,6.0,,,,,,,,,
2026-04-29,,,,,,s,,,,,,,,,,,,,,,,,
2026-04-29,,,,,,,,,,,,,,,,,,,,,,,
2026-04-29,,,,,,,17:30:00,18:00:00,30.000000000000053,5.0,,,2.0,2.0,,,,,,,,,
2026-04-29,,,,,,s,,,,,,,,,,,,,,,,,
2026-04-29,,,,,,,,,,,,,,,,,,,,,,,
2026-04-29,,,,,,,,,,,,,,,,,,,,,,,
2026-04-29,,,,,,,18:00:00,19:00:00,59.99999999999995,5.0,,,7.0,7.0,,,,,,,,,
2026-04-29,,,,,,,,,,,,,,,,,,,,,,,
2026-04-29,,,,,,,19:00:00,20:00:00,60.00000000000011,5.0,,2.0,4.0,6.0,,,,,,,,,
2026-04-29,,,,,,s,,,,,,,,,,,,,,,,,
2026-04-29,,,,,,,,,,,,,,,,,,,,,,,
2026-04-29,,,,,,,20:00:00,21:00:00,59.99999999999995,5.0,,,5.0,5.0,,,,,,,,,
2026-04-29,,,,,,s,,,,,,,,,,,,,,,,,
2026-04-29,,,,,,,,,,,,,,,,,,,,,,,
2026-04-29,,,,,,,21:00:00,21:45:00,45.0,5.0,,,2.0,2.0,,,,,,,,,
2026-04-29,,,,,,s,,,,,,,,,,,,,,,,,
2026-04-29,,,,,,s,,,,,,,,,,,,,,,,,
2026-04-29,,,,,,s,,,,,,,,,,,,,,,,,
2026-04-29,,,,,,,14:00:00,15:00:00,59.99999999999995,5.0,,,6.0,6.0,,,,,,,,,
2026-04-29,,,,,,,,,,,,,,,,10,,,,OP 110,Hubtor sensor defekt (RobTech an der Anlage),,
2026-04-29,,,,,,,,,,,,,,,,,,,,,,,
2026-04-29,,,,,,f,07:00:00,08:00:00,59.99999999999995,5.0,,,5.0,5.0,,,,,,,,,
2026-04-29,,,,,,,,,,,,,,,,,,,,,,,
2026-04-29,,,,,,,,,,,,,,,,,,,,,,,
2026-04-29,,,,,,f,08:00:00,09:00:00,60.00000000000003,5.0,,,5.0,5.0,,,,,,,,,
2026-04-29,,,,,,,,,,,,,,,,,,,,,,,
2026-04-29,,,,,,,,,,,,,,,,,,,,,,,
2026-04-29,,,,,,f,09:30:00,10:00:00,30.000000000000053,5.0,,,3.0,3.0,,,,,,,,,
2026-04-29,,,,,,,,,,,,,,,,,,,,,,,
2026-04-29,,,,,,,,,,,,,,,,,,,,,,,
2026-04-29,,,,,,f,10:00:00,11:00:00,59.99999999999995,5.0,,,5.0,5.0,,,,,,,,,
2026-04-29,,,,,,,,,,,,,,,,,,,,,,,
2026-04-29,,,,,,,,,,,,,,,,,,,,,,,
2026-04-29,,,,,,f,11:00:00,12:00:00,60.00000000000003,5.0,,,5.0,5.0,,,,,,,,,
2026-04-29,,,,,,,,,,,,,,,,,,,,,,,
2026-04-29,,,,,,,,,,,,,,,,,,,,,,,
2026-04-29,,,,,,f,12:00:00,13:15:00,75.00000000000006,5.0,,,5.0,5.0,,,,,,,,,
2026-04-29,,,,,,,,,,,,,,,,,,,,OP 110,Hubtor sensor defekt (RobTech Informiert),,
2026-04-29,,,,,,,,,,,,,,,,,,15,,,Reinigung,,
2026-04-29,,,,,,,13:15:00,14:00:00,45.0,5.0,,,2.0,2.0,,,,15,,,Wartungsplan,,
2026-04-29,,,,,,s,,,,,,,,,,10,,,,OP 110,Hubtor sensor defekt (RobTech Informiert),,
2026-04-29,,,,,,,,,,,,,,,,,,15,,,Reinigung + Werkzeug einschließen,,
2026-04-29,,,,,,f,06:00:00,07:00:00,60.00000000000003,5.0,,,5.0,5.0,,,,,,,,,
2026-04-29,,,,,,,,,,,,,,,,,,15,,,Reinigung + Werkzeug einschließen,,
2026-04-29,,,,,,,19:00:00,20:00:00,60.00000000000011,5.0,,2.0,4.0,6.0,,,,,,,,,
2026-04-29,,,,,,,,,,,,,,,,,,,,,,,
2026-04-29,,,,,,s,,,,,,,,,,,,,,,,,
2026-04-29,,,,,,,21:00:00,21:45:00,45.0,5.0,,,2.0,2.0,,,,,,,,,
2026-04-29,,,,,,,,,,,,,,,,,,,,,,,
2026-04-29,,,,,,s,,,,,,,,,,,,,,,,,
2026-04-29,,,,,,,20:00:00,21:00:00,59.99999999999995,5.0,,,5.0,5.0,,,,,,,,,
2026-04-29,,,,,,,,,,,,,,,,,,,,,,,
2026-04-29,,,,,,s,,,,,,,,,,,,,,,,,
2026-04-29,,,,,,,,,,,,,,,,,,,,,,,
2026-04-29,,,,,,s,,,,,,,,,,,,,,,,,
2026-04-29,,,,,,,,,,,,,,,,,,,,,,,
2026-04-29,,,,,,s,,,,,,,,,,,,,,,,,
2026-04-29,,,,,,,18:00:00,19:00:00,59.99999999999995,5.0,,,7.0,7.0,,,,,,,,,
2026-04-29,,,,,,,,,,,,,,,,,,,,,,,
2026-04-29,,,,,,s,,,,,,,,,,10,,,,OP 110,Hubtor sensor defekt (RobTech Informiert),,
2026-04-29,,,,,,,,,,,,,,,,10,,,,OP 110,Hubtor sensor defekt (RobTech an der Anlage),,
2026-04-29,,,,,,,14:00:00,15:00:00,59.99999999999995,5.0,,,6.0,6.0,,,,,,,,,
2026-04-29,,,,,,s,,,,,,,,,,,,,,,,,
2026-04-29,,,,,,,17:30:00,18:00:00,30.000000000000053,5.0,,,2.0,2.0,,,,,,,,,
2026-04-29,,,,,,,15:00:00,16:00:00,59.99999999999995,5.0,,,6.0,6.0,,,,,,,,,
2026-04-29,,,,,,,,,,,,,,,,,,,,,,,
2026-04-29,,,,,,,,,,,,,,,,,,,,,,,
2026-04-29,,,,,,,16:00:00,17:00:00,60.00000000000011,5.0,,,6.0,6.0,,,,,,,,,
2026-04-29,,,,,,s,,,,,,,,,,,,,,,,,
2026-04-29,,,,,,s,,,,,,,,,,,,,,,,,
2026-04-30,,,,,,,19:00:00,20:00:00,60.00000000000011,5.0,,,5.0,5.0,,,,,,,,,
2026-04-30,,,,,,,20:00:00,21:00:00,59.99999999999995,5.0,,1.0,3.0,4.0,,,,,,,,,
2026-04-30,,,,,,s,,,,,,,,,,,,,,,,,
2026-04-30,,,,,,,,,,,,,,,,,,,,,,,
2026-04-30,,,,,,s,,,,,,,,,,10,,,,OP 90,Tisch  Sensor  schaltet nicht,,
2026-04-30,,,,,,s,,,,,,,,,,,,,,,,,
2026-04-30,,,,,,,21:00:00,21:45:00,45.0,5.0,,2.0,,2.0,,,,,,,,,
2026-04-30,,,,,,s,,,,,,,,,,,,,,,,,
2026-04-30,,,,,,,,,,,,,,,,,,15,,,Reinigung + Werkzeug einschließen,,
2026-04-30,,,,,,,,,,,,,,,,,,,,,,,
2026-04-30,,,,,,,,,,,,,,,,,,,,,,,
2026-04-30,,,,,,,,,,,,,,,,,,,,,,,
2026-04-30,,,,,,s,,,,,,,,,,,10,,,,STW Nacharbeiten (Kratzer),,
2026-04-30,,,,,,,,,,,,,,,,,,,,,,,
2026-04-30,,,,,,,,,,,,,,,,,,,,,,,
2026-04-30,,,,,,,,,,,,,,,,,,,,,,,
2026-04-30,,,,,,,15:00:00,16:00:00,59.99999999999995,5.0,,,5.0,5.0,,,,,,,,,
2026-04-30,,,,,,,,,,,,,,,,,,,,,STW Nacharbeiten (Kratzer),1,
2026-04-30,,,,,,,,,,,,,,,,,,,,,,,
2026-04-30,,,,,,f,11:00:00,12:00:00,60.00000000000003,5.0,,,5.0,5.0,,,,,,,,,
2026-04-30,,,,,,,,,,,,,,,,,,,,,,,
2026-04-30,,,,,,,,,,,,,,,,,,,,,,,
2026-04-30,,,,,,f,12:00:00,13:15:00,75.00000000000006,5.0,,,5.0,5.0,,,,,,,Falsches Blech (Soll 797 L5 ist aber L4 ),1,
2026-04-30,,,,,,,,,,,,,,,,,,,,,QS und Logistik wurde Informiert,,
2026-04-30,,,,,,,,,,,,,,,,,,15,,,Reinigung,,
2026-04-30,,,,,,,13:15:00,14:00:00,45.0,5.0,,,3.0,3.0,,,15,,,,Falsches Blech (Soll 797 L5 ist aber L4 ),,
2026-04-30,,,,,,s,,,,,,,,,,,,15,,,Wartungsplan,,
2026-04-30,,,,,,,,,,,,,,,,,,,,,,,
2026-04-30,,,,,,,14:00:00,15:00:00,59.99999999999995,5.0,,,6.0,6.0,,,,,,,,,
2026-04-30,,,,,,f,09:30:00,10:00:00,30.000000000000053,5.0,,,2.0,2.0,,,,,,,,,
2026-04-30,,,,,,,,,,,,,,,,,,,,,,,
2026-04-30,,,,,,,,,,,,,,,,,,,,,,,
2026-04-30,,,,,,f,08:00:00,09:00:00,60.00000000000003,5.0,,,5.0,5.0,,,,,,,,,
2026-04-30,,,,,,s,,,,,,,,,,,,,,,,,
2026-04-30,,,,,,,17:30:00,18:00:00,30.000000000000053,5.0,,,2.0,2.0,,,,,,,,,
2026-04-30,,,,,,,,,,,,,,,,,,,,,,,
2026-04-30,,,,,,s,,,,,,,,,,,,,,,,,
2026-04-30,,,,,,,16:00:00,17:00:00,60.00000000000011,5.0,,,6.0,6.0,,,,,,,,,
2026-04-30,,,,,,,,,,,,,,,,,,,,,,,
2026-04-30,,,,,,s,,,,,,,,,,,,,,,,,
2026-04-30,,,,,,,18:00:00,19:00:00,59.99999999999995,5.0,,,5.0,5.0,,,,,,,,,
2026-04-30,,,,,,f,04:45:00,06:00:00,75.00000000000001,6.0,,,5.0,5.0,,,,15,,,Wartungsplan,,
2026-04-30,,,,,,,,,,,,,,,,,,,,,,,
2026-04-30,,,,,,f,06:00:00,07:00:00,60.00000000000003,5.0,,,5.0,5.0,,,,,,,,,
2026-04-30,,,,,,,,,,,,,,,,,,,,,,,
2026-04-30,,,,,,,,,,,,,,,,,,,,,,,
2026-04-30,,,,,,f,07:00:00,08:00:00,59.99999999999995,5.0,,,5.0,5.0,,,,,,,,,
2026-04-30,,,,,,,,,,,,,,,,,,,,,,,
2026-04-30,,,,,,,,,,,,,,,,,,,,,,,
2026-04-30,,,,,,,,,,,,,,,,,,,,,,,
2026-04-30,,,,,,f,10:00:00,11:00:00,59.99999999999995,5.0,,,5.0,5.0,,,,,,,STW N.I.O. (Code 210-Rost),1,
2026-04-30,,,,,,f,09:30:00,10:00:00,30.000000000000053,5.0,,,2.0,2.0,,,,,,,,,
2026-04-30,,,,,,,,,,,,,,,,,,,,,,,
2026-04-30,,,,,,,,,,,,,,,,,,,,,QS und Logistik wurde Informiert,,
2026-04-30,,,,,,f,12:00:00,13:15:00,75.00000000000006,5.0,,,5.0,5.0,,,,,,,Falsches Blech (Soll 797 L5 ist aber L4 ),1,
2026-04-30,,,,,,,,,,,,,,,,,,,,,,,
2026-04-30,,,,,,,,,,,,,,,,,,,,,,,
2026-04-30,,,,,,f,11:00:00,12:00:00,60.00000000000003,5.0,,,5.0,5.0,,,,,,,,,
2026-04-30,,,,,,,,,,,,,,,,,,,,,,,
2026-04-30,,,,,,,,,,,,,,,,,,,,,STW Nacharbeiten (Kratzer),1,
2026-04-30,,,,,,f,10:00:00,11:00:00,59.99999999999995,5.0,,,5.0,5.0,,,,,,,STW N.I.O. (Code 210-Rost),1,
2026-04-30,,,,,,,,,,,,,,,,,,,,,,,
2026-04-30,,,,,,,,,,,,,,,,,,,,,,,
2026-04-30,,,,,,,,,,,,,,,,,,15,,,Reinigung,,
2026-04-30,,,,,,f,09:30:00,10:00:00,30.000000000000053,5.0,,,2.0,2.0,,,,,,,,,
2026-04-30,,,,,,,,,,,,,,,,,,,,,,,
2026-04-30,,,,,,f,08:00:00,09:00:00,60.00000000000003,5.0,,,5.0,5.0,,,,,,,,,
2026-04-30,,,,,,,,,,,,,,,,,,,,,,,
2026-04-30,,,,,,,,,,,,,,,,,,,,,,,
2026-04-30,,,,,,f,07:00:00,08:00:00,59.99999999999995,5.0,,,5.0,5.0,,,,,,,,,
2026-04-30,,,,,,,,,,,,,,,,,,,,,,,
2026-04-30,,,,,,,,,,,,,,,,,,,,,,,
2026-04-30,,,,,,f,06:00:00,07:00:00,60.00000000000003,5.0,,,5.0,5.0,,,,,,,,,
2026-04-30,,,,,,,,,,,,,,,,,,,,,,,
2026-04-30,,,,,,,,,,,,,,,,,,,,,,,
2026-04-30,,,,,,,,,,,,,,,,,,,,,,,
2026-04-30,,,,,,,13:15:00,14:00:00,45.0,5.0,,,3.0,3.0,,,15,,,,Falsches Blech (Soll 797 L5 ist aber L4 ),,
2026-04-30,,,,,,f,04:45:00,06:00:00,75.00000000000001,6.0,,,5.0,5.0,,,,15,,,Wartungsplan,,
2026-04-30,,,,,,,,,,,,,,,,,,15,,,Reinigung + Werkzeug einschließen,,
2026-04-30,,,,,,,14:00:00,15:00:00,59.99999999999995,5.0,,,6.0,6.0,,,,,,,,,
2026-04-30,,,,,,s,,,,,,,,,,,,,,,,,
2026-04-30,,,,,,,,,,,,,,,,,,,,,,,
2026-04-30,,,,,,,15:00:00,16:00:00,59.99999999999995,5.0,,,5.0,5.0,,,,,,,,,
2026-04-30,,,,,,s,,,,,,,,,,,,,,,,,
2026-04-30,,,,,,,,,,,,,,,,,,,,,,,
2026-04-30,,,,,,,16:00:00,17:00:00,60.00000000000011,5.0,,,6.0,6.0,,,,,,,,,
2026-04-30,,,,,,s,,,,,,,,,,,,,,,,,
2026-04-30,,,,,,,,,,,,,,,,,,,,,,,
2026-04-30,,,,,,,17:30:00,18:00:00,30.000000000000053,5.0,,,2.0,2.0,,,,,,,,,
2026-04-30,,,,,,s,,,,,,,,,,,,,,,,,
2026-04-30,,,,,,,,,,,,,,,,,,,,,,,
2026-04-30,,,,,,,18:00:00,19:00:00,59.99999999999995,5.0,,,5.0,5.0,,,,,,,,,
2026-04-30,,,,,,s,,,,,,,,,,,10,,,,STW Nacharbeiten (Kratzer),,
2026-04-30,,,,,,,,,,,,,,,,,,,,,,,
2026-04-30,,,,,,,19:00:00,20:00:00,60.00000000000011,5.0,,,5.0,5.0,,,,,,,,,
2026-04-30,,,,,,s,,,,,,,,,,,,,,,,,
2026-04-30,,,,,,,,,,,,,,,,,,,,,,,
2026-04-30,,,,,,,20:00:00,21:00:00,59.99999999999995,5.0,,1.0,3.0,4.0,,,,,,,,,
2026-04-30,,,,,,s,,,,,,,,,,10,,,,OP 90,Tisch  Sensor  schaltet nicht,,
2026-04-30,,,,,,,,,,,,,,,,,,,,,,,
2026-04-30,,,,,,,21:00:00,21:45:00,45.0,5.0,,2.0,,2.0,,,,,,,,,
2026-04-30,,,,,,s,,,,,,,,,,,,,,,,,
2026-04-30,,,,,,f,04:45:00,06:00:00,75.00000000000001,6.0,,,5.0,5.0,,,,15,,,Wartungsplan,,
2026-04-30,,,,,,,,,,,,,,,,,,,,,,,
2026-04-30,,,,,,s,,,,,,,,,,,,15,,,Wartungsplan,,
2026-04-30,,,,,,s,,,,,,,,,,,,,,,,,
2026-04-30,,,,,,,15:00:00,16:00:00,59.99999999999995,5.0,,,5.0,5.0,,,,,,,,,
2026-04-30,,,,,,s,,,,,,,,,,,,,,,,,
2026-04-30,,,,,,,,,,,,,,,,,,,,,,,
2026-04-30,,,,,,,16:00:00,17:00:00,60.00000000000011,5.0,,,6.0,6.0,,,,,,,,,
2026-04-30,,,,,,s,,,,,,,,,,,,,,,,,
2026-04-30,,,,,,,,,,,,,,,,,,,,,,,
2026-04-30,,,,,,,17:30:00,18:00:00,30.000000000000053,5.0,,,2.0,2.0,,,,,,,,,
2026-04-30,,,,,,s,,,,,,,,,,,,,,,,,
2026-04-30,,,,,,,,,,,,,,,,,,,,,,,
2026-04-30,,,,,,,,,,,,,,,,,,,,,,,
2026-04-30,,,,,,,18:00:00,19:00:00,59.99999999999995,5.0,,,5.0,5.0,,,,,,,,,
2026-04-30,,,,,,,,,,,,,,,,,,,,,,,
2026-04-30,,,,,,,19:00:00,20:00:00,60.00000000000011,5.0,,,5.0,5.0,,,,,,,,,
2026-04-30,,,,,,s,,,,,,,,,,,,,,,,,
2026-04-30,,,,,,,14:00:00,15:00:00,59.99999999999995,5.0,,,6.0,6.0,,,,,,,,,
2026-04-30,,,,,,,,,,,,,,,,,,,,,,,
2026-04-30,,,,,,,20:00:00,21:00:00,59.99999999999995,5.0,,1.0,3.0,4.0,,,,,,,,,
2026-04-30,,,,,,s,,,,,,,,,,10,,,,OP 90,Tisch  Sensor  schaltet nicht,,
2026-04-30,,,,,,,,,,,,,,,,,,,,,,,
2026-04-30,,,,,,,,,,,,,,,,,,15,,,Reinigung + Werkzeug einschließen,,
2026-04-30,,,,,,s,,,,,,,,,,,10,,,,STW Nacharbeiten (Kratzer),,
2026-04-30,,,,,,s,,,,,,,,,,,,,,,,,
2026-04-30,,,,,,,,,,,,,,,,,,,,,,,
2026-04-30,,,,,,,13:15:00,14:00:00,45.0,5.0,,,3.0,3.0,,,15,,,,Falsches Blech (Soll 797 L5 ist aber L4 ),,
2026-04-30,,,,,,,,,,,,,,,,,,,,,,,
2026-04-30,,,,,,f,06:00:00,07:00:00,60.00000000000003,5.0,,,5.0,5.0,,,,,,,,,
2026-04-30,,,,,,,,,,,,,,,,,,,,,,,
2026-04-30,,,,,,,,,,,,,,,,,,,,,,,
2026-04-30,,,,,,f,07:00:00,08:00:00,59.99999999999995,5.0,,,5.0,5.0,,,,,,,,,
2026-04-30,,,,,,,,,,,,,,,,,,,,,,,
2026-04-30,,,,,,,,,,,,,,,,,,,,,,,
2026-04-30,,,,,,f,08:00:00,09:00:00,60.00000000000003,5.0,,,5.0,5.0,,,,,,,,,
2026-04-30,,,,,,,,,,,,,,,,,,,,,,,
2026-04-30,,,,,,,,,,,,,,,,,,,,,,,
2026-04-30,,,,,,s,,,,,,,,,,,,15,,,Wartungsplan,,
2026-04-30,,,,,,,,,,,,,,,,,,,,,,,
2026-04-30,,,,,,f,10:00:00,11:00:00,59.99999999999995,5.0,,,5.0,5.0,,,,,,,STW N.I.O. (Code 210-Rost),1,
2026-04-30,,,,,,,,,,,,,,,,,,,,,STW Nacharbeiten (Kratzer),1,
2026-04-30,,,,,,,,,,,,,,,,,,,,,,,
2026-04-30,,,,,,f,11:00:00,12:00:00,60.00000000000003,5.0,,,5.0,5.0,,,,,,,,,
2026-04-30,,,,,,,,,,,,,,,,,,,,,,,
2026-04-30,,,,,,,,,,,,,,,,,,,,,,,
2026-04-30,,,,,,f,12:00:00,13:15:00,75.00000000000006,5.0,,,5.0,5.0,,,,,,,Falsches Blech (Soll 797 L5 ist aber L4 ),1,
2026-04-30,,,,,,,,,,,,,,,,,,,,,QS und Logistik wurde Informiert,,
2026-04-30,,,,,,,,,,,,,,,,,,15,,,Reinigung,,
2026-04-30,,,,,,,,,,,,,,,,,,,,,,,
2026-04-30,,,,,,,21:00:00,21:45:00,45.0,5.0,,2.0,,2.0,,,,,,,,,
2026-05-04,,,,,,,,,,,,,,,,,,,,,,,
2026-05-04,,,,,,f,08:00:00,09:00:00,60.00000000000003,6.0,,4.0,,4.0,,,,,,,,,
2026-05-04,,,,,,f,11:00:00,12:00:00,60.00000000000003,6.0,,1.0,4.0,5.0,,,,,,,,,
2026-05-04,,,,,,f,04:45:00,06:00:00,75.00000000000001,4.0,,3.0,,3.0,,,,15,,,Wartungsplan,,
2026-05-04,,,,,,,,,,,,,,,,25,,,,OP 130.1, OP.130-2   Festo Linearantrieb.Fehler.(Robotech an der Anlage),,
2026-05-04,,,,,,,,,,,,,,,,,,,,,"Anlage leer  ,Auffüllen",,
2026-05-04,,,,,,f,06:00:00,07:00:00,60.00000000000003,4.0,,4.0,,4.0,,,,,,,,,
2026-05-04,,,,,,,,,,,,,,,,5,,,,R 03,Probleme mit Schweißdraht,,
2026-05-04,,,,,,,,,,,,,,,,,,,,,,,
2026-05-04,,,,,,f,07:00:00,08:00:00,59.99999999999995,4.0,,3.0,,3.0,,15,,,,R 03,Probleme mit Schweißdraht,,
2026-05-04,,,,,,,,,,,,,,,,,,,,,"Anlage leer  ,Auffüllen",,
2026-05-04,,,,,,,,,,,,,,,,,,,,,,,
2026-05-04,,,,,,,,,,,,,,,30.0,,,,,,Keine MES- Daten,,
2026-05-04,,,,,,,,,,,,,,,,,,,,,Zwei neue Mitarbeiter anlernen ,,
2026-05-04,,,,,,f,09:30:00,10:00:00,30.000000000000053,6.0,,1.0,,1.0,15.0,,,,,,Keine MES- Daten,,
2026-05-04,,,,,,,,,,,,,,,,,,,,,"Anlage leer  ,Auffüllen",,
2026-05-04,,,,,,,,,,,,,,,,,,,,,,,
2026-05-04,,,,,,f,10:00:00,11:00:00,59.99999999999995,6.0,,6.0,,6.0,,,,,,,,,
2026-05-04,,,,,,,,,,,,,,,,,,,,,,,
2026-05-04,,,,,,,,,,,,,,,,,,,,,,,
2026-05-04,,,,,,,,,,,,,,,,,10,,,,STW Nacharbeiten (Kratzer),,
2026-05-04,,,,,,f,12:00:00,13:15:00,75.00000000000006,6.0,,,4.0,4.0,,15,,,,R 06,Brennerkollision  ( Robotech Informiert),,
2026-05-04,,,,,,,,,,,,,,,,5,,,,R 03,Probleme mit Schweißdraht,,
2026-05-04,,,,,,,,,,,,,,,,,,,,,,,
2026-05-04,,,,,,,,,,,,,,,,,,,,,,,
2026-05-04,,,,,,,,,,,,,,,,,,,,,,,
2026-05-04,,,,,,,,,,,,,,,,,,,,,,,
2026-05-04,,,,,,,,,,,,,,,,,,,,,,,
2026-05-04,,,,,,f,12:00:00,13:15:00,75.00000000000006,6.0,,,4.0,4.0,,15,,,,R 06,Brennerkollision  ( Robotech Informiert),,
2026-05-04,,,,,,,,,,,,,,,,,,,,,,,
2026-05-04,,,,,,,,,,,,,,,,,10,,,,STW Nacharbeiten (Kratzer),,
2026-05-04,,,,,,f,11:00:00,12:00:00,60.00000000000003,6.0,,1.0,4.0,5.0,,,,,,,,,
2026-05-04,,,,,,,,,,,,,,,,,,,,,,,
2026-05-04,,,,,,,,,,,,,,,,,,,,,,,
2026-05-04,,,,,,f,10:00:00,11:00:00,59.99999999999995,6.0,,6.0,,6.0,,,,,,,,,
2026-05-04,,,,,,,,,,,,,,,,,,,,,,,
2026-05-04,,,,,,,,,,,,,,,,,,,,,"Anlage leer  ,Auffüllen",,
2026-05-04,,,,,,f,09:30:00,10:00:00,30.000000000000053,6.0,,1.0,,1.0,15.0,,,,,,Keine MES- Daten,,
2026-05-04,,,,,,,,,,,,,,,,,,,,,Zwei neue Mitarbeiter anlernen ,,
2026-05-04,,,,,,,,,,,,,,,30.0,,,,,,Keine MES- Daten,,
2026-05-04,,,,,,f,08:00:00,09:00:00,60.00000000000003,6.0,,4.0,,4.0,,,,,,,,,
2026-05-04,,,,,,,,,,,,,,,,,,,,,,,
2026-05-04,,,,,,,,,,,,,,,,,,,,,"Anlage leer  ,Auffüllen",,
2026-05-04,,,,,,f,07:00:00,08:00:00,59.99999999999995,4.0,,3.0,,3.0,,15,,,,R 03,Probleme mit Schweißdraht,,
2026-05-04,,,,,,,,,,,,,,,,,,,,,,,
2026-05-04,,,,,,f,12:00:00,13:15:00,75.00000000000006,6.0,,,4.0,4.0,,15,,,,R 06,Brennerkollision  ( Robotech Informiert),,
2026-05-04,,,,,,,,,,,,,,,,,,,,,,,
2026-05-04,,,,,,,,,,,,,,,,,,,,,,,
2026-05-04,,,,,,f,11:00:00,12:00:00,60.00000000000003,6.0,,1.0,4.0,5.0,,,,,,,,,
2026-05-04,,,,,,f,06:00:00,07:00:00,60.00000000000003,4.0,,4.0,,4.0,,,,,,,,,
2026-05-04,,,,,,f,04:45:00,06:00:00,75.00000000000001,4.0,,3.0,,3.0,,,,15,,,Wartungsplan,,
2026-05-04,,,,,,,,,,,,,,,,25,,,,OP 130.1, OP.130-2   Festo Linearantrieb.Fehler.(Robotech an der Anlage),,
2026-05-04,,,,,,f,04:45:00,06:00:00,75.00000000000001,4.0,,3.0,,3.0,,,,15,,,Wartungsplan,,
2026-05-04,,,,,,,,,,,,,,,,25,,,,OP 130.1, OP.130-2   Festo Linearantrieb.Fehler.(Robotech an der Anlage),,
2026-05-04,,,,,,,,,,,,,,,,,,,,,"Anlage leer  ,Auffüllen",,
2026-05-04,,,,,,f,06:00:00,07:00:00,60.00000000000003,4.0,,4.0,,4.0,,,,,,,,,
2026-05-04,,,,,,,,,,,,,,,,5,,,,R 03,Probleme mit Schweißdraht,,
2026-05-04,,,,,,,,,,,,,,,,,,,,,,,
2026-05-04,,,,,,f,07:00:00,08:00:00,59.99999999999995,4.0,,3.0,,3.0,,15,,,,R 03,Probleme mit Schweißdraht,,
2026-05-04,,,,,,,,,,,,,,,,,,,,,"Anlage leer  ,Auffüllen",,
2026-05-04,,,,,,,,,,,,,,,,,,,,,,,
2026-05-04,,,,,,f,08:00:00,09:00:00,60.00000000000003,6.0,,4.0,,4.0,,,,,,,,,
2026-05-04,,,,,,,,,,,,,,,,,,,,,"Anlage leer  ,Auffüllen",,
2026-05-04,,,,,,,,,,,,,,,,,,,,,Zwei neue Mitarbeiter anlernen ,,
2026-05-04,,,,,,f,09:30:00,10:00:00,30.000000000000053,6.0,,1.0,,1.0,15.0,,,,,,Keine MES- Daten,,
2026-05-04,,,,,,,,,,,,,,,,,,,,,"Anlage leer  ,Auffüllen",,
2026-05-04,,,,,,,,,,,,,,,,,,,,,,,
2026-05-04,,,,,,f,10:00:00,11:00:00,59.99999999999995,6.0,,6.0,,6.0,,,,,,,,,
2026-05-04,,,,,,,,,,,,,,,,,,,,,,,
2026-05-04,,,,,,,,,,,,,,,,,,,,,,,
2026-05-04,,,,,,,,,,,,,,,,,10,,,,STW Nacharbeiten (Kratzer),,
2026-05-04,,,,,,,,,,,,,,,30.0,,,,,,Keine MES- Daten,,
2026-05-05,,,,,,,20:00:00,21:00:00,59.99999999999995,5.0,,,5.0,5.0,,5,,,,R 06,Probleme mit Schweißdraht,,
2026-05-05,,,,,,,,,,,,,,,,10,,,,,Bedienerschtz ausgelöst,,
2026-05-05,,,,,,,14:00:00,15:00:00,59.99999999999995,5.0,,,7.0,7.0,,,,,,,,,
2026-05-05,,,,,,,,,,,,,,,,,,,,,,,
2026-05-05,,,,,,s,,,,,,,,,,,,,,,,,
2026-05-05,,,,,,,13:15:00,14:00:00,45.0,5.0,,,4.0,4.0,,,,15,,,Wartungsplan,,
2026-05-05,,,,,,,,,,,,,,,,,,,,,,,
2026-05-05,,,,,,,,,,,,,,,,,,,,,,,
2026-05-05,,,,,,f,12:00:00,13:15:00,75.00000000000006,4.0,,,4.0,4.0,,,,,,,,,
2026-05-05,,,,,,,,,,,,,,,,,,,,,,,
2026-05-05,,,,,,,,,,,,,,,,,,,,,,,
2026-05-05,,,,,,f,11:00:00,12:00:00,60.00000000000003,4.0,,,4.0,4.0,,,,,,,,,
2026-05-05,,,,,,,,,,,,,,,,,,,,,,,
2026-05-05,,,,,,,,,,,,,,,,,,15,,R 02,Drahtfass tauschen,,
2026-05-05,,,,,,f,10:00:00,11:00:00,59.99999999999995,4.0,,,2.0,2.0,,,5,,,R 06,Drahtförderverbindung abgegangen an der Banane,,
2026-05-05,,,,,,,,,,,,,,,,,,,,,,,
2026-05-05,,,,,,,,,,,,,,,,,,,,,,,
2026-05-05,,,,,,f,09:30:00,10:00:00,30.000000000000053,4.0,,,2.0,2.0,,,,,,,,,
2026-05-05,,,,,,,,,,,,,,,,,,,,,,,
2026-05-05,,,,,,,,,,,,,,,,,,,,,,,
2026-05-05,,,,,,f,08:00:00,09:00:00,60.00000000000003,4.0,,,3.0,3.0,,,,15,,,STW nachschleifen. Länger dabei,,
2026-05-05,,,,,,,,,,,,,,,,,,,,,,,
2026-05-05,,,,,,,,,,,,,,,,,,,,,,,
2026-05-05,,,,,,s,,,,,,,,,,,,,,,,,
2026-05-05,,,,,,,,,,,,,,,,,,,,,,,
2026-05-05,,,,,,,15:00:00,16:00:00,59.99999999999995,5.0,,,7.0,7.0,,,,,,,,,
2026-05-05,,,,,,s,,,,,,,,,,,,,,,,,
2026-05-05,,,,,,,,,,,,,,,,,,,,,,,
2026-05-05,,,,,,f,06:00:00,07:00:00,60.00000000000003,5.0,,,4.0,4.0,,,,,,,,,
2026-05-05,,,,,,,,,,,,,,,,,,,,,,,
2026-05-05,2026-05-05 00:00:00,2026-05-05 00:00:00,2026-05-05 00:00:00,2026-05-05,2026-05-05,,,,,,,,,,,,,15,,,Reinigung + Werkzeug einschließen,,
2026-05-05,,,,,,s,,,,,,,,,,,,,,,,,
2026-05-05,,,,,,,21:00:00,21:45:00,45.0,5.0,,,2.0,2.0,,,,,,,,,
2026-05-05,,,,,,,,,,,,,,,,,,,,,,,
2026-05-05,,,,,,s,,,,,,,,,,5,,,,R 07,Probleme mit Stromdüse,,
2026-05-05,,,,,,f,04:45:00,06:00:00,75.00000000000001,5.0,,,3.0,3.0,,,,15,,,Wartungsplan,,
2026-05-05,,,,,,,,,,,,,,,,,,,,,,,
2026-05-05,,,,,,f,04:45:00,06:00:00,75.00000000000001,5.0,,,3.0,3.0,,,,15,,,Wartungsplan,,
2026-05-05,,,,,,s,,,,,,,,,,,,,,,,,
2026-05-05,,,,,,,,,,,,,,,,,,,,,,,
2026-05-05,,,,,,s,,,,,,,,,,,,,,,,,
2026-05-05,,,,,,,18:00:00,19:00:00,59.99999999999995,5.0,,,7.0,7.0,,,,,,,,,
2026-05-05,,,,,,,,,,,,,,,,,,,,,,,
2026-05-05,,,,,,s,,,,,,,,,,,,,,,,,
2026-05-05,,,,,,,17:30:00,18:00:00,30.000000000000053,5.0,,,3.0,3.0,,,,,,,,,
2026-05-05,,,,,,,,,,,,,,,,,,,,,,,
2026-05-05,,,,,,s,,,,,,,,,,,,,,,,,
2026-05-05,,,,,,,16:00:00,17:00:00,60.00000000000011,5.0,,,5.0,5.0,,,15,,,,STW Nacharbeiten ( Schweißnahtqualität schlecht.),3,
2026-05-05,,,,,,,,,,,,,,,,,,,,,,,
2026-05-05,,,,,,,19:00:00,20:00:00,60.00000000000011,5.0,,,6.0,6.0,,,,,,,,,
2026-05-05,,,,,,,,,,,,,,,,10,,,,,Bedienerschtz ausgelöst,,
2026-05-05,,,,,,s,,,,,,,,,,,,,,,,,
2026-05-05,,,,,,f,06:00:00,07:00:00,60.00000000000003,5.0,,,4.0,4.0,,,,,,,,,
2026-05-05,,,,,,,14:00:00,15:00:00,59.99999999999995,5.0,,,7.0,7.0,,,,,,,,,
2026-05-05,,,,,,s,,,,,,,,,,,,,,,,,
2026-05-05,,,,,,,,,,,,,,,,,,,,,,,
2026-05-05,,,,,,,15:00:00,16:00:00,59.99999999999995,5.0,,,7.0,7.0,,,,,,,,,
2026-05-05,,,,,,s,,,,,,,,,,,,,,,,,
2026-05-05,,,,,,,,,,,,,,,,,,,,,,,
2026-05-05,,,,,,,16:00:00,17:00:00,60.00000000000011,5.0,,,5.0,5.0,,,15,,,,STW Nacharbeiten ( Schweißnahtqualität schlecht.),3,
2026-05-05,,,,,,s,,,,,,,,,,,,,,,,,
2026-05-05,,,,,,,,,,,,,,,,,,,,,,,
2026-05-05,,,,,,,17:30:00,18:00:00,30.000000000000053,5.0,,,3.0,3.0,,,,,,,,,
2026-05-05,,,,,,s,,,,,,,,,,,,,,,,,
2026-05-05,,,,,,,,,,,,,,,,,,,,,,,
2026-05-05,,,,,,,18:00:00,19:00:00,59.99999999999995,5.0,,,7.0,7.0,,,,,,,,,
2026-05-05,,,,,,s,,,,,,,,,,,,,,,,,
2026-05-05,,,,,,,,,,,,,,,,,,,,,,,
2026-05-05,,,,,,,19:00:00,20:00:00,60.00000000000011,5.0,,,6.0,6.0,,,,,,,,,
2026-05-05,,,,,,s,,,,,,,,,,,,,,,,,
2026-05-05,,,,,,,,,,,,,,,,,,,,,,,
2026-05-05,,,,,,,20:00:00,21:00:00,59.99999999999995,5.0,,,5.0,5.0,,5,,,,R 06,Probleme mit Schweißdraht,,
2026-05-05,,,,,,s,,,,,,,,,,5,,,,R 07,Probleme mit Stromdüse,,
2026-05-05,,,,,,,,,,,,,,,,,,,,,,,
2026-05-05,,,,,,,21:00:00,21:45:00,45.0,5.0,,,2.0,2.0,,,,,,,,,
2026-05-05,,,,,,s,,,,,,,,,,,,,,,,,
2026-05-05,,,,,,,,,,,,,,,,,,,,,,,
2026-05-05,2026-05-05 00:00:00,2026-05-05 00:00:00,2026-05-05 00:00:00,2026-05-05,2026-05-05,,,,,,,,,,,,,15,,,Reinigung + Werkzeug einschließen,,
2026-05-05,,,,,,s,,,,,,,,,,,,,,,,,
2026-05-05,,,,,,,,,,,,,,,,,,,,,,,
2026-05-05,,,,,,f,04:45:00,06:00:00,75.00000000000001,5.0,,,3.0,3.0,,,,15,,,Wartungsplan,,
2026-05-05,,,,,,,,,,,,,,,,10,,,,,Bedienerschtz ausgelöst,,
2026-05-05,,,,,,,,,,,,,,,,,,,,,,,
2026-05-05,,,,,,f,06:00:00,07:00:00,60.00000000000003,5.0,,,4.0,4.0,,,,,,,,,
2026-05-05,,,,,,,,,,,,,,,,,,,,,,,
2026-05-05,,,,,,,,,,,,,,,,,,,,,,,
2026-05-05,,,,,,f,07:00:00,08:00:00,59.99999999999995,4.0,,,4.0,4.0,,,,,,,,,
2026-05-05,,,,,,,,,,,,,,,,,,,,,,,
2026-05-05,,,,,,,,,,,,,,,,,,,,,,,
2026-05-05,,,,,,f,08:00:00,09:00:00,60.00000000000003,4.0,,,3.0,3.0,,,,15,,,STW nachschleifen. Länger dabei,,
2026-05-05,,,,,,,,,,,,,,,,,,,,,,,
2026-05-05,,,,,,,,,,,,,,,,,,,,,,,
2026-05-05,,,,,,f,09:30:00,10:00:00,30.000000000000053,4.0,,,2.0,2.0,,,,,,,,,
2026-05-05,,,,,,,,,,,,,,,,,,,,,,,
2026-05-05,,,,,,,,,,,,,,,,,,,,,,,
2026-05-05,,,,,,f,10:00:00,11:00:00,59.99999999999995,4.0,,,2.0,2.0,,,5,,,R 06,Drahtförderverbindung abgegangen an der Banane,,
2026-05-05,,,,,,,,,,,,,,,,,,15,,R 02,Drahtfass tauschen,,
2026-05-05,,,,,,,,,,,,,,,,,,,,,,,
2026-05-05,,,,,,f,11:00:00,12:00:00,60.00000000000003,4.0,,,4.0,4.0,,,,,,,,,
2026-05-05,,,,,,,,,,,,,,,,,,,,,,,
2026-05-05,,,,,,,,,,,,,,,,,,,,,,,
2026-05-05,,,,,,f,12:00:00,13:15:00,75.00000000000006,4.0,,,4.0,4.0,,,,,,,,,
2026-05-05,,,,,,,,,,,,,,,,,,,,,,,
2026-05-05,,,,,,,13:15:00,14:00:00,45.0,5.0,,,4.0,4.0,,,,15,,,Wartungsplan,,
2026-05-05,,,,,,,,,,,,,,,,,,,,,,,
2026-05-05,,,,,,,,,,,,,,,,,,,,,,,
2026-05-05,,,,,,,,,,,,,,,,,,,,,,,
2026-05-05,,,,,,,,,,,,,,,,,,,,,,,
2026-05-05,,,,,,,15:00:00,16:00:00,59.99999999999995,5.0,,,7.0,7.0,,,,,,,,,
2026-05-05,,,,,,s,,,,,,,,,,,,,,,,,
2026-05-05,,,,,,,,,,,,,,,,,,,,,,,
2026-05-05,,,,,,,16:00:00,17:00:00,60.00000000000011,5.0,,,5.0,5.0,,,15,,,,STW Nacharbeiten ( Schweißnahtqualität schlecht.),3,
2026-05-05,,,,,,s,,,,,,,,,,,,,,,,,
2026-05-05,,,,,,,,,,,,,,,,,,,,,,,
2026-05-05,,,,,,,17:30:00,18:00:00,30.000000000000053,5.0,,,3.0,3.0,,,,,,,,,
2026-05-05,,,,,,f,07:00:00,08:00:00,59.99999999999995,4.0,,,4.0,4.0,,,,,,,,,
2026-05-05,,,,,,s,,,,,,,,,,,,,,,,,
2026-05-05,,,,,,,,,,,,,,,,,,,,,,,
2026-05-05,,,,,,s,,,,,,,,,,,,,,,,,
2026-05-05,,,,,,,,,,,,,,,,,,,,,,,
2026-05-05,,,,,,,19:00:00,20:00:00,60.00000000000011,5.0,,,6.0,6.0,,,,,,,,,
2026-05-05,,,,,,s,,,,,,,,,,,,,,,,,
2026-05-05,,,,,,,,,,,,,,,,,,,,,,,
2026-05-05,,,,,,,20:00:00,21:00:00,59.99999999999995,5.0,,,5.0,5.0,,5,,,,R 06,Probleme mit Schweißdraht,,
2026-05-05,,,,,,s,,,,,,,,,,5,,,,R 07,Probleme mit Stromdüse,,
2026-05-05,,,,,,,,,,,,,,,,,,,,,,,
2026-05-05,,,,,,,21:00:00,21:45:00,45.0,5.0,,,2.0,2.0,,,,,,,,,
2026-05-05,,,,,,,18:00:00,19:00:00,59.99999999999995,5.0,,,7.0,7.0,,,,,,,,,
2026-05-05,,,,,,,14:00:00,15:00:00,59.99999999999995,5.0,,,7.0,7.0,,,,,,,,,
2026-05-05,2026-05-05 00:00:00,2026-05-05 00:00:00,2026-05-05 00:00:00,2026-05-05,2026-05-05,,,,,,,,,,,,,15,,,Reinigung + Werkzeug einschließen,,
2026-05-05,,,,,,s,,,,,,,,,,,,,,,,,
2026-05-05,,,,,,,,,,,,,,,,,,,,,,,
2026-05-05,,,,,,,,,,,,,,,,,,,,,,,
2026-05-05,,,,,,f,07:00:00,08:00:00,59.99999999999995,4.0,,,4.0,4.0,,,,,,,,,
2026-05-05,,,,,,,,,,,,,,,,,,,,,,,
2026-05-05,,,,,,,,,,,,,,,,,,,,,,,
2026-05-05,,,,,,f,08:00:00,09:00:00,60.00000000000003,4.0,,,3.0,3.0,,,,15,,,STW nachschleifen. Länger dabei,,
2026-05-05,,,,,,,,,,,,,,,,,,,,,,,
2026-05-05,,,,,,,,,,,,,,,,,,,,,,,
2026-05-05,,,,,,f,09:30:00,10:00:00,30.000000000000053,4.0,,,2.0,2.0,,,,,,,,,
2026-05-05,,,,,,,,,,,,,,,,,,,,,,,
2026-05-05,,,,,,,,,,,,,,,,,,,,,,,
2026-05-05,,,,,,f,10:00:00,11:00:00,59.99999999999995,4.0,,,2.0,2.0,,,5,,,R 06,Drahtförderverbindung abgegangen an der Banane,,
2026-05-05,,,,,,,,,,,,,,,,,,15,,R 02,Drahtfass tauschen,,
2026-05-05,,,,,,,,,,,,,,,,,,,,,,,
2026-05-05,,,,,,f,11:00:00,12:00:00,60.00000000000003,4.0,,,4.0,4.0,,,,,,,,,
2026-05-05,,,,,,,,,,,,,,,,,,,,,,,
2026-05-05,,,,,,,,,,,,,,,,,,,,,,,
2026-05-05,,,,,,f,12:00:00,13:15:00,75.00000000000006,4.0,,,4.0,4.0,,,,,,,,,
2026-05-05,,,,,,,,,,,,,,,,,,,,,,,
2026-05-05,,,,,,,,,,,,,,,,,,,,,,,
2026-05-05,,,,,,,13:15:00,14:00:00,45.0,5.0,,,4.0,4.0,,,,15,,,Wartungsplan,,
2026-05-05,,,,,,s,,,,,,,,,,,,,,,,,
2026-05-06,,,,,,f,07:00:00,08:00:00,59.99999999999995,4.0,,,3.0,3.0,,,,,,,,,
2026-05-06,,,,,,f,04:45:00,06:00:00,75.00000000000001,4.0,,,4.0,4.0,,,,15,,,Wartungsplan,,
2026-05-06,,,,,,,,,,,,,,,,,,,,,,,
2026-05-06,,,,,,,,,,,,,,,,,,,,,,,
2026-05-06,,,,,,,,,,,,,,,,,,,,,,,
2026-05-06,,,,,,s,,,,,,,,,,,,,,,,,
2026-05-06,,,,,,,13:15:00,14:00:00,45.0,5.0,,,4.0,4.0,,,,15,,,Wartungsplan,,
2026-05-06,,,,,,,,,,,,,,,,,,15,,,Reinigung,,
2026-05-06,,,,,,,,,,,,,,,,,,,,,,,
2026-05-06,,,,,,f,12:00:00,13:15:00,75.00000000000006,4.0,,,5.0,5.0,,,,,,,,,
2026-05-06,,,,,,,,,,,,,,,,,,,,,,,
2026-05-06,,,,,,,,,,,,,,,,,,,,,,,
2026-05-06,,,,,,f,11:00:00,12:00:00,60.00000000000003,4.0,,,3.0,3.0,,,,,,,,,
2026-05-06,,,,,,,,,,,,,,,,,,,,,,,
2026-05-06,,,,,,,,,,,,,,,,,,,,,,,
2026-05-06,,,,,,f,10:00:00,11:00:00,59.99999999999995,4.0,,,4.0,4.0,,,,,,,,,
2026-05-06,,,,,,,,,,,,,,,,,,,,,,,
2026-05-06,,,,,,,,,,,,,,,,,,,,,,,
2026-05-06,,,,,,f,09:30:00,10:00:00,30.000000000000053,4.0,,,2.0,2.0,,,,,,,,,
2026-05-06,,,,,,,,,,,,,,,,,,,,,,,
2026-05-06,,,,,,,,,,,,,,,,,,,,,,,
2026-05-06,,,,,,f,08:00:00,09:00:00,60.00000000000003,4.0,,,4.0,4.0,,,,,,,,,
2026-05-06,,,,,,,,,,,,,,,,,,,,,,,
2026-05-06,,,,,,,,,,,,,,,,,,,,,,,
2026-05-06,,,,,,s,,,,,,,,,,,,,,,,,
2026-05-06,,,,,,,,,,,,,,,,,,,,,,,
2026-05-06,,,,,,,,,,,,,,,,,,,,,,,
2026-05-06,,,,,,s,,,,,,,,,,,,,,,,,
2026-05-06,,,,,,,,,,,,,,,,,,,,,,,
2026-05-06,,,,,,f,06:00:00,07:00:00,60.00000000000003,4.0,,,4.0,4.0,,,,,,,,,
2026-05-06,,,,,,,,,,,,,,,,,,15,,,Reinigung + Werkzeug einschließen,,
2026-05-06,,,,,,s,,,,,,,,,,,,,,,"Anlage leer  ,Auffüllen",,
2026-05-06,,,,,,,21:00:00,21:45:00,45.0,5.0,,,1.0,1.0,,8,,,,R 05,Vakuumkreis 1 schaltet nicht in OP.50,,
2026-05-06,,,,,,,,,,,,,,,,8,,,,R 05,Vakuum nicht vorhanden in OP.30 - OP.130-1,,
2026-05-06,,,,,,s,,,,,,,,,,,,,,,,,
2026-05-06,,,,,,,20:00:00,21:00:00,59.99999999999995,5.0,,3.0,3.0,6.0,,,,,,,,,
2026-05-06,,,,,,,,,,,,,,,,,,,,,,,
2026-05-06,,,,,,s,,,,,,,,,,,,,,,,,
2026-05-06,,,,,,,19:00:00,20:00:00,60.00000000000011,5.0,,6.0,,6.0,,,,,,,,,
2026-05-06,,,,,,,,,,,,,,,,,,,,,,,
2026-05-06,,,,,,s,,,,,,,,,,,,,,,,,
2026-05-06,,,,,,,18:00:00,19:00:00,59.99999999999995,5.0,,7.0,,7.0,,,,,,,,,
2026-05-06,,,,,,,,,,,,,,,,,,,,,,,
2026-05-06,,,,,,s,,,,,,,,,,,,,,,"Anlage leer  ,Auffüllen",,
2026-05-06,,,,,,,17:30:00,18:00:00,30.000000000000053,5.0,,1.0,,1.0,,10,,,,R 05,Spanner- Knoten 1  spannen nicht Robotech an der Anlage,,
2026-05-06,,,,,,,,,,,,,,,,20,,,,R 05,Spanner- Knoten 1  spannen nicht Robotech an der Anlage,,
2026-05-06,,,,,,s,,,,,,,,,,,,,,,,,
2026-05-06,,,,,,,16:00:00,17:00:00,60.00000000000011,5.0,,5.0,,5.0,,,,,,,,,
2026-05-06,,,,,,,,,,,,,,,,,,,,,,,
2026-05-06,,,,,,,15:00:00,16:00:00,59.99999999999995,5.0,,4.0,3.0,7.0,,,,,,,,,
2026-05-06,,,,,,,14:00:00,15:00:00,59.99999999999995,5.0,,,7.0,7.0,,,,,,,,,
2026-05-06,,,,,,,,,,,,,,,,,,,,,,,
2026-05-06,,,,,,,,,,,,,,,,,,,,,,,
2026-05-06,,,,,,,14:00:00,15:00:00,59.99999999999995,5.0,,,7.0,7.0,,,,,,,,,
2026-05-06,,,,,,s,,,,,,,,,,,,,,,,,
2026-05-06,,,,,,f,04:45:00,06:00:00,75.00000000000001,4.0,,,4.0,4.0,,,,15,,,Wartungsplan,,
2026-05-06,,,,,,,,,,,,,,,,,,,,,,,
2026-05-06,,,,,,,15:00:00,16:00:00,59.99999999999995,5.0,,4.0,3.0,7.0,,,,,,,,,
2026-05-06,,,,,,s,,,,,,,,,,,,,,,,,
2026-05-06,,,,,,,,,,,,,,,,,,,,,,,
2026-05-06,,,,,,,16:00:00,17:00:00,60.00000000000011,5.0,,5.0,,5.0,,,,,,,,,
2026-05-06,,,,,,s,,,,,,,,,,,,,,,,,
2026-05-06,,,,,,,,,,,,,,,,20,,,,R 05,Spanner- Knoten 1  spannen nicht Robotech an der Anlage,,
2026-05-06,,,,,,,17:30:00,18:00:00,30.000000000000053,5.0,,1.0,,1.0,,10,,,,R 05,Spanner- Knoten 1  spannen nicht Robotech an der Anlage,,
2026-05-06,,,,,,s,,,,,,,,,,,,,,,"Anlage leer  ,Auffüllen",,
2026-05-06,,,,,,,,,,,,,,,,,,,,,,,
2026-05-06,,,,,,,18:00:00,19:00:00,59.99999999999995,5.0,,7.0,,7.0,,,,,,,,,
2026-05-06,,,,,,s,,,,,,,,,,,,,,,,,
2026-05-06,,,,,,,,,,,,,,,,,,,,,,,
2026-05-06,,,,,,,19:00:00,20:00:00,60.00000000000011,5.0,,6.0,,6.0,,,,,,,,,
2026-05-06,,,,,,s,,,,,,,,,,,,,,,,,
2026-05-06,,,,,,,,,,,,,,,,,,,,,,,
2026-05-06,,,,,,,20:00:00,21:00:00,59.99999999999995,5.0,,3.0,3.0,6.0,,,,,,,,,
2026-05-06,,,,,,s,,,,,,,,,,,,,,,,,
2026-05-06,,,,,,,,,,,,,,,,,,,,,,,
2026-05-06,,,,,,s,,,,,,,,,,,,,,,,,
2026-05-06,,,,,,,,,,,,,,,,,,15,,,Reinigung + Werkzeug einschließen,,
2026-05-06,,,,,,,13:15:00,14:00:00,45.0,5.0,,,4.0,4.0,,,,15,,,Wartungsplan,,
2026-05-06,,,,,,,,,,,,,,,,,,,,,,,
2026-05-06,,,,,,f,06:00:00,07:00:00,60.00000000000003,4.0,,,4.0,4.0,,,,,,,,,
2026-05-06,,,,,,,,,,,,,,,,,,,,,,,
2026-05-06,,,,,,,,,,,,,,,,,,,,,,,
2026-05-06,,,,,,f,07:00:00,08:00:00,59.99999999999995,4.0,,,3.0,3.0,,,,,,,,,
2026-05-06,,,,,,,,,,,,,,,,,,,,,,,
2026-05-06,,,,,,,,,,,,,,,,,,,,,,,
2026-05-06,,,,,,f,08:00:00,09:00:00,60.00000000000003,4.0,,,4.0,4.0,,,,,,,,,
2026-05-06,,,,,,,,,,,,,,,,,,,,,,,
2026-05-06,,,,,,,,,,,,,,,,,,,,,,,
2026-05-06,,,,,,,,,,,,,,,,8,,,,R 05,Vakuum nicht vorhanden in OP.30 - OP.130-1,,
2026-05-06,,,,,,f,09:30:00,10:00:00,30.000000000000053,4.0,,,2.0,2.0,,,,,,,,,
2026-05-06,,,,,,,,,,,,,,,,,,,,,,,
2026-05-06,,,,,,f,10:00:00,11:00:00,59.99999999999995,4.0,,,4.0,4.0,,,,,,,,,
2026-05-06,,,,,,,,,,,,,,,,,,,,,,,
2026-05-06,,,,,,,,,,,,,,,,,,,,,,,
2026-05-06,,,,,,f,11:00:00,12:00:00,60.00000000000003,4.0,,,3.0,3.0,,,,,,,,,
2026-05-06,,,,,,,,,,,,,,,,,,,,,,,
2026-05-06,,,,,,,,,,,,,,,,,,,,,,,
2026-05-06,,,,,,f,12:00:00,13:15:00,75.00000000000006,4.0,,,5.0,5.0,,,,,,,,,
2026-05-06,,,,,,,,,,,,,,,,,,,,,,,
2026-05-06,,,,,,,,,,,,,,,,,,15,,,Reinigung,,
2026-05-06,,,,,,,,,,,,,,,,,,,,,,,
2026-05-06,,,,,,f,04:45:00,06:00:00,75.00000000000001,4.0,,,4.0,4.0,,,,15,,,Wartungsplan,,
2026-05-06,,,,,,,21:00:00,21:45:00,45.0,5.0,,,1.0,1.0,,8,,,,R 05,Vakuumkreis 1 schaltet nicht in OP.50,,
2026-05-06,,,,,,,,,,,,,,,,,,15,,,Reinigung + Werkzeug einschließen,,
2026-05-06,,,,,,,,,,,,,,,,,,15,,,Reinigung,,
2026-05-06,,,,,,,,,,,,,,,,,,,,,,,
2026-05-06,,,,,,f,12:00:00,13:15:00,75.00000000000006,4.0,,,5.0,5.0,,,,,,,,,
2026-05-06,,,,,,,,,,,,,,,,,,,,,,,
2026-05-06,,,,,,,,,,,,,,,,,,,,,,,
2026-05-06,,,,,,f,11:00:00,12:00:00,60.00000000000003,4.0,,,3.0,3.0,,,,,,,,,
2026-05-06,,,,,,,,,,,,,,,,,,,,,,,
2026-05-06,,,,,,,,,,,,,,,,,,,,,,,
2026-05-06,,,,,,f,10:00:00,11:00:00,59.99999999999995,4.0,,,4.0,4.0,,,,,,,,,
2026-05-06,,,,,,,,,,,,,,,,,,,,,,,
2026-05-06,,,,,,f,09:30:00,10:00:00,30.000000000000053,4.0,,,2.0,2.0,,,,,,,,,
2026-05-06,,,,,,,,,,,,,,,,,,,,,,,
2026-05-06,,,,,,,,,,,,,,,,,,,,,,,
2026-05-06,,,,,,f,08:00:00,09:00:00,60.00000000000003,4.0,,,4.0,4.0,,,,,,,,,
2026-05-06,,,,,,,,,,,,,,,,,,,,,,,
2026-05-06,,,,,,,,,,,,,,,,,,,,,,,
2026-05-06,,,,,,f,07:00:00,08:00:00,59.99999999999995,4.0,,,3.0,3.0,,,,,,,,,
2026-05-06,,,,,,,,,,,,,,,,,,,,,,,
2026-05-06,,,,,,,,,,,,,,,,,,,,,,,
2026-05-06,,,,,,f,06:00:00,07:00:00,60.00000000000003,4.0,,,4.0,4.0,,,,,,,,,
2026-05-06,,,,,,,,,,,,,,,,,,,,,,,
2026-05-06,,,,,,,13:15:00,14:00:00,45.0,5.0,,,4.0,4.0,,,,15,,,Wartungsplan,,
2026-05-06,,,,,,s,,,,,,,,,,,,,,,,,
2026-05-06,,,,,,,,,,,,,,,,,,,,,,,
2026-05-06,,,,,,,14:00:00,15:00:00,59.99999999999995,5.0,,,7.0,7.0,,,,,,,,,
2026-05-06,,,,,,s,,,,,,,,,,,,,,,"Anlage leer  ,Auffüllen",,
2026-05-06,,,,,,,21:00:00,21:45:00,45.0,5.0,,,1.0,1.0,,8,,,,R 05,Vakuumkreis 1 schaltet nicht in OP.50,,
2026-05-06,,,,,,,,,,,,,,,,8,,,,R 05,Vakuum nicht vorhanden in OP.30 - OP.130-1,,
2026-05-06,,,,,,s,,,,,,,,,,,,,,,,,
2026-05-06,,,,,,,20:00:00,21:00:00,59.99999999999995,5.0,,3.0,3.0,6.0,,,,,,,,,
2026-05-06,,,,,,,,,,,,,,,,,,,,,,,
2026-05-06,,,,,,s,,,,,,,,,,,,,,,,,
2026-05-06,,,,,,,19:00:00,20:00:00,60.00000000000011,5.0,,6.0,,6.0,,,,,,,,,
2026-05-06,,,,,,,,,,,,,,,,,,,,,,,
2026-05-06,,,,,,s,,,,,,,,,,,,,,,,,
2026-05-06,,,,,,s,,,,,,,,,,,,,,,"Anlage leer  ,Auffüllen",,
2026-05-06,,,,,,,18:00:00,19:00:00,59.99999999999995,5.0,,7.0,,7.0,,,,,,,,,
2026-05-06,,,,,,s,,,,,,,,,,,,,,,"Anlage leer  ,Auffüllen",,
2026-05-06,,,,,,,17:30:00,18:00:00,30.000000000000053,5.0,,1.0,,1.0,,10,,,,R 05,Spanner- Knoten 1  spannen nicht Robotech an der Anlage,,
2026-05-06,,,,,,,,,,,,,,,,20,,,,R 05,Spanner- Knoten 1  spannen nicht Robotech an der Anlage,,
2026-05-06,,,,,,s,,,,,,,,,,,,,,,,,
2026-05-06,,,,,,,16:00:00,17:00:00,60.00000000000011,5.0,,5.0,,5.0,,,,,,,,,
2026-05-06,,,,,,,,,,,,,,,,,,,,,,,
2026-05-06,,,,,,s,,,,,,,,,,,,,,,,,
2026-05-06,,,,,,,15:00:00,16:00:00,59.99999999999995,5.0,,4.0,3.0,7.0,,,,,,,,,
2026-05-06,,,,,,,,,,,,,,,,,,,,,,,
2026-05-06,,,,,,s,,,,,,,,,,,,,,,,,
2026-05-06,,,,,,,,,,,,,,,,,,,,,,,
2026-05-06,,,,,,,,,,,,,,,,,,,,,,,
2026-05-07,,,,,,,,,,,,,,,,,,15,,,Reinigung,,
2026-05-07,,,,,,,,,,,,,,,,,,,,,,,
2026-05-07,,,,,,,,,,,,,,,,,,,,,,,
2026-05-07,,,,,,,15:00:00,16:00:00,59.99999999999995,5.0,,,5.0,5.0,,,,,,,,,
2026-05-07,,,,,,s,,,,,,,,,,,,,,,,,
2026-05-07,,,,,,,,,,,,,,,,,,,,,,,
2026-05-07,,,,,,,16:00:00,17:00:00,60.00000000000011,5.0,,,7.0,7.0,,,,,,,,,
2026-05-07,,,,,,s,,,,,,,,,,,,,,,,,
2026-05-07,,,,,,,,,,,,,,,,,,,,,,,
2026-05-07,,,,,,,17:30:00,18:00:00,30.000000000000053,5.0,,,2.0,2.0,,,,,,,,,
2026-05-07,,,,,,s,,,,,,,,,,,,,,,,,
2026-05-07,,,,,,,,,,,,,,,,,,,,,,,
2026-05-07,,,,,,,18:00:00,19:00:00,59.99999999999995,5.0,,,6.0,6.0,,,,,,,,,
2026-05-07,,,,,,s,,,,,,,,,,,,,,,,,
2026-05-07,,,,,,,,,,,,,,,,,,,,,,,
2026-05-07,,,,,,,19:00:00,20:00:00,60.00000000000011,5.0,,,6.0,6.0,,,,,,,,,
2026-05-07,,,,,,s,,,,,,,,,,,,,,,,,
2026-05-07,,,,,,,,,,,,,,,,,,,,,,,
2026-05-07,,,,,,,20:00:00,21:00:00,59.99999999999995,5.0,,,5.0,5.0,,,,,,,,,
2026-05-07,,,,,,s,,,,,,,,,,,,,,,,,
2026-05-07,,,,,,,,,,,,,,,,10,,,,,Bedienerschtz ausgelöst,,
2026-05-07,,,,,,,21:00:00,21:45:00,45.0,5.0,,,2.0,2.0,,,,,,,,,
2026-05-07,,,,,,s,,,,,,,,,,,,,,,,,
2026-05-07,,,,,,s,,,,,,,,,,,,,,,,,
2026-05-07,,,,,,,14:00:00,15:00:00,59.99999999999995,5.0,,,5.0,5.0,,,,,,,,,
2026-05-07,,,,,,,,,,,,,,,,,,,,,,,
2026-05-07,,,,,,s,,,,,,,,,,,,,,,,,
2026-05-07,,,,,,,,,,,,,,,,,,,,,,,
2026-05-07,,,,,,f,06:00:00,07:00:00,60.00000000000003,4.0,,1.0,3.0,4.0,,,,,,,,,
2026-05-07,,,,,,,,,,,,,,,,,,,,,,,
2026-05-07,,,,,,,,,,,,,,,,,,,,,,,
2026-05-07,,,,,,f,07:00:00,08:00:00,59.99999999999995,4.0,,,4.0,4.0,,,,,,,,,
2026-05-07,,,,,,,,,,,,,,,,,,,,,,,
2026-05-07,,,,,,,,,,,,,,,,,,,,,,,
2026-05-07,,,,,,f,08:00:00,09:00:00,60.00000000000003,4.0,,,3.0,3.0,,,,15,,,Schweißgerät ausgefallen,,
2026-05-07,,,,,,,,,,,,,,,,,,6,,R 06/07,Strom und Gasdüse gewechselt nach festbrannt,,
2026-05-07,,,,,,,,,,,,,,,,,,,,,,,
2026-05-07,,,,,,f,04:45:00,06:00:00,75.00000000000001,4.0,,,4.0,4.0,,,,15,,,Wartungsplan,,
2026-05-07,,,,,,f,09:30:00,10:00:00,30.000000000000053,4.0,,,1.0,1.0,,,,,,,,,
2026-05-07,,,,,,,,,,,,,,,,,,,,,,,
2026-05-07,,,,,,f,10:00:00,11:00:00,59.99999999999995,4.0,,,5.0,5.0,,,,,,,,,
2026-05-07,,,,,,,,,,,,,,,,,,,,,,,
2026-05-07,,,,,,,,,,,,,,,,,,,,,,,
2026-05-07,,,,,,f,11:00:00,12:00:00,60.00000000000003,4.0,,,5.0,5.0,,,,,,,,,
2026-05-07,,,,,,,,,,,,,,,,,,,,,,,
2026-05-07,,,,,,,,,,,,,,,,,,,,,,,
2026-05-07,,,,,,f,12:00:00,13:15:00,75.00000000000006,4.0,,,4.0,4.0,,15,,,,R 05,Knoten nicht richtig aufgenommen. Schief in Vorrichtung,,
2026-05-07,,,,,,,,,,,,,,,,,,,,,,,
2026-05-07,,,,,,,13:15:00,14:00:00,45.0,5.0,,,4.0,4.0,,,,15,,,Wartungsplan,,
2026-05-07,,,,,,,,,,,,,,,,,,,,,,,
2026-05-07,,,,,,f,04:45:00,06:00:00,75.00000000000001,4.0,,,4.0,4.0,,,,15,,,Wartungsplan,,
2026-05-07,,,,,,s,,,,,,,,,,,,,,,,,
2026-05-07,,,,,,,,,,,,,,,,,,,,,,,
2026-05-07,,,,,,,,,,,,,,,,,,,,,,,
2026-05-07,,,,,,,14:00:00,15:00:00,59.99999999999995,5.0,,,5.0,5.0,,,,,,,,,
2026-05-07,,,,,,s,,,,,,,,,,,,,,,,,
2026-05-07,,,,,,,,,,,,,,,,,,,,,,,
2026-05-07,,,,,,,15:00:00,16:00:00,59.99999999999995,5.0,,,5.0,5.0,,,,,,,,,
2026-05-07,,,,,,s,,,,,,,,,,,,,,,,,
2026-05-07,,,,,,,,,,,,,,,,,,,,,,,
2026-05-07,,,,,,,16:00:00,17:00:00,60.00000000000011,5.0,,,7.0,7.0,,,,,,,,,
2026-05-07,,,,,,s,,,,,,,,,,,,,,,,,
2026-05-07,,,,,,,,,,,,,,,,,,,,,,,
2026-05-07,,,,,,s,,,,,,,,,,,,,,,,,
2026-05-07,,,,,,,17:30:00,18:00:00,30.000000000000053,5.0,,,2.0,2.0,,,,,,,,,
2026-05-07,,,,,,,,,,,,,,,,,,,,,,,
2026-05-07,,,,,,,18:00:00,19:00:00,59.99999999999995,5.0,,,6.0,6.0,,,,,,,,,
2026-05-07,,,,,,s,,,,,,,,,,,,,,,,,
2026-05-07,,,,,,,,,,,,,,,,,,,,,,,
2026-05-07,,,,,,,19:00:00,20:00:00,60.00000000000011,5.0,,,6.0,6.0,,,,,,,,,
2026-05-07,,,,,,s,,,,,,,,,,,,,,,,,
2026-05-07,,,,,,,,,,,,,,,,,,,,,,,
2026-05-07,,,,,,,20:00:00,21:00:00,59.99999999999995,5.0,,,5.0,5.0,,,,,,,,,
2026-05-07,,,,,,s,,,,,,,,,,,,,,,,,
2026-05-07,,,,,,,,,,,,,,,,10,,,,,Bedienerschtz ausgelöst,,
2026-05-07,,,,,,s,,,,,,,,,,,,,,,,,
2026-05-07,,,,,,,21:00:00,21:45:00,45.0,5.0,,,2.0,2.0,,,,,,,,,
2026-05-07,,,,,,,13:15:00,14:00:00,45.0,5.0,,,4.0,4.0,,,,15,,,Wartungsplan,,
2026-05-07,,,,,,,,,,,,,,,,,,,,,,,
2026-05-07,,,,,,f,04:45:00,06:00:00,75.00000000000001,4.0,,,4.0,4.0,,,,15,,,Wartungsplan,,
2026-05-07,,,,,,,,,,,,,,,,,,,,,,,
2026-05-07,,,,,,,,,,,,,,,,,,,,,,,
2026-05-07,,,,,,f,06:00:00,07:00:00,60.00000000000003,4.0,,1.0,3.0,4.0,,,,,,,,,
2026-05-07,,,,,,,,,,,,,,,,,,,,,,,
2026-05-07,,,,,,,,,,,,,,,,,,,,,,,
2026-05-07,,,,,,f,07:00:00,08:00:00,59.99999999999995,4.0,,,4.0,4.0,,,,,,,,,
2026-05-07,,,,,,,,,,,,,,,,,,,,,,,
2026-05-07,,,,,,,,,,,,,,,,,,,,,,,
2026-05-07,,,,,,f,08:00:00,09:00:00,60.00000000000003,4.0,,,3.0,3.0,,,,15,,,Schweißgerät ausgefallen,,
2026-05-07,,,,,,,,,,,,,,,,,,15,,,Reinigung,,
2026-05-07,,,,,,,,,,,,,,,,,,6,,R 06/07,Strom und Gasdüse gewechselt nach festbrannt,,
2026-05-07,,,,,,f,09:30:00,10:00:00,30.000000000000053,4.0,,,1.0,1.0,,,,,,,,,
2026-05-07,,,,,,,,,,,,,,,,,,,,,,,
2026-05-07,,,,,,,,,,,,,,,,,,,,,,,
2026-05-07,,,,,,f,10:00:00,11:00:00,59.99999999999995,4.0,,,5.0,5.0,,,,,,,,,
2026-05-07,,,,,,,,,,,,,,,,,,,,,,,
2026-05-07,,,,,,,,,,,,,,,,,,,,,,,
2026-05-07,,,,,,f,11:00:00,12:00:00,60.00000000000003,4.0,,,5.0,5.0,,,,,,,,,
2026-05-07,,,,,,,,,,,,,,,,,,,,,,,
2026-05-07,,,,,,,,,,,,,,,,,,,,,,,
2026-05-07,,,,,,f,12:00:00,13:15:00,75.00000000000006,4.0,,,4.0,4.0,,15,,,,R 05,Knoten nicht richtig aufgenommen. Schief in Vorrichtung,,
2026-05-07,,,,,,,,,,,,,,,,,,,,,,,
2026-05-07,,,,,,s,,,,,,,,,,,,,,,,,
2026-05-07,,,,,,,,,,,,,,,,,,15,,,Reinigung + Werkzeug einschließen,,
2026-05-07,,,,,,,,,0.0,,,,,,,,,,,,,,
2026-05-07,,,,,,,13:15:00,14:00:00,45.0,5.0,,,4.0,4.0,,,,15,,,Wartungsplan,,
2026-05-07,,,,,,,,,,,,,,,,,,15,,,Reinigung,,
2026-05-07,,,,,,,,,,,,,,,,,,,,,,,
2026-05-07,,,,,,f,12:00:00,13:15:00,75.00000000000006,4.0,,,4.0,4.0,,15,,,,R 05,Knoten nicht richtig aufgenommen. Schief in Vorrichtung,,
2026-05-07,,,,,,,,,,,,,,,,,,,,,,,
2026-05-07,,,,,,,,,,,,,,,,,,,,,,,
2026-05-07,,,,,,f,11:00:00,12:00:00,60.00000000000003,4.0,,,5.0,5.0,,,,,,,,,
2026-05-07,,,,,,,,,,,,,,,,,,,,,,,
2026-05-07,,,,,,,,,,,,,,,,,,,,,,,
2026-05-07,,,,,,f,10:00:00,11:00:00,59.99999999999995,4.0,,,5.0,5.0,,,,,,,,,
2026-05-07,,,,,,,,,,,,,,,,,,,,,,,
2026-05-07,,,,,,,,,,,,,,,,,,,,,,,
2026-05-07,,,,,,f,09:30:00,10:00:00,30.000000000000053,4.0,,,1.0,1.0,,,,,,,,,
2026-05-07,,,,,,,,,,,,,,,,,,,,,,,
2026-05-07,,,,,,,,,,,,,,,,,,6,,R 06/07,Strom und Gasdüse gewechselt nach festbrannt,,
2026-05-07,,,,,,f,08:00:00,09:00:00,60.00000000000003,4.0,,,3.0,3.0,,,,15,,,Schweißgerät ausgefallen,,
2026-05-07,,,,,,,,,,,,,,,,,,,,,,,
2026-05-07,,,,,,,,,,,,,,,,,,,,,,,
2026-05-07,,,,,,f,07:00:00,08:00:00,59.99999999999995,4.0,,,4.0,4.0,,,,,,,,,
2026-05-07,,,,,,,,,,,,,,,,,,,,,,,
2026-05-07,,,,,,,,,,,,,,,,,,,,,,,
2026-05-07,,,,,,f,06:00:00,07:00:00,60.00000000000003,4.0,,1.0,3.0,4.0,,,,,,,,,
2026-05-07,,,,,,,,,,,,,,,,,,,,,,,
2026-05-07,,,,,,,14:00:00,15:00:00,59.99999999999995,5.0,,,5.0,5.0,,,,,,,,,
2026-05-07,,,,,,s,,,,,,,,,,,,,,,,,
2026-05-07,,,,,,,,,,,,,,,,,,,,,,,
2026-05-07,,,,,,,,,,,,,,,,,,15,,,Reinigung + Werkzeug einschließen,,
2026-05-07,,,,,,,,,0.0,,,,,,,,,,,,,,
2026-05-07,,,,,,,,,,,,,,,,,,15,,,Reinigung + Werkzeug einschließen,,
2026-05-07,,,,,,s,,,,,,,,,,,,,,,,,
2026-05-07,,,,,,,21:00:00,21:45:00,45.0,5.0,,,2.0,2.0,,,,,,,,,
2026-05-07,,,,,,,,,,,,,,,,10,,,,,Bedienerschtz ausgelöst,,
2026-05-07,,,,,,s,,,,,,,,,,,,,,,,,
2026-05-07,,,,,,,20:00:00,21:00:00,59.99999999999995,5.0,,,5.0,5.0,,,,,,,,,
2026-05-07,,,,,,,,,,,,,,,,,,,,,,,
2026-05-07,,,,,,s,,,,,,,,,,,,,,,,,
2026-05-07,,,,,,,19:00:00,20:00:00,60.00000000000011,5.0,,,6.0,6.0,,,,,,,,,
2026-05-07,,,,,,,,,,,,,,,,,,,,,,,
2026-05-07,,,,,,s,,,,,,,,,,,,,,,,,
2026-05-07,,,,,,,18:00:00,19:00:00,59.99999999999995,5.0,,,6.0,6.0,,,,,,,,,
2026-05-07,,,,,,,,,,,,,,,,,,,,,,,
2026-05-07,,,,,,s,,,,,,,,,,,,,,,,,
2026-05-07,,,,,,,17:30:00,18:00:00,30.000000000000053,5.0,,,2.0,2.0,,,,,,,,,
2026-05-07,,,,,,,,,,,,,,,,,,,,,,,
2026-05-07,,,,,,s,,,,,,,,,,,,,,,,,
2026-05-07,,,,,,,16:00:00,17:00:00,60.00000000000011,5.0,,,7.0,7.0,,,,,,,,,
2026-05-07,,,,,,,,,,,,,,,,,,,,,,,
2026-05-07,,,,,,s,,,,,,,,,,,,,,,,,
2026-05-07,,,,,,,15:00:00,16:00:00,59.99999999999995,5.0,,,5.0,5.0,,,,,,,,,
2026-05-07,,,,,,,,,,,,,,,,,,,,,,,
2026-05-07,,,,,,,,,0.0,,,,,,,,,,,,,,
,,,,,,,,,,,,,,,,,,,,,,,
,,,,,,,,,,,,,,,,,,,,,,,
,,,,,,,,,,,,,,,,,,,,,,,
,,,,,,,,,0.0,,,,,,,,,,,,,,
,,,,,,,,,,,,,,,,,,,,,,,
,,,,,,,,,,,,,,,,,,,,,,,
,,,,,,,,,0.0,,,,,,,,,,,,,,
,,,,,,,,,,,,,,,,,,,,,,,
,,,,,,,,,,,,,,,,,,,,,,,
,,,,,,,,,0.0,,,,,,,,,,,,,,
,,,,,,,,,,,,,,,,,,,,,,,
,,,,,,,,,,,,,,,,,,,,,,,
,,,,,,,,,0.0,,,,,,,,,,,,,,
,,,,,,,,,,,,,,,,,,,,,,,
,,,,,,,,,,,,,,,,,,,,,,,
,,,,,,,,,0.0,,,,,,,,,,,,,,
,,,,,,,,,,,,,,,,,,,,,,,
,,,,,,,,,,,,,,,,,,,,,,,
,,,,,,,,,0.0,,,,,,,,,,,,,,
,,,,,,,,,,,,,,,,,,,,,,,
,,,,,,,,,,,,,,,,,,,,,,,
,,,,,,,,,0.0,,,,,,,,,,,,,,
,,,,,,,,,,,,,,,,,,,,,,,
,,,,,,,,,,,,,,,,,,,,,,,
,,,,,,,,,0.0,,,,,,,,,,,,,,
,,,,,,,,,,,,,,,,,,,,,,,
,,,,,,,,,0.0,,,,,,,,,,,,,,
,,,,,,,,,,,,,,,,,,,,,,,
,,,,,,,,,,,,,,,,,,,,,,,
,,,,,,,,,0.0,,,,,,,,,,,,,,
,,,,,,,,,,,,,,,,,,,,,,,
,,,,,,,,,,,,,,,,,,,,,,,
,,,,,,,,,0.0,,,,,,,,,,,,,,
,,,,,,,,,,,,,,,,,,,,,,,
,,,,,,,,,,,,,,,,,,,,,,,
,,,,,,,,,0.0,,,,,,,,,,,,,,
,,,,,,,,,,,,,,,,,,,,,,,
,,,,,,,,,,,,,,,,,,,,,,,
,,,,,,,,,0.0,,,,,,,,,,,,,,
,,,,,,,,,,,,,,,,,,,,,,,
,,,,,,,,,,,,,,,,,,,,,,,
,,,,,,,,,0.0,,,,,,,,,,,,,,
,,,,,,,,,,,,,,,,,,,,,,,
,,,,,,,,,,,,,,,,,,,,,,,
,,,,,,,,,0.0,,,,,,,,,,,,,,
,,,,,,,,,,,,,,,,,,,,,,,
,,,,,,,,,,,,,,,,,,,,,,,
,,,,,,,,,0.0,,,,,,,,,,,,,,
,,,,,,,,,,,,,,,,,,,,,,,
,,,,,,,,,,,,,,,,,,,,,,,
,,,,,,,,,0.0,,,,,,,,,,,,,,
,,,,,,,,,,,,,,,,,,,,,,,
,,,,,,,,,,,,,,,,,,,,,,,
,,,,,,,,,0.0,,,,,,,,,,,,,,
,,,,,,,,,,,,,,,,,,,,,,,
,,,,,,,,,,,,,,,,,,,,,,,
,,,,,,,,,0.0,,,,,,,,,,,,,,
,,,,,,,,,,,,,,,,,,,,,,,
,,,,,,,,,,,,,,,,,,,,,,,
,,,,,,,,,0.0,,,,,,,,,,,,,,
,,,,,,,,,,,,,,,,,,,,,,,
,,,,,,,,,,,,,,,,,,,,,,,
,,,,,,,,,0.0,,,,,,,,,,,,,,
,,,,,,,,,,,,,,,,,,,,,,,
,,,,,,,,,,,,,,,,,,,,,,,
,,,,,,,,,0.0,,,,,,,,,,,,,,
,,,,,,,,,,,,,,,,,,,,,,,
,,,,,,,,,,,,,,,,,,,,,,,
,,,,,,,,,0.0,,,,,,,,,,,,,,
,,,,,,,,,,,,,,,,,,,,,,,
,,,,,,,,,,,,,,,,,,,,,,,
,,,,,,,,,0.0,,,,,,,,,,,,,,
,,,,,,,,,,,,,,,,,,,,,,,
,,,,,,,,,,,,,,,,,,,,,,,
,,,,,,,,,0.0,,,,,,,,,,,,,,
,,,,,,,,,,,,,,,,,,,,,,,
,,,,,,,,,,,,,,,,,,,,,,,
,,,,,,,,,0.0,,,,,,,,,,,,,,
,,,,,,,,,,,,,,,,,,,,,,,
,,,,,,,,,,,,,,,,,,,,,,,
,,,,,,,,,0.0,,,,,,,,,,,,,,
,,,,,,,,,,,,,,,,,,,,,,,
,,,,,,,,,,,,,,,,,,,,,,,
,,,,,,,,,0.0,,,,,,,,,,,,,,
,,,,,,,,,,,,,,,,,,,,,,,
,,,,,,,,,,,,,,,,,,,,,,,
,,,,,,,21:00:00,21:45:00,45.0,3.0,,,1.0,1.0,,,,,,R 02,Drahtfass leer,,
,,,,,,s,,,,,,,,,,,,,,,,,
,,,,,,,,,,,,,,,,,,,,,,,
,,,,,,,,,0.0,,,,,,,,,,,,,,
,,,,,,,,,,,,,,,,,,,,,,,
,,,,,,,,,,,,,,,,,,,,,,,
,,,,,,,,,,,,,,,,,,,,,,,
,,,,,,,,,,,,,,,,,,,,,,,
,,,,,,,,,0.0,,,,,,,,,,,,,,
,,,,,,,,,,,,,,,,,,,,,,,
,,,,,,,,,,,,,,,,,,,,,,,
,,,,,,,,,0.0,,,,,,,,,,,,,,
,,,,,,,,,,,,,,,,,,,,,,,
,,,,,,,,,,,,,,,,,,,,,,,
,,,,,,,,,0.0,,,,,,,,,,,,,,
,,,,,,,,,,,,,,,,,,,,,,,
,,,,,,,,,,,,,,,,,,,,,,,
,,,,,,,,,0.0,,,,,,,,,,,,,,
,,,,,,,,,,,,,,,,,,,,,,,
,,,,,,,,,,,,,,,,,,,,,,,
,,,,,,,,,0.0,,,,,,,,,,,,,,
,,,,,,,,,,,,,,,,,,,,,,,
,,,,,,,,,,,,,,,,,,,,,,,
,,,,,,,,,0.0,,,,,,,,,,,,,,
,,,,,,,,,,,,,,,,,,,,,,,
,,,,,,,,,,,,,,,,,,,,,,,
,,,,,,,,,0.0,,,,,,,,,,,,,,
,,,,,,,,,,,,,,,,,,,,,,,
,,,,,,,,,,,,,,,,,,,,,,,
,,,,,,,,,0.0,,,,,,,,,,,,,,
,,,,,,,,,,,,,,,,,,,,,,,
,,,,,,,,,,,,,,,,,,,,,,,
,,,,,,,,,0.0,,,,,,,,,,,,,,
,,,,,,,,,,,,,,,,,,,,,,,
,,,,,,,,,,,,,,,,,,,,,,,
,,,,,,,,,0.0,,,,,,,,,,,,,,
,,,,,,,,,,,,,,,,,,,,,,,
,,,,,,,,,,,,,,,,,,,,,,,
,,,,,,,,,0.0,,,,,,,,,,,,,,
,,,,,,,,,,,,,,,,,,,,,,,
,,,,,,,,,,,,,,,,,,,,,,,
,,,,,,,,,0.0,,,,,,,,,,,,,,
,,,,,,,,,,,,,,,,,,,,,,,
,,,,,,,,,,,,,,,,,,,,,,,
,,,,,,,,,0.0,,,,,,,,,,,,,,
,,,,,,,,,,,,,,,,,,,,,,,
,,,,,,,,,,,,,,,,,,,,,,,
,,,,,,,,,0.0,,,,,,,,,,,,,,
,,,,,,,,,,,,,,,,,,,,,,,
,,,,,,,,,,,,,,,,,,,,,,,
,,,,,,,,,0.0,,,,,,,,,,,,,,
,,,,,,,,,,,,,,,,,,,,,,,
,,,,,,,,,,,,,,,,,,,,,,,
,,,,,,,,,0.0,,,,,,,,,,,,,,
,,,,,,,,,,,,,,,,,,,,,,,
,,,,,,,,,,,,,,,,,,,,,,,
,,,,,,,,,0.0,,,,,,,,,,,,,,
,,,,,,,,,,,,,,,,,,,,,,,
,,,,,,,,,,,,,,,,,,,,,,,
,,,,,,,,,0.0,,,,,,,,,,,,,,
,,,,,,,,,,,,,,,,,,,,,,,
,,,,,,,,,,,,,,,,,,,,,,,
,,,,,,,,,0.0,,,,,,,,,,,,,,
,,,,,,,,,,,,,,,,,,,,,,,
,,,,,,,,,,,,,,,,,,,,,,,
,,,,,,,,,0.0,,,,,,,,,,,,,,
,,,,,,,,,,,,,,,,,,,,,,,
,,,,,,,,,,,,,,,,,,,,,,,
,,,,,,,,,0.0,,,,,,,,,,,,,,
,,,,,,,,,,,,,,,,,,,,,,,
,,,,,,,,,,,,,,,,,,,,,,,
,,,,,,,,,0.0,,,,,,,,,,,,,,
,,,,,,,,,,,,,,,,,,,,,,,
,,,,,,,,,,,,,,,,,,,,,,,
,,,,,,,,,0.0,,,,,,,,,,,,,,
,,,,,,,,,,,,,,,,,,,,,,,
,,,,,,,,,,,,,,,,,,,,,,,
,,,,,,f,12:00:00,13:15:00,75.00000000000006,3.0,,,2.0,2.0,,,,,,,,,
,,,,,,,,,,,,,,,,,,,,OP 90,Spanner schließt nicht (Robtech Informiert),,
,,,,,,,,,,,,,,,,,,15,,,Reinigung ,,
,,,,,,,,,0.0,,,,,,,,,,,,,,
,,,,,,,,,,,,,,,,,,,,,,,
,,,,,,,,,,,,,,,,,,,,,,,
,,,,,,,,,0.0,,,,,,,,,,,,,,
,,,,,,,,,,,,,,,,,,,,,,,
,,,,,,,,,,,,,,,,,,,,,,,
,,,,,,,,,0.0,,,,,,,,,,,,,,
,,,,,,,,,,,,,,,,,,,,,,,
,,,,,,,,,,,,,,,,,,,,,,,
,,,,,,,,,0.0,,,,,,,,,,,,,,
,,,,,,,,,,,,,,,,,,,,,,,
,,,,,,,,,,,,,,,,,,,,,,,
,,,,,,,,,0.0,,,,,,,,,,,,,,
,,,,,,,,,,,,,,,,,,,,,,,
,,,,,,,,,,,,,,,,,,,,,,,
,,,,,,,,,0.0,,,,,,,,,,,,,,
,,,,,,,,,,,,,,,,,,,,,,,
,,,,,,,,,,,,,,,,,,,,,,,
,,,,,,,,,0.0,,,,,,,,,,,,,,
,,,,,,,,,,,,,,,,,,,,,,,
,,,,,,,,,,,,,,,,,,,,,,,
,,,,,,,,,0.0,,,,,,,,,,,,,,
,,,,,,,,,,,,,,,,,,,,,,,
,,,,,,,,,,,,,,,,,,,,,,,
,,,,,,,,,0.0,,,,,,,,,,,,,,
,,,,,,,,,,,,,,,,,,,,,,,
,,,,,,,,,,,,,,,,,,,,,,,
,,,,,,,,,0.0,,,,,,,,,,,,,,
,,,,,,,,,,,,,,,,,,,,,,,
,,,,,,,,,,,,,,,,,,,,,,,
,,,,,,,,,0.0,,,,,,,,,,,,,,
,,,,,,,,,,,,,,,,,,,,,,,
,,,,,,,,,,,,,,,,,,,,,,,
,,,,,,,,,0.0,,,,,,,,,,,,,,
,,,,,,,,,,,,,,,,,,,,,,,
,,,,,,,,,,,,,,,,,,,,,,,
,,,,,,,,,0.0,,,,,,,,,,,,,,
,,,,,,,,,,,,,,,,,,,,,,,
,,,,,,,,,,,,,,,,,,,,,,,
,,,,,,,,,0.0,,,,,,,,,,,,,,
,,,,,,,,,,,,,,,,,,,,,,,
,,,,,,,,,,,,,,,,,,,,,,,
,,,,,,,,,0.0,,,,,,,,,,,,,,
,,,,,,,,,,,,,,,,,,,,,,,
,,,,,,,,,,,,,,,,,,,,,,,
,,,,,,,,,0.0,,,,,,,,,,,,,,
,,,,,,,,,,,,,,,,,,,,,,,
,,,,,,,,,,,,,,,,,,,,,,,
,,,,,,,,,0.0,,,,,,,,,,,,,,
,,,,,,,,,,,,,,,,,,,,,,,
,,,,,,,,,,,,,,,,,,,,,,,
,,,,,,f,04:45:00,06:00:00,75.00000000000001,4.0,,6.0,,6.0,,,,15,,,Wartungsplan,,
,,,,,,,,,,,,,,,,,,,,,,,
,,,,,,,,,,,,,,,,,,,,,,,
,,,,,,f,06:00:00,07:00:00,60.00000000000003,4.0,,3.0,3.0,6.0,,,,,,,,,
,,,,,,,,,,,,,,,,,,,,,,,
,,,,,,,,,,,,,,,,,,,,,,,
,,,,,,f,07:00:00,08:00:00,59.99999999999995,4.0,,,6.0,6.0,,,,,,,,,
,,,,,,,,,,,,,,,,,,,,,,,
,,,,,,,,,,,,,,,,,,,,,,,
,,,,,,f,08:00:00,09:00:00,60.00000000000003,4.0,,5.0,1.0,6.0,,,,,,,,,
,,,,,,,,,,,,,,,,,,,,,,,
,,,,,,,,,,,,,,,,,,,,,,,
,,,,,,f,09:30:00,10:00:00,30.000000000000053,4.0,,,3.0,3.0,,,,,,,,,
,,,,,,,,,,,,,,,,,,,,,,,
,,,,,,,,,,,,,,,,,,,,,,,
,,,,,,f,10:00:00,11:00:00,59.99999999999995,4.0,,,6.0,6.0,,,,,,,,,
,,,,,,,,,,,,,,,,,,,,,,,
,,,,,,,,,,,,,,,,,,,,,,,
,,,,,,f,11:00:00,12:00:00,60.00000000000003,4.0,,,6.0,6.0,,,,,,,,,
,,,,,,,,,,,,,,,,,,,,,,,
,,,,,,,,,,,,,,,,,,,,,,,
,,,,,,f,12:00:00,13:15:00,75.00000000000006,4.0,,,4.0,4.0,,,10,,,, STW nachgearbeitet ,,
,,,,,,,,,,,,,,,,,,,,,,,
,,,,,,,,,,,,,,,,,,15,,,Reinigung,,
,,,,,,,,,0.0,,,,,,,,,,,,,,
,,,,,,,,,,,,,,,,,,,,,,,
,,,,,,,,,,,,,,,,,,,,,,,
,,,,,,s,13:15:00,14:00:00,45.0,5.0,,,3.0,3.0,,,,15,,,Wartungsplan,,
,,,,,,,,,,,,,,,,,,,,,,,
,,,,,,,,,,,,,,,,,,,,,,,
,,,,,,s,14:00:00,15:00:00,59.99999999999995,5.0,,,6.0,6.0,,,,,,,,,
,,,,,,,,,,,,,,,,,,,,,,,
,,,,,,,,,,,,,,,,,,,,,,,
,,,,,,s,15:00:00,16:00:00,59.99999999999995,5.0,,,3.0,3.0,,35,,,,OP20,"OP erkennt rechtes Blech nicht und dreht immer weiter, Robtech informiert",,
,,,,,,,,,,,,,,,,,,,,,,,
,,,,,,,,,,,,,,,,,,,,,,,
,,,,,,s,16:00:00,17:00:00,60.00000000000011,5.0,,,4.0,4.0,,20,,,,,Bedienerschutz ausgelöst + Folgefehler beheben,3,
,,,,,,,,,,,,,,,,,,,,,,,
,,,,,,,,,,,,,,,,,,,,,,,
,,,,,,s,17:30:00,18:00:00,30.000000000000053,5.0,,,2.0,2.0,,,,,,,,,
,,,,,,,,,,,,,,,,,,,,,,,
,,,,,,,,,,,,,,,,,,,,,,,
,,,,,,s,18:00:00,19:00:00,59.99999999999995,5.0,,,5.0,5.0,,,,,,,,,
,,,,,,,,,,,,,,,,,,,,,,,
,,,,,,,,,,,,,,,,,,,,,,,
,,,,,,s,19:00:00,20:00:00,60.00000000000011,5.0,,,,,,,,60,,,Reinigung,,
,,,,,,,,,,,,,,,,,,,,,,,
,,,,,,,,,,,,,,,,,,,,,,,
,,,,,,s,20:00:00,21:00:00,59.99999999999995,5.0,,,,,,,,60,,,Reinigung,,
,,,,,,,,,,,,,,,,,,,,,,,
,,,,,,,,,,,,,,,,,,,,,,,
,,,,,,,21:00:00,21:45:00,45.0,5.0,,,1.0,1.0,,,,,,,,,
,,,,,,s,,,,,,,,,,,,,,,,,
,,,,,,,,,,,,,,,,,,15,,,Reinigung + Werkzeug einschließen,,
,,,,,,,,,0.0,,,,,,,,, ,,,,,
,,,,,,,,,,,,,,,,,,,,,,,
,,,,,,,,,,,,,,,,,,,,,,,
,,,,,,,,,0.0,,,,,,,,,,,,,,
,,,,,,,,,,,,,,,,,,,,,,,
,,,,,,,,,,,,,,,,,,,,,,,
,,,,,,,,,0.0,,,,,,,,,,,,,,
,,,,,,,,,,,,,,,,,,,,,,,
,,,,,,,,,,,,,,,,,,,,,,,
,,,,,,,,,0.0,,,,,,,,,,,,,,
,,,,,,,,,,,,,,,,,,,,,,,
,,,,,,,,,,,,,,,,,,,,,,,
,,,,,,,,,0.0,,,,,,,,,,,,,,
,,,,,,,,,,,,,,,,,,,,,,,
,,,,,,,,,,,,,,,,,,,,,,,
,,,,,,,,,0.0,,,,,,,,,,,,,,
,,,,,,,,,,,,,,,,,,,,,,,
,,,,,,,,,,,,,,,,,,,,,,,
,,,,,,,,,0.0,,,,,,,,,,,,,,
,,,,,,,,,,,,,,,,,,,,,,,
,,,,,,,,,,,,,,,,,,,,,,,
,,,,,,,,,0.0,,,,,,,,,,,,,,
,,,,,,,,,,,,,,,,,,,,,,,
,,,,,,,,,,,,,,,,,,,,,,,
,,,,,,,,,0.0,,,,,,,,,,,,,,
,,,,,,,,,,,,,,,,,,,,,,,
,,,,,,,,,,,,,,,,,,,,,,,
,,,,,,,,,0.0,,,,,,,,,,,,,,
,,,,,,,,,,,,,,,,,,,,,,,
,,,,,,,,,,,,,,,,,,,,,,,
,,,,,,,,,0.0,,,,,,,,,,,,,,
,,,,,,,,,,,,,,,,,,,,,,,
,,,,,,,,,,,,,,,,,,,,,,,
,,,,,,,,,0.0,,,,,,,,,,,,,,
,,,,,,,,,,,,,,,,,,,,,,,
,,,,,,,,,,,,,,,,,,,,,,,
,,,,,,,,,0.0,,,,,,,,,,,,,,
,,,,,,,,,,,,,,,,,,,,,,,
,,,,,,,,,,,,,,,,,,,,,,,
,,,,,,,,,0.0,,,,,,,,,,,,,,
,,,,,,,,,,,,,,,,,,,,,,,
,,,,,,,,,,,,,,,,,,,,,,,
,,,,,,,,,0.0,,,,,,,,,,,,,,
,,,,,,,,,,,,,,,,,,,,,,,
,,,,,,,,,,,,,,,,,,,,,,,
,,,,,,,,,0.0,,,,,,,,,,,,,,
,,,,,,,,,,,,,,,,,,,,,,,
,,,,,,,,,,,,,,,,,,,,,,,
,,,,,,,,,0.0,,,,,,,,,,,,,,
,,,,,,,,,,,,,,,,,,,,,,,
,,,,,,,,,,,,,,,,,,,,,,,
,,,,,,,,,0.0,,,,,,,,,,,,,,
,,,,,,,,,,,,,,,,,,,,,,,
,,,,,,,,,,,,,,,,,,,,,,,
,,,,,,,,,0.0,,,,,,,,,,,,,,
,,,,,,,,,,,,,,,,,,,,,,,
,,,,,,,,,,,,,,,,,,,,,,,
,,,,,,f,,,0.0,4.0,,,4.0,4.0,,,,15,,,Wartungsplan,,
,,,,,,,04:45:00,06:00:00,,,,,,,,15,,,,OP 120.1,Zylinder niecht in Posizion  (Schlosser  Informiert.),,
,,,,,,,,,,,,,,,,,,,,,,,
,,,,,,f,,,0.0,4.0,,,5.0,5.0,,,,,,,,,
,,,,,,,06:00:00,07:00:00,,,,,,,,,,,,,,,
,,,,,,,,,,,,,,,,,,,,,,,
,,,,,,f,,,0.0,4.0,,,5.0,5.0,,,,,,,,,
,,,,,,,07:00:00,08:00:00,,,,,,,,,,,,,,,
,,,,,,,,,,,,,,,,,,,,R 06, In OP.120-1     Schweißnahtqualität schlecht (Robotech Informiert.),,
,,,,,,f,,,0.0,4.0,,,5.0,5.0,,,,,,,,,
,,,,,,,08:00:00,09:00:00,,,,,,,,10,,,,R 06,      Robotech. An der Anlage .   Brenner  Tauschen,,
,,,,,,,,,,,,,,,,,,,,,,,
,,,,,,f,,,0.0,4.0,,,2.0,2.0,,,,,,,,,
,,,,,,,09:30:00,10:00:00,,,,,,,,,,,,,,,
,,,,,,,,,,,,,,,,,,,,,,,
,,,,,,f,,,0.0,4.0,,,4.0,4.0,,12,,,,, STW nachgearbeitet ,2,
,,,,,,,10:00:00,11:00:00,,,,,,,,,,,,,,,
,,,,,,,,,,,,,,,,,,,,,,,
,,,,,,f,,,0.0,4.0,,,5.0,5.0,,12,,,,R 06, In OP.120-1     Schweißnahtqualität schlecht  QT. Unten Nachschweißen,2,
,,,,,,,11:00:00,12:00:00,,,,,,,,,,,,,,,
,,,,,,,,,,,,,,,,,,,,,,,
,,,,,,f,,,0.0,4.0,,,4.0,4.0,,15,,,,, In OP.120-1     Schweißnahtqualität schlecht  QT. Unten Nachschweißen,,
,,,,,,,12:00:00,13:15:00,,,,,,,,,,,,,,,
,,,,,,,,,,,,,,,,,,,,,,,
,,,,,,,,,0.0,,,,,,,,,,,,,,
,,,,,,,,,,,,,,,,,,,,,,,
,,,,,,,,,,,,,,,,,,,,,,,
,,,,,,s,13:15:00,14:00:00,45.0,6.0,,,2.0,2.0,,,,15,,,Wartungsplan,,
,,,,,,,,,,,,,,,,,,20,,R 06,Drahtwechseln ,,
,,,,,,,,,,,,,,,,,,,,,,,
,,,,,,s,14:00:00,15:00:00,59.99999999999995,6.0,,,5.0,5.0,,,,,,,,,
,,,,,,,,,,,,,,,,,,,,,,,
,,,,,,,,,,,,,,,,,,,,,,,
,,,,,,s,15:00:00,16:00:00,59.99999999999995,6.0,,,6.0,6.0,,,,,,,,,
,,,,,,,,,,,,,,,,,,,,,,,
,,,,,,,,,,,,,,,,,,,,,,,
,,,,,,s,16:00:00,17:00:00,60.00000000000011,6.0,,,6.0,6.0,,,,,,,,,
,,,,,,,,,,,,,,,,,,,,,,,
,,,,,,,,,,,,,,,,,,,,,,,
,,,,,,s,17:30:00,18:00:00,30.000000000000053,6.0,,,2.0,2.0,,,,,,,,,
,,,,,,,,,,,,,,,,,,,,,,,
,,,,,,,,,,,,,,,,,,,,,,,
,,,,,,s,18:00:00,19:00:00,59.99999999999995,6.0,,,0.0,,,,,,,,Stromausfall ,,
,,,,,,,,,,,,,,,,,,60,,,Reinigung ,,
,,,,,,,,,,,,,,,,,,,,,Warten auf RobTech,,
,,,,,,s,19:00:00,20:00:00,60.00000000000011,6.0,,,0.0,,,,,,,,Stromausfall ,,
,,,,,,,,,,,,,,,,,,60,,,Reinigung ,,
,,,,,,,,,,,,,,,,,,,,,Warten auf RobTech,,
,,,,,,s,20:00:00,21:00:00,59.99999999999995,6.0,,,0.0,,,,,,,,Stromausfall ,,
,,,,,,,,,,,,,,,,,,60,,,Reinigung ,,
,,,,,,,,,,,,,,,,,,,,,Warten auf RobTech,,
,,,,,,,21:00:00,21:45:00,45.0,6.0,,,0.0,,,,,,,,Stromausfall ,,
,,,,,,s,,,,,,,,,,,,45,,,Warten auf RobTech,,
,,,,,,,,,,,,,,,,,,,,,Reinigung ,,
,,,,,,,,,0.0,,,,,,,,,,,,,,
,,,,,,,,,,,,,,,,,,,,,,,
,,,,,,,,,,,,,,,,,,,,,,,
,,,,,,,,,0.0,,,,,,,,,,,,,,
,,,,,,,,,,,,,,,,,,,,,,,
,,,,,,,,,,,,,,,,,,,,,,,
,,,,,,,,,0.0,,,,,,,,,,,,,,
,,,,,,,,,,,,,,,,,,,,,,,
,,,,,,,,,,,,,,,,,,,,,,,
,,,,,,,,,0.0,,,,,,,,,,,,,,
,,,,,,,,,,,,,,,,,,,,,,,
,,,,,,,,,,,,,,,,,,,,,,,
,,,,,,,,,0.0,,,,,,,,,,,,,,
,,,,,,,,,,,,,,,,,,,,,,,
,,,,,,,,,,,,,,,,,,,,,,,
,,,,,,,,,0.0,,,,,,,,,,,,,,
,,,,,,,,,,,,,,,,,,,,,,,
,,,,,,,,,,,,,,,,,,,,,,,
,,,,,,,,,0.0,,,,,,,,,,,,,,
,,,,,,,,,,,,,,,,,,,,,,,
,,,,,,,,,,,,,,,,,,,,,,,
,,,,,,,,,0.0,,,,,,,,,,,,,,
,,,,,,,,,,,,,,,,,,,,,,,
,,,,,,,,,,,,,,,,,,,,,,,
,,,,,,,,,0.0,,,,,,,,,,,,,,
,,,,,,,,,,,,,,,,,,,,,,,
,,,,,,,,,,,,,,,,,,,,,,,
,,,,,,,,,0.0,,,,,,,,,,,,,,
,,,,,,,,,,,,,,,,,,,,,,,
,,,,,,,,,,,,,,,,,,,,,,,
,,,,,,,,,,,,,,,,,,,,,,,
,,,,,,,,,,,,,,,,,,,,,,,
,,,,,,,,,0.0,,,,,,,,,,,,,,
,,,,,,,,,,,,,,,,,,,,,,,
,,,,,,,,,,,,,,,,,,,,,,,
,,,,,,,,,0.0,,,,,,,,,,,,,,
,,,,,,,,,,,,,,,,,,,,,,,
,,,,,,,,,,,,,,,,,,,,,,,
,,,,,,,,,0.0,,,,,,,,,,,,,,
,,,,,,,,,,,,,,,,,,,,,,,
,,,,,,,,,,,,,,,,,,,,,,,
,,,,,,,,,0.0,,,,,,,,,,,,,,
,,,,,,,,,,,,,,,,,,,,,,,
,,,,,,,,,,,,,,,,,,,,,,,
,,,,,,,,,0.0,,,,,,,,,,,,,,
,,,,,,,,,,,,,,,,,,,,,,,
,,,,,,,,,,,,,,,,,,,,,,,
,,,,,,,,,0.0,,,,,,,,,,,,,,
,,,,,,,,,,,,,,,,,,,,,,,
,,,,,,,,,,,,,,,,,,,,,,,
,,,,,,,,,0.0,,,,,,,,,,,,,,
,,,,,,,,,,,,,,,,,,,,,,,
,,,,,,,,,,,,,,,,,,,,,,,
,,,,,,,,,0.0,,,,,,,,,,,,,,
,,,,,,,,,,,,,,,,,,,,,,,
,,,,,,,,,,,,,,,,,,,,,,,
,,,,,,,,,0.0,,,,,,,,,,,,,,
,,,,,,,,,,,,,,,,,,,,,,,
,,,,,,,,,,,,,,,,,,,,,,,
,,,,,,,,,0.0,,,,,,,,,,,,,,
,,,,,,,,,,,,,,,,,,,,,,,
,,,,,,,,,,,,,,,,,,,,,,,
,,,,,,,,,0.0,,,,,,,,,,,,,,
,,,,,,,,,,,,,,,,,,,,,,,
,,,,,,,,,,,,,,,,,,,,,,,
,,,,,,,,,0.0,,,,,,,,,,,,,,
,,,,,,,,,,,,,,,,,,,,,,,
,,,,,,,,,,,,,,,,,,,,,,,
,,,,,,,,,0.0,,,,,,,,,,,,,,
,,,,,,,,,,,,,,,,,,,,,,,
,,,,,,,,,,,,,,,,,,,,,,,
,,,,,,,,,0.0,,,,,,,,,,,,,,
,,,,,,,,,,,,,,,,,,,,,,,
,,,,,,,,,,,,,,,,,,,,,,,
,,,,,,,,,0.0,,,,,,,,,,,,,,
,,,,,,,,,,,,,,,,,,,,,,,
,,,,,,,,,,,,,,,,,,,,,,,
,,,,,,,,,0.0,,,,,,,,,,,,,,
,,,,,,,,,,,,,,,,,,,,,,,
,,,,,,,,,,,,,,,,,,,,,,,
,,,,,,,,,0.0,,,,,,,,,,,,,,
,,,,,,,,,,,,,,,,,,,,,,,
,,,,,,,,,,,,,,,,,,,,,,,
,,,,,,,,,0.0,,,,,,,,,,,,,,
,,,,,,,,,,,,,,,,,,,,,,,
,,,,,,,,,,,,,,,,,,,,,,,
,,,,,,,,,,,,,,,,,,,,,,,
,,,,,,,,,,,,,,,,,,,,,,,
,,,,,,,,,0.0,,,,,,,,,,,,,,
,,,,,,,,,,,,,,,,,,,,,,,
,,,,,,,,,,,,,,,,,,,,,,,
,,,,,,,,,0.0,,,,,,,,,,,,,,
,,,,,,,,,,,,,,,,,,,,,,,
,,,,,,,,,,,,,,,,,,,,,,,
,,,,,,,,,0.0,,,,,,,,,,,,,,
,,,,,,,,,,,,,,,,,,,,,,,
,,,,,,,,,,,,,,,,,,,,,,,
,,,,,,,,,0.0,,,,,,,,,,,,,,
,,,,,,,,,,,,,,,,,,,,,,,
,,,,,,,,,,,,,,,,,,,,,,,
,,,,,,,,,0.0,,,,,,,,,,,,,,
,,,,,,,,,,,,,,,,,,,,,,,
,,,,,,,,,,,,,,,,,,,,,,,
,,,,,,,,,0.0,,,,,,,,,,,,,,
,,,,,,,,,,,,,,,,,,,,,,,
,,,,,,,,,,,,,,,,,,,,,,,
,,,,,,,,,0.0,,,,,,,,,,,,,,
,,,,,,,,,,,,,,,,,,,,,,,
,,,,,,,,,,,,,,,,,,,,,,,
,,,,,,,,,0.0,,,,,,,,,,,,,,
,,,,,,,,,,,,,,,,,,,,,,,
,,,,,,,,,,,,,,,,,,,,,,,
,,,,,,,,,0.0,,,,,,,,,,,,,,
,,,,,,,,,,,,,,,,,,,,,,,
,,,,,,,,,,,,,,,,,,,,,,,
,,,,,,,,,0.0,,,,,,,,,,,,,,
,,,,,,,,,,,,,,,,,,,,,,,
,,,,,,,,,,,,,,,,,,,,,,,
,,,,,,,,,0.0,,,,,,,,,,,,,,
,,,,,,,,,,,,,,,,,,,,,,,
,,,,,,,,,,,,,,,,,,,,,,,
,,,,,,,,,0.0,,,,,,,,,,,,,,
,,,,,,,,,,,,,,,,,,,,,,,
,,,,,,,,,,,,,,,,,,,,,,,
,,,,,,,,,0.0,,,,,,,,,,,,,,
,,,,,,,,,,,,,,,,,,,,,,,
,,,,,,,,,,,,,,,,,,,,,,,
,,,,,,,,,0.0,,,,,,,,,,,,,,
,,,,,,,,,,,,,,,,,,,,,,,
,,,,,,,,,,,,,,,,,,,,,,,
,,,,,,,,,0.0,,,,,,,,,,,,,,
,,,,,,,,,,,,,,,,,,,,,,,
,,,,,,,,,,,,,,,,,,,,,,,
,,,,,,,,,0.0,,,,,,,,,,,,,,
,,,,,,,,,,,,,,,,,,,,,,,
,,,,,,,,,,,,,,,,,,,,,,,
,,,,,,,,,0.0,,,,,,,,,,,,,,
,,,,,,,,,,,,,,,,,,,,,,,
,,,,,,,,,,,,,,,,,,,,,,,
,,,,,,,,,0.0,,,,,,,,,,,,,,
,,,,,,,,,,,,,,,,,,,,,,,
,,,,,,,,,,,,,,,,,,,,,,,
,,,,,,,,,0.0,,,,,,,,,,,,,,
,,,,,,,,,,,,,,,,,,,,,,,
,,,,,,,,,,,,,,,,,,,,,,,
,,,,,,,,,0.0,,,,,,,,,,,,,,
,,,,,,,,,,,,,,,,,,,,,,,
,,,,,,,,,,,,,,,,,,,,,,,
,,,,,,,,,0.0,,,,,,,,,,,,,,
,,,,,,,,,,,,,,,,,,,,,,,
,,,,,,,,,,,,,,,,,,,,,,,
,,,,,,,,,0.0,,,,,,,,,,,,,,
,,,,,,,,,,,,,,,,,,,,,,,
,,,,,,,,,,,,,,,,,,,,,,,
,,,,,,,,,0.0,,,,,,,,,,,,,,
,,,,,,,,,,,,,,,,,,,,,,,
,,,,,,,,,,,,,,,,,,,,,,,
,,,,,,,,,0.0,,,,,,,,,,,,,,
,,,,,,,,,,,,,,,,,,,,,,,
,,,,,,,,,,,,,,,,,,,,,,,
,,,,,,,,,0.0,,,,,,,,,,,,,,
,,,,,,,,,,,,,,,,,,,,,,,
,,,,,,,,,,,,,,,,,,,,,,,
,,,,,,,,,0.0,,,,,,,,,,,,,,
,,,,,,,,,,,,,,,,,,,,,,,
,,,,,,,,,,,,,,,,,,,,,,,
,,,,,,,,,0.0,,,,,,,,,,,,,,
,,,,,,,,,,,,,,,,,,,,,,,
,,,,,,,,,,,,,,,,,,,,,,,
,,,,,,,,,0.0,,,,,,,,,,,,,,
,,,,,,,,,,,,,,,,,,,,,,,
,,,,,,,,,,,,,,,,,,,,,,,
,,,,,,,,,0.0,,,,,,,,,,,,,,
,,,,,,,,,,,,,,,,,,,,,,,
,,,,,,,,,,,,,,,,,,,,,,,
,,,,,,,,,0.0,,,,,,,,,,,,,,
,,,,,,,,,,,,,,,,,,,,,,,
,,,,,,,,,,,,,,,,,,,,,,,
,,,,,,,,,0.0,,,,,,,,,,,,,,
,,,,,,,,,,,,,,,,,,,,,,,
,,,,,,,,,,,,,,,,,,,,,,,
,,,,,,,,,0.0,,,,,,,,,,,,,,
,,,,,,,,,,,,,,,,,,,,,,,
,,,,,,,,,,,,,,,,,,,,,,,
,,,,,,,,,0.0,,,,,,,,,,,,,,
,,,,,,,,,,,,,,,,,,,,,,,
,,,,,,,,,,,,,,,,,,,,,,,
,,,,,,,,,0.0,,,,,,,,,,,,,,
,,,,,,,,,,,,,,,,,,,,,,,
,,,,,,,,,,,,,,,,,,,,,,,
,,,,,,,,,0.0,,,,,,,,,,,,,,
,,,,,,,,,,,,,,,,,,,,,,,
,,,,,,,,,,,,,,,,,,,,,,,
,,,,,,,,,0.0,,,,,,,,,,,,,,
,,,,,,,,,,,,,,,,,,,,,,,
,,,,,,,,,,,,,,,,,,,,,,,
,,,,,,,,,0.0,,,,,,,,,,,,,,
,,,,,,,,,,,,,,,,,,,,,,,
,,,,,,,,,,,,,,,,,,,,,,,
,2026-05-06 00:00:00,2026-05-06 00:00:00,2026-05-06 00:00:00,2026-05-06,2026-05-06,,,,0.0,,,,,,,,,,,,,,
,,,,,,,,,,,,,,,,,,,,,,,
,,,,,,,,,,,,,,,,,,,,,,,
,,,,,,,,,0.0,,,,,,,,,,,,,,
,,,,,,,,,,,,,,,,,,,,,,,
,,,,,,,,,,,,,,,,,,,,,,,
,,,,,,,,,0.0,,,,,,,,,,,,,,
,,,,,,,,,,,,,,,,,,,,,,,
,,,,,,,,,,,,,,,,,,,,,,,
,,,,,,,,,0.0,,,,,,,,,,,,,,
,,,,,,,,,,,,,,,,,,,,,,,
,,,,,,,,,,,,,,,,,,,,,,,
,,,,,,,,,,,,,,,,,,,,,,,
,,,,,,,,,,,,,,,,,,,,,,,
,,,,,,,,,0.0,,,,,,,,,,,,,,
,,,,,,,,,,,,,,,,,,,,,,,
,,,,,,,,,,,,,,,,,,,,,,,
,,,,,,,,,0.0,,,,,,,,,,,,,,
,,,,,,,,,,,,,,,,,,,,,,,
,,,,,,,,,,,,,,,,,,,,,,,
,,,,,,,,,0.0,,,,,,,,,,,,,,
,,,,,,,,,,,,,,,,,,,,,,,
,,,,,,,,,,,,,,,,,,,,,,,
,,,,,,,,,0.0,,,,,,,,,,,,,,
,,,,,,,,,,,,,,,,,,,,,,,
,,,,,,,,,,,,,,,,,,,,,,,
,,,,,,,,,0.0,,,,,,,,,,,,,,
,,,,,,,,,,,,,,,,,,,,,,,
,,,,,,,,,,,,,,,,,,,,,,,
,,,,,,,,,0.0,,,,,,,,,,,,,,
,,,,,,,,,,,,,,,,,,,,,,,
,,,,,,,,,,,,,,,,,,,,,,,
,,,,,,,,,0.0,,,,,,,,,,,,,,
,,,,,,,,,,,,,,,,,,,,,,,
,,,,,,,,,,,,,,,,,,,,,,,
,,,,,,,,,0.0,,,,,,,,,,,,,,
,,,,,,,,,,,,,,,,,,,,,,,
,,,,,,,,,,,,,,,,,,,,,,,
,,,,,,,,,0.0,,,,,,,,,,,,,,
,,,,,,,,,,,,,,,,,,,,,,,
,,,,,,,,,,,,,,,,,,,,,,,
,,,,,,,,,0.0,,,,,,,,,,,,,,
,,,,,,,,,,,,,,,,,,,,,,,
,,,,,,,,,,,,,,,,,,,,,,,
,,,,,,,,,0.0,,,,,,,,,,,,,,
,,,,,,,,,,,,,,,,,,,,,,,
,,,,,,,,,,,,,,,,,,,,,,,
,,,,,,,,,0.0,,,,,,,,,,,,,,
,,,,,,,,,,,,,,,,,,,,,,,
,,,,,,,,,,,,,,,,,,,,,,,
,,,,,,,,,0.0,,,,,,,,,,,,,,
,,,,,,,,,,,,,,,,,,,,,,,
,,,,,,,,,,,,,,,,,,,,,,,
,,,,,,,,,0.0,,,,,,,,,,,,,,
,,,,,,,,,,,,,,,,,,,,,,,
,,,,,,,,,,,,,,,,,,,,,,,
,,,,,,,,,0.0,,,,,,,,,,,,,,
,,,,,,,,,,,,,,,,,,,,,,,
,,,,,,,,,,,,,,,,,,,,,,,
,,,,,,,,,0.0,,,,,,,,,,,,,,
,,,,,,,,,,,,,,,,,,,,,,,
,,,,,,,,,,,,,,,,,,,,,,,
,,,,,,,,,0.0,,,,,,,,,,,,,,
,,,,,,,,,,,,,,,,,,,,,,,
,,,,,,,,,,,,,,,,,,,,,,,
,,,,,,,,,0.0,,,,,,,,,,,,,,
,,,,,,,,,,,,,,,,,,,,,,,
,,,,,,,,,,,,,,,,,,,,,,,
,,,,,,,,,0.0,,,,,,,,,,,,,,
,,,,,,,,,,,,,,,,,,,,,,,
,,,,,,,,,,,,,,,,,,,,,,,
,,,,,,,,,0.0,,,,,,,,,,,,,,
,,,,,,,,,,,,,,,,,,,,,,,
,,,,,,,,,,,,,,,,,,,,,,,
,,,,,,,,,0.0,,,,,,,,,,,,,,
,,,,,,,,,,,,,,,,,,,,,,,
,,,,,,,,,,,,,,,,,,,,,,,
,,,,,,,,,0.0,,,,,,,,,,,,,,
,,,,,,,,,,,,,,,,,,,,,,,
,,,,,,,,,,,,,,,,,,,,,,,
,,,,,,,,,0.0,,,,,,,,,,,,,,
,,,,,,,,,,,,,,,,,,,,,,,
,,,,,,,,,,,,,,,,,,,,,,,
,,,,,,,,,0.0,,,,,,,,,,,,,,
,,,,,,,,,,,,,,,,,,,,,,,
,,,,,,,,,,,,,,,,,,,,,,,
,,,,,,,,,0.0,,,,,,,,,,,,,,
,,,,,,,,,,,,,,,,,,,,,,,
,,,,,,,,,,,,,,,,,,,,,,,
,,,,,,,,,0.0,,,,,,,,,,,,,,
,,,,,,,,,,,,,,,,,,,,,,,
,,,,,,,,,,,,,,,,,,,,,,,
,,,,,,,,,0.0,,,,,,,,,,,,,,
,,,,,,,,,,,,,,,,,,,,,,,
,,,,,,,,,,,,,,,,,,,,,,,
,,,,,,,,,0.0,,,,,,,,,,,,,,
,,,,,,,,,,,,,,,,,,,,,,,
,,,,,,,,,,,,,,,,,,,,,,,
,,,,,,,,,0.0,,,,,,,,,,,,,,
,,,,,,,,,,,,,,,,,,,,,,,
,,,,,,,,,,,,,,,,,,,,,,,
,,,,,,,,,0.0,,,,,,,,,,,,,,
,,,,,,,,,,,,,,,,,,,,,,,
,,,,,,,,,,,,,,,,,,,,,,,
,,,,,,,,,0.0,,,,,,,,,,,,,,
,,,,,,,,,,,,,,,,,,,,,,,
,,,,,,,,,,,,,,,,,,,,,,,
,,,,,,,,,0.0,,,,,,,,,,,,,,
,,,,,,,,,,,,,,,,,,,,,,,
,,,,,,,,,,,,,,,,,,,,,,,
,,,,,,,,,0.0,,,,,,,,,,,,,,
,,,,,,,,,,,,,,,,,,,,,,,
,,,,,,,,,,,,,,,,,,,,,,,
,,,,,,,,,0.0,,,,,,,,,,,,,,
,,,,,,,,,,,,,,,,,,,,,,,
,,,,,,,,,,,,,,,,,,,,,,,
,,,,,,,,,0.0,,,,,,,,,,,,,,
,,,,,,,,,,,,,,,,,,,,,,,
,,,,,,,,,,,,,,,,,,,,,,,
,,,,,,,,,0.0,,,,,,,,,,,,,,
,,,,,,,,,,,,,,,,,,,,,,,
,,,,,,,,,,,,,,,,,,,,,,,
,,,,,,,,,0.0,,,,,,,,,,,,,,
,,,,,,,,,,,,,,,,,,,,,,,
,,,,,,,,,,,,,,,,,,,,,,,
,,,,,,,,,0.0,,,,,,,,,,,,,,
,,,,,,,,,,,,,,,,,,,,,,,
,,,,,,,,,,,,,,,,,,,,,,,
,,,,,,,,,0.0,,,,,,,,,,,,,,
,,,,,,,,,,,,,,,,,,,,,,,
,,,,,,,,,,,,,,,,,,,,,,,
,,,,,,,,,0.0,,,,,,,,,,,,,,
,,,,,,,,,,,,,,,,,,,,,,,
,,,,,,,,,,,,,,,,,,,,,,,
,,,,,,,,,0.0,,,,,,,,,,,,,,
,,,,,,,,,,,,,,,,,,,,,,,
,,,,,,,,,,,,,,,,,,,,,,,
,,,,,,,,,0.0,,,,,,,,,,,,,,
,,,,,,,,,,,,,,,,,,,,,,,
,,,,,,,,,,,,,,,,,,,,,,,
,,,,,,,,,0.0,,,,,,,,,,,,,,
,,,,,,,,,,,,,,,,,,,,,,,
,,,,,,,,,,,,,,,,,,,,,,,
,,,,,,,,,0.0,,,,,,,,,,,,,,
,,,,,,,,,,,,,,,,,,,,,,,
,,,,,,,,,,,,,,,,,,,,,,,
,,,,,,,,,0.0,,,,,,,,,,,,,,
,,,,,,,,,,,,,,,,,,,,,,,
,,,,,,,,,,,,,,,,,,,,,,,
,,,,,,,,,0.0,,,,,,,,,,,,,,
,,,,,,,,,,,,,,,,,,,,,,,
,,,,,,,,,,,,,,,,,,,,,,,
,,,,,,,,,0.0,,,,,,,,,,,,,,
,,,,,,,,,,,,,,,,,,,,,,,
,,,,,,,,,,,,,,,,,,,,,,,
,,,,,,,,,0.0,,,,,,,,,,,,,,
,,,,,,,,,,,,,,,,,,,,,,,
,,,,,,,,,,,,,,,,,,,,,,,
,,,,,,,,,0.0,,,,,,,,,,,,,,
,,,,,,,,,,,,,,,,,,,,,,,
,,,,,,,,,,,,,,,,,,,,,,,
,,,,,,,,,0.0,,,,,,,,,,,,,,
,,,,,,,,,,,,,,,,,,,,,,,
,,,,,,,,,,,,,,,,,,,,,,,
,,,,,,,,,0.0,,,,,,,,,,,,,,
,,,,,,,,,,,,,,,,,,,,,,,
,,,,,,,,,,,,,,,,,,,,,,,
,,,,,,,,,0.0,,,,,,,,,,,,,,
,,,,,,,,,,,,,,,,,,,,,,,
,,,,,,,,,,,,,,,,,,,,,,,
,,,,,,,,,0.0,,,,,,,,,,,,,,
,,,,,,,,,,,,,,,,,,,,,,,
,,,,,,,,,,,,,,,,,,,,,,,
,,,,,,,,,0.0,,,,,,,,,,,,,,
,,,,,,,,,,,,,,,,,,,,,,,
,,,,,,,,,,,,,,,,,,,,,,,
,,,,,,,,,0.0,,,,,,,,,,,,,,
,,,,,,,,,,,,,,,,,,,,,,,
,,,,,,,,,,,,,,,,,,,,,,,
,,,,,,,,,0.0,,,,,,,,,,,,,,
,,,,,,,,,,,,,,,,,,,,,,,
,,,,,,,,,,,,,,,,,,,,,,,
,,,,,,,,,0.0,,,,,,,,,,,,,,
,,,,,,,,,,,,,,,,,,,,,,,
,,,,,,,,,,,,,,,,,,,,,,,
,,,,,,,,,0.0,,,,,,,,,,,,,,
,,,,,,,,,,,,,,,,,,,,,,,
,,,,,,,,,,,,,,,,,,,,,,,
,,,,,,,,,0.0,,,,,,,,,,,,,,
,,,,,,,,,,,,,,,,,,,,,,,
,,,,,,,,,,,,,,,,,,,,,,,
,,,,,,,,,0.0,,,,,,,,,,,,,,
,,,,,,,,,,,,,,,,,,,,,,,
,,,,,,,,,,,,,,,,,,,,,,,
,,,,,,,,,0.0,,,,,,,,,,,,,,
,,,,,,,,,,,,,,,,,,,,,,,
,,,,,,,,,,,,,,,,,,,,,,,
,,,,,,,,,0.0,,,,,,,,,,,,,,
,,,,,,,,,,,,,,,,,,,,,,,
,,,,,,,,,,,,,,,,,,,,,,,
,,,,,,,,,0.0,,,,,,,,,,,,,,
,,,,,,,,,,,,,,,,,,,,,,,
,,,,,,,,,,,,,,,,,,,,,,,
,,,,,,,,,0.0,,,,,,,,,,,,,,
,,,,,,,,,,,,,,,,,,,,,,,
,,,,,,,,,,,,,,,,,,,,,,,
,,,,,,,,,0.0,,,,,,,,,,,,,,
,,,,,,,,,,,,,,,,,,,,,,,
,,,,,,,,,,,,,,,,,,,,,,,
,,,,,,,,,0.0,,,,,,,,,,,,,,
,,,,,,,,,,,,,,,,,,,,,,,
,,,,,,,,,,,,,,,,,,,,,,,
,,,,,,,,,0.0,,,,,,,,,,,,,,
,,,,,,,,,,,,,,,,,,,,,,,
,,,,,,,,,,,,,,,,,,,,,,,
,,,,,,,,,0.0,,,,,,,,,,,,,,
,,,,,,,,,,,,,,,,,,,,,,,
,,,,,,,,,,,,,,,,,,,,,,,
,,,,,,,,,0.0,,,,,,,,,,,,,,
,,,,,,,,,,,,,,,,,,,,,,,
,,,,,,,,,,,,,,,,,,,,,,,
,,,,,,,,,0.0,,,,,,,,,,,,,,
,,,,,,,,,,,,,,,,,,,,,,,
,,,,,,,,,,,,,,,,,,,,,,,
,,,,,,,,,0.0,,,,,,,,,,,,,,
,,,,,,,,,,,,,,,,,,,,,,,
,,,,,,,,,,,,,,,,,,,,,,,
,,,,,,,,,0.0,,,,,,,,,,,,,,
,,,,,,,,,,,,,,,,,,,,,,,
,,,,,,,,,,,,,,,,,,,,,,,
,,,,,,,,,0.0,,,,,,,,,,,,,,
,,,,,,,,,,,,,,,,,,,,,,,
,,,,,,,,,,,,,,,,,,,,,,,
,,,,,,,,,0.0,,,,,,,,,,,,,,
,,,,,,,,,,,,,,,,,,,,,,,
,,,,,,,,,,,,,,,,,,,,,,,
,,,,,,,,,0.0,,,,,,,,,,,,,,
,,,,,,,,,,,,,,,,,,,,,,,
,,,,,,,,,,,,,,,,,,,,,,,
,,,,,,,,,0.0,,,,,,,,,,,,,,
,,,,,,,,,,,,,,,,,,,,,,,
,,,,,,,,,,,,,,,,,,,,,,,
,,,,,,,,,0.0,,,,,,,,,,,,,,
,,,,,,,,,,,,,,,,,,,,,,,
,,,,,,,,,,,,,,,,,,,,,,,
,,,,,,,,,0.0,,,,,,,,,,,,,,
,,,,,,,,,,,,,,,,,,,,,,,
,,,,,,,,,,,,,,,,,,,,,,,
,,,,,,,,,0.0,,,,,,,,,,,,,,
,,,,,,,,,,,,,,,,,,,,,,,
,,,,,,,,,,,,,,,,,,,,,,,
,,,,,,,,,0.0,,,,,,,,,,,,,,
,,,,,,,,,,,,,,,,,,,,,,,
,,,,,,,,,,,,,,,,,,,,,,,
,,,,,,,,,0.0,,,,,,,,,,,,,,
,,,,,,,,,,,,,,,,,,,,,,,
,,,,,,,,,,,,,,,,,,,,,,,
,,,,,,,,,0.0,,,,,,,,,,,,,,
,,,,,,,,,,,,,,,,,,,,,,,
,,,,,,,,,,,,,,,,,,,,,,,
,,,,,,,,,0.0,,,,,,,,,,,,,,
,,,,,,,,,,,,,,,,,,,,,,,
,,,,,,,,,,,,,,,,,,,,,,,
,,,,,,,,,0.0,,,,,,,,,,,,,,
,,,,,,,,,,,,,,,,,,,,,,,
,,,,,,,,,,,,,,,,,,,,,,,
,,,,,,,,,0.0,,,,,,,,,,,,,,
,,,,,,,,,,,,,,,,,,,,,,,
,,,,,,,,,,,,,,,,,,,,,,,
,,,,,,,,,0.0,,,,,,,,,,,,,,
,,,,,,,,,,,,,,,,,,,,,,,
,,,,,,,,,,,,,,,,,,,,,,,
,,,,,,,,,0.0,,,,,,,,,,,,,,
,,,,,,,,,,,,,,,,,,,,,,,
,,,,,,,,,,,,,,,,,,,,,,,
,,,,,,,,,0.0,,,,,,,,,,,,,,
,,,,,,,,,,,,,,,,,,,,,,,
,,,,,,,,,,,,,,,,,,,,,,,
,,,,,,,,,0.0,,,,,,,,,,,,,,
,,,,,,,,,,,,,,,,,,,,,,,
,,,,,,,,,,,,,,,,,,,,,,,
,,,,,,,,,0.0,,,,,,,,,,,,,,
,,,,,,,,,,,,,,,,,,,,,,,
,,,,,,,,,,,,,,,,,,,,,,,
,,,,,,,,,0.0,,,,,,,,,,,,,,
,,,,,,,,,,,,,,,,,,,,,,,
,,,,,,,,,,,,,,,,,,,,,,,
,,,,,,,,,0.0,,,,,,,,,,,,,,
,,,,,,,,,,,,,,,,,,,,,,,
,,,,,,,,,,,,,,,,,,,,,,,
,,,,,,,,,0.0,,,,,,,,,,,,,,
,,,,,,,,,,,,,,,,,,,,,,,
,,,,,,,,,,,,,,,,,,,,,,,
,,,,,,,,,0.0,,,,,,,,,,,,,,
,,,,,,,,,,,,,,,,,,,,,,,
,,,,,,,,,,,,,,,,,,,,,,,
,,,,,,,,,0.0,,,,,,,,,,,,,,
,,,,,,,,,,,,,,,,,,,,,,,
,,,,,,,,,,,,,,,,,,,,,,,
,,,,,,,,,0.0,,,,,,,,,,,,,,
,,,,,,,,,,,,,,,,,,,,,,,
,,,,,,,,,,,,,,,,,,,,,,,
,,,,,,,,,0.0,,,,,,,,,,,,,,
,,,,,,,,,,,,,,,,,,,,,,,
,,,,,,,,,,,,,,,,,,,,,,,
,,,,,,,,,0.0,,,,,,,,,,,,,,
,,,,,,,,,,,,,,,,,,,,,,,
,,,,,,,,,,,,,,,,,,,,,,,
,,,,,,,,,0.0,,,,,,,,,,,,,,
,,,,,,,,,,,,,,,,,,,,,,,
,,,,,,,,,,,,,,,,,,,,,,,
,,,,,,,,,0.0,,,,,,,,,,,,,,
,,,,,,,,,,,,,,,,,,,,,,,
,,,,,,,,,,,,,,,,,,,,,,,
,,,,,,,,,0.0,,,,,,,,,,,,,,
,,,,,,,,,,,,,,,,,,,,,,,
,,,,,,,,,,,,,,,,,,,,,,,
,,,,,,,,,0.0,,,,,,,,,,,,,,
,,,,,,,,,,,,,,,,,,,,,,,
,,,,,,,,,,,,,,,,,,,,,,,
,,,,,,,,,0.0,,,,,,,,,,,,,,
,,,,,,,,,,,,,,,,,,,,,,,
,,,,,,,,,,,,,,,,,,,,,,,
,,,,,,,,,0.0,,,,,,,,,,,,,,
,,,,,,,,,,,,,,,,,,,,,,,
,,,,,,,,,,,,,,,,,,,,,,,
,,,,,,,,,0.0,,,,,,,,,,,,,,
,,,,,,,,,,,,,,,,,,,,,,,
,,,,,,,,,,,,,,,,,,,,,,,
,,,,,,,,,0.0,,,,,,,,,,,,,,
,,,,,,,,,,,,,,,,,,,,,,,
,,,,,,,,,,,,,,,,,,,,,,,
,,,,,,,,,0.0,,,,,,,,,,,,,,
,,,,,,,,,,,,,,,,,,,,,,,
,,,,,,,,,,,,,,,,,,,,,,,
,,,,,,,,,0.0,,,,,,,,,,,,,,
,,,,,,,,,,,,,,,,,,,,,,,
,,,,,,,,,,,,,,,,,,,,,,,
,,,,,,,,,0.0,,,,,,,,,,,,,,
,,,,,,,,,,,,,,,,,,,,,,,
,,,,,,,,,,,,,,,,,,,,,,,
,,,,,,,,,0.0,,,,,,,,,,,,,,
,,,,,,,,,,,,,,,,,,,,,,,
,,,,,,,,,,,,,,,,,,,,,,,
,,,,,,,,,0.0,,,,,,,,,,,,,,
,,,,,,,,,,,,,,,,,,,,,,,
,,,,,,,,,,,,,,,,,,,,,,,
,,,,,,,,,0.0,,,,,,,,,,,,,,
,,,,,,,,,,,,,,,,,,,,,,,
,,,,,,,,,,,,,,,,,,,,,,,
,,,,,,,,,0.0,,,,,,,,,,,,,,
,,,,,,,,,,,,,,,,,,,,,,,
,,,,,,,,,,,,,,,,,,,,,,,
,,,,,,,,,0.0,,,,,,,,,,,,,,
,,,,,,,,,,,,,,,,,,,,,,,
,,,,,,,,,,,,,,,,,,,,,,,
,,,,,,,,,0.0,,,,,,,,,,,,,,
,,,,,,,,,,,,,,,,,,,,,,,
,,,,,,,,,,,,,,,,,,,,,,,
,,,,,,,,,0.0,,,,,,,,,,,,,,
,,,,,,,,,,,,,,,,,,,,,,,
,,,,,,,,,,,,,,,,,,,,,,,
,,,,,,,,,0.0,,,,,,,,,,,,,,
,,,,,,,,,,,,,,,,,,,,,,,
,,,,,,,,,,,,,,,,,,,,,,,
,,,,,,,,,0.0,,,,,,,,,,,,,,
,,,,,,,,,,,,,,,,,,,,,,,
,,,,,,,,,,,,,,,,,,,,,,,
,,,,,,,,,0.0,,,,,,,,,,,,,,
,,,,,,,,,,,,,,,,,,,,,,,
,,,,,,,,,,,,,,,,,,,,,,,
,,,,,,,,,0.0,,,,,,,,,,,,,,
,,,,,,,,,,,,,,,,,,,,,,,
,,,,,,,,,,,,,,,,,,,,,,,
,,,,,,,,,0.0,,,,,,,,,,,,,,
,,,,,,,,,,,,,,,,,,,,,,,
,,,,,,,,,,,,,,,,,,,,,,,
,,,,,,,,,0.0,,,,,,,,,,,,,,
,,,,,,,,,,,,,,,,,,,,,,,
,,,,,,,,,,,,,,,,,,,,,,,
,,,,,,,,,0.0,,,,,,,,,,,,,,
,,,,,,,,,,,,,,,,,,,,,,,
,,,,,,,,,,,,,,,,,,,,,,,
,,,,,,,,,0.0,,,,,,,,,,,,,,
,,,,,,,,,,,,,,,,,,,,,,,
,,,,,,,,,,,,,,,,,,,,,,,
,,,,,,,,,0.0,,,,,,,,,,,,,,
,,,,,,,,,,,,,,,,,,,,,,,
,,,,,,,,,,,,,,,,,,,,,,,
,,,,,,,,,0.0,,,,,,,,,,,,,,
,,,,,,,,,,,,,,,,,,,,,,,
,,,,,,,,,,,,,,,,,,,,,,,
,,,,,,,,,0.0,,,,,,,,,,,,,,
,,,,,,,,,,,,,,,,,,,,,,,
,,,,,,,,,,,,,,,,,,,,,,,
,,,,,,,,,0.0,,,,,,,,,,,,,,
,,,,,,,,,,,,,,,,,,,,,,,
,,,,,,,,,,,,,,,,,,,,,,,
,,,,,,,,,0.0,,,,,,,,,,,,,,
,,,,,,,,,,,,,,,,,,,,,,,
,,,,,,,,,,,,,,,,,,,,,,,
,,,,,,,,,0.0,,,,,,,,,,,,,,
,,,,,,,,,,,,,,,,,,,,,,,
,,,,,,,,,,,,,,,,,,,,,,,
,,,,,,,,,0.0,,,,,,,,,,,,,,
,,,,,,,,,,,,,,,,,,,,,,,
,,,,,,,,,,,,,,,,,,,,,,,
,,,,,,,,,0.0,,,,,,,,,,,,,,
,,,,,,,,,,,,,,,,,,,,,,,
,,,,,,,,,,,,,,,,,,,,,,,
,,,,,,,,,0.0,,,,,,,,,,,,,,
,,,,,,,,,,,,,,,,,,,,,,,
,,,,,,,,,,,,,,,,,,,,,,,
,,,,,,,,,0.0,,,,,,,,,,,,,,
,,,,,,,,,,,,,,,,,,,,,,,
,,,,,,,,,,,,,,,,,,,,,,,
,,,,,,,,,0.0,,,,,,,,,,,,,,
,,,,,,,,,,,,,,,,,,,,,,,
,,,,,,,,,,,,,,,,,,,,,,,
,,,,,,,,,0.0,,,,,,,,,,,,,,
,,,,,,,,,,,,,,,,,,,,,,,
,,,,,,,,,,,,,,,,,,,,,,,
,,,,,,,,,0.0,,,,,,,,,,,,,,
,,,,,,,,,,,,,,,,,,,,,,,
,,,,,,,,,,,,,,,,,,,,,,,
,,,,,,,,,0.0,,,,,,,,,,,,,,
,,,,,,,,,,,,,,,,,,,,,,,
,,,,,,,,,,,,,,,,,,,,,,,
,,,,,,,,,0.0,,,,,,,,,,,,,,
,,,,,,,,,,,,,,,,,,,,,,,
,,,,,,,,,,,,,,,,,,,,,,,
,,,,,,,,,0.0,,,,,,,,,,,,,,
,,,,,,,,,,,,,,,,,,,,,,,
,,,,,,,,,,,,,,,,,,,,,,,
,,,,,,,,,0.0,,,,,,,,,,,,,,
,,,,,,,,,,,,,,,,,,,,,,,
,,,,,,,,,,,,,,,,,,,,,,,
,,,,,,,,,0.0,,,,,,,,,,,,,,
,,,,,,,,,,,,,,,,,,,,,,,
,,,,,,,,,,,,,,,,,,,,,,,
,,,,,,,,,0.0,,,,,,,,,,,,,,
,,,,,,,,,,,,,,,,,,,,,,,
,,,,,,,,,,,,,,,,,,,,,,,
,,,,,,,,,0.0,,,,,,,,,,,,,,
,,,,,,,,,,,,,,,,,,,,,,,
,,,,,,,,,,,,,,,,,,,,,,,
,,,,,,,,,0.0,,,,,,,,,,,,,,
,,,,,,,,,,,,,,,,,,,,,,,
,,,,,,,,,,,,,,,,,,,,,,,
,,,,,,,,,0.0,,,,,,,,,,,,,,
,,,,,,,,,,,,,,,,,,,,,,,
,,,,,,,,,,,,,,,,,,,,,,,
,,,,,,,,,0.0,,,,,,,,,,,,,,
,,,,,,,,,,,,,,,,,,,,,,,
,,,,,,,,,,,,,,,,,,,,,,,
,,,,,,,,,0.0,,,,,,,,,,,,,,
,,,,,,,,,,,,,,,,,,,,,,,
,,,,,,,,,,,,,,,,,,,,,,,
,,,,,,,,,0.0,,,,,,,,,,,,,,
,,,,,,,,,,,,,,,,,,,,,,,
,,,,,,,,,,,,,,,,,,,,,,,
,,,,,,,,,0.0,,,,,,,,,,,,,,
,,,,,,,,,,,,,,,,,,,,,,,
,,,,,,,,,,,,,,,,,,,,,,,
,,,,,,,,,0.0,,,,,,,,,,,,,,
,,,,,,,,,,,,,,,,,,,,,,,
,,,,,,,,,,,,,,,,,,,,,,,
,,,,,,,,,0.0,,,,,,,,,,,,,,
,,,,,,,,,,,,,,,,,,,,,,,
,,,,,,,,,,,,,,,,,,,,,,,
,,,,,,,,,0.0,,,,,,,,,,,,,,
,,,,,,,,,,,,,,,,,,,,,,,
,,,,,,,,,,,,,,,,,,,,,,,
,,,,,,,,,0.0,,,,,,,,,,,,,,
,,,,,,,,,,,,,,,,,,,,,,,
,,,,,,,,,,,,,,,,,,,,,,,
,,,,,,,,,0.0,,,,,,,,,,,,,,
,,,,,,,,,,,,,,,,,,,,,,,
,,,,,,,,,,,,,,,,,,,,,,,
,,,,,,,,,0.0,,,,,,,,,,,,,,
,,,,,,,,,,,,,,,,,,,,,,,
,,,,,,,,,,,,,,,,,,,,,,,
,,,,,,,,,,,,,,,,,,,,,,,
,,,,,,,,,0.0,,,,,,,,,,,,,,
,,,,,,,,,,,,,,,,,,,,,,,
,,,,,,,,,,,,,,,,,,,,,,,
,,,,,,,,,0.0,,,,,,,,,,,,,,
,,,,,,,,,,,,,,,,,,,,,,,
,,,,,,,,,,,,,,,,,,,,,,,
,,,,,,,,,0.0,,,,,,,,,,,,,,
,,,,,,,,,,,,,,,,,,,,,,,
,,,,,,,,,,,,,,,,,,,,,,,
,,,,,,,,,0.0,,,,,,,,,,,,,,
,,,,,,,,,,,,,,,,,,,,,,,
,,,,,,,,,,,,,,,,,,,,,,,
,,,,,,,,,0.0,,,,,,,,,,,,,,
,,,,,,,,,,,,,,,,,,,,,,,
,,,,,,,,,,,,,,,,,,,,,,,
,,,,,,,,,0.0,,,,,,,,,,,,,,
,,,,,,,,,,,,,,,,,,,,,,,
,,,,,,,,,,,,,,,,,,,,,,,
,,,,,,,,,0.0,,,,,,,,,,,,,,
,,,,,,,,,,,,,,,,,,,,,,,
,,,,,,,,,,,,,,,,,,,,,,,
,,,,,,,,,0.0,,,,,,,,,,,,,,
,,,,,,,,,,,,,,,,,,,,,,,
,,,,,,,,,0.0,,,,,,,,,,,,,,
,,,,,,,,,,,,,,,,,,,,,,,
,,,,,,,,,,,,,,,,,,,,,,,
,,,,,,,,,0.0,,,,,,,,,,,,,,
,,,,,,,,,,,,,,,,,,,,,,,
,,,,,,,,,,,,,,,,,,,,,,,
,,,,,,,,,0.0,,,,,,,,,,,,,,
,,,,,,,,,,,,,,,,,,,,,,,
,,,,,,,,,,,,,,,,,,,,,,,
,,,,,,,,,0.0,,,,,,,,,,,,,,
,,,,,,,,,,,,,,,,,,,,,,,
,,,,,,,,,,,,,,,,,,,,,,,
,,,,,,,,,0.0,,,,,,,,,,,,,,
,,,,,,,,,,,,,,,,,,,,,,,
,,,,,,,,,,,,,,,,,,,,,,,
,,,,,,,,,0.0,,,,,,,,,,,,,,
,,,,,,,,,,,,,,,,,,,,,,,
,,,,,,,,,,,,,,,,,,,,,,,
,,,,,,,,,0.0,,,,,,,,,,,,,,
,,,,,,,,,,,,,,,,,,,,,,,
,,,,,,,,,,,,,,,,,,,,,,,
,,,,,,,,,0.0,,,,,,,,,,,,,,
,,,,,,,,,,,,,,,,,,,,,,,
,,,,,,,,,,,,,,,,,,,,,,,
,,,,,,,,,0.0,,,,,,,,,,,,,,
,,,,,,,,,,,,,,,,,,,,,,,
,,,,,,,,,,,,,,,,,,,,,,,
,,,,,,,,,0.0,,,,,,,,,,,,,,
,,,,,,,,,,,,,,,,,,,,,,,
,,,,,,,,,,,,,,,,,,,,,,,
,,,,,,,,,0.0,,,,,,,,,,,,,,
,,,,,,,,,,,,,,,,,,,,,,,
,,,,,,,,,,,,,,,,,,,,,,,
,,,,,,,,,0.0,,,,,,,,,,,,,,
,,,,,,,,,,,,,,,,,,,,,,,
,,,,,,,,,,,,,,,,,,,,,,,
,,,,,,,,,0.0,,,,,,,,,,,,,,
,,,,,,,,,,,,,,,,,,,,,,,
,,,,,,,,,,,,,,,,,,,,,,,
,,,,,,,,,0.0,,,,,,,,,,,,,,
,,,,,,,,,,,,,,,,,,,,,,,
,,,,,,,,,,,,,,,,,,,,,,,
,,,,,,,,,0.0,,,,,,,,,,,,,,
,,,,,,,,,,,,,,,,,,,,,,,
,,,,,,,,,,,,,,,,,,,,,,,
,,,,,,,,,0.0,,,,,,,,,,,,,,
,,,,,,,,,,,,,,,,,,,,,,,
,,,,,,,,,,,,,,,,,,,,,,,
,,,,,,,,,0.0,,,,,,,,,,,,,,
,,,,,,,,,,,,,,,,,,,,,,,
,,,,,,,,,,,,,,,,,,,,,,,
,,,,,,,,,0.0,,,,,,,,,,,,,,
,,,,,,,,,,,,,,,,,,,,,,,
,,,,,,,,,,,,,,,,,,,,,,,
,,,,,,,,,0.0,,,,,,,,,,,,,,
,,,,,,,,,,,,,,,,,,,,,,,
,,,,,,,,,,,,,,,,,,,,,,,
,,,,,,,,,0.0,,,,,,,,,,,,,,
,,,,,,,,,,,,,,,,,,,,,,,
,,,,,,,,,,,,,,,,,,,,,,,
,,,,,,,21:00:00,21:45:00,45.0,3.0,,,1.0,1.0,,,,,,R 02,Drahtfass leer,,
,,,,,,s,,,,,,,,,,,,,,,,,
,,,,,,,,,,,,,,,,,,,,,,,
,,,,,,,,,0.0,,,,,,,,,,,,,,
,,,,,,,,,,,,,,,,,,,,,,,
,,,,,,,,,,,,,,,,,,,,,,,
,,,,,,,,,,,,,,,,,,,,,,,
,,,,,,,,,,,,,,,,,,,,,,,
,,,,,,,,,0.0,,,,,,,,,,,,,,
,,,,,,,,,,,,,,,,,,,,,,,
,,,,,,,,,,,,,,,,,,,,,,,
,,,,,,,,,0.0,,,,,,,,,,,,,,
,,,,,,,,,,,,,,,,,,,,,,,
,,,,,,,,,,,,,,,,,,,,,,,
,,,,,,,,,0.0,,,,,,,,,,,,,,
,,,,,,,,,,,,,,,,,,,,,,,
,,,,,,,,,,,,,,,,,,,,,,,
,,,,,,,,,0.0,,,,,,,,,,,,,,
,,,,,,,,,,,,,,,,,,,,,,,
,,,,,,,,,,,,,,,,,,,,,,,
,,,,,,,,,0.0,,,,,,,,,,,,,,
,,,,,,,,,,,,,,,,,,,,,,,
,,,,,,,,,,,,,,,,,,,,,,,
,,,,,,,,,0.0,,,,,,,,,,,,,,
,,,,,,,,,,,,,,,,,,,,,,,
,,,,,,,,,,,,,,,,,,,,,,,
,,,,,,,,,0.0,,,,,,,,,,,,,,
,,,,,,,,,,,,,,,,,,,,,,,
,,,,,,,,,,,,,,,,,,,,,,,
,,,,,,,,,0.0,,,,,,,,,,,,,,
,,,,,,,,,,,,,,,,,,,,,,,
,,,,,,,,,,,,,,,,,,,,,,,
,,,,,,,,,0.0,,,,,,,,,,,,,,
,,,,,,,,,,,,,,,,,,,,,,,
,,,,,,,,,,,,,,,,,,,,,,,
,,,,,,,,,0.0,,,,,,,,,,,,,,
,,,,,,,,,,,,,,,,,,,,,,,
,,,,,,,,,,,,,,,,,,,,,,,
,,,,,,,,,0.0,,,,,,,,,,,,,,
,,,,,,,,,,,,,,,,,,,,,,,
,,,,,,,,,,,,,,,,,,,,,,,
,,,,,,,,,0.0,,,,,,,,,,,,,,
,,,,,,,,,,,,,,,,,,,,,,,
,,,,,,,,,,,,,,,,,,,,,,,
,,,,,,,,,0.0,,,,,,,,,,,,,,
,,,,,,,,,,,,,,,,,,,,,,,
,,,,,,,,,,,,,,,,,,,,,,,
,,,,,,,,,0.0,,,,,,,,,,,,,,
,,,,,,,,,,,,,,,,,,,,,,,
,,,,,,,,,,,,,,,,,,,,,,,
,,,,,,,,,0.0,,,,,,,,,,,,,,
,,,,,,,,,,,,,,,,,,,,,,,
,,,,,,,,,,,,,,,,,,,,,,,
,,,,,,,,,0.0,,,,,,,,,,,,,,
,,,,,,,,,,,,,,,,,,,,,,,
,,,,,,,,,,,,,,,,,,,,,,,
,,,,,,,,,0.0,,,,,,,,,,,,,,
,,,,,,,,,,,,,,,,,,,,,,,
,,,,,,,,,,,,,,,,,,,,,,,
,,,,,,,,,0.0,,,,,,,,,,,,,,
,,,,,,,,,,,,,,,,,,,,,,,
,,,,,,,,,,,,,,,,,,,,,,,
,,,,,,,,,0.0,,,,,,,,,,,,,,
,,,,,,,,,,,,,,,,,,,,,,,
,,,,,,,,,,,,,,,,,,,,,,,
,,,,,,,,,0.0,,,,,,,,,,,,,,
,,,,,,,,,,,,,,,,,,,,,,,
,,,,,,,,,,,,,,,,,,,,,,,
,,,,,,,,,0.0,,,,,,,,,,,,,,
,,,,,,,,,,,,,,,,,,,,,,,
,,,,,,,,,,,,,,,,,,,,,,,
,,,,,,,,,0.0,,,,,,,,,,,,,,
,,,,,,,,,,,,,,,,,,,,,,,
,,,,,,,,,,,,,,,,,,,,,,,
,,,,,,,,,0.0,,,,,,,,,,,,,,
,,,,,,,,,,,,,,,,,,,,,,,
,,,,,,,,,,,,,,,,,,,,,,,
,,,,,,f,12:00:00,13:15:00,75.00000000000006,3.0,,,2.0,2.0,,,,,,,,,
,,,,,,,,,,,,,,,,,,,,OP 90,Spanner schließt nicht (Robtech Informiert),,
,,,,,,,,,,,,,,,,,,15,,,Reinigung ,,
,,,,,,,,,0.0,,,,,,,,,,,,,,
,,,,,,,,,,,,,,,,,,,,,,,
,,,,,,,,,,,,,,,,,,,,,,,
,,,,,,,,,0.0,,,,,,,,,,,,,,
,,,,,,,,,,,,,,,,,,,,,,,
,,,,,,,,,,,,,,,,,,,,,,,
,,,,,,,,,0.0,,,,,,,,,,,,,,
,,,,,,,,,,,,,,,,,,,,,,,
,,,,,,,,,,,,,,,,,,,,,,,
,,,,,,,,,0.0,,,,,,,,,,,,,,
,,,,,,,,,,,,,,,,,,,,,,,
,,,,,,,,,,,,,,,,,,,,,,,
,,,,,,,,,0.0,,,,,,,,,,,,,,
,,,,,,,,,,,,,,,,,,,,,,,
,,,,,,,,,,,,,,,,,,,,,,,
,,,,,,,,,0.0,,,,,,,,,,,,,,
,,,,,,,,,,,,,,,,,,,,,,,
,,,,,,,,,,,,,,,,,,,,,,,
,,,,,,,,,0.0,,,,,,,,,,,,,,
,,,,,,,,,,,,,,,,,,,,,,,
,,,,,,,,,,,,,,,,,,,,,,,
,,,,,,,,,0.0,,,,,,,,,,,,,,
,,,,,,,,,,,,,,,,,,,,,,,
,,,,,,,,,,,,,,,,,,,,,,,
,,,,,,,,,0.0,,,,,,,,,,,,,,
,,,,,,,,,,,,,,,,,,,,,,,
,,,,,,,,,,,,,,,,,,,,,,,
,,,,,,,,,0.0,,,,,,,,,,,,,,
,,,,,,,,,,,,,,,,,,,,,,,
,,,,,,,,,,,,,,,,,,,,,,,
,,,,,,,,,0.0,,,,,,,,,,,,,,
,,,,,,,,,,,,,,,,,,,,,,,
,,,,,,,,,,,,,,,,,,,,,,,
,,,,,,,,,0.0,,,,,,,,,,,,,,
,,,,,,,,,,,,,,,,,,,,,,,
,,,,,,,,,,,,,,,,,,,,,,,
,,,,,,,,,0.0,,,,,,,,,,,,,,
,,,,,,,,,,,,,,,,,,,,,,,
,,,,,,,,,,,,,,,,,,,,,,,
,,,,,,,,,0.0,,,,,,,,,,,,,,
,,,,,,,,,,,,,,,,,,,,,,,
,,,,,,,,,,,,,,,,,,,,,,,
,,,,,,,,,0.0,,,,,,,,,,,,,,
,,,,,,,,,,,,,,,,,,,,,,,
,,,,,,,,,,,,,,,,,,,,,,,
,,,,,,,,,0.0,,,,,,,,,,,,,,
,,,,,,,,,,,,,,,,,,,,,,,
,,,,,,,,,,,,,,,,,,,,,,,
,,,,,,,,,0.0,,,,,,,,,,,,,,
,,,,,,,,,,,,,,,,,,,,,,,
,,,,,,,,,,,,,,,,,,,,,,,
,,,,,,f,04:45:00,06:00:00,75.00000000000001,4.0,,6.0,,6.0,,,,15,,,Wartungsplan,,
,,,,,,,,,,,,,,,,,,,,,,,
,,,,,,,,,,,,,,,,,,,,,,,
,,,,,,f,06:00:00,07:00:00,60.00000000000003,4.0,,3.0,3.0,6.0,,,,,,,,,
,,,,,,,,,,,,,,,,,,,,,,,
,,,,,,,,,,,,,,,,,,,,,,,
,,,,,,f,07:00:00,08:00:00,59.99999999999995,4.0,,,6.0,6.0,,,,,,,,,
,,,,,,,,,,,,,,,,,,,,,,,
,,,,,,,,,,,,,,,,,,,,,,,
,,,,,,f,08:00:00,09:00:00,60.00000000000003,4.0,,5.0,1.0,6.0,,,,,,,,,
,,,,,,,,,,,,,,,,,,,,,,,
,,,,,,,,,,,,,,,,,,,,,,,
,,,,,,f,09:30:00,10:00:00,30.000000000000053,4.0,,,3.0,3.0,,,,,,,,,
,,,,,,,,,,,,,,,,,,,,,,,
,,,,,,,,,,,,,,,,,,,,,,,
,,,,,,f,10:00:00,11:00:00,59.99999999999995,4.0,,,6.0,6.0,,,,,,,,,
,,,,,,,,,,,,,,,,,,,,,,,
,,,,,,,,,,,,,,,,,,,,,,,
,,,,,,f,11:00:00,12:00:00,60.00000000000003,4.0,,,6.0,6.0,,,,,,,,,
,,,,,,,,,,,,,,,,,,,,,,,
,,,,,,,,,,,,,,,,,,,,,,,
,,,,,,f,12:00:00,13:15:00,75.00000000000006,4.0,,,4.0,4.0,,,10,,,, STW nachgearbeitet ,,
,,,,,,,,,,,,,,,,,,,,,,,
,,,,,,,,,,,,,,,,,,15,,,Reinigung,,
,,,,,,,,,0.0,,,,,,,,,,,,,,
,,,,,,,,,,,,,,,,,,,,,,,
,,,,,,,,,,,,,,,,,,,,,,,
,,,,,,s,13:15:00,14:00:00,45.0,5.0,,,3.0,3.0,,,,15,,,Wartungsplan,,
,,,,,,,,,,,,,,,,,,,,,,,
,,,,,,,,,,,,,,,,,,,,,,,
,,,,,,s,14:00:00,15:00:00,59.99999999999995,5.0,,,6.0,6.0,,,,,,,,,
,,,,,,,,,,,,,,,,,,,,,,,
,,,,,,,,,,,,,,,,,,,,,,,
,,,,,,s,15:00:00,16:00:00,59.99999999999995,5.0,,,3.0,3.0,,35,,,,OP20,"OP erkennt rechtes Blech nicht und dreht immer weiter, Robtech informiert",,
,,,,,,,,,,,,,,,,,,,,,,,
,,,,,,,,,,,,,,,,,,,,,,,
,,,,,,s,16:00:00,17:00:00,60.00000000000011,5.0,,,4.0,4.0,,20,,,,,Bedienerschutz ausgelöst + Folgefehler beheben,3,
,,,,,,,,,,,,,,,,,,,,,,,
,,,,,,,,,,,,,,,,,,,,,,,
,,,,,,s,17:30:00,18:00:00,30.000000000000053,5.0,,,2.0,2.0,,,,,,,,,
,,,,,,,,,,,,,,,,,,,,,,,
,,,,,,,,,,,,,,,,,,,,,,,
,,,,,,s,18:00:00,19:00:00,59.99999999999995,5.0,,,5.0,5.0,,,,,,,,,
,,,,,,,,,,,,,,,,,,,,,,,
,,,,,,,,,,,,,,,,,,,,,,,
,,,,,,s,19:00:00,20:00:00,60.00000000000011,5.0,,,,,,,,60,,,Reinigung,,
,,,,,,,,,,,,,,,,,,,,,,,
,,,,,,,,,,,,,,,,,,,,,,,
,,,,,,s,20:00:00,21:00:00,59.99999999999995,5.0,,,,,,,,60,,,Reinigung,,
,,,,,,,,,,,,,,,,,,,,,,,
,,,,,,,,,,,,,,,,,,,,,,,
,,,,,,,21:00:00,21:45:00,45.0,5.0,,,1.0,1.0,,,,,,,,,
,,,,,,s,,,,,,,,,,,,,,,,,
,,,,,,,,,,,,,,,,,,15,,,Reinigung + Werkzeug einschließen,,
,,,,,,,,,0.0,,,,,,,,, ,,,,,
,,,,,,,,,,,,,,,,,,,,,,,
,,,,,,,,,,,,,,,,,,,,,,,
,,,,,,,,,0.0,,,,,,,,,,,,,,
,,,,,,,,,,,,,,,,,,,,,,,
,,,,,,,,,,,,,,,,,,,,,,,
,,,,,,,,,0.0,,,,,,,,,,,,,,
,,,,,,,,,,,,,,,,,,,,,,,
,,,,,,,,,,,,,,,,,,,,,,,
,,,,,,,,,0.0,,,,,,,,,,,,,,
,,,,,,,,,,,,,,,,,,,,,,,
,,,,,,,,,,,,,,,,,,,,,,,
,,,,,,,,,0.0,,,,,,,,,,,,,,
,,,,,,,,,,,,,,,,,,,,,,,
,,,,,,,,,,,,,,,,,,,,,,,
,,,,,,,,,0.0,,,,,,,,,,,,,,
,,,,,,,,,,,,,,,,,,,,,,,
,,,,,,,,,,,,,,,,,,,,,,,
,,,,,,,,,0.0,,,,,,,,,,,,,,
,,,,,,,,,,,,,,,,,,,,,,,
,,,,,,,,,,,,,,,,,,,,,,,
,,,,,,,,,0.0,,,,,,,,,,,,,,
,,,,,,,,,,,,,,,,,,,,,,,
,,,,,,,,,,,,,,,,,,,,,,,
,,,,,,,,,0.0,,,,,,,,,,,,,,
,,,,,,,,,,,,,,,,,,,,,,,
,,,,,,,,,,,,,,,,,,,,,,,
,,,,,,,,,0.0,,,,,,,,,,,,,,
,,,,,,,,,,,,,,,,,,,,,,,
,,,,,,,,,,,,,,,,,,,,,,,
,,,,,,,,,0.0,,,,,,,,,,,,,,
,,,,,,,,,,,,,,,,,,,,,,,
,,,,,,,,,,,,,,,,,,,,,,,
,,,,,,,,,0.0,,,,,,,,,,,,,,
,,,,,,,,,,,,,,,,,,,,,,,
,,,,,,,,,,,,,,,,,,,,,,,
,,,,,,,,,0.0,,,,,,,,,,,,,,
,,,,,,,,,,,,,,,,,,,,,,,
,,,,,,,,,,,,,,,,,,,,,,,
,,,,,,,,,0.0,,,,,,,,,,,,,,
,,,,,,,,,,,,,,,,,,,,,,,
,,,,,,,,,,,,,,,,,,,,,,,
,,,,,,,,,0.0,,,,,,,,,,,,,,
,,,,,,,,,,,,,,,,,,,,,,,
,,,,,,,,,,,,,,,,,,,,,,,
,,,,,,,,,0.0,,,,,,,,,,,,,,
,,,,,,,,,,,,,,,,,,,,,,,
,,,,,,,,,,,,,,,,,,,,,,,
,,,,,,,,,0.0,,,,,,,,,,,,,,
,,,,,,,,,,,,,,,,,,,,,,,
,,,,,,,,,,,,,,,,,,,,,,,
,,,,,,,,,0.0,,,,,,,,,,,,,,
,,,,,,,,,,,,,,,,,,,,,,,
,,,,,,,,,,,,,,,,,,,,,,,
,,,,,,,,,0.0,,,,,,,,,,,,,,
,,,,,,,,,,,,,,,,,,,,,,,
,,,,,,,,,,,,,,,,,,,,,,,
,,,,,,f,,,0.0,4.0,,,4.0,4.0,,,,15,,,Wartungsplan,,
,,,,,,,04:45:00,06:00:00,,,,,,,,15,,,,OP 120.1,Zylinder niecht in Posizion  (Schlosser  Informiert.),,
,,,,,,,,,,,,,,,,,,,,,,,
,,,,,,f,,,0.0,4.0,,,5.0,5.0,,,,,,,,,
,,,,,,,06:00:00,07:00:00,,,,,,,,,,,,,,,
,,,,,,,,,,,,,,,,,,,,,,,
,,,,,,f,,,0.0,4.0,,,5.0,5.0,,,,,,,,,
,,,,,,,07:00:00,08:00:00,,,,,,,,,,,,,,,
,,,,,,,,,,,,,,,,,,,,R 06, In OP.120-1     Schweißnahtqualität schlecht (Robotech Informiert.),,
,,,,,,f,,,0.0,4.0,,,5.0,5.0,,,,,,,,,
,,,,,,,08:00:00,09:00:00,,,,,,,,10,,,,R 06,      Robotech. An der Anlage .   Brenner  Tauschen,,
,,,,,,,,,,,,,,,,,,,,,,,
,,,,,,f,,,0.0,4.0,,,2.0,2.0,,,,,,,,,
,,,,,,,09:30:00,10:00:00,,,,,,,,,,,,,,,
,,,,,,,,,,,,,,,,,,,,,,,
,,,,,,f,,,0.0,4.0,,,4.0,4.0,,12,,,,, STW nachgearbeitet ,2,
,,,,,,,10:00:00,11:00:00,,,,,,,,,,,,,,,
,,,,,,,,,,,,,,,,,,,,,,,
,,,,,,f,,,0.0,4.0,,,5.0,5.0,,12,,,,R 06, In OP.120-1     Schweißnahtqualität schlecht  QT. Unten Nachschweißen,2,
,,,,,,,11:00:00,12:00:00,,,,,,,,,,,,,,,
,,,,,,,,,,,,,,,,,,,,,,,
,,,,,,f,,,0.0,4.0,,,4.0,4.0,,15,,,,, In OP.120-1     Schweißnahtqualität schlecht  QT. Unten Nachschweißen,,
,,,,,,,12:00:00,13:15:00,,,,,,,,,,,,,,,
,,,,,,,,,,,,,,,,,,,,,,,
,,,,,,,,,0.0,,,,,,,,,,,,,,
,,,,,,,,,,,,,,,,,,,,,,,
,,,,,,,,,,,,,,,,,,,,,,,
,,,,,,s,13:15:00,14:00:00,45.0,6.0,,,2.0,2.0,,,,15,,,Wartungsplan,,
,,,,,,,,,,,,,,,,,,20,,R 06,Drahtwechseln ,,
,,,,,,,,,,,,,,,,,,,,,,,
,,,,,,s,14:00:00,15:00:00,59.99999999999995,6.0,,,5.0,5.0,,,,,,,,,
,,,,,,,,,,,,,,,,,,,,,,,
,,,,,,,,,,,,,,,,,,,,,,,
,,,,,,s,15:00:00,16:00:00,59.99999999999995,6.0,,,6.0,6.0,,,,,,,,,
,,,,,,,,,,,,,,,,,,,,,,,
,,,,,,,,,,,,,,,,,,,,,,,
,,,,,,s,16:00:00,17:00:00,60.00000000000011,6.0,,,6.0,6.0,,,,,,,,,
,,,,,,,,,,,,,,,,,,,,,,,
,,,,,,,,,,,,,,,,,,,,,,,
,,,,,,s,17:30:00,18:00:00,30.000000000000053,6.0,,,2.0,2.0,,,,,,,,,
,,,,,,,,,,,,,,,,,,,,,,,
,,,,,,,,,,,,,,,,,,,,,,,
,,,,,,s,18:00:00,19:00:00,59.99999999999995,6.0,,,0.0,,,,,,,,Stromausfall ,,
,,,,,,,,,,,,,,,,,,60,,,Reinigung ,,
,,,,,,,,,,,,,,,,,,,,,Warten auf RobTech,,
,,,,,,s,19:00:00,20:00:00,60.00000000000011,6.0,,,0.0,,,,,,,,Stromausfall ,,
,,,,,,,,,,,,,,,,,,60,,,Reinigung ,,
,,,,,,,,,,,,,,,,,,,,,Warten auf RobTech,,
,,,,,,s,20:00:00,21:00:00,59.99999999999995,6.0,,,0.0,,,,,,,,Stromausfall ,,
,,,,,,,,,,,,,,,,,,60,,,Reinigung ,,
,,,,,,,,,,,,,,,,,,,,,Warten auf RobTech,,
,,,,,,,21:00:00,21:45:00,45.0,6.0,,,0.0,,,,,,,,Stromausfall ,,
,,,,,,s,,,,,,,,,,,,45,,,Warten auf RobTech,,
,,,,,,,,,,,,,,,,,,,,,Reinigung ,,
,,,,,,,,,0.0,,,,,,,,,,,,,,
,,,,,,,,,,,,,,,,,,,,,,,
,,,,,,,,,,,,,,,,,,,,,,,
,,,,,,,,,0.0,,,,,,,,,,,,,,
,,,,,,,,,,,,,,,,,,,,,,,
,,,,,,,,,,,,,,,,,,,,,,,
,,,,,,,,,0.0,,,,,,,,,,,,,,
,,,,,,,,,,,,,,,,,,,,,,,
,,,,,,,,,,,,,,,,,,,,,,,
,,,,,,,,,0.0,,,,,,,,,,,,,,
,,,,,,,,,,,,,,,,,,,,,,,
,,,,,,,,,,,,,,,,,,,,,,,
,,,,,,,,,0.0,,,,,,,,,,,,,,
,,,,,,,,,,,,,,,,,,,,,,,
,,,,,,,,,,,,,,,,,,,,,,,
,,,,,,,,,0.0,,,,,,,,,,,,,,
,,,,,,,,,,,,,,,,,,,,,,,
,,,,,,,,,,,,,,,,,,,,,,,
,,,,,,,,,0.0,,,,,,,,,,,,,,
,,,,,,,,,,,,,,,,,,,,,,,
,,,,,,,,,,,,,,,,,,,,,,,
,,,,,,,,,0.0,,,,,,,,,,,,,,
,,,,,,,,,,,,,,,,,,,,,,,
,,,,,,,,,,,,,,,,,,,,,,,
,,,,,,,,,0.0,,,,,,,,,,,,,,
,,,,,,,,,,,,,,,,,,,,,,,
,,,,,,,,,,,,,,,,,,,,,,,
,,,,,,,,,0.0,,,,,,,,,,,,,,
,,,,,,,,,,,,,,,,,,,,,,,
,,,,,,,,,,,,,,,,,,,,,,,
,,,,,,,,,,,,,,,,,,,,,,,
,,,,,,,,,,,,,,,,,,,,,,,
,,,,,,,,,0.0,,,,,,,,,,,,,,
,,,,,,,,,,,,,,,,,,,,,,,
,,,,,,,,,,,,,,,,,,,,,,,
,,,,,,,,,0.0,,,,,,,,,,,,,,
,,,,,,,,,,,,,,,,,,,,,,,
,,,,,,,,,,,,,,,,,,,,,,,
,,,,,,,,,0.0,,,,,,,,,,,,,,
,,,,,,,,,,,,,,,,,,,,,,,
,,,,,,,,,,,,,,,,,,,,,,,
,,,,,,,,,0.0,,,,,,,,,,,,,,
,,,,,,,,,,,,,,,,,,,,,,,
,,,,,,,,,,,,,,,,,,,,,,,
,,,,,,,,,0.0,,,,,,,,,,,,,,
,,,,,,,,,,,,,,,,,,,,,,,
,,,,,,,,,,,,,,,,,,,,,,,
,,,,,,,,,0.0,,,,,,,,,,,,,,
,,,,,,,,,,,,,,,,,,,,,,,
,,,,,,,,,,,,,,,,,,,,,,,
,,,,,,,,,0.0,,,,,,,,,,,,,,
,,,,,,,,,,,,,,,,,,,,,,,
,,,,,,,,,,,,,,,,,,,,,,,
,,,,,,,,,0.0,,,,,,,,,,,,,,
,,,,,,,,,,,,,,,,,,,,,,,
,,,,,,,,,,,,,,,,,,,,,,,
,,,,,,,,,0.0,,,,,,,,,,,,,,
,,,,,,,,,,,,,,,,,,,,,,,
,,,,,,,,,,,,,,,,,,,,,,,
,,,,,,,,,0.0,,,,,,,,,,,,,,
,,,,,,,,,,,,,,,,,,,,,,,
,,,,,,,,,,,,,,,,,,,,,,,
,,,,,,,,,0.0,,,,,,,,,,,,,,
,,,,,,,,,,,,,,,,,,,,,,,
,,,,,,,,,,,,,,,,,,,,,,,
,,,,,,,,,0.0,,,,,,,,,,,,,,
,,,,,,,,,,,,,,,,,,,,,,,
,,,,,,,,,,,,,,,,,,,,,,,
,,,,,,,,,0.0,,,,,,,,,,,,,,
,,,,,,,,,,,,,,,,,,,,,,,
,,,,,,,,,,,,,,,,,,,,,,,
,,,,,,,,,0.0,,,,,,,,,,,,,,
,,,,,,,,,,,,,,,,,,,,,,,
,,,,,,,,,,,,,,,,,,,,,,,
,,,,,,,,,0.0,,,,,,,,,,,,,,
,,,,,,,,,,,,,,,,,,,,,,,
,,,,,,,,,,,,,,,,,,,,,,,
,,,,,,,,,0.0,,,,,,,,,,,,,,
,,,,,,,,,,,,,,,,,,,,,,,
,,,,,,,,,,,,,,,,,,,,,,,
,,,,,,,,,0.0,,,,,,,,,,,,,,
,,,,,,,,,,,,,,,,,,,,,,,
,,,,,,,,,,,,,,,,,,,,,,,
,,,,,,,,,0.0,,,,,,,,,,,,,,
,,,,,,,,,,,,,,,,,,,,,,,
,,,,,,,,,,,,,,,,,,,,,,,
,,,,,,,,,,,,,,,,,,,,,,,
,,,,,,,,,,,,,,,,,,,,,,,
,,,,,,,,,0.0,,,,,,,,,,,,,,
,,,,,,,,,,,,,,,,,,,,,,,
,,,,,,,,,,,,,,,,,,,,,,,
,,,,,,,,,0.0,,,,,,,,,,,,,,
,,,,,,,,,,,,,,,,,,,,,,,
,,,,,,,,,,,,,,,,,,,,,,,
,,,,,,,,,0.0,,,,,,,,,,,,,,
,,,,,,,,,,,,,,,,,,,,,,,
,,,,,,,,,,,,,,,,,,,,,,,
,,,,,,,,,0.0,,,,,,,,,,,,,,
,,,,,,,,,,,,,,,,,,,,,,,
,,,,,,,,,,,,,,,,,,,,,,,
,,,,,,,,,0.0,,,,,,,,,,,,,,
,,,,,,,,,,,,,,,,,,,,,,,
,,,,,,,,,,,,,,,,,,,,,,,
,,,,,,,,,0.0,,,,,,,,,,,,,,
,,,,,,,,,,,,,,,,,,,,,,,
,,,,,,,,,,,,,,,,,,,,,,,
,,,,,,,,,0.0,,,,,,,,,,,,,,
,,,,,,,,,,,,,,,,,,,,,,,
,,,,,,,,,,,,,,,,,,,,,,,
,,,,,,,,,0.0,,,,,,,,,,,,,,
,,,,,,,,,,,,,,,,,,,,,,,
,,,,,,,,,,,,,,,,,,,,,,,
,,,,,,,,,0.0,,,,,,,,,,,,,,
,,,,,,,,,,,,,,,,,,,,,,,
,,,,,,,,,,,,,,,,,,,,,,,
,,,,,,,,,0.0,,,,,,,,,,,,,,
,,,,,,,,,,,,,,,,,,,,,,,
,,,,,,,,,,,,,,,,,,,,,,,
,,,,,,,,,0.0,,,,,,,,,,,,,,
,,,,,,,,,,,,,,,,,,,,,,,
,,,,,,,,,,,,,,,,,,,,,,,
,,,,,,,,,0.0,,,,,,,,,,,,,,
,,,,,,,,,,,,,,,,,,,,,,,
,,,,,,,,,,,,,,,,,,,,,,,
,,,,,,,,,0.0,,,,,,,,,,,,,,
,,,,,,,,,,,,,,,,,,,,,,,
,,,,,,,,,,,,,,,,,,,,,,,
,,,,,,,,,0.0,,,,,,,,,,,,,,
,,,,,,,,,,,,,,,,,,,,,,,
,,,,,,,,,,,,,,,,,,,,,,,
,,,,,,,,,0.0,,,,,,,,,,,,,,
,,,,,,,,,,,,,,,,,,,,,,,
,,,,,,,,,,,,,,,,,,,,,,,
,,,,,,,,,0.0,,,,,,,,,,,,,,
,,,,,,,,,,,,,,,,,,,,,,,
,,,,,,,,,,,,,,,,,,,,,,,
,,,,,,,,,0.0,,,,,,,,,,,,,,
,,,,,,,,,,,,,,,,,,,,,,,
,,,,,,,,,,,,,,,,,,,,,,,
,,,,,,,,,0.0,,,,,,,,,,,,,,
,,,,,,,,,,,,,,,,,,,,,,,
,,,,,,,,,,,,,,,,,,,,,,,
,,,,,,,,,0.0,,,,,,,,,,,,,,
,,,,,,,,,,,,,,,,,,,,,,,
,,,,,,,,,,,,,,,,,,,,,,,
,,,,,,,,,0.0,,,,,,,,,,,,,,
,,,,,,,,,,,,,,,,,,,,,,,
,,,,,,,,,,,,,,,,,,,,,,,
,,,,,,,,,0.0,,,,,,,,,,,,,,
,,,,,,,,,,,,,,,,,,,,,,,
,,,,,,,,,,,,,,,,,,,,,,,
,,,,,,,,,0.0,,,,,,,,,,,,,,
,,,,,,,,,,,,,,,,,,,,,,,
,,,,,,,,,,,,,,,,,,,,,,,
,,,,,,,,,0.0,,,,,,,,,,,,,,
,,,,,,,,,,,,,,,,,,,,,,,
,,,,,,,,,,,,,,,,,,,,,,,
,,,,,,,,,0.0,,,,,,,,,,,,,,
,,,,,,,,,,,,,,,,,,,,,,,
,,,,,,,,,,,,,,,,,,,,,,,
,,,,,,,,,0.0,,,,,,,,,,,,,,
,,,,,,,,,,,,,,,,,,,,,,,
,,,,,,,,,,,,,,,,,,,,,,,
,,,,,,,,,0.0,,,,,,,,,,,,,,
,,,,,,,,,,,,,,,,,,,,,,,
,,,,,,,,,,,,,,,,,,,,,,,
,,,,,,,,,0.0,,,,,,,,,,,,,,
,,,,,,,,,,,,,,,,,,,,,,,
,,,,,,,,,,,,,,,,,,,,,,,
,,,,,,,,,0.0,,,,,,,,,,,,,,
,,,,,,,,,,,,,,,,,,,,,,,
,,,,,,,,,,,,,,,,,,,,,,,
,,,,,,,,,0.0,,,,,,,,,,,,,,
,,,,,,,,,,,,,,,,,,,,,,,
,,,,,,,,,,,,,,,,,,,,,,,
,,,,,,,,,0.0,,,,,,,,,,,,,,
,,,,,,,,,,,,,,,,,,,,,,,
,,,,,,,,,,,,,,,,,,,,,,,
,,,,,,,,,0.0,,,,,,,,,,,,,,
,,,,,,,,,,,,,,,,,,,,,,,
,,,,,,,,,,,,,,,,,,,,,,,
,,,,,,,,,0.0,,,,,,,,,,,,,,
,,,,,,,,,,,,,,,,,,,,,,,
,,,,,,,,,,,,,,,,,,,,,,,
,,,,,,,,,0.0,,,,,,,,,,,,,,
,,,,,,,,,,,,,,,,,,,,,,,
,,,,,,,,,,,,,,,,,,,,,,,
,,,,,,,,,0.0,,,,,,,,,,,,,,
,,,,,,,,,,,,,,,,,,,,,,,
,,,,,,,,,,,,,,,,,,,,,,,
,,,,,,,,,0.0,,,,,,,,,,,,,,
,,,,,,,,,,,,,,,,,,,,,,,
,,,,,,,,,,,,,,,,,,,,,,,
,,,,,,,,,0.0,,,,,,,,,,,,,,
,,,,,,,,,,,,,,,,,,,,,,,
,,,,,,,,,,,,,,,,,,,,,,,
,,,,,,,,,0.0,,,,,,,,,,,,,,
,,,,,,,,,,,,,,,,,,,,,,,
,,,,,,,,,,,,,,,,,,,,,,,
,2026-05-06 00:00:00,2026-05-06 00:00:00,2026-05-06 00:00:00,2026-05-06,2026-05-06,,,,0.0,,,,,,,,,,,,,,
,,,,,,,,,,,,,,,,,,,,,,,
,,,,,,,,,,,,,,,,,,,,,,,
,,,,,,,,,0.0,,,,,,,,,,,,,,
,,,,,,,,,,,,,,,,,,,,,,,
,,,,,,,,,,,,,,,,,,,,,,,
,,,,,,,,,0.0,,,,,,,,,,,,,,
,,,,,,,,,,,,,,,,,,,,,,,
,,,,,,,,,,,,,,,,,,,,,,,
,,,,,,,,,0.0,,,,,,,,,,,,,,
,,,,,,,,,,,,,,,,,,,,,,,
,,,,,,,,,,,,,,,,,,,,,,,
,,,,,,,,,,,,,,,,,,,,,,,
,,,,,,,,,,,,,,,,,,,,,,,
,,,,,,,,,0.0,,,,,,,,,,,,,,
,,,,,,,,,,,,,,,,,,,,,,,
,,,,,,,,,,,,,,,,,,,,,,,
,,,,,,,,,0.0,,,,,,,,,,,,,,
,,,,,,,,,,,,,,,,,,,,,,,
,,,,,,,,,,,,,,,,,,,,,,,
,,,,,,,,,0.0,,,,,,,,,,,,,,
,,,,,,,,,,,,,,,,,,,,,,,
,,,,,,,,,,,,,,,,,,,,,,,
,,,,,,,,,0.0,,,,,,,,,,,,,,
,,,,,,,,,,,,,,,,,,,,,,,
,,,,,,,,,,,,,,,,,,,,,,,
,,,,,,,,,0.0,,,,,,,,,,,,,,
,,,,,,,,,,,,,,,,,,,,,,,
,,,,,,,,,,,,,,,,,,,,,,,
,,,,,,,,,0.0,,,,,,,,,,,,,,
,,,,,,,,,,,,,,,,,,,,,,,
,,,,,,,,,,,,,,,,,,,,,,,
,,,,,,,,,0.0,,,,,,,,,,,,,,
,,,,,,,,,,,,,,,,,,,,,,,
,,,,,,,,,,,,,,,,,,,,,,,
,,,,,,,,,0.0,,,,,,,,,,,,,,
,,,,,,,,,,,,,,,,,,,,,,,
,,,,,,,,,,,,,,,,,,,,,,,
,,,,,,,,,0.0,,,,,,,,,,,,,,
,,,,,,,,,,,,,,,,,,,,,,,
,,,,,,,,,,,,,,,,,,,,,,,
,,,,,,,,,0.0,,,,,,,,,,,,,,
,,,,,,,,,,,,,,,,,,,,,,,
,,,,,,,,,,,,,,,,,,,,,,,
,,,,,,,,,0.0,,,,,,,,,,,,,,
,,,,,,,,,,,,,,,,,,,,,,,
,,,,,,,,,,,,,,,,,,,,,,,
,,,,,,,,,0.0,,,,,,,,,,,,,,
,,,,,,,,,,,,,,,,,,,,,,,
,,,,,,,,,,,,,,,,,,,,,,,
,,,,,,,,,0.0,,,,,,,,,,,,,,
,,,,,,,,,,,,,,,,,,,,,,,
,,,,,,,,,,,,,,,,,,,,,,,
,,,,,,,,,0.0,,,,,,,,,,,,,,
,,,,,,,,,,,,,,,,,,,,,,,
,,,,,,,,,,,,,,,,,,,,,,,
,,,,,,,,,0.0,,,,,,,,,,,,,,
,,,,,,,,,,,,,,,,,,,,,,,
,,,,,,,,,,,,,,,,,,,,,,,
,,,,,,,,,0.0,,,,,,,,,,,,,,
,,,,,,,,,,,,,,,,,,,,,,,
,,,,,,,,,,,,,,,,,,,,,,,
,,,,,,,,,0.0,,,,,,,,,,,,,,
,,,,,,,,,,,,,,,,,,,,,,,
,,,,,,,,,,,,,,,,,,,,,,,
,,,,,,,,,0.0,,,,,,,,,,,,,,
,,,,,,,,,,,,,,,,,,,,,,,
,,,,,,,,,,,,,,,,,,,,,,,
,,,,,,,,,0.0,,,,,,,,,,,,,,
,,,,,,,,,,,,,,,,,,,,,,,
,,,,,,,,,,,,,,,,,,,,,,,
,,,,,,,,,0.0,,,,,,,,,,,,,,
,,,,,,,,,,,,,,,,,,,,,,,
,,,,,,,,,,,,,,,,,,,,,,,
,,,,,,,,,0.0,,,,,,,,,,,,,,
,,,,,,,,,,,,,,,,,,,,,,,
,,,,,,,,,,,,,,,,,,,,,,,
,,,,,,,,,0.0,,,,,,,,,,,,,,
,,,,,,,,,,,,,,,,,,,,,,,
,,,,,,,,,,,,,,,,,,,,,,,
,,,,,,,,,0.0,,,,,,,,,,,,,,
,,,,,,,,,,,,,,,,,,,,,,,
,,,,,,,,,,,,,,,,,,,,,,,
,,,,,,,,,0.0,,,,,,,,,,,,,,
,,,,,,,,,,,,,,,,,,,,,,,
,,,,,,,,,,,,,,,,,,,,,,,
,,,,,,,,,0.0,,,,,,,,,,,,,,
,,,,,,,,,,,,,,,,,,,,,,,
,,,,,,,,,,,,,,,,,,,,,,,
,,,,,,,,,0.0,,,,,,,,,,,,,,
,,,,,,,,,,,,,,,,,,,,,,,
,,,,,,,,,,,,,,,,,,,,,,,
,,,,,,,,,0.0,,,,,,,,,,,,,,
,,,,,,,,,,,,,,,,,,,,,,,
,,,,,,,,,,,,,,,,,,,,,,,
,,,,,,,,,0.0,,,,,,,,,,,,,,
,,,,,,,,,,,,,,,,,,,,,,,
,,,,,,,,,,,,,,,,,,,,,,,
,,,,,,,,,0.0,,,,,,,,,,,,,,
,,,,,,,,,,,,,,,,,,,,,,,
,,,,,,,,,,,,,,,,,,,,,,,
,,,,,,,,,0.0,,,,,,,,,,,,,,
,,,,,,,,,,,,,,,,,,,,,,,
,,,,,,,,,,,,,,,,,,,,,,,
,,,,,,,,,0.0,,,,,,,,,,,,,,
,,,,,,,,,,,,,,,,,,,,,,,
,,,,,,,,,,,,,,,,,,,,,,,
,,,,,,,,,0.0,,,,,,,,,,,,,,
,,,,,,,,,,,,,,,,,,,,,,,
,,,,,,,,,,,,,,,,,,,,,,,
,,,,,,,,,0.0,,,,,,,,,,,,,,
,,,,,,,,,,,,,,,,,,,,,,,
,,,,,,,,,,,,,,,,,,,,,,,
,,,,,,,,,0.0,,,,,,,,,,,,,,
,,,,,,,,,,,,,,,,,,,,,,,
,,,,,,,,,,,,,,,,,,,,,,,
,,,,,,,,,0.0,,,,,,,,,,,,,,
,,,,,,,,,,,,,,,,,,,,,,,
,,,,,,,,,,,,,,,,,,,,,,,
,,,,,,,,,0.0,,,,,,,,,,,,,,
,,,,,,,,,,,,,,,,,,,,,,,
,,,,,,,,,,,,,,,,,,,,,,,
,,,,,,,,,0.0,,,,,,,,,,,,,,
,,,,,,,,,,,,,,,,,,,,,,,
,,,,,,,,,,,,,,,,,,,,,,,
,,,,,,,,,0.0,,,,,,,,,,,,,,
,,,,,,,,,,,,,,,,,,,,,,,
,,,,,,,,,,,,,,,,,,,,,,,
,,,,,,,,,0.0,,,,,,,,,,,,,,
,,,,,,,,,,,,,,,,,,,,,,,
,,,,,,,,,,,,,,,,,,,,,,,
,,,,,,,,,0.0,,,,,,,,,,,,,,
,,,,,,,,,,,,,,,,,,,,,,,
,,,,,,,,,,,,,,,,,,,,,,,
,,,,,,,,,0.0,,,,,,,,,,,,,,
,,,,,,,,,,,,,,,,,,,,,,,
,,,,,,,,,,,,,,,,,,,,,,,
,,,,,,,,,0.0,,,,,,,,,,,,,,
,,,,,,,,,,,,,,,,,,,,,,,
,,,,,,,,,,,,,,,,,,,,,,,
,,,,,,,,,0.0,,,,,,,,,,,,,,
,,,,,,,,,,,,,,,,,,,,,,,
,,,,,,,,,,,,,,,,,,,,,,,
,,,,,,,,,0.0,,,,,,,,,,,,,,
,,,,,,,,,,,,,,,,,,,,,,,
,,,,,,,,,,,,,,,,,,,,,,,
,,,,,,,,,0.0,,,,,,,,,,,,,,
,,,,,,,,,,,,,,,,,,,,,,,
,,,,,,,,,,,,,,,,,,,,,,,
,,,,,,,,,0.0,,,,,,,,,,,,,,
,,,,,,,,,,,,,,,,,,,,,,,
,,,,,,,,,,,,,,,,,,,,,,,
,,,,,,,,,0.0,,,,,,,,,,,,,,
,,,,,,,,,,,,,,,,,,,,,,,
,,,,,,,,,,,,,,,,,,,,,,,
,,,,,,,,,0.0,,,,,,,,,,,,,,
,,,,,,,,,,,,,,,,,,,,,,,
,,,,,,,,,,,,,,,,,,,,,,,
,,,,,,,,,0.0,,,,,,,,,,,,,,
,,,,,,,,,,,,,,,,,,,,,,,
,,,,,,,,,,,,,,,,,,,,,,,
,,,,,,,,,0.0,,,,,,,,,,,,,,
,,,,,,,,,,,,,,,,,,,,,,,
,,,,,,,,,,,,,,,,,,,,,,,
,,,,,,,,,0.0,,,,,,,,,,,,,,
,,,,,,,,,,,,,,,,,,,,,,,
,,,,,,,,,,,,,,,,,,,,,,,
,,,,,,,,,0.0,,,,,,,,,,,,,,
,,,,,,,,,,,,,,,,,,,,,,,
,,,,,,,,,,,,,,,,,,,,,,,
,,,,,,,,,0.0,,,,,,,,,,,,,,
,,,,,,,,,,,,,,,,,,,,,,,
,,,,,,,,,,,,,,,,,,,,,,,
,,,,,,,,,0.0,,,,,,,,,,,,,,
,,,,,,,,,,,,,,,,,,,,,,,
,,,,,,,,,,,,,,,,,,,,,,,
,,,,,,,,,0.0,,,,,,,,,,,,,,
,,,,,,,,,,,,,,,,,,,,,,,
,,,,,,,,,,,,,,,,,,,,,,,
,,,,,,,,,0.0,,,,,,,,,,,,,,
,,,,,,,,,,,,,,,,,,,,,,,
,,,,,,,,,,,,,,,,,,,,,,,
,,,,,,,,,0.0,,,,,,,,,,,,,,
,,,,,,,,,,,,,,,,,,,,,,,
,,,,,,,,,,,,,,,,,,,,,,,
,,,,,,,,,0.0,,,,,,,,,,,,,,
,,,,,,,,,,,,,,,,,,,,,,,
,,,,,,,,,,,,,,,,,,,,,,,
,,,,,,,,,0.0,,,,,,,,,,,,,,
,,,,,,,,,,,,,,,,,,,,,,,
,,,,,,,,,,,,,,,,,,,,,,,
,,,,,,,,,0.0,,,,,,,,,,,,,,
,,,,,,,,,,,,,,,,,,,,,,,
,,,,,,,,,,,,,,,,,,,,,,,
,,,,,,,,,0.0,,,,,,,,,,,,,,
,,,,,,,,,,,,,,,,,,,,,,,
,,,,,,,,,,,,,,,,,,,,,,,
,,,,,,,,,0.0,,,,,,,,,,,,,,
,,,,,,,,,,,,,,,,,,,,,,,
,,,,,,,,,,,,,,,,,,,,,,,
,,,,,,,,,0.0,,,,,,,,,,,,,,
,,,,,,,,,,,,,,,,,,,,,,,
,,,,,,,,,,,,,,,,,,,,,,,
,,,,,,,,,0.0,,,,,,,,,,,,,,
,,,,,,,,,,,,,,,,,,,,,,,
,,,,,,,,,,,,,,,,,,,,,,,
,,,,,,,,,0.0,,,,,,,,,,,,,,
,,,,,,,,,,,,,,,,,,,,,,,
,,,,,,,,,,,,,,,,,,,,,,,
,,,,,,,,,0.0,,,,,,,,,,,,,,
,,,,,,,,,,,,,,,,,,,,,,,
,,,,,,,,,,,,,,,,,,,,,,,
,,,,,,,,,0.0,,,,,,,,,,,,,,
,,,,,,,,,,,,,,,,,,,,,,,
,,,,,,,,,,,,,,,,,,,,,,,
,,,,,,,,,0.0,,,,,,,,,,,,,,
,,,,,,,,,,,,,,,,,,,,,,,
,,,,,,,,,,,,,,,,,,,,,,,
,,,,,,,,,0.0,,,,,,,,,,,,,,
,,,,,,,,,,,,,,,,,,,,,,,
,,,,,,,,,,,,,,,,,,,,,,,
,,,,,,,,,0.0,,,,,,,,,,,,,,
,,,,,,,,,,,,,,,,,,,,,,,
,,,,,,,,,,,,,,,,,,,,,,,
,,,,,,,,,0.0,,,,,,,,,,,,,,
,,,,,,,,,,,,,,,,,,,,,,,
,,,,,,,,,,,,,,,,,,,,,,,
,,,,,,,,,0.0,,,,,,,,,,,,,,
,,,,,,,,,,,,,,,,,,,,,,,
,,,,,,,,,,,,,,,,,,,,,,,
,,,,,,,,,0.0,,,,,,,,,,,,,,
,,,,,,,,,,,,,,,,,,,,,,,
,,,,,,,,,,,,,,,,,,,,,,,
,,,,,,,,,0.0,,,,,,,,,,,,,,
,,,,,,,,,,,,,,,,,,,,,,,
,,,,,,,,,,,,,,,,,,,,,,,
,,,,,,,,,0.0,,,,,,,,,,,,,,
,,,,,,,,,,,,,,,,,,,,,,,
,,,,,,,,,,,,,,,,,,,,,,,
,,,,,,,,,0.0,,,,,,,,,,,,,,
,,,,,,,,,,,,,,,,,,,,,,,
,,,,,,,,,,,,,,,,,,,,,,,
,,,,,,,,,0.0,,,,,,,,,,,,,,
,,,,,,,,,,,,,,,,,,,,,,,
,,,,,,,,,,,,,,,,,,,,,,,
,,,,,,,,,0.0,,,,,,,,,,,,,,
,,,,,,,,,,,,,,,,,,,,,,,
,,,,,,,,,,,,,,,,,,,,,,,
,,,,,,,,,0.0,,,,,,,,,,,,,,
,,,,,,,,,,,,,,,,,,,,,,,
,,,,,,,,,,,,,,,,,,,,,,,
,,,,,,,,,0.0,,,,,,,,,,,,,,
,,,,,,,,,,,,,,,,,,,,,,,
,,,,,,,,,,,,,,,,,,,,,,,
,,,,,,,,,0.0,,,,,,,,,,,,,,
,,,,,,,,,,,,,,,,,,,,,,,
,,,,,,,,,,,,,,,,,,,,,,,
,,,,,,,,,0.0,,,,,,,,,,,,,,
,,,,,,,,,,,,,,,,,,,,,,,
,,,,,,,,,,,,,,,,,,,,,,,
,,,,,,,,,0.0,,,,,,,,,,,,,,
,,,,,,,,,,,,,,,,,,,,,,,
,,,,,,,,,,,,,,,,,,,,,,,
,,,,,,,,,0.0,,,,,,,,,,,,,,
,,,,,,,,,,,,,,,,,,,,,,,
,,,,,,,,,,,,,,,,,,,,,,,
,,,,,,,,,0.0,,,,,,,,,,,,,,
,,,,,,,,,,,,,,,,,,,,,,,
,,,,,,,,,,,,,,,,,,,,,,,
,,,,,,,,,0.0,,,,,,,,,,,,,,
,,,,,,,,,,,,,,,,,,,,,,,
,,,,,,,,,,,,,,,,,,,,,,,
,,,,,,,,,0.0,,,,,,,,,,,,,,
,,,,,,,,,,,,,,,,,,,,,,,
,,,,,,,,,,,,,,,,,,,,,,,
,,,,,,,,,0.0,,,,,,,,,,,,,,
,,,,,,,,,,,,,,,,,,,,,,,
,,,,,,,,,,,,,,,,,,,,,,,
,,,,,,,,,0.0,,,,,,,,,,,,,,
,,,,,,,,,,,,,,,,,,,,,,,
,,,,,,,,,,,,,,,,,,,,,,,
,,,,,,,,,0.0,,,,,,,,,,,,,,
,,,,,,,,,,,,,,,,,,,,,,,
,,,,,,,,,,,,,,,,,,,,,,,
,,,,,,,,,0.0,,,,,,,,,,,,,,
,,,,,,,,,,,,,,,,,,,,,,,
,,,,,,,,,,,,,,,,,,,,,,,
,,,,,,,,,0.0,,,,,,,,,,,,,,
,,,,,,,,,,,,,,,,,,,,,,,
,,,,,,,,,,,,,,,,,,,,,,,
,,,,,,,,,0.0,,,,,,,,,,,,,,
,,,,,,,,,,,,,,,,,,,,,,,
,,,,,,,,,,,,,,,,,,,,,,,
,,,,,,,,,0.0,,,,,,,,,,,,,,
,,,,,,,,,,,,,,,,,,,,,,,
,,,,,,,,,,,,,,,,,,,,,,,
,,,,,,,,,0.0,,,,,,,,,,,,,,
,,,,,,,,,,,,,,,,,,,,,,,
,,,,,,,,,,,,,,,,,,,,,,,
,,,,,,,,,0.0,,,,,,,,,,,,,,
,,,,,,,,,,,,,,,,,,,,,,,
,,,,,,,,,,,,,,,,,,,,,,,
,,,,,,,,,0.0,,,,,,,,,,,,,,
,,,,,,,,,,,,,,,,,,,,,,,
,,,,,,,,,,,,,,,,,,,,,,,
,,,,,,,,,0.0,,,,,,,,,,,,,,
,,,,,,,,,,,,,,,,,,,,,,,
,,,,,,,,,,,,,,,,,,,,,,,
,,,,,,,,,0.0,,,,,,,,,,,,,,
,,,,,,,,,,,,,,,,,,,,,,,
,,,,,,,,,,,,,,,,,,,,,,,
,,,,,,,,,0.0,,,,,,,,,,,,,,
,,,,,,,,,,,,,,,,,,,,,,,
,,,,,,,,,,,,,,,,,,,,,,,
,,,,,,,,,0.0,,,,,,,,,,,,,,
,,,,,,,,,,,,,,,,,,,,,,,
,,,,,,,,,,,,,,,,,,,,,,,
,,,,,,,,,0.0,,,,,,,,,,,,,,
,,,,,,,,,,,,,,,,,,,,,,,
,,,,,,,,,,,,,,,,,,,,,,,
,,,,,,,,,0.0,,,,,,,,,,,,,,
,,,,,,,,,,,,,,,,,,,,,,,
,,,,,,,,,,,,,,,,,,,,,,,
,,,,,,,,,0.0,,,,,,,,,,,,,,
,,,,,,,,,,,,,,,,,,,,,,,
,,,,,,,,,,,,,,,,,,,,,,,
,,,,,,,,,0.0,,,,,,,,,,,,,,
,,,,,,,,,,,,,,,,,,,,,,,
,,,,,,,,,,,,,,,,,,,,,,,
,,,,,,,,,0.0,,,,,,,,,,,,,,
,,,,,,,,,,,,,,,,,,,,,,,
,,,,,,,,,,,,,,,,,,,,,,,
,,,,,,,,,0.0,,,,,,,,,,,,,,
,,,,,,,,,,,,,,,,,,,,,,,
,,,,,,,,,,,,,,,,,,,,,,,
,,,,,,,,,0.0,,,,,,,,,,,,,,
,,,,,,,,,,,,,,,,,,,,,,,
,,,,,,,,,,,,,,,,,,,,,,,
,,,,,,,,,0.0,,,,,,,,,,,,,,
,,,,,,,,,,,,,,,,,,,,,,,
,,,,,,,,,,,,,,,,,,,,,,,
,,,,,,,,,0.0,,,,,,,,,,,,,,
,,,,,,,,,,,,,,,,,,,,,,,
,,,,,,,,,,,,,,,,,,,,,,,
,,,,,,,,,0.0,,,,,,,,,,,,,,
,,,,,,,,,,,,,,,,,,,,,,,
,,,,,,,,,,,,,,,,,,,,,,,
,,,,,,,,,0.0,,,,,,,,,,,,,,
,,,,,,,,,,,,,,,,,,,,,,,
,,,,,,,,,,,,,,,,,,,,,,,
,,,,,,,,,0.0,,,,,,,,,,,,,,
,,,,,,,,,,,,,,,,,,,,,,,
,,,,,,,,,,,,,,,,,,,,,,,
,,,,,,,,,0.0,,,,,,,,,,,,,,
,,,,,,,,,,,,,,,,,,,,,,,
,,,,,,,,,,,,,,,,,,,,,,,
,,,,,,,,,0.0,,,,,,,,,,,,,,
,,,,,,,,,,,,,,,,,,,,,,,
,,,,,,,,,,,,,,,,,,,,,,,
,,,,,,,,,0.0,,,,,,,,,,,,,,
,,,,,,,,,,,,,,,,,,,,,,,
,,,,,,,,,,,,,,,,,,,,,,,
,,,,,,,,,0.0,,,,,,,,,,,,,,
,,,,,,,,,,,,,,,,,,,,,,,
,,,,,,,,,,,,,,,,,,,,,,,
,,,,,,,,,0.0,,,,,,,,,,,,,,
,,,,,,,,,,,,,,,,,,,,,,,
,,,,,,,,,,,,,,,,,,,,,,,
,,,,,,,,,0.0,,,,,,,,,,,,,,
,,,,,,,,,,,,,,,,,,,,,,,
,,,,,,,,,,,,,,,,,,,,,,,
,,,,,,,,,0.0,,,,,,,,,,,,,,
,,,,,,,,,,,,,,,,,,,,,,,
,,,,,,,,,,,,,,,,,,,,,,,
,,,,,,,,,0.0,,,,,,,,,,,,,,
,,,,,,,,,,,,,,,,,,,,,,,
,,,,,,,,,,,,,,,,,,,,,,,
,,,,,,,,,0.0,,,,,,,,,,,,,,
,,,,,,,,,,,,,,,,,,,,,,,
,,,,,,,,,,,,,,,,,,,,,,,
,,,,,,,,,0.0,,,,,,,,,,,,,,
,,,,,,,,,,,,,,,,,,,,,,,
,,,,,,,,,,,,,,,,,,,,,,,
,,,,,,,,,0.0,,,,,,,,,,,,,,
,,,,,,,,,,,,,,,,,,,,,,,
,,,,,,,,,,,,,,,,,,,,,,,
,,,,,,,,,0.0,,,,,,,,,,,,,,
,,,,,,,,,,,,,,,,,,,,,,,
,,,,,,,,,,,,,,,,,,,,,,,
,,,,,,,,,0.0,,,,,,,,,,,,,,
,,,,,,,,,,,,,,,,,,,,,,,
,,,,,,,,,,,,,,,,,,,,,,,
,,,,,,,,,0.0,,,,,,,,,,,,,,
,,,,,,,,,,,,,,,,,,,,,,,
,,,,,,,,,,,,,,,,,,,,,,,
,,,,,,,,,0.0,,,,,,,,,,,,,,
,,,,,,,,,,,,,,,,,,,,,,,
,,,,,,,,,,,,,,,,,,,,,,,
,,,,,,,,,0.0,,,,,,,,,,,,,,
,,,,,,,,,,,,,,,,,,,,,,,
,,,,,,,,,,,,,,,,,,,,,,,
,,,,,,,,,0.0,,,,,,,,,,,,,,
,,,,,,,,,,,,,,,,,,,,,,,
,,,,,,,,,,,,,,,,,,,,,,,
,,,,,,,,,0.0,,,,,,,,,,,,,,
,,,,,,,,,,,,,,,,,,,,,,,
,,,,,,,,,,,,,,,,,,,,,,,
,,,,,,,,,0.0,,,,,,,,,,,,,,
,,,,,,,,,,,,,,,,,,,,,,,
,,,,,,,,,,,,,,,,,,,,,,,
,,,,,,,,,0.0,,,,,,,,,,,,,,
,,,,,,,,,,,,,,,,,,,,,,,
,,,,,,,,,,,,,,,,,,,,,,,
,,,,,,,,,0.0,,,,,,,,,,,,,,
,,,,,,,,,,,,,,,,,,,,,,,
,,,,,,,,,,,,,,,,,,,,,,,
,,,,,,,,,0.0,,,,,,,,,,,,,,
,,,,,,,,,,,,,,,,,,,,,,,
,,,,,,,,,,,,,,,,,,,,,,,
,,,,,,,,,0.0,,,,,,,,,,,,,,
,,,,,,,,,,,,,,,,,,,,,,,
,,,,,,,,,,,,,,,,,,,,,,,
,,,,,,,,,0.0,,,,,,,,,,,,,,
,,,,,,,,,,,,,,,,,,,,,,,
,,,,,,,,,,,,,,,,,,,,,,,
,,,,,,,,,0.0,,,,,,,,,,,,,,
,,,,,,,,,,,,,,,,,,,,,,,
,,,,,,,,,,,,,,,,,,,,,,,
,,,,,,,,,0.0,,,,,,,,,,,,,,
,,,,,,,,,,,,,,,,,,,,,,,
,,,,,,,,,,,,,,,,,,,,,,,
,,,,,,,,,0.0,,,,,,,,,,,,,,
,,,,,,,,,,,,,,,,,,,,,,,
,,,,,,,,,,,,,,,,,,,,,,,
,,,,,,,,,0.0,,,,,,,,,,,,,,
,,,,,,,,,,,,,,,,,,,,,,,
,,,,,,,,,,,,,,,,,,,,,,,
,,,,,,,,,0.0,,,,,,,,,,,,,,
,,,,,,,,,,,,,,,,,,,,,,,
,,,,,,,,,,,,,,,,,,,,,,,
,,,,,,,,,0.0,,,,,,,,,,,,,,
,,,,,,,,,,,,,,,,,,,,,,,
,,,,,,,,,,,,,,,,,,,,,,,
,,,,,,,,,0.0,,,,,,,,,,,,,,
,,,,,,,,,,,,,,,,,,,,,,,
,,,,,,,,,,,,,,,,,,,,,,,
,,,,,,,,,0.0,,,,,,,,,,,,,,
,,,,,,,,,,,,,,,,,,,,,,,
,,,,,,,,,,,,,,,,,,,,,,,
,,,,,,,,,0.0,,,,,,,,,,,,,,
,,,,,,,,,,,,,,,,,,,,,,,
,,,,,,,,,,,,,,,,,,,,,,,
,,,,,,,,,0.0,,,,,,,,,,,,,,
,,,,,,,,,,,,,,,,,,,,,,,
,,,,,,,,,,,,,,,,,,,,,,,
,,,,,,,,,0.0,,,,,,,,,,,,,,
,,,,,,,,,,,,,,,,,,,,,,,
,,,,,,,,,,,,,,,,,,,,,,,
,,,,,,,,,0.0,,,,,,,,,,,,,,
,,,,,,,,,,,,,,,,,,,,,,,
,,,,,,,,,,,,,,,,,,,,,,,
,,,,,,,,,0.0,,,,,,,,,,,,,,
,,,,,,,,,,,,,,,,,,,,,,,
,,,,,,,,,,,,,,,,,,,,,,,
,,,,,,,,,0.0,,,,,,,,,,,,,,
,,,,,,,,,,,,,,,,,,,,,,,
,,,,,,,,,,,,,,,,,,,,,,,
,,,,,,,,,0.0,,,,,,,,,,,,,,
,,,,,,,,,,,,,,,,,,,,,,,
,,,,,,,,,,,,,,,,,,,,,,,
,,,,,,,,,0.0,,,,,,,,,,,,,,
,,,,,,,,,,,,,,,,,,,,,,,
,,,,,,,,,,,,,,,,,,,,,,,
,,,,,,,,,0.0,,,,,,,,,,,,,,
,,,,,,,,,,,,,,,,,,,,,,,
,,,,,,,,,,,,,,,,,,,,,,,
,,,,,,,,,0.0,,,,,,,,,,,,,,
,,,,,,,,,,,,,,,,,,,,,,,
,,,,,,,,,,,,,,,,,,,,,,,
,,,,,,,,,0.0,,,,,,,,,,,,,,
,,,,,,,,,,,,,,,,,,,,,,,
,,,,,,,,,,,,,,,,,,,,,,,
,,,,,,,,,,,,,,,,,,,,,,,
,,,,,,,,,0.0,,,,,,,,,,,,,,
,,,,,,,,,,,,,,,,,,,,,,,
,,,,,,,,,,,,,,,,,,,,,,,
,,,,,,,,,0.0,,,,,,,,,,,,,,
,,,,,,,,,,,,,,,,,,,,,,,
,,,,,,,,,,,,,,,,,,,,,,,
,,,,,,,,,0.0,,,,,,,,,,,,,,
,,,,,,,,,,,,,,,,,,,,,,,
,,,,,,,,,,,,,,,,,,,,,,,
,,,,,,,,,0.0,,,,,,,,,,,,,,
,,,,,,,,,,,,,,,,,,,,,,,
,,,,,,,,,,,,,,,,,,,,,,,
,,,,,,,,,0.0,,,,,,,,,,,,,,
,,,,,,,,,,,,,,,,,,,,,,,
,,,,,,,,,,,,,,,,,,,,,,,
,,,,,,,,,0.0,,,,,,,,,,,,,,
,,,,,,,,,,,,,,,,,,,,,,,
,,,,,,,,,,,,,,,,,,,,,,,
,,,,,,,,,0.0,,,,,,,,,,,,,,
,,,,,,,,,,,,,,,,,,,,,,,
,,,,,,,,,,,,,,,,,,,,,,,
,,,,,,,,,0.0,,,,,,,,,,,,,,
,,,,,,,,,,,,,,,,,,,,,,,
,,,,,,,,,0.0,,,,,,,,,,,,,,
,,,,,,,,,,,,,,,,,,,,,,,
,,,,,,,,,,,,,,,,,,,,,,,
,,,,,,,,,0.0,,,,,,,,,,,,,,
,,,,,,,,,,,,,,,,,,,,,,,
,,,,,,,,,,,,,,,,,,,,,,,
,,,,,,,,,0.0,,,,,,,,,,,,,,
,,,,,,,,,,,,,,,,,,,,,,,
,,,,,,,,,,,,,,,,,,,,,,,
,,,,,,,,,0.0,,,,,,,,,,,,,,
,,,,,,,,,,,,,,,,,,,,,,,
,,,,,,,,,,,,,,,,,,,,,,,
,,,,,,,,,0.0,,,,,,,,,,,,,,
,,,,,,,,,,,,,,,,,,,,,,,
,,,,,,,,,,,,,,,,,,,,,,,
,,,,,,,,,0.0,,,,,,,,,,,,,,
,,,,,,,,,,,,,,,,,,,,,,,
,,,,,,,,,,,,,,,,,,,,,,,
,,,,,,,,,0.0,,,,,,,,,,,,,,
,,,,,,,,,,,,,,,,,,,,,,,
,,,,,,,,,,,,,,,,,,,,,,,
,,,,,,,,,0.0,,,,,,,,,,,,,,
,,,,,,,,,,,,,,,,,,,,,,,
,,,,,,,,,,,,,,,,,,,,,,,
,,,,,,,,,0.0,,,,,,,,,,,,,,
,,,,,,,,,,,,,,,,,,,,,,,
,,,,,,,,,,,,,,,,,,,,,,,
,,,,,,,,,0.0,,,,,,,,,,,,,,
,,,,,,,,,,,,,,,,,,,,,,,
,,,,,,,,,,,,,,,,,,,,,,,
,,,,,,,,,0.0,,,,,,,,,,,,,,
,,,,,,,,,,,,,,,,,,,,,,,
,,,,,,,,,,,,,,,,,,,,,,,
,,,,,,,,,0.0,,,,,,,,,,,,,,
,,,,,,,,,,,,,,,,,,,,,,,
,,,,,,,,,,,,,,,,,,,,,,,
,,,,,,,,,0.0,,,,,,,,,,,,,,
,,,,,,,,,,,,,,,,,,,,,,,
,,,,,,,,,,,,,,,,,,,,,,,
,,,,,,,,,0.0,,,,,,,,,,,,,,
,,,,,,,,,,,,,,,,,,,,,,,
,,,,,,,,,,,,,,,,,,,,,,,
,,,,,,,,,0.0,,,,,,,,,,,,,,
,,,,,,,,,,,,,,,,,,,,,,,
,,,,,,,,,,,,,,,,,,,,,,,
,,,,,,,,,0.0,,,,,,,,,,,,,,
,,,,,,,,,,,,,,,,,,,,,,,
,,,,,,,,,,,,,,,,,,,,,,,
,,,,,,,,,0.0,,,,,,,,,,,,,,
,,,,,,,,,,,,,,,,,,,,,,,
,,,,,,,,,,,,,,,,,,,,,,,
,,,,,,,,,0.0,,,,,,,,,,,,,,
,,,,,,,,,,,,,,,,,,,,,,,
,,,,,,,,,,,,,,,,,,,,,,,
,,,,,,,,,0.0,,,,,,,,,,,,,,
,,,,,,,,,,,,,,,,,,,,,,,
,,,,,,,,,,,,,,,,,,,,,,,
,,,,,,,,,0.0,,,,,,,,,,,,,,
,,,,,,,,,,,,,,,,,,,,,,,
,,,,,,,,,,,,,,,,,,,,,,,
,,,,,,,21:00:00,21:45:00,45.0,3.0,,,1.0,1.0,,,,,,R 02,Drahtfass leer,,
,,,,,,s,,,,,,,,,,,,,,,,,
,,,,,,,,,,,,,,,,,,,,,,,
,,,,,,,,,0.0,,,,,,,,,,,,,,
,,,,,,,,,,,,,,,,,,,,,,,
,,,,,,,,,,,,,,,,,,,,,,,
,,,,,,,,,,,,,,,,,,,,,,,
,,,,,,,,,,,,,,,,,,,,,,,
,,,,,,,,,0.0,,,,,,,,,,,,,,
,,,,,,,,,,,,,,,,,,,,,,,
,,,,,,,,,,,,,,,,,,,,,,,
,,,,,,,,,0.0,,,,,,,,,,,,,,
,,,,,,,,,,,,,,,,,,,,,,,
,,,,,,,,,,,,,,,,,,,,,,,
,,,,,,,,,0.0,,,,,,,,,,,,,,
,,,,,,,,,,,,,,,,,,,,,,,
,,,,,,,,,,,,,,,,,,,,,,,
,,,,,,,,,0.0,,,,,,,,,,,,,,
,,,,,,,,,,,,,,,,,,,,,,,
,,,,,,,,,,,,,,,,,,,,,,,
,,,,,,,,,0.0,,,,,,,,,,,,,,
,,,,,,,,,,,,,,,,,,,,,,,
,,,,,,,,,,,,,,,,,,,,,,,
,,,,,,,,,0.0,,,,,,,,,,,,,,
,,,,,,,,,,,,,,,,,,,,,,,
,,,,,,,,,,,,,,,,,,,,,,,
,,,,,,,,,0.0,,,,,,,,,,,,,,
,,,,,,,,,,,,,,,,,,,,,,,
,,,,,,,,,,,,,,,,,,,,,,,
,,,,,,,,,0.0,,,,,,,,,,,,,,
,,,,,,,,,,,,,,,,,,,,,,,
,,,,,,,,,,,,,,,,,,,,,,,
,,,,,,,,,0.0,,,,,,,,,,,,,,
,,,,,,,,,,,,,,,,,,,,,,,
,,,,,,,,,,,,,,,,,,,,,,,
,,,,,,,,,0.0,,,,,,,,,,,,,,
,,,,,,,,,,,,,,,,,,,,,,,
,,,,,,,,,,,,,,,,,,,,,,,
,,,,,,,,,0.0,,,,,,,,,,,,,,
,,,,,,,,,,,,,,,,,,,,,,,
,,,,,,,,,,,,,,,,,,,,,,,
,,,,,,,,,0.0,,,,,,,,,,,,,,
,,,,,,,,,,,,,,,,,,,,,,,
,,,,,,,,,,,,,,,,,,,,,,,
,,,,,,,,,0.0,,,,,,,,,,,,,,
,,,,,,,,,,,,,,,,,,,,,,,
,,,,,,,,,,,,,,,,,,,,,,,
,,,,,,,,,0.0,,,,,,,,,,,,,,
,,,,,,,,,,,,,,,,,,,,,,,
,,,,,,,,,,,,,,,,,,,,,,,
,,,,,,,,,0.0,,,,,,,,,,,,,,
,,,,,,,,,,,,,,,,,,,,,,,
,,,,,,,,,,,,,,,,,,,,,,,
,,,,,,,,,0.0,,,,,,,,,,,,,,
,,,,,,,,,,,,,,,,,,,,,,,
,,,,,,,,,,,,,,,,,,,,,,,
,,,,,,,,,0.0,,,,,,,,,,,,,,
,,,,,,,,,,,,,,,,,,,,,,,
,,,,,,,,,,,,,,,,,,,,,,,
,,,,,,,,,0.0,,,,,,,,,,,,,,
,,,,,,,,,,,,,,,,,,,,,,,
,,,,,,,,,,,,,,,,,,,,,,,
,,,,,,,,,0.0,,,,,,,,,,,,,,
,,,,,,,,,,,,,,,,,,,,,,,
,,,,,,,,,,,,,,,,,,,,,,,
,,,,,,,,,0.0,,,,,,,,,,,,,,
,,,,,,,,,,,,,,,,,,,,,,,
,,,,,,,,,,,,,,,,,,,,,,,
,,,,,,,,,0.0,,,,,,,,,,,,,,
,,,,,,,,,,,,,,,,,,,,,,,
,,,,,,,,,,,,,,,,,,,,,,,
,,,,,,,,,0.0,,,,,,,,,,,,,,
,,,,,,,,,,,,,,,,,,,,,,,
,,,,,,,,,,,,,,,,,,,,,,,
,,,,,,,,,0.0,,,,,,,,,,,,,,
,,,,,,,,,,,,,,,,,,,,,,,
,,,,,,,,,,,,,,,,,,,,,,,
,,,,,,f,12:00:00,13:15:00,75.00000000000006,3.0,,,2.0,2.0,,,,,,,,,
,,,,,,,,,,,,,,,,,,,,OP 90,Spanner schließt nicht (Robtech Informiert),,
,,,,,,,,,,,,,,,,,,15,,,Reinigung ,,
,,,,,,,,,0.0,,,,,,,,,,,,,,
,,,,,,,,,,,,,,,,,,,,,,,
,,,,,,,,,,,,,,,,,,,,,,,
,,,,,,,,,0.0,,,,,,,,,,,,,,
,,,,,,,,,,,,,,,,,,,,,,,
,,,,,,,,,,,,,,,,,,,,,,,
,,,,,,,,,0.0,,,,,,,,,,,,,,
,,,,,,,,,,,,,,,,,,,,,,,
,,,,,,,,,,,,,,,,,,,,,,,
,,,,,,,,,0.0,,,,,,,,,,,,,,
,,,,,,,,,,,,,,,,,,,,,,,
,,,,,,,,,,,,,,,,,,,,,,,
,,,,,,,,,0.0,,,,,,,,,,,,,,
,,,,,,,,,,,,,,,,,,,,,,,
,,,,,,,,,,,,,,,,,,,,,,,
,,,,,,,,,0.0,,,,,,,,,,,,,,
,,,,,,,,,,,,,,,,,,,,,,,
,,,,,,,,,,,,,,,,,,,,,,,
,,,,,,,,,0.0,,,,,,,,,,,,,,
,,,,,,,,,,,,,,,,,,,,,,,
,,,,,,,,,,,,,,,,,,,,,,,
,,,,,,,,,0.0,,,,,,,,,,,,,,
,,,,,,,,,,,,,,,,,,,,,,,
,,,,,,,,,,,,,,,,,,,,,,,
,,,,,,,,,0.0,,,,,,,,,,,,,,
,,,,,,,,,,,,,,,,,,,,,,,
,,,,,,,,,,,,,,,,,,,,,,,
,,,,,,,,,0.0,,,,,,,,,,,,,,
,,,,,,,,,,,,,,,,,,,,,,,
,,,,,,,,,,,,,,,,,,,,,,,
,,,,,,,,,0.0,,,,,,,,,,,,,,
,,,,,,,,,,,,,,,,,,,,,,,
,,,,,,,,,,,,,,,,,,,,,,,
,,,,,,,,,0.0,,,,,,,,,,,,,,
,,,,,,,,,,,,,,,,,,,,,,,
,,,,,,,,,,,,,,,,,,,,,,,
,,,,,,,,,0.0,,,,,,,,,,,,,,
,,,,,,,,,,,,,,,,,,,,,,,
,,,,,,,,,,,,,,,,,,,,,,,
,,,,,,,,,0.0,,,,,,,,,,,,,,
,,,,,,,,,,,,,,,,,,,,,,,
,,,,,,,,,,,,,,,,,,,,,,,
,,,,,,,,,0.0,,,,,,,,,,,,,,
,,,,,,,,,,,,,,,,,,,,,,,
,,,,,,,,,,,,,,,,,,,,,,,
,,,,,,,,,0.0,,,,,,,,,,,,,,
,,,,,,,,,,,,,,,,,,,,,,,
,,,,,,,,,,,,,,,,,,,,,,,
,,,,,,,,,0.0,,,,,,,,,,,,,,
,,,,,,,,,,,,,,,,,,,,,,,
,,,,,,,,,,,,,,,,,,,,,,,
,,,,,,f,04:45:00,06:00:00,75.00000000000001,4.0,,6.0,,6.0,,,,15,,,Wartungsplan,,
,,,,,,,,,,,,,,,,,,,,,,,
,,,,,,,,,,,,,,,,,,,,,,,
,,,,,,f,06:00:00,07:00:00,60.00000000000003,4.0,,3.0,3.0,6.0,,,,,,,,,
,,,,,,,,,,,,,,,,,,,,,,,
,,,,,,,,,,,,,,,,,,,,,,,
,,,,,,f,07:00:00,08:00:00,59.99999999999995,4.0,,,6.0,6.0,,,,,,,,,
,,,,,,,,,,,,,,,,,,,,,,,
,,,,,,,,,,,,,,,,,,,,,,,
,,,,,,f,08:00:00,09:00:00,60.00000000000003,4.0,,5.0,1.0,6.0,,,,,,,,,
,,,,,,,,,,,,,,,,,,,,,,,
,,,,,,,,,,,,,,,,,,,,,,,
,,,,,,f,09:30:00,10:00:00,30.000000000000053,4.0,,,3.0,3.0,,,,,,,,,
,,,,,,,,,,,,,,,,,,,,,,,
,,,,,,,,,,,,,,,,,,,,,,,
,,,,,,f,10:00:00,11:00:00,59.99999999999995,4.0,,,6.0,6.0,,,,,,,,,
,,,,,,,,,,,,,,,,,,,,,,,
,,,,,,,,,,,,,,,,,,,,,,,
,,,,,,f,11:00:00,12:00:00,60.00000000000003,4.0,,,6.0,6.0,,,,,,,,,
,,,,,,,,,,,,,,,,,,,,,,,
,,,,,,,,,,,,,,,,,,,,,,,
,,,,,,f,12:00:00,13:15:00,75.00000000000006,4.0,,,4.0,4.0,,,10,,,, STW nachgearbeitet ,,
,,,,,,,,,,,,,,,,,,,,,,,
,,,,,,,,,,,,,,,,,,15,,,Reinigung,,
,,,,,,,,,0.0,,,,,,,,,,,,,,
,,,,,,,,,,,,,,,,,,,,,,,
,,,,,,,,,,,,,,,,,,,,,,,
,,,,,,s,13:15:00,14:00:00,45.0,5.0,,,3.0,3.0,,,,15,,,Wartungsplan,,
,,,,,,,,,,,,,,,,,,,,,,,
,,,,,,,,,,,,,,,,,,,,,,,
,,,,,,s,14:00:00,15:00:00,59.99999999999995,5.0,,,6.0,6.0,,,,,,,,,
,,,,,,,,,,,,,,,,,,,,,,,
,,,,,,,,,,,,,,,,,,,,,,,
,,,,,,s,15:00:00,16:00:00,59.99999999999995,5.0,,,3.0,3.0,,35,,,,OP20,"OP erkennt rechtes Blech nicht und dreht immer weiter, Robtech informiert",,
,,,,,,,,,,,,,,,,,,,,,,,
,,,,,,,,,,,,,,,,,,,,,,,
,,,,,,s,16:00:00,17:00:00,60.00000000000011,5.0,,,4.0,4.0,,20,,,,,Bedienerschutz ausgelöst + Folgefehler beheben,3,
,,,,,,,,,,,,,,,,,,,,,,,
,,,,,,,,,,,,,,,,,,,,,,,
,,,,,,s,17:30:00,18:00:00,30.000000000000053,5.0,,,2.0,2.0,,,,,,,,,
,,,,,,,,,,,,,,,,,,,,,,,
,,,,,,,,,,,,,,,,,,,,,,,
,,,,,,s,18:00:00,19:00:00,59.99999999999995,5.0,,,5.0,5.0,,,,,,,,,
,,,,,,,,,,,,,,,,,,,,,,,
,,,,,,,,,,,,,,,,,,,,,,,
,,,,,,s,19:00:00,20:00:00,60.00000000000011,5.0,,,,,,,,60,,,Reinigung,,
,,,,,,,,,,,,,,,,,,,,,,,
,,,,,,,,,,,,,,,,,,,,,,,
,,,,,,s,20:00:00,21:00:00,59.99999999999995,5.0,,,,,,,,60,,,Reinigung,,
,,,,,,,,,,,,,,,,,,,,,,,
,,,,,,,,,,,,,,,,,,,,,,,
,,,,,,,21:00:00,21:45:00,45.0,5.0,,,1.0,1.0,,,,,,,,,
,,,,,,s,,,,,,,,,,,,,,,,,
,,,,,,,,,,,,,,,,,,15,,,Reinigung + Werkzeug einschließen,,
,,,,,,,,,0.0,,,,,,,,, ,,,,,
,,,,,,,,,,,,,,,,,,,,,,,
,,,,,,,,,,,,,,,,,,,,,,,
,,,,,,,,,0.0,,,,,,,,,,,,,,
,,,,,,,,,,,,,,,,,,,,,,,
,,,,,,,,,,,,,,,,,,,,,,,
,,,,,,,,,0.0,,,,,,,,,,,,,,
,,,,,,,,,,,,,,,,,,,,,,,
,,,,,,,,,,,,,,,,,,,,,,,
,,,,,,,,,0.0,,,,,,,,,,,,,,
,,,,,,,,,,,,,,,,,,,,,,,
,,,,,,,,,,,,,,,,,,,,,,,
,,,,,,,,,0.0,,,,,,,,,,,,,,
,,,,,,,,,,,,,,,,,,,,,,,
,,,,,,,,,,,,,,,,,,,,,,,
,,,,,,,,,0.0,,,,,,,,,,,,,,
,,,,,,,,,,,,,,,,,,,,,,,
,,,,,,,,,,,,,,,,,,,,,,,
,,,,,,,,,0.0,,,,,,,,,,,,,,
,,,,,,,,,,,,,,,,,,,,,,,
,,,,,,,,,,,,,,,,,,,,,,,
,,,,,,,,,0.0,,,,,,,,,,,,,,
,,,,,,,,,,,,,,,,,,,,,,,
,,,,,,,,,,,,,,,,,,,,,,,
,,,,,,,,,0.0,,,,,,,,,,,,,,
,,,,,,,,,,,,,,,,,,,,,,,
,,,,,,,,,,,,,,,,,,,,,,,
,,,,,,,,,0.0,,,,,,,,,,,,,,
,,,,,,,,,,,,,,,,,,,,,,,
,,,,,,,,,,,,,,,,,,,,,,,
,,,,,,,,,0.0,,,,,,,,,,,,,,
,,,,,,,,,,,,,,,,,,,,,,,
,,,,,,,,,,,,,,,,,,,,,,,
,,,,,,,,,0.0,,,,,,,,,,,,,,
,,,,,,,,,,,,,,,,,,,,,,,
,,,,,,,,,,,,,,,,,,,,,,,
,,,,,,,,,0.0,,,,,,,,,,,,,,
,,,,,,,,,,,,,,,,,,,,,,,
,,,,,,,,,,,,,,,,,,,,,,,
,,,,,,,,,0.0,,,,,,,,,,,,,,
,,,,,,,,,,,,,,,,,,,,,,,
,,,,,,,,,,,,,,,,,,,,,,,
,,,,,,,,,0.0,,,,,,,,,,,,,,
,,,,,,,,,,,,,,,,,,,,,,,
,,,,,,,,,,,,,,,,,,,,,,,
,,,,,,,,,0.0,,,,,,,,,,,,,,
,,,,,,,,,,,,,,,,,,,,,,,
,,,,,,,,,,,,,,,,,,,,,,,
,,,,,,,,,0.0,,,,,,,,,,,,,,
,,,,,,,,,,,,,,,,,,,,,,,
,,,,,,,,,,,,,,,,,,,,,,,
,,,,,,,,,0.0,,,,,,,,,,,,,,
,,,,,,,,,,,,,,,,,,,,,,,
,,,,,,,,,,,,,,,,,,,,,,,
,,,,,,,,,0.0,,,,,,,,,,,,,,
,,,,,,,,,,,,,,,,,,,,,,,
,,,,,,,,,,,,,,,,,,,,,,,
,,,,,,f,,,0.0,4.0,,,4.0,4.0,,,,15,,,Wartungsplan,,
,,,,,,,04:45:00,06:00:00,,,,,,,,15,,,,OP 120.1,Zylinder niecht in Posizion  (Schlosser  Informiert.),,
,,,,,,,,,,,,,,,,,,,,,,,
,,,,,,f,,,0.0,4.0,,,5.0,5.0,,,,,,,,,
,,,,,,,06:00:00,07:00:00,,,,,,,,,,,,,,,
,,,,,,,,,,,,,,,,,,,,,,,
,,,,,,f,,,0.0,4.0,,,5.0,5.0,,,,,,,,,
,,,,,,,07:00:00,08:00:00,,,,,,,,,,,,,,,
,,,,,,,,,,,,,,,,,,,,R 06, In OP.120-1     Schweißnahtqualität schlecht (Robotech Informiert.),,
,,,,,,f,,,0.0,4.0,,,5.0,5.0,,,,,,,,,
,,,,,,,08:00:00,09:00:00,,,,,,,,10,,,,R 06,      Robotech. An der Anlage .   Brenner  Tauschen,,
,,,,,,,,,,,,,,,,,,,,,,,
,,,,,,f,,,0.0,4.0,,,2.0,2.0,,,,,,,,,
,,,,,,,09:30:00,10:00:00,,,,,,,,,,,,,,,
,,,,,,,,,,,,,,,,,,,,,,,
,,,,,,f,,,0.0,4.0,,,4.0,4.0,,12,,,,, STW nachgearbeitet ,2,
,,,,,,,10:00:00,11:00:00,,,,,,,,,,,,,,,
,,,,,,,,,,,,,,,,,,,,,,,
,,,,,,f,,,0.0,4.0,,,5.0,5.0,,12,,,,R 06, In OP.120-1     Schweißnahtqualität schlecht  QT. Unten Nachschweißen,2,
,,,,,,,11:00:00,12:00:00,,,,,,,,,,,,,,,
,,,,,,,,,,,,,,,,,,,,,,,
,,,,,,f,,,0.0,4.0,,,4.0,4.0,,15,,,,, In OP.120-1     Schweißnahtqualität schlecht  QT. Unten Nachschweißen,,
,,,,,,,12:00:00,13:15:00,,,,,,,,,,,,,,,
,,,,,,,,,,,,,,,,,,,,,,,
,,,,,,,,,0.0,,,,,,,,,,,,,,
,,,,,,,,,,,,,,,,,,,,,,,
,,,,,,,,,,,,,,,,,,,,,,,
,,,,,,s,13:15:00,14:00:00,45.0,6.0,,,2.0,2.0,,,,15,,,Wartungsplan,,
,,,,,,,,,,,,,,,,,,20,,R 06,Drahtwechseln ,,
,,,,,,,,,,,,,,,,,,,,,,,
,,,,,,s,14:00:00,15:00:00,59.99999999999995,6.0,,,5.0,5.0,,,,,,,,,
,,,,,,,,,,,,,,,,,,,,,,,
,,,,,,,,,,,,,,,,,,,,,,,
,,,,,,s,15:00:00,16:00:00,59.99999999999995,6.0,,,6.0,6.0,,,,,,,,,
,,,,,,,,,,,,,,,,,,,,,,,
,,,,,,,,,,,,,,,,,,,,,,,
,,,,,,s,16:00:00,17:00:00,60.00000000000011,6.0,,,6.0,6.0,,,,,,,,,
,,,,,,,,,,,,,,,,,,,,,,,
,,,,,,,,,,,,,,,,,,,,,,,
,,,,,,s,17:30:00,18:00:00,30.000000000000053,6.0,,,2.0,2.0,,,,,,,,,
,,,,,,,,,,,,,,,,,,,,,,,
,,,,,,,,,,,,,,,,,,,,,,,
,,,,,,s,18:00:00,19:00:00,59.99999999999995,6.0,,,0.0,,,,,,,,Stromausfall ,,
,,,,,,,,,,,,,,,,,,60,,,Reinigung ,,
,,,,,,,,,,,,,,,,,,,,,Warten auf RobTech,,
,,,,,,s,19:00:00,20:00:00,60.00000000000011,6.0,,,0.0,,,,,,,,Stromausfall ,,
,,,,,,,,,,,,,,,,,,60,,,Reinigung ,,
,,,,,,,,,,,,,,,,,,,,,Warten auf RobTech,,
,,,,,,s,20:00:00,21:00:00,59.99999999999995,6.0,,,0.0,,,,,,,,Stromausfall ,,
,,,,,,,,,,,,,,,,,,60,,,Reinigung ,,
,,,,,,,,,,,,,,,,,,,,,Warten auf RobTech,,
,,,,,,,21:00:00,21:45:00,45.0,6.0,,,0.0,,,,,,,,Stromausfall ,,
,,,,,,s,,,,,,,,,,,,45,,,Warten auf RobTech,,
,,,,,,,,,,,,,,,,,,,,,Reinigung ,,
,,,,,,,,,0.0,,,,,,,,,,,,,,
,,,,,,,,,,,,,,,,,,,,,,,
,,,,,,,,,,,,,,,,,,,,,,,
,,,,,,,,,0.0,,,,,,,,,,,,,,
,,,,,,,,,,,,,,,,,,,,,,,
,,,,,,,,,,,,,,,,,,,,,,,
,,,,,,,,,0.0,,,,,,,,,,,,,,
,,,,,,,,,,,,,,,,,,,,,,,
,,,,,,,,,,,,,,,,,,,,,,,
,,,,,,,,,0.0,,,,,,,,,,,,,,
,,,,,,,,,,,,,,,,,,,,,,,
,,,,,,,,,,,,,,,,,,,,,,,
,,,,,,,,,0.0,,,,,,,,,,,,,,
,,,,,,,,,,,,,,,,,,,,,,,
,,,,,,,,,,,,,,,,,,,,,,,
,,,,,,,,,0.0,,,,,,,,,,,,,,
,,,,,,,,,,,,,,,,,,,,,,,
,,,,,,,,,,,,,,,,,,,,,,,
,,,,,,,,,0.0,,,,,,,,,,,,,,
,,,,,,,,,,,,,,,,,,,,,,,
,,,,,,,,,,,,,,,,,,,,,,,
,,,,,,,,,0.0,,,,,,,,,,,,,,
,,,,,,,,,,,,,,,,,,,,,,,
,,,,,,,,,,,,,,,,,,,,,,,
,,,,,,,,,0.0,,,,,,,,,,,,,,
,,,,,,,,,,,,,,,,,,,,,,,
,,,,,,,,,,,,,,,,,,,,,,,
,,,,,,,,,0.0,,,,,,,,,,,,,,
,,,,,,,,,,,,,,,,,,,,,,,
,,,,,,,,,,,,,,,,,,,,,,,
,,,,,,,,,,,,,,,,,,,,,,,
,,,,,,,,,,,,,,,,,,,,,,,
,,,,,,,,,0.0,,,,,,,,,,,,,,
,,,,,,,,,,,,,,,,,,,,,,,
,,,,,,,,,,,,,,,,,,,,,,,
,,,,,,,,,0.0,,,,,,,,,,,,,,
,,,,,,,,,,,,,,,,,,,,,,,
,,,,,,,,,,,,,,,,,,,,,,,
,,,,,,,,,0.0,,,,,,,,,,,,,,
,,,,,,,,,,,,,,,,,,,,,,,
,,,,,,,,,,,,,,,,,,,,,,,
,,,,,,,,,0.0,,,,,,,,,,,,,,
,,,,,,,,,,,,,,,,,,,,,,,
,,,,,,,,,,,,,,,,,,,,,,,
,,,,,,,,,0.0,,,,,,,,,,,,,,
,,,,,,,,,,,,,,,,,,,,,,,
,,,,,,,,,,,,,,,,,,,,,,,
,,,,,,,,,0.0,,,,,,,,,,,,,,
,,,,,,,,,,,,,,,,,,,,,,,
,,,,,,,,,,,,,,,,,,,,,,,
,,,,,,,,,0.0,,,,,,,,,,,,,,
,,,,,,,,,,,,,,,,,,,,,,,
,,,,,,,,,,,,,,,,,,,,,,,
,,,,,,,,,0.0,,,,,,,,,,,,,,
,,,,,,,,,,,,,,,,,,,,,,,
,,,,,,,,,,,,,,,,,,,,,,,
,,,,,,,,,0.0,,,,,,,,,,,,,,
,,,,,,,,,,,,,,,,,,,,,,,
,,,,,,,,,,,,,,,,,,,,,,,
,,,,,,,,,0.0,,,,,,,,,,,,,,
,,,,,,,,,,,,,,,,,,,,,,,
,,,,,,,,,,,,,,,,,,,,,,,
,,,,,,,,,0.0,,,,,,,,,,,,,,
,,,,,,,,,,,,,,,,,,,,,,,
,,,,,,,,,,,,,,,,,,,,,,,
,,,,,,,,,0.0,,,,,,,,,,,,,,
,,,,,,,,,,,,,,,,,,,,,,,
,,,,,,,,,,,,,,,,,,,,,,,
,,,,,,,,,0.0,,,,,,,,,,,,,,
,,,,,,,,,,,,,,,,,,,,,,,
,,,,,,,,,,,,,,,,,,,,,,,
,,,,,,,,,0.0,,,,,,,,,,,,,,
,,,,,,,,,,,,,,,,,,,,,,,
,,,,,,,,,,,,,,,,,,,,,,,
,,,,,,,,,0.0,,,,,,,,,,,,,,
,,,,,,,,,,,,,,,,,,,,,,,
,,,,,,,,,,,,,,,,,,,,,,,
,,,,,,,,,0.0,,,,,,,,,,,,,,
,,,,,,,,,,,,,,,,,,,,,,,
,,,,,,,,,,,,,,,,,,,,,,,
,,,,,,,,,0.0,,,,,,,,,,,,,,
,,,,,,,,,,,,,,,,,,,,,,,
,,,,,,,,,,,,,,,,,,,,,,,
,,,,,,,,,0.0,,,,,,,,,,,,,,
,,,,,,,,,,,,,,,,,,,,,,,
,,,,,,,,,,,,,,,,,,,,,,,
,,,,,,,,,,,,,,,,,,,,,,,
,,,,,,,,,,,,,,,,,,,,,,,
,,,,,,,,,0.0,,,,,,,,,,,,,,
,,,,,,,,,,,,,,,,,,,,,,,
,,,,,,,,,,,,,,,,,,,,,,,
,,,,,,,,,0.0,,,,,,,,,,,,,,
,,,,,,,,,,,,,,,,,,,,,,,
,,,,,,,,,,,,,,,,,,,,,,,
,,,,,,,,,0.0,,,,,,,,,,,,,,
,,,,,,,,,,,,,,,,,,,,,,,
,,,,,,,,,,,,,,,,,,,,,,,
,,,,,,,,,0.0,,,,,,,,,,,,,,
,,,,,,,,,,,,,,,,,,,,,,,
,,,,,,,,,,,,,,,,,,,,,,,
,,,,,,,,,0.0,,,,,,,,,,,,,,
,,,,,,,,,,,,,,,,,,,,,,,
,,,,,,,,,,,,,,,,,,,,,,,
,,,,,,,,,0.0,,,,,,,,,,,,,,
,,,,,,,,,,,,,,,,,,,,,,,
,,,,,,,,,,,,,,,,,,,,,,,
,,,,,,,,,0.0,,,,,,,,,,,,,,
,,,,,,,,,,,,,,,,,,,,,,,
,,,,,,,,,,,,,,,,,,,,,,,
,,,,,,,,,0.0,,,,,,,,,,,,,,
,,,,,,,,,,,,,,,,,,,,,,,
,,,,,,,,,,,,,,,,,,,,,,,
,,,,,,,,,0.0,,,,,,,,,,,,,,
,,,,,,,,,,,,,,,,,,,,,,,
,,,,,,,,,,,,,,,,,,,,,,,
,,,,,,,,,0.0,,,,,,,,,,,,,,
,,,,,,,,,,,,,,,,,,,,,,,
,,,,,,,,,,,,,,,,,,,,,,,
,,,,,,,,,0.0,,,,,,,,,,,,,,
,,,,,,,,,,,,,,,,,,,,,,,
,,,,,,,,,,,,,,,,,,,,,,,
,,,,,,,,,0.0,,,,,,,,,,,,,,
,,,,,,,,,,,,,,,,,,,,,,,
,,,,,,,,,,,,,,,,,,,,,,,
,,,,,,,,,0.0,,,,,,,,,,,,,,
,,,,,,,,,,,,,,,,,,,,,,,
,,,,,,,,,,,,,,,,,,,,,,,
,,,,,,,,,0.0,,,,,,,,,,,,,,
,,,,,,,,,,,,,,,,,,,,,,,
,,,,,,,,,,,,,,,,,,,,,,,
,,,,,,,,,0.0,,,,,,,,,,,,,,
,,,,,,,,,,,,,,,,,,,,,,,
,,,,,,,,,,,,,,,,,,,,,,,
,,,,,,,,,0.0,,,,,,,,,,,,,,
,,,,,,,,,,,,,,,,,,,,,,,
,,,,,,,,,,,,,,,,,,,,,,,
,,,,,,,,,0.0,,,,,,,,,,,,,,
,,,,,,,,,,,,,,,,,,,,,,,
,,,,,,,,,,,,,,,,,,,,,,,
,,,,,,,,,0.0,,,,,,,,,,,,,,
,,,,,,,,,,,,,,,,,,,,,,,
,,,,,,,,,,,,,,,,,,,,,,,
,,,,,,,,,0.0,,,,,,,,,,,,,,
,,,,,,,,,,,,,,,,,,,,,,,
,,,,,,,,,,,,,,,,,,,,,,,
,,,,,,,,,0.0,,,,,,,,,,,,,,
,,,,,,,,,,,,,,,,,,,,,,,
,,,,,,,,,,,,,,,,,,,,,,,
,,,,,,,,,0.0,,,,,,,,,,,,,,
,,,,,,,,,,,,,,,,,,,,,,,
,,,,,,,,,,,,,,,,,,,,,,,
,,,,,,,,,0.0,,,,,,,,,,,,,,
,,,,,,,,,,,,,,,,,,,,,,,
,,,,,,,,,,,,,,,,,,,,,,,
,,,,,,,,,0.0,,,,,,,,,,,,,,
,,,,,,,,,,,,,,,,,,,,,,,
,,,,,,,,,,,,,,,,,,,,,,,
,,,,,,,,,0.0,,,,,,,,,,,,,,
,,,,,,,,,,,,,,,,,,,,,,,
,,,,,,,,,,,,,,,,,,,,,,,
,,,,,,,,,0.0,,,,,,,,,,,,,,
,,,,,,,,,,,,,,,,,,,,,,,
,,,,,,,,,,,,,,,,,,,,,,,
,,,,,,,,,0.0,,,,,,,,,,,,,,
,,,,,,,,,,,,,,,,,,,,,,,
,,,,,,,,,,,,,,,,,,,,,,,
,,,,,,,,,0.0,,,,,,,,,,,,,,
,,,,,,,,,,,,,,,,,,,,,,,
,,,,,,,,,,,,,,,,,,,,,,,
,,,,,,,,,0.0,,,,,,,,,,,,,,
,,,,,,,,,,,,,,,,,,,,,,,
,,,,,,,,,,,,,,,,,,,,,,,
,,,,,,,,,0.0,,,,,,,,,,,,,,
,,,,,,,,,,,,,,,,,,,,,,,
,,,,,,,,,,,,,,,,,,,,,,,
,,,,,,,,,0.0,,,,,,,,,,,,,,
,,,,,,,,,,,,,,,,,,,,,,,
,,,,,,,,,,,,,,,,,,,,,,,
,,,,,,,,,0.0,,,,,,,,,,,,,,
,,,,,,,,,,,,,,,,,,,,,,,
,,,,,,,,,,,,,,,,,,,,,,,
,,,,,,,,,0.0,,,,,,,,,,,,,,
,,,,,,,,,,,,,,,,,,,,,,,
,,,,,,,,,,,,,,,,,,,,,,,
,,,,,,,,,0.0,,,,,,,,,,,,,,
,,,,,,,,,,,,,,,,,,,,,,,
,,,,,,,,,,,,,,,,,,,,,,,
,,,,,,,,,0.0,,,,,,,,,,,,,,
,,,,,,,,,,,,,,,,,,,,,,,
,,,,,,,,,,,,,,,,,,,,,,,
,,,,,,,,,0.0,,,,,,,,,,,,,,
,,,,,,,,,,,,,,,,,,,,,,,
,,,,,,,,,,,,,,,,,,,,,,,
,,,,,,,,,0.0,,,,,,,,,,,,,,
,,,,,,,,,,,,,,,,,,,,,,,
,,,,,,,,,,,,,,,,,,,,,,,
,,,,,,,,,0.0,,,,,,,,,,,,,,
,,,,,,,,,,,,,,,,,,,,,,,
,,,,,,,,,,,,,,,,,,,,,,,
,2026-05-06 00:00:00,2026-05-06 00:00:00,2026-05-06 00:00:00,2026-05-06,2026-05-06,,,,0.0,,,,,,,,,,,,,,
,,,,,,,,,,,,,,,,,,,,,,,
,,,,,,,,,,,,,,,,,,,,,,,
,,,,,,,,,0.0,,,,,,,,,,,,,,
,,,,,,,,,,,,,,,,,,,,,,,
,,,,,,,,,,,,,,,,,,,,,,,
,,,,,,,,,0.0,,,,,,,,,,,,,,
,,,,,,,,,,,,,,,,,,,,,,,
,,,,,,,,,,,,,,,,,,,,,,,
,,,,,,,,,0.0,,,,,,,,,,,,,,
,,,,,,,,,,,,,,,,,,,,,,,
,,,,,,,,,,,,,,,,,,,,,,,
,,,,,,,,,,,,,,,,,,,,,,,
,,,,,,,,,,,,,,,,,,,,,,,
,,,,,,,,,0.0,,,,,,,,,,,,,,
,,,,,,,,,,,,,,,,,,,,,,,
,,,,,,,,,,,,,,,,,,,,,,,
,,,,,,,,,0.0,,,,,,,,,,,,,,
,,,,,,,,,,,,,,,,,,,,,,,
,,,,,,,,,,,,,,,,,,,,,,,
,,,,,,,,,0.0,,,,,,,,,,,,,,
,,,,,,,,,,,,,,,,,,,,,,,
,,,,,,,,,,,,,,,,,,,,,,,
,,,,,,,,,0.0,,,,,,,,,,,,,,
,,,,,,,,,,,,,,,,,,,,,,,
,,,,,,,,,,,,,,,,,,,,,,,
,,,,,,,,,0.0,,,,,,,,,,,,,,
,,,,,,,,,,,,,,,,,,,,,,,
,,,,,,,,,,,,,,,,,,,,,,,
,,,,,,,,,0.0,,,,,,,,,,,,,,
,,,,,,,,,,,,,,,,,,,,,,,
,,,,,,,,,,,,,,,,,,,,,,,
,,,,,,,,,0.0,,,,,,,,,,,,,,
,,,,,,,,,,,,,,,,,,,,,,,
,,,,,,,,,,,,,,,,,,,,,,,
,,,,,,,,,0.0,,,,,,,,,,,,,,
,,,,,,,,,,,,,,,,,,,,,,,
,,,,,,,,,,,,,,,,,,,,,,,
,,,,,,,,,0.0,,,,,,,,,,,,,,
,,,,,,,,,,,,,,,,,,,,,,,
,,,,,,,,,,,,,,,,,,,,,,,
,,,,,,,,,0.0,,,,,,,,,,,,,,
,,,,,,,,,,,,,,,,,,,,,,,
,,,,,,,,,,,,,,,,,,,,,,,
,,,,,,,,,0.0,,,,,,,,,,,,,,
,,,,,,,,,,,,,,,,,,,,,,,
,,,,,,,,,,,,,,,,,,,,,,,
,,,,,,,,,0.0,,,,,,,,,,,,,,
,,,,,,,,,,,,,,,,,,,,,,,
,,,,,,,,,,,,,,,,,,,,,,,
,,,,,,,,,0.0,,,,,,,,,,,,,,
,,,,,,,,,,,,,,,,,,,,,,,
,,,,,,,,,,,,,,,,,,,,,,,
,,,,,,,,,0.0,,,,,,,,,,,,,,
,,,,,,,,,,,,,,,,,,,,,,,
,,,,,,,,,,,,,,,,,,,,,,,
,,,,,,,,,0.0,,,,,,,,,,,,,,
,,,,,,,,,,,,,,,,,,,,,,,
,,,,,,,,,,,,,,,,,,,,,,,
,,,,,,,,,0.0,,,,,,,,,,,,,,
,,,,,,,,,,,,,,,,,,,,,,,
,,,,,,,,,,,,,,,,,,,,,,,
,,,,,,,,,0.0,,,,,,,,,,,,,,
,,,,,,,,,,,,,,,,,,,,,,,
,,,,,,,,,,,,,,,,,,,,,,,
,,,,,,,,,0.0,,,,,,,,,,,,,,
,,,,,,,,,,,,,,,,,,,,,,,
,,,,,,,,,,,,,,,,,,,,,,,
,,,,,,,,,0.0,,,,,,,,,,,,,,
,,,,,,,,,,,,,,,,,,,,,,,
,,,,,,,,,,,,,,,,,,,,,,,
,,,,,,,,,0.0,,,,,,,,,,,,,,
,,,,,,,,,,,,,,,,,,,,,,,
,,,,,,,,,,,,,,,,,,,,,,,
,,,,,,,,,0.0,,,,,,,,,,,,,,
,,,,,,,,,,,,,,,,,,,,,,,
,,,,,,,,,,,,,,,,,,,,,,,
,,,,,,,,,0.0,,,,,,,,,,,,,,
,,,,,,,,,,,,,,,,,,,,,,,
,,,,,,,,,,,,,,,,,,,,,,,
,,,,,,,,,0.0,,,,,,,,,,,,,,
,,,,,,,,,,,,,,,,,,,,,,,
,,,,,,,,,,,,,,,,,,,,,,,
,,,,,,,,,0.0,,,,,,,,,,,,,,
,,,,,,,,,,,,,,,,,,,,,,,
,,,,,,,,,,,,,,,,,,,,,,,
,,,,,,,,,0.0,,,,,,,,,,,,,,
,,,,,,,,,,,,,,,,,,,,,,,
,,,,,,,,,,,,,,,,,,,,,,,
,,,,,,,,,0.0,,,,,,,,,,,,,,
,,,,,,,,,,,,,,,,,,,,,,,
,,,,,,,,,,,,,,,,,,,,,,,
,,,,,,,,,0.0,,,,,,,,,,,,,,
,,,,,,,,,,,,,,,,,,,,,,,
,,,,,,,,,,,,,,,,,,,,,,,
,,,,,,,,,0.0,,,,,,,,,,,,,,
,,,,,,,,,,,,,,,,,,,,,,,
,,,,,,,,,,,,,,,,,,,,,,,
,,,,,,,,,0.0,,,,,,,,,,,,,,
,,,,,,,,,,,,,,,,,,,,,,,
,,,,,,,,,,,,,,,,,,,,,,,
,,,,,,,,,0.0,,,,,,,,,,,,,,
,,,,,,,,,,,,,,,,,,,,,,,
,,,,,,,,,,,,,,,,,,,,,,,
,,,,,,,,,0.0,,,,,,,,,,,,,,
,,,,,,,,,,,,,,,,,,,,,,,
,,,,,,,,,,,,,,,,,,,,,,,
,,,,,,,,,0.0,,,,,,,,,,,,,,
,,,,,,,,,,,,,,,,,,,,,,,
,,,,,,,,,,,,,,,,,,,,,,,
,,,,,,,,,0.0,,,,,,,,,,,,,,
,,,,,,,,,,,,,,,,,,,,,,,
,,,,,,,,,,,,,,,,,,,,,,,
,,,,,,,,,0.0,,,,,,,,,,,,,,
,,,,,,,,,,,,,,,,,,,,,,,
,,,,,,,,,,,,,,,,,,,,,,,
,,,,,,,,,0.0,,,,,,,,,,,,,,
,,,,,,,,,,,,,,,,,,,,,,,
,,,,,,,,,,,,,,,,,,,,,,,
,,,,,,,,,0.0,,,,,,,,,,,,,,
,,,,,,,,,,,,,,,,,,,,,,,
,,,,,,,,,,,,,,,,,,,,,,,
,,,,,,,,,0.0,,,,,,,,,,,,,,
,,,,,,,,,,,,,,,,,,,,,,,
,,,,,,,,,,,,,,,,,,,,,,,
,,,,,,,,,0.0,,,,,,,,,,,,,,
,,,,,,,,,,,,,,,,,,,,,,,
,,,,,,,,,,,,,,,,,,,,,,,
,,,,,,,,,0.0,,,,,,,,,,,,,,
,,,,,,,,,,,,,,,,,,,,,,,
,,,,,,,,,,,,,,,,,,,,,,,
,,,,,,,,,0.0,,,,,,,,,,,,,,
,,,,,,,,,,,,,,,,,,,,,,,
,,,,,,,,,,,,,,,,,,,,,,,
,,,,,,,,,0.0,,,,,,,,,,,,,,
,,,,,,,,,,,,,,,,,,,,,,,
,,,,,,,,,,,,,,,,,,,,,,,
,,,,,,,,,0.0,,,,,,,,,,,,,,
,,,,,,,,,,,,,,,,,,,,,,,
,,,,,,,,,,,,,,,,,,,,,,,
,,,,,,,,,0.0,,,,,,,,,,,,,,
,,,,,,,,,,,,,,,,,,,,,,,
,,,,,,,,,,,,,,,,,,,,,,,
,,,,,,,,,0.0,,,,,,,,,,,,,,
,,,,,,,,,,,,,,,,,,,,,,,
,,,,,,,,,,,,,,,,,,,,,,,
,,,,,,,,,0.0,,,,,,,,,,,,,,
,,,,,,,,,,,,,,,,,,,,,,,
,,,,,,,,,,,,,,,,,,,,,,,
,,,,,,,,,0.0,,,,,,,,,,,,,,
,,,,,,,,,,,,,,,,,,,,,,,
,,,,,,,,,,,,,,,,,,,,,,,
,,,,,,,,,0.0,,,,,,,,,,,,,,
,,,,,,,,,,,,,,,,,,,,,,,
,,,,,,,,,,,,,,,,,,,,,,,
,,,,,,,,,0.0,,,,,,,,,,,,,,
,,,,,,,,,,,,,,,,,,,,,,,
,,,,,,,,,,,,,,,,,,,,,,,
,,,,,,,,,0.0,,,,,,,,,,,,,,
,,,,,,,,,,,,,,,,,,,,,,,
,,,,,,,,,,,,,,,,,,,,,,,
,,,,,,,,,0.0,,,,,,,,,,,,,,
,,,,,,,,,,,,,,,,,,,,,,,
,,,,,,,,,,,,,,,,,,,,,,,
,,,,,,,,,0.0,,,,,,,,,,,,,,
,,,,,,,,,,,,,,,,,,,,,,,
,,,,,,,,,,,,,,,,,,,,,,,
,,,,,,,,,0.0,,,,,,,,,,,,,,
,,,,,,,,,,,,,,,,,,,,,,,
,,,,,,,,,,,,,,,,,,,,,,,
,,,,,,,,,0.0,,,,,,,,,,,,,,
,,,,,,,,,,,,,,,,,,,,,,,
,,,,,,,,,,,,,,,,,,,,,,,
,,,,,,,,,0.0,,,,,,,,,,,,,,
,,,,,,,,,,,,,,,,,,,,,,,
,,,,,,,,,,,,,,,,,,,,,,,
,,,,,,,,,0.0,,,,,,,,,,,,,,
,,,,,,,,,,,,,,,,,,,,,,,
,,,,,,,,,,,,,,,,,,,,,,,
,,,,,,,,,0.0,,,,,,,,,,,,,,
,,,,,,,,,,,,,,,,,,,,,,,
,,,,,,,,,,,,,,,,,,,,,,,
,,,,,,,,,0.0,,,,,,,,,,,,,,
,,,,,,,,,,,,,,,,,,,,,,,
,,,,,,,,,,,,,,,,,,,,,,,
,,,,,,,,,0.0,,,,,,,,,,,,,,
,,,,,,,,,,,,,,,,,,,,,,,
,,,,,,,,,,,,,,,,,,,,,,,
,,,,,,,,,0.0,,,,,,,,,,,,,,
,,,,,,,,,,,,,,,,,,,,,,,
,,,,,,,,,,,,,,,,,,,,,,,
,,,,,,,,,0.0,,,,,,,,,,,,,,
,,,,,,,,,,,,,,,,,,,,,,,
,,,,,,,,,,,,,,,,,,,,,,,
,,,,,,,,,0.0,,,,,,,,,,,,,,
,,,,,,,,,,,,,,,,,,,,,,,
,,,,,,,,,,,,,,,,,,,,,,,
,,,,,,,,,0.0,,,,,,,,,,,,,,
,,,,,,,,,,,,,,,,,,,,,,,
,,,,,,,,,,,,,,,,,,,,,,,
,,,,,,,,,0.0,,,,,,,,,,,,,,
,,,,,,,,,,,,,,,,,,,,,,,
,,,,,,,,,,,,,,,,,,,,,,,
,,,,,,,,,0.0,,,,,,,,,,,,,,
,,,,,,,,,,,,,,,,,,,,,,,
,,,,,,,,,,,,,,,,,,,,,,,
,,,,,,,,,0.0,,,,,,,,,,,,,,
,,,,,,,,,,,,,,,,,,,,,,,
,,,,,,,,,,,,,,,,,,,,,,,
,,,,,,,,,0.0,,,,,,,,,,,,,,
,,,,,,,,,,,,,,,,,,,,,,,
,,,,,,,,,,,,,,,,,,,,,,,
,,,,,,,,,0.0,,,,,,,,,,,,,,
,,,,,,,,,,,,,,,,,,,,,,,
,,,,,,,,,,,,,,,,,,,,,,,
,,,,,,,,,0.0,,,,,,,,,,,,,,
,,,,,,,,,,,,,,,,,,,,,,,
,,,,,,,,,,,,,,,,,,,,,,,
,,,,,,,,,0.0,,,,,,,,,,,,,,
,,,,,,,,,,,,,,,,,,,,,,,
,,,,,,,,,,,,,,,,,,,,,,,
,,,,,,,,,0.0,,,,,,,,,,,,,,
,,,,,,,,,,,,,,,,,,,,,,,
,,,,,,,,,,,,,,,,,,,,,,,
,,,,,,,,,0.0,,,,,,,,,,,,,,
,,,,,,,,,,,,,,,,,,,,,,,
,,,,,,,,,,,,,,,,,,,,,,,
,,,,,,,,,0.0,,,,,,,,,,,,,,
,,,,,,,,,,,,,,,,,,,,,,,
,,,,,,,,,,,,,,,,,,,,,,,
,,,,,,,,,0.0,,,,,,,,,,,,,,
,,,,,,,,,,,,,,,,,,,,,,,
,,,,,,,,,,,,,,,,,,,,,,,
,,,,,,,,,0.0,,,,,,,,,,,,,,
,,,,,,,,,,,,,,,,,,,,,,,
,,,,,,,,,,,,,,,,,,,,,,,
,,,,,,,,,0.0,,,,,,,,,,,,,,
,,,,,,,,,,,,,,,,,,,,,,,
,,,,,,,,,,,,,,,,,,,,,,,
,,,,,,,,,0.0,,,,,,,,,,,,,,
,,,,,,,,,,,,,,,,,,,,,,,
,,,,,,,,,,,,,,,,,,,,,,,
,,,,,,,,,0.0,,,,,,,,,,,,,,
,,,,,,,,,,,,,,,,,,,,,,,
,,,,,,,,,,,,,,,,,,,,,,,
,,,,,,,,,0.0,,,,,,,,,,,,,,
,,,,,,,,,,,,,,,,,,,,,,,
,,,,,,,,,,,,,,,,,,,,,,,
,,,,,,,,,0.0,,,,,,,,,,,,,,
,,,,,,,,,,,,,,,,,,,,,,,
,,,,,,,,,,,,,,,,,,,,,,,
,,,,,,,,,0.0,,,,,,,,,,,,,,
,,,,,,,,,,,,,,,,,,,,,,,
,,,,,,,,,,,,,,,,,,,,,,,
,,,,,,,,,0.0,,,,,,,,,,,,,,
,,,,,,,,,,,,,,,,,,,,,,,
,,,,,,,,,,,,,,,,,,,,,,,
,,,,,,,,,0.0,,,,,,,,,,,,,,
,,,,,,,,,,,,,,,,,,,,,,,
,,,,,,,,,,,,,,,,,,,,,,,
,,,,,,,,,0.0,,,,,,,,,,,,,,
,,,,,,,,,,,,,,,,,,,,,,,
,,,,,,,,,,,,,,,,,,,,,,,
,,,,,,,,,0.0,,,,,,,,,,,,,,
,,,,,,,,,,,,,,,,,,,,,,,
,,,,,,,,,,,,,,,,,,,,,,,
,,,,,,,,,0.0,,,,,,,,,,,,,,
,,,,,,,,,,,,,,,,,,,,,,,
,,,,,,,,,,,,,,,,,,,,,,,
,,,,,,,,,0.0,,,,,,,,,,,,,,
,,,,,,,,,,,,,,,,,,,,,,,
,,,,,,,,,,,,,,,,,,,,,,,
,,,,,,,,,0.0,,,,,,,,,,,,,,
,,,,,,,,,,,,,,,,,,,,,,,
,,,,,,,,,,,,,,,,,,,,,,,
,,,,,,,,,0.0,,,,,,,,,,,,,,
,,,,,,,,,,,,,,,,,,,,,,,
,,,,,,,,,,,,,,,,,,,,,,,
,,,,,,,,,0.0,,,,,,,,,,,,,,
,,,,,,,,,,,,,,,,,,,,,,,
,,,,,,,,,,,,,,,,,,,,,,,
,,,,,,,,,0.0,,,,,,,,,,,,,,
,,,,,,,,,,,,,,,,,,,,,,,
,,,,,,,,,,,,,,,,,,,,,,,
,,,,,,,,,0.0,,,,,,,,,,,,,,
,,,,,,,,,,,,,,,,,,,,,,,
,,,,,,,,,,,,,,,,,,,,,,,
,,,,,,,,,0.0,,,,,,,,,,,,,,
,,,,,,,,,,,,,,,,,,,,,,,
,,,,,,,,,,,,,,,,,,,,,,,
,,,,,,,,,0.0,,,,,,,,,,,,,,
,,,,,,,,,,,,,,,,,,,,,,,
,,,,,,,,,,,,,,,,,,,,,,,
,,,,,,,,,0.0,,,,,,,,,,,,,,
,,,,,,,,,,,,,,,,,,,,,,,
,,,,,,,,,,,,,,,,,,,,,,,
,,,,,,,,,0.0,,,,,,,,,,,,,,
,,,,,,,,,,,,,,,,,,,,,,,
,,,,,,,,,,,,,,,,,,,,,,,
,,,,,,,,,0.0,,,,,,,,,,,,,,
,,,,,,,,,,,,,,,,,,,,,,,
,,,,,,,,,,,,,,,,,,,,,,,
,,,,,,,,,0.0,,,,,,,,,,,,,,
,,,,,,,,,,,,,,,,,,,,,,,
,,,,,,,,,,,,,,,,,,,,,,,
,,,,,,,,,0.0,,,,,,,,,,,,,,
,,,,,,,,,,,,,,,,,,,,,,,
,,,,,,,,,,,,,,,,,,,,,,,
,,,,,,,,,0.0,,,,,,,,,,,,,,
,,,,,,,,,,,,,,,,,,,,,,,
,,,,,,,,,,,,,,,,,,,,,,,
,,,,,,,,,0.0,,,,,,,,,,,,,,
,,,,,,,,,,,,,,,,,,,,,,,
,,,,,,,,,,,,,,,,,,,,,,,
,,,,,,,,,0.0,,,,,,,,,,,,,,
,,,,,,,,,,,,,,,,,,,,,,,
,,,,,,,,,,,,,,,,,,,,,,,
,,,,,,,,,0.0,,,,,,,,,,,,,,
,,,,,,,,,,,,,,,,,,,,,,,
,,,,,,,,,,,,,,,,,,,,,,,
,,,,,,,,,0.0,,,,,,,,,,,,,,
,,,,,,,,,,,,,,,,,,,,,,,
,,,,,,,,,,,,,,,,,,,,,,,
,,,,,,,,,0.0,,,,,,,,,,,,,,
,,,,,,,,,,,,,,,,,,,,,,,
,,,,,,,,,,,,,,,,,,,,,,,
,,,,,,,,,0.0,,,,,,,,,,,,,,
,,,,,,,,,,,,,,,,,,,,,,,
,,,,,,,,,,,,,,,,,,,,,,,
,,,,,,,,,0.0,,,,,,,,,,,,,,
,,,,,,,,,,,,,,,,,,,,,,,
,,,,,,,,,,,,,,,,,,,,,,,
,,,,,,,,,0.0,,,,,,,,,,,,,,
,,,,,,,,,,,,,,,,,,,,,,,
,,,,,,,,,,,,,,,,,,,,,,,
,,,,,,,,,0.0,,,,,,,,,,,,,,
,,,,,,,,,,,,,,,,,,,,,,,
,,,,,,,,,,,,,,,,,,,,,,,
,,,,,,,,,0.0,,,,,,,,,,,,,,
,,,,,,,,,,,,,,,,,,,,,,,
,,,,,,,,,,,,,,,,,,,,,,,
,,,,,,,,,0.0,,,,,,,,,,,,,,
,,,,,,,,,,,,,,,,,,,,,,,
,,,,,,,,,,,,,,,,,,,,,,,
,,,,,,,,,0.0,,,,,,,,,,,,,,
,,,,,,,,,,,,,,,,,,,,,,,
,,,,,,,,,,,,,,,,,,,,,,,
,,,,,,,,,0.0,,,,,,,,,,,,,,
,,,,,,,,,,,,,,,,,,,,,,,
,,,,,,,,,,,,,,,,,,,,,,,
,,,,,,,,,0.0,,,,,,,,,,,,,,
,,,,,,,,,,,,,,,,,,,,,,,
,,,,,,,,,,,,,,,,,,,,,,,
,,,,,,,,,0.0,,,,,,,,,,,,,,
,,,,,,,,,,,,,,,,,,,,,,,
,,,,,,,,,,,,,,,,,,,,,,,
,,,,,,,,,0.0,,,,,,,,,,,,,,
,,,,,,,,,,,,,,,,,,,,,,,
,,,,,,,,,,,,,,,,,,,,,,,
,,,,,,,,,0.0,,,,,,,,,,,,,,
,,,,,,,,,,,,,,,,,,,,,,,
,,,,,,,,,,,,,,,,,,,,,,,
,,,,,,,,,0.0,,,,,,,,,,,,,,
,,,,,,,,,,,,,,,,,,,,,,,
,,,,,,,,,,,,,,,,,,,,,,,
,,,,,,,,,0.0,,,,,,,,,,,,,,
,,,,,,,,,,,,,,,,,,,,,,,
,,,,,,,,,,,,,,,,,,,,,,,
,,,,,,,,,0.0,,,,,,,,,,,,,,
,,,,,,,,,,,,,,,,,,,,,,,
,,,,,,,,,,,,,,,,,,,,,,,
,,,,,,,,,0.0,,,,,,,,,,,,,,
,,,,,,,,,,,,,,,,,,,,,,,
,,,,,,,,,,,,,,,,,,,,,,,
,,,,,,,,,0.0,,,,,,,,,,,,,,
,,,,,,,,,,,,,,,,,,,,,,,
,,,,,,,,,,,,,,,,,,,,,,,
,,,,,,,,,0.0,,,,,,,,,,,,,,
,,,,,,,,,,,,,,,,,,,,,,,
,,,,,,,,,,,,,,,,,,,,,,,
,,,,,,,,,0.0,,,,,,,,,,,,,,
,,,,,,,,,,,,,,,,,,,,,,,
,,,,,,,,,,,,,,,,,,,,,,,
,,,,,,,,,0.0,,,,,,,,,,,,,,
,,,,,,,,,,,,,,,,,,,,,,,
,,,,,,,,,,,,,,,,,,,,,,,
,,,,,,,,,0.0,,,,,,,,,,,,,,
,,,,,,,,,,,,,,,,,,,,,,,
,,,,,,,,,,,,,,,,,,,,,,,
,,,,,,,,,0.0,,,,,,,,,,,,,,
,,,,,,,,,,,,,,,,,,,,,,,
,,,,,,,,,,,,,,,,,,,,,,,
,,,,,,,,,0.0,,,,,,,,,,,,,,
,,,,,,,,,,,,,,,,,,,,,,,
,,,,,,,,,,,,,,,,,,,,,,,
,,,,,,,,,0.0,,,,,,,,,,,,,,
,,,,,,,,,,,,,,,,,,,,,,,
,,,,,,,,,,,,,,,,,,,,,,,
,,,,,,,,,0.0,,,,,,,,,,,,,,
,,,,,,,,,,,,,,,,,,,,,,,
,,,,,,,,,,,,,,,,,,,,,,,
,,,,,,,,,0.0,,,,,,,,,,,,,,
,,,,,,,,,,,,,,,,,,,,,,,
,,,,,,,,,,,,,,,,,,,,,,,
,,,,,,,,,0.0,,,,,,,,,,,,,,
,,,,,,,,,,,,,,,,,,,,,,,
,,,,,,,,,,,,,,,,,,,,,,,
,,,,,,,,,0.0,,,,,,,,,,,,,,
,,,,,,,,,,,,,,,,,,,,,,,
,,,,,,,,,,,,,,,,,,,,,,,
,,,,,,,,,0.0,,,,,,,,,,,,,,
,,,,,,,,,,,,,,,,,,,,,,,
,,,,,,,,,,,,,,,,,,,,,,,
,,,,,,,,,0.0,,,,,,,,,,,,,,
,,,,,,,,,,,,,,,,,,,,,,,
,,,,,,,,,,,,,,,,,,,,,,,
,,,,,,,,,0.0,,,,,,,,,,,,,,
,,,,,,,,,,,,,,,,,,,,,,,
,,,,,,,,,,,,,,,,,,,,,,,
,,,,,,,,,0.0,,,,,,,,,,,,,,
,,,,,,,,,,,,,,,,,,,,,,,
,,,,,,,,,,,,,,,,,,,,,,,
,,,,,,,,,0.0,,,,,,,,,,,,,,
,,,,,,,,,,,,,,,,,,,,,,,
,,,,,,,,,,,,,,,,,,,,,,,
,,,,,,,,,0.0,,,,,,,,,,,,,,
,,,,,,,,,,,,,,,,,,,,,,,
,,,,,,,,,,,,,,,,,,,,,,,
,,,,,,,,,0.0,,,,,,,,,,,,,,
,,,,,,,,,,,,,,,,,,,,,,,
,,,,,,,,,,,,,,,,,,,,,,,
,,,,,,,,,0.0,,,,,,,,,,,,,,
,,,,,,,,,,,,,,,,,,,,,,,
,,,,,,,,,,,,,,,,,,,,,,,
,,,,,,,,,0.0,,,,,,,,,,,,,,
,,,,,,,,,,,,,,,,,,,,,,,
,,,,,,,,,,,,,,,,,,,,,,,
,,,,,,,,,0.0,,,,,,,,,,,,,,
,,,,,,,,,,,,,,,,,,,,,,,
,,,,,,,,,,,,,,,,,,,,,,,
,,,,,,,,,0.0,,,,,,,,,,,,,,
,,,,,,,,,,,,,,,,,,,,,,,
,,,,,,,,,,,,,,,,,,,,,,,
,,,,,,,,,0.0,,,,,,,,,,,,,,
,,,,,,,,,,,,,,,,,,,,,,,
,,,,,,,,,,,,,,,,,,,,,,,
,,,,,,,,,0.0,,,,,,,,,,,,,,
,,,,,,,,,,,,,,,,,,,,,,,
,,,,,,,,,,,,,,,,,,,,,,,
,,,,,,,,,0.0,,,,,,,,,,,,,,
,,,,,,,,,,,,,,,,,,,,,,,
,,,,,,,,,,,,,,,,,,,,,,,
,,,,,,,,,0.0,,,,,,,,,,,,,,
,,,,,,,,,,,,,,,,,,,,,,,
,,,,,,,,,,,,,,,,,,,,,,,
,,,,,,,,,0.0,,,,,,,,,,,,,,
,,,,,,,,,,,,,,,,,,,,,,,
,,,,,,,,,,,,,,,,,,,,,,,
,,,,,,,,,0.0,,,,,,,,,,,,,,
,,,,,,,,,,,,,,,,,,,,,,,
,,,,,,,,,,,,,,,,,,,,,,,
,,,,,,,,,0.0,,,,,,,,,,,,,,
,,,,,,,,,,,,,,,,,,,,,,,
,,,,,,,,,,,,,,,,,,,,,,,
,,,,,,,,,0.0,,,,,,,,,,,,,,
,,,,,,,,,,,,,,,,,,,,,,,
,,,,,,,,,,,,,,,,,,,,,,,
,,,,,,,,,0.0,,,,,,,,,,,,,,
,,,,,,,,,,,,,,,,,,,,,,,
,,,,,,,,,,,,,,,,,,,,,,,
,,,,,,,,,0.0,,,,,,,,,,,,,,
,,,,,,,,,,,,,,,,,,,,,,,
,,,,,,,,,,,,,,,,,,,,,,,
,,,,,,,,,0.0,,,,,,,,,,,,,,
,,,,,,,,,,,,,,,,,,,,,,,
,,,,,,,,,,,,,,,,,,,,,,,
,,,,,,,,,0.0,,,,,,,,,,,,,,
,,,,,,,,,,,,,,,,,,,,,,,
,,,,,,,,,,,,,,,,,,,,,,,
,,,,,,,,,0.0,,,,,,,,,,,,,,
